name,cas_number,smiles,molecular_formula,delta_d,delta_p,delta_h,molecular_weight,boiling_point,density,molar_volume,category,ghs_hazard,source,source_url,mw_source,bp_source
(1-Thiapropyl)-Benzene,622-38-8,C1=CC=CC=C1SCC,,19.2,4.2,3.3,138.2,205.0,1.05,131.6190476190476,aromatic,H315-H319-H335,mendeley,https://data.mendeley.com/datasets/b4dmjzk8w6/1,https://data.mendeley.com/datasets/b4dmjzk8w6/1,https://data.mendeley.com/datasets/b4dmjzk8w6/1
(E)-Citral,141-27-5,CC(=CCC/C(=C/C=O)/C)C,,16.8,5.2,4.3,152.2,229.0,0.9,169.1111111111111,other,H315-H317-H319,mendeley,https://data.mendeley.com/datasets/b4dmjzk8w6/1,https://data.mendeley.com/datasets/b4dmjzk8w6/1,https://data.mendeley.com/datasets/b4dmjzk8w6/1
(S)-( )-Perillyl Alcohol,18457-55-1,OC/C1=C/CC(\C(=C)C)CC1,,17.3,4.3,9.2,152.2,241.0,0.96,158.54166666666666,alcohol,H315-H319-H335,mendeley,https://data.mendeley.com/datasets/b4dmjzk8w6/1,https://data.mendeley.com/datasets/b4dmjzk8w6/1,https://data.mendeley.com/datasets/b4dmjzk8w6/1
(Z)-3-Hexen-1-ol,928-96-1,CC\C=C/CCO,,16.5,5.7,11.7,100.2,156.0,0.8,125.25,other,H226,mendeley,https://data.mendeley.com/datasets/b4dmjzk8w6/1,https://data.mendeley.com/datasets/b4dmjzk8w6/1,https://data.mendeley.com/datasets/b4dmjzk8w6/1
(Z)-3-Hexen-1-Yl Formate,33467-73-1,CC\C=C/CCOC=O,,16.38,5.56,6.17,128.2,155.0,0.898,142.76169265033406,ester,H226-H315-H319-H335,mendeley,https://data.mendeley.com/datasets/b4dmjzk8w6/1,https://data.mendeley.com/datasets/b4dmjzk8w6/1,https://data.mendeley.com/datasets/b4dmjzk8w6/1
(Z)-4-Hepten-1-ol,6191-71-5,CC\C=C/CCCO,,16.53,5.47,10.19,114.2,176.0,0.85,134.3529411764706,other,H226,mendeley,https://data.mendeley.com/datasets/b4dmjzk8w6/1,https://data.mendeley.com/datasets/b4dmjzk8w6/1,https://data.mendeley.com/datasets/b4dmjzk8w6/1
(Z)-6-Nonen-1-Al,2277-19-2,CC\C=C/CCCCC=O,,16.3,5.7,4.5,140.2,214.0,0.85,164.94117647058823,other,H315-H319-H335,mendeley,https://data.mendeley.com/datasets/b4dmjzk8w6/1,https://data.mendeley.com/datasets/b4dmjzk8w6/1,https://data.mendeley.com/datasets/b4dmjzk8w6/1
(Z)-Verbenol,1845-30-3,CC1=C[C@H]([C@@H]2C[C@H]1C2(C)C)O,,17.0,3.1,8.5,152.2,215.0,1.0,152.2,other,H315-H319-H335,mendeley,https://data.mendeley.com/datasets/b4dmjzk8w6/1,https://data.mendeley.com/datasets/b4dmjzk8w6/1,https://data.mendeley.com/datasets/b4dmjzk8w6/1
"1,1,1,2-Tetrachloroethane",630-20-6,ClCC(Cl)(Cl)Cl,C2H2Cl4,18.0,4.4,4.2,167.8,130.5,,,halogenated,,pang2024,https://github.com/jiayunpang/hsp_embedding,https://pubchem.ncbi.nlm.nih.gov/compound/12418,https://pubchem.ncbi.nlm.nih.gov/compound/12418
"1,1,1-Trichloroethane",71-55-6,CC(Cl)(Cl)Cl,C2H3Cl3,16.8,4.3,2.0,133.4,74,1.339,99.9,halogenated,,handbook,https://hansen-solubility.com (Hansen Handbook 2007),https://hansen-solubility.com (Hansen Handbook 2007),https://hansen-solubility.com (Hansen Handbook 2007)
"1,1,1-Trifluoroethane",420-46-2,CC(F)(F)F,C2H3F3,14.6,10.0,0.0,84.0,-47.2,,,halogenated,,pang2024,https://github.com/jiayunpang/hsp_embedding,https://pubchem.ncbi.nlm.nih.gov/compound/9868,https://pubchem.ncbi.nlm.nih.gov/compound/9868
"1,1,2,2-Tetrabromoethane",79-27-6,C(C(Br)Br)(Br)Br,,22.6,5.1,8.2,345.65,243.5,,116.8,halogenated,,solvpred,https://github.com/xueannafang/hsp_toolkit_solv_pred_v_2.0,https://github.com/xueannafang/hsp_toolkit_solv_pred_v_2.0,https://github.com/xueannafang/hsp_toolkit_solv_pred_v_2.0
"1,1,2,2-Tetrachloroethane",79-34-5,C(C(Cl)Cl)(Cl)Cl,,18.8,5.1,9.4,167.8,146.0,,105.2,halogenated,,solvpred,https://github.com/xueannafang/hsp_toolkit_solv_pred_v_2.0,https://github.com/xueannafang/hsp_toolkit_solv_pred_v_2.0,https://github.com/xueannafang/hsp_toolkit_solv_pred_v_2.0
"1,1,2,2-Tetrachloropropane",13116-60-4,CC(Cl)(Cl)C(Cl)Cl,C3H4Cl4,17.9,6.7,3.3,181.9,,,,halogenated,,pang2024,https://github.com/jiayunpang/hsp_embedding,https://pubchem.ncbi.nlm.nih.gov/compound/83154,
"1,1,2-Tribromo Ethylene",598-16-3,BrC=C(Br)Br,C2HBr3,18.3,9.4,8.0,264.7,,,,halogenated,,pang2024,https://github.com/jiayunpang/hsp_embedding,https://pubchem.ncbi.nlm.nih.gov/compound/11712,
"1,1,2-Trichloro Propene",21400-25-9,CC(Cl)=C(Cl)Cl,C3H3Cl3,17.7,15.7,3.4,145.4,,,104.8,halogenated,,pang2024,https://github.com/jiayunpang/hsp_embedding,https://pubchem.ncbi.nlm.nih.gov/compound/30616,
"1,1,2-Trichloroethane",79-00-5,ClCC(Cl)Cl,C2H3Cl3,18.2,5.3,6.8,133.4,112.8,,92.9,halogenated,,pang2024,https://github.com/jiayunpang/hsp_embedding,https://pubchem.ncbi.nlm.nih.gov/compound/6574,https://pubchem.ncbi.nlm.nih.gov/compound/6574
"1,1,2-Trichlorotrifluoroethane",76-13-1,C(C(F)(Cl)Cl)(F)(F)Cl,,14.7,1.6,0.0,187.37,47.7,,119.2,halogenated,,solvpred,https://github.com/xueannafang/hsp_toolkit_solv_pred_v_2.0,https://github.com/xueannafang/hsp_toolkit_solv_pred_v_2.0,https://github.com/xueannafang/hsp_toolkit_solv_pred_v_2.0
"1,1,3,3-Tetramethoxypropane",102-52-3,COC(CC(OC)OC)OC,C7H16O4,15.0,7.1,6.8,164.2,,,,hydrocarbon,,pang2024,https://github.com/jiayunpang/hsp_embedding,https://pubchem.ncbi.nlm.nih.gov/compound/66019,
"1,1-Di methyl hydrazine",57-14-7,CN(C)N,,15.3,5.9,11.0,60.1,63.9,,76.0,other,,solvpred,https://github.com/xueannafang/hsp_toolkit_solv_pred_v_2.0,https://github.com/xueannafang/hsp_toolkit_solv_pred_v_2.0,https://github.com/xueannafang/hsp_toolkit_solv_pred_v_2.0
"1,1-Diallyloxyethane",20682-69-3,CC(OCC=C)OCC=C,C8H14O2,15.4,5.1,4.8,142.2,,,,other,,pang2024,https://github.com/jiayunpang/hsp_embedding,https://pubchem.ncbi.nlm.nih.gov/compound/225379,
"1,1-Dibromoethane",557-91-5,CC(Br)Br,C2H4Br2,18.5,8.4,8.8,187.9,108.0,,91.4,halogenated,,pang2024,https://github.com/jiayunpang/hsp_embedding,https://pubchem.ncbi.nlm.nih.gov/compound/11201,https://pubchem.ncbi.nlm.nih.gov/compound/11201
"1,1-Dibromoethylene",593-92-0,BrC(Br)=C,C2H2Br2,16.2,4.8,7.0,185.8,,,85.3,halogenated,,pang2024,https://github.com/jiayunpang/hsp_embedding,https://pubchem.ncbi.nlm.nih.gov/compound/11652,
"1,1-Dichloro-1-Nitroethane",594-72-9,CC(Cl)(Cl)[N+]([O-])=O,C2H3Cl2NO2,16.8,12.1,4.3,143.9,123.9,,,nitro,,pang2024,https://github.com/jiayunpang/hsp_embedding,https://pubchem.ncbi.nlm.nih.gov/compound/11674,https://pubchem.ncbi.nlm.nih.gov/compound/11674
"1,1-Dichloroacetone",513-88-2,CC(=O)C(Cl)Cl,C3H4Cl2O,17.1,7.6,5.4,127.0,120.0,,,ketone,,pang2024,https://github.com/jiayunpang/hsp_embedding,https://pubchem.ncbi.nlm.nih.gov/compound/10567,https://pubchem.ncbi.nlm.nih.gov/compound/10567
"1,1-Dichloroethane",75-34-3,CC(Cl)Cl,,16.5,7.8,3.0,98.96,57.4,,84.2,halogenated,,solvpred,https://github.com/xueannafang/hsp_toolkit_solv_pred_v_2.0,https://github.com/xueannafang/hsp_toolkit_solv_pred_v_2.0,https://github.com/xueannafang/hsp_toolkit_solv_pred_v_2.0
"1,1-Dichloroethylene",75-35-4,C=C(Cl)Cl,,16.4,52.0,24.0,96.94,32.0,,79.9,halogenated,,solvpred,https://github.com/xueannafang/hsp_toolkit_solv_pred_v_2.0,https://github.com/xueannafang/hsp_toolkit_solv_pred_v_2.0,https://github.com/xueannafang/hsp_toolkit_solv_pred_v_2.0
"1,1-Dichloropropane",78-99-9,CCC(Cl)Cl,C3H6Cl2,16.1,7.8,3.5,113.0,88.1,,98.3,halogenated,,pang2024,https://github.com/jiayunpang/hsp_embedding,https://pubchem.ncbi.nlm.nih.gov/compound/6573,https://pubchem.ncbi.nlm.nih.gov/compound/6573
"1,1-Dichloropropene",563-58-6,CC=C(Cl)Cl,C3H4Cl2,16.9,6.7,2.9,111.0,,,93.5,halogenated,,pang2024,https://github.com/jiayunpang/hsp_embedding,https://pubchem.ncbi.nlm.nih.gov/compound/11245,
"1,1-Diethoxy Butane",3658-95-5,CCCC(OCC)OCC,C8H18O2,15.4,4.9,4.6,146.2,,,177.6,hydrocarbon,,pang2024,https://github.com/jiayunpang/hsp_embedding,https://pubchem.ncbi.nlm.nih.gov/compound/77225,
"1,1-Diethoxy Ethane",105-57-7,CCOC(C)OCC,C6H14O2,15.0,3.4,4.0,118.2,102.2,,143.9,other,,pang2024,https://github.com/jiayunpang/hsp_embedding,https://pubchem.ncbi.nlm.nih.gov/compound/7765,https://pubchem.ncbi.nlm.nih.gov/compound/7765
"1,1-Difluoroet ylene",,,,15.0,6.8,3.6,,,,58.2,halogenated,,hansen_a1,https://hansen-solubility.com (Hansen Handbook Appendix Table A.1),,
"1,1-Difluoroethan",,,,14.9,10.2,3.0,,,,69.5,halogenated,,hansen_a1,https://hansen-solubility.com (Hansen Handbook Appendix Table A.1),,
"1,1-Difluoroethane",75-37-6,CC(F)F,C2H4F2,14.9,9.3,2.9,66.0,11.3,,,halogenated,,pang2024,https://github.com/jiayunpang/hsp_embedding,https://pubchem.ncbi.nlm.nih.gov/compound/6368,https://pubchem.ncbi.nlm.nih.gov/compound/6368
"1,1-Difluoroethylene",75-38-7,FC(F)=C,C2H2F2,15.0,5.7,3.6,64.0,-86.1,,,halogenated,,pang2024,https://github.com/jiayunpang/hsp_embedding,https://pubchem.ncbi.nlm.nih.gov/compound/6369,https://pubchem.ncbi.nlm.nih.gov/compound/6369
"1,1-Dimethoxy Ethane",534-15-6,COC(C)OC,C4H10O2,15.1,4.9,4.9,90.1,64.5,,106.7,other,,pang2024,https://github.com/jiayunpang/hsp_embedding,https://pubchem.ncbi.nlm.nih.gov/compound/10795,https://pubchem.ncbi.nlm.nih.gov/compound/10795
"1,1-Dimethylcyclohexane",590-66-9,CC1(C)CCCCC1,,15.99,0.1,0.1,112.2,120.0,0.8,140.25,hydrocarbon,H226,mendeley,https://data.mendeley.com/datasets/b4dmjzk8w6/1,https://data.mendeley.com/datasets/b4dmjzk8w6/1,https://data.mendeley.com/datasets/b4dmjzk8w6/1
"1,2,3,4-Tetramethylbenzene",488-23-3,Cc1ccc(C)c(C)c1C,C10H14,18.8,0.5,0.5,134.2,,,,aromatic,,pang2024,https://github.com/jiayunpang/hsp_embedding,https://pubchem.ncbi.nlm.nih.gov/compound/10263,
"1,2,3,4Tetrahydronaphthalene",,,,19.6,2.0,2.9,,,,136.0,aromatic,,wolfram,https://datarepository.wolframcloud.com/resources/JoshuaSchrier_Hansen-Solubility-Parameters/,,
"1,2,3,5-Tetramethylbenzene",527-53-7,Cc1cc(C)c(C)c(C)c1,C10H14,18.6,0.5,0.5,134.2,198.0,,,aromatic,,pang2024,https://github.com/jiayunpang/hsp_embedding,https://pubchem.ncbi.nlm.nih.gov/compound/10695,https://pubchem.ncbi.nlm.nih.gov/compound/10695
"1,2,3-Benzotriazole",95-14-7,[nH]1nnc2ccccc12,C6H5N3,18.7,15.6,12.4,119.1,203.9,,96.2,aromatic,,pang2024,https://github.com/jiayunpang/hsp_embedding,https://pubchem.ncbi.nlm.nih.gov/compound/7220,https://pubchem.ncbi.nlm.nih.gov/compound/7220
"1,2,3-Triazole",288-36-8,[nH]1ccnn1,C2H3N3,20.7,8.8,15.0,69.1,,,58.2,aromatic,,pang2024,https://github.com/jiayunpang/hsp_embedding,https://pubchem.ncbi.nlm.nih.gov/compound/67516,
"1,2,3-Trichloro Propene",96-19-5,ClCC(Cl)=CCl,C3H3Cl3,17.8,7.8,3.4,145.4,142.0,,105.0,halogenated,,pang2024,https://github.com/jiayunpang/hsp_embedding,https://pubchem.ncbi.nlm.nih.gov/compound/7286,https://pubchem.ncbi.nlm.nih.gov/compound/7286
"1,2,3-Trichloropropane",96-18-4,ClCC(Cl)CCl,C3H5Cl3,17.8,12.3,3.4,147.4,156.1,,106.1,halogenated,,pang2024,https://github.com/jiayunpang/hsp_embedding,https://pubchem.ncbi.nlm.nih.gov/compound/7285,https://pubchem.ncbi.nlm.nih.gov/compound/7285
"1,2,3-Trimethylbenzene",526-73-8,CC(C(C)=CC=C1)=C1C,,17.7,2.6,3.1,120.2,176.0,0.89,135.0561797752809,aromatic,H226-H315-H319-H335,mendeley,https://data.mendeley.com/datasets/b4dmjzk8w6/1,https://data.mendeley.com/datasets/b4dmjzk8w6/1,https://data.mendeley.com/datasets/b4dmjzk8w6/1
"1,2,4,5-Tetrachlorobenzene",95-94-3,Clc1cc(Cl)c(Cl)cc1Cl,C6H2Cl4,21.2,10.7,3.4,215.9,246.1,,,halogenated,,pang2024,https://github.com/jiayunpang/hsp_embedding,https://pubchem.ncbi.nlm.nih.gov/compound/7270,https://pubchem.ncbi.nlm.nih.gov/compound/7270
"1,2,4-Trichlorobenzene",120-82-1,C1=CC(=C(C=C1Cl)Cl)Cl,,20.2,4.2,3.2,181.45,213.0,1.459,124.36600411240575,halogenated,H302-H315-H410,mendeley,https://data.mendeley.com/datasets/b4dmjzk8w6/1,https://data.mendeley.com/datasets/b4dmjzk8w6/1,https://data.mendeley.com/datasets/b4dmjzk8w6/1
"1,2-Butadiene",590-19-2,C[CH]=[C]=[CH2],C4H6,15.0,1.7,6.2,54.1,10.9,,82.3,hydrocarbon,,pang2024,https://github.com/jiayunpang/hsp_embedding,https://pubchem.ncbi.nlm.nih.gov/compound/11535,https://pubchem.ncbi.nlm.nih.gov/compound/11535
"1,2-Cyclohexanediol",931-17-9,OC1CCCCC1O,C6H12O2,17.4,9.8,18.3,116.2,,,112.8,hydrocarbon,,pang2024,https://github.com/jiayunpang/hsp_embedding,https://pubchem.ncbi.nlm.nih.gov/compound/13601,
"1,2-Cyclohexanedione",765-87-7,C1CCC(=O)C(=O)C1,,18.6,10.3,8.0,112.13,195.0,1.12,100.11607142857142,hydrocarbon,H315-H319-H335,mendeley,https://data.mendeley.com/datasets/b4dmjzk8w6/1,https://data.mendeley.com/datasets/b4dmjzk8w6/1,https://data.mendeley.com/datasets/b4dmjzk8w6/1
"1,2-Dibromoethylene",540-49-8,BrC=CBr,C2H2Br2,17.0,4.9,3.0,185.8,110.0,,82.7,halogenated,,pang2024,https://github.com/jiayunpang/hsp_embedding,https://pubchem.ncbi.nlm.nih.gov/compound/10897,https://pubchem.ncbi.nlm.nih.gov/compound/10897
"1,2-Dichloroethane",107-06-2,C(CCl)Cl,C2H4Cl2,18.0,7.4,4.1,98.96,83,1.256,79.4,halogenated,H225-H302-H315-H319-H331-H335-H336-H350,handbook,https://hansen-solubility.com (Hansen Handbook 2007),https://hansen-solubility.com (Hansen Handbook 2007),https://hansen-solubility.com (Hansen Handbook 2007)
"1,2-Dichloroethylene",540-59-0,ClC=CCl,C2H2Cl2,17.0,8.0,3.2,96.9,60.0,,75.5,halogenated,,pang2024,https://github.com/jiayunpang/hsp_embedding,https://pubchem.ncbi.nlm.nih.gov/compound/10900,https://pubchem.ncbi.nlm.nih.gov/compound/10900
"1,2-Dichloropropane",78-87-5,CC(Cl)CCl,,17.3,7.1,2.9,112.99,96.0,1.16,97.40517241379311,halogenated,H225-H302+H332-H350,mendeley,https://data.mendeley.com/datasets/b4dmjzk8w6/1,https://data.mendeley.com/datasets/b4dmjzk8w6/1,https://data.mendeley.com/datasets/b4dmjzk8w6/1
"1,2-Dichloropropene",563-54-2,CC(Cl)=CCl,C3H4Cl2,17.0,8.5,2.9,111.0,75.0,,,halogenated,,pang2024,https://github.com/jiayunpang/hsp_embedding,https://pubchem.ncbi.nlm.nih.gov/compound/11243,https://pubchem.ncbi.nlm.nih.gov/compound/11243
"1,2-Dichlorotetrafluoroethane",76-14-2,C(C(F)(F)Cl)(F)(F)Cl,,12.6,1.8,0.0,170.92,3.5,,117.6,halogenated,,solvpred,https://github.com/xueannafang/hsp_toolkit_solv_pred_v_2.0,https://github.com/xueannafang/hsp_toolkit_solv_pred_v_2.0,https://github.com/xueannafang/hsp_toolkit_solv_pred_v_2.0
"1,2-Dichlorovinyl Ethyl Ether",42345-82-4,CCOC(Cl)=CCl,C4H6Cl2O,16.9,10.5,6.0,141.0,,,,ether,,pang2024,https://github.com/jiayunpang/hsp_embedding,https://pubchem.ncbi.nlm.nih.gov/compound/53440473,
"1,2-Diethyl Benzene",135-01-3,CCc1ccccc1CC,C10H14,17.7,0.1,1.0,134.2,184.0,,153.5,aromatic,,pang2024,https://github.com/jiayunpang/hsp_embedding,https://pubchem.ncbi.nlm.nih.gov/compound/8657,https://pubchem.ncbi.nlm.nih.gov/compound/8657
"1,2-Dihydroxybenzene",120-80-9,Oc1ccccc1O,C6H6O2,20.0,11.3,21.8,110.1,245,,81.9,aromatic,,pang2024,https://github.com/jiayunpang/hsp_embedding,https://pubchem.ncbi.nlm.nih.gov/compound/289,https://pubchem.ncbi.nlm.nih.gov/compound/289
"1,2-Dimethoxybenzene",91-16-7,COC1=C(OC)C=CC=C1,,19.2,4.4,9.4,138.17,206.0,1.084,127.4630996309963,aromatic,H302,mendeley,https://data.mendeley.com/datasets/b4dmjzk8w6/1,https://data.mendeley.com/datasets/b4dmjzk8w6/1,https://data.mendeley.com/datasets/b4dmjzk8w6/1
"1,2-Dimethoxyethane (DME, ethylene glycol dimethyl ether)",110-71-4,,C4H10O2,15.4,6.3,6.0,90.12,85.0,,103.9,alcohol,,accudyne,https://www.accudynetest.com/solubility_table.html,https://www.accudynetest.com/solubility_table.html,https://pubchem.ncbi.nlm.nih.gov/compound/8071
"1,2-Dinitrobenzene",528-29-0,[O-][N+](=O)c1ccccc1[N+]([O-])=O,C6H4N2O4,20.6,11.6,3.9,168.1,318.9,,107.4,nitro,,pang2024,https://github.com/jiayunpang/hsp_embedding,https://pubchem.ncbi.nlm.nih.gov/compound/10707,https://pubchem.ncbi.nlm.nih.gov/compound/10707
"1,2-Epoxy Butane",106-88-7,,C4H8O,15.6,8.0,4.6,72.1,62.8,,87.9,hydrocarbon,,hansen_a1,https://hansen-solubility.com (Hansen Handbook Appendix Table A.1),https://pubchem.ncbi.nlm.nih.gov/compound/7834,https://pubchem.ncbi.nlm.nih.gov/compound/7834
"1,2-Epoxy-2-Propene",40079-14-9,C=C1CO1,C3H4O,16.5,8.6,6.7,56.1,,,70.0,other,,pang2024,https://github.com/jiayunpang/hsp_embedding,https://pubchem.ncbi.nlm.nih.gov/compound/3029326,
"1,2-Ethane Dithiol",540-63-6,,C2H6S2,17.9,7.2,8.7,94.2,146.0,,83.9,sulfur compound,,hansen_a1,https://hansen-solubility.com (Hansen Handbook Appendix Table A.1),https://pubchem.ncbi.nlm.nih.gov/compound/10902,https://pubchem.ncbi.nlm.nih.gov/compound/10902
"1,2-Methylenedioxybenzene",274-09-9,C1Oc2ccccc2O1,C7H6O2,19.0,6.7,5.9,122.1,,,114.8,aromatic,,pang2024,https://github.com/jiayunpang/hsp_embedding,https://pubchem.ncbi.nlm.nih.gov/compound/9229,
"1,2-Propadiene",463-49-0,[CH2]=[C]=[CH2],C3H4,15.3,3.0,6.8,40.1,-34.5,,60.1,hydrocarbon,,pang2024,https://github.com/jiayunpang/hsp_embedding,https://pubchem.ncbi.nlm.nih.gov/compound/10037,https://pubchem.ncbi.nlm.nih.gov/compound/10037
"1,2-Propyleneglycol sulfite",1469-73-4,CC1COS(=O)O1,,18.9,9.2,5.2,122.15,178.0,1.293,94.47022428460944,alcohol,H319,mendeley,https://data.mendeley.com/datasets/b4dmjzk8w6/1,https://data.mendeley.com/datasets/b4dmjzk8w6/1,https://data.mendeley.com/datasets/b4dmjzk8w6/1
"1,2Dibromoethane",106-93-4,,C2H4Br2,19.6,6.8,12.1,187.9,132.2,,87.0,halogenated,,wolfram,https://datarepository.wolframcloud.com/resources/JoshuaSchrier_Hansen-Solubility-Parameters/,https://pubchem.ncbi.nlm.nih.gov/compound/7839,https://pubchem.ncbi.nlm.nih.gov/compound/7839
"1,2Dichlorobenzene",,,,19.2,6.3,3.3,,,,112.8,halogenated,,wolfram,https://datarepository.wolframcloud.com/resources/JoshuaSchrier_Hansen-Solubility-Parameters/,,
"1,3,5-Trioxane",110-88-3,C1OCOCO1,C3H6O3,18.7,9.2,8.6,90.1,114.5,,77.0,other,,pang2024,https://github.com/jiayunpang/hsp_embedding,https://pubchem.ncbi.nlm.nih.gov/compound/8081,https://pubchem.ncbi.nlm.nih.gov/compound/8081
"1,3-Benzenediol",108-46-3,C1=CC(=CC(=C1)O)O,,18.0,8.4,21.0,110.11,280.0,,87.5,aromatic,,solvpred,https://github.com/xueannafang/hsp_toolkit_solv_pred_v_2.0,https://github.com/xueannafang/hsp_toolkit_solv_pred_v_2.0,https://github.com/xueannafang/hsp_toolkit_solv_pred_v_2.0
"1,3-Benzodioxole",274-09-9,C1OC2=CC=CC=C2O1,,19.0,6.7,5.9,122.12,173.0,1.064,114.77443609022556,other,H226-H302+H332,mendeley,https://data.mendeley.com/datasets/b4dmjzk8w6/1,https://data.mendeley.com/datasets/b4dmjzk8w6/1,https://data.mendeley.com/datasets/b4dmjzk8w6/1
"1,3-Bis(Trifluoromethyl)Benzene",402-31-3,FC(F)(F)c1cccc(c1)C(F)(F)F,C8H4F6,17.0,6.8,0.0,214.1,,,,halogenated,,pang2024,https://github.com/jiayunpang/hsp_embedding,https://pubchem.ncbi.nlm.nih.gov/compound/223106,
"1,3-Butadiene",106-99-0,C=CC=C,C4H6,14.8,2.8,5.6,54.1,-4.4,,83.2,hydrocarbon,,pang2024,https://github.com/jiayunpang/hsp_embedding,https://pubchem.ncbi.nlm.nih.gov/compound/7845,https://pubchem.ncbi.nlm.nih.gov/compound/7845
"1,3-Butadiene-1-Chloro",,,,15.6,8.5,2.0,,,,92.2,halogenated,,hansen_a1,https://hansen-solubility.com (Hansen Handbook Appendix Table A.1),,
"1,3-Butanediol",107-88-0,CC(O)CCO,C4H10O2,16.5,8.1,20.9,90.12,204.0,1.0,90.12,hydrocarbon,,mendeley,https://data.mendeley.com/datasets/b4dmjzk8w6/1,https://data.mendeley.com/datasets/b4dmjzk8w6/1,https://data.mendeley.com/datasets/b4dmjzk8w6/1
"1,3-Cyclohexadiene",592-57-4,C1=CCCC=C1,,17.1,3.6,5.2,80.1,81.0,0.843,95.01779359430604,aromatic,H225,mendeley,https://data.mendeley.com/datasets/b4dmjzk8w6/1,https://data.mendeley.com/datasets/b4dmjzk8w6/1,https://data.mendeley.com/datasets/b4dmjzk8w6/1
"1,3-Dichloro Propane",142-28-9,ClCCCCl,,18.0,8.2,3.0,112.99,120.0,1.19,94.94957983193277,halogenated,H226-H315-H319-H335,mendeley,https://data.mendeley.com/datasets/b4dmjzk8w6/1,https://data.mendeley.com/datasets/b4dmjzk8w6/1,https://data.mendeley.com/datasets/b4dmjzk8w6/1
"1,3-Dichloro-2-Butene",926-57-8,CC(Cl)=CCCl,C4H6Cl2,16.9,7.8,2.7,125.0,131.0,,107.7,halogenated,,pang2024,https://github.com/jiayunpang/hsp_embedding,https://pubchem.ncbi.nlm.nih.gov/compound/13556,https://pubchem.ncbi.nlm.nih.gov/compound/13556
"1,3-Dichloro-2-Fluorobenzene",2268-05-5,Fc1c(Cl)cccc1Cl,C6H3Cl2F,19.4,9.1,2.7,165.0,,,,halogenated,,pang2024,https://github.com/jiayunpang/hsp_embedding,https://pubchem.ncbi.nlm.nih.gov/compound/137520,
"1,3-Dichloro-2-Propanol",96-23-1,OC(CCl)CCl,C3H6Cl2O,17.5,9.9,14.6,129.0,173.9,,,alcohol,,pang2024,https://github.com/jiayunpang/hsp_embedding,https://pubchem.ncbi.nlm.nih.gov/compound/7289,https://pubchem.ncbi.nlm.nih.gov/compound/7289
"1,3-Dimethoxy Butane",10143-66-5,COCCC(C)OC,C6H14O2,15.6,5.5,5.2,118.2,,,140.0,hydrocarbon,,pang2024,https://github.com/jiayunpang/hsp_embedding,https://pubchem.ncbi.nlm.nih.gov/compound/25011,
"1,3-Dimethylcyclohexane",591-21-9,CC1CCCC(C)C1,,16.0,0.1,0.1,112.21,122.0,0.767,146.29726205997392,hydrocarbon,H225-H315-H319-H335,mendeley,https://data.mendeley.com/datasets/b4dmjzk8w6/1,https://data.mendeley.com/datasets/b4dmjzk8w6/1,https://data.mendeley.com/datasets/b4dmjzk8w6/1
"1,3-Dioxolane",646-06-0,C1OCCO1,,18.1,6.6,9.3,74.08,81.0,0.99,74.82828282828282,ether,H225-H319,mendeley,https://data.mendeley.com/datasets/b4dmjzk8w6/1,https://data.mendeley.com/datasets/b4dmjzk8w6/1,https://data.mendeley.com/datasets/b4dmjzk8w6/1
"1,3-Dithiolane",4829-04-3,C1CSCS1,,20.4,9.3,6.7,106.21,183.0,1.235,85.99999999999999,sulfur compound,,mendeley,https://data.mendeley.com/datasets/b4dmjzk8w6/1,https://data.mendeley.com/datasets/b4dmjzk8w6/1,https://data.mendeley.com/datasets/b4dmjzk8w6/1
"1,3-Pentadiene",504-60-9,CC=CC=C,C5H8,15.0,2.5,4.0,68.1,42.8,,101.7,hydrocarbon,,pang2024,https://github.com/jiayunpang/hsp_embedding,https://pubchem.ncbi.nlm.nih.gov/compound/62204,https://pubchem.ncbi.nlm.nih.gov/compound/62204
"1,3-Propane Sultone",1120-71-4,O=[S]1(=O)CCCO1,C3H6O3S,18.4,16.0,9.0,122.2,180.0,,,hydrocarbon,,pang2024,https://github.com/jiayunpang/hsp_embedding,https://pubchem.ncbi.nlm.nih.gov/compound/14264,https://pubchem.ncbi.nlm.nih.gov/compound/14264
"1,3-Propanediol",504-63-2,OCCCO,C3H8O2,16.8,13.5,23.2,76.1,211.0,,72.5,hydrocarbon,,pang2024,https://github.com/jiayunpang/hsp_embedding,https://pubchem.ncbi.nlm.nih.gov/compound/10442,https://pubchem.ncbi.nlm.nih.gov/compound/10442
"1,4-Butandiol Diacrylate",,OCCCCO.OC(=O)C=C.OC(=O)C=C,C10H18O6,16.8,9.1,4.2,234.2,,,,ester,,pang2024,https://github.com/jiayunpang/hsp_embedding,https://pubchem.ncbi.nlm.nih.gov/compound/53445270,
"1,4-Butanediol",110-63-4,OCCCCO,C4H10O2,16.6,11.0,20.9,90.1,230.0,,88.9,hydrocarbon,,pang2024,https://github.com/jiayunpang/hsp_embedding,https://pubchem.ncbi.nlm.nih.gov/compound/8064,https://pubchem.ncbi.nlm.nih.gov/compound/8064
"1,4-Dichloro-2-Butene",764-41-0,ClCC=CCCl,C4H6Cl2,17.8,7.6,2.0,125.0,156.1,,97.8,halogenated,,pang2024,https://github.com/jiayunpang/hsp_embedding,https://pubchem.ncbi.nlm.nih.gov/compound/15122,https://pubchem.ncbi.nlm.nih.gov/compound/15122
"1,4-Dichlorobutane",110-56-5,C(CCCl)CCl,,18.3,7.7,2.8,127.01,161.0,1.14,111.4122807017544,halogenated,H226-H315-H319-H335-H412,mendeley,https://data.mendeley.com/datasets/b4dmjzk8w6/1,https://data.mendeley.com/datasets/b4dmjzk8w6/1,https://data.mendeley.com/datasets/b4dmjzk8w6/1
"1,4-Dihydroxybenzene",123-31-9,Oc1ccc(O)cc1,C6H6O2,21.0,10.2,27.2,110.1,287.2,,,aromatic,,pang2024,https://github.com/jiayunpang/hsp_embedding,https://pubchem.ncbi.nlm.nih.gov/compound/785,https://pubchem.ncbi.nlm.nih.gov/compound/785
"1,4-Dimethylnaphthalene",571-58-4,CC1=C(C=CC=C2)C2=C(C)C=C1,,19.0,1.0,4.0,156.2,268.0,1.016,153.74015748031493,aromatic,,mendeley,https://data.mendeley.com/datasets/b4dmjzk8w6/1,https://data.mendeley.com/datasets/b4dmjzk8w6/1,https://data.mendeley.com/datasets/b4dmjzk8w6/1
"1,4-Dioxane",123-91-1,C1COCCO1,C4H8O2,17.5,1.8,9.0,88.11,101,1.034,85.7,ether,EUH019-EUH066-H225-H319-H335-H351,handbook,https://hansen-solubility.com (Hansen Handbook 2007),https://hansen-solubility.com (Hansen Handbook 2007),https://hansen-solubility.com (Hansen Handbook 2007)
"1,4-Thioxane",15980-15-1,C1CSCCO1,,19.0,6.6,7.7,104.17,148.0,1.1,94.69999999999999,other,H226-H315-H319-H335,mendeley,https://data.mendeley.com/datasets/b4dmjzk8w6/1,https://data.mendeley.com/datasets/b4dmjzk8w6/1,https://data.mendeley.com/datasets/b4dmjzk8w6/1
"1,4Diethylbenzene",,,,18.0,0.0,0.6,,,,156.9,aromatic,,wolfram,https://datarepository.wolframcloud.com/resources/JoshuaSchrier_Hansen-Solubility-Parameters/,,
"1,5-Dichloropentane",628-76-2,ClCCCCCCl,C5H10Cl2,18.0,7.8,1.5,141.0,,,127.5,halogenated,,pang2024,https://github.com/jiayunpang/hsp_embedding,https://pubchem.ncbi.nlm.nih.gov/compound/12353,
"1,5-Dimethyltetralin",21564-91-0,CC1CCCC2=C(C=CC=C12)C,,18.1,2.8,2.8,160.25,249.0,0.946,169.39746300211416,aromatic,H315-H319-H335,mendeley,https://data.mendeley.com/datasets/b4dmjzk8w6/1,https://data.mendeley.com/datasets/b4dmjzk8w6/1,https://data.mendeley.com/datasets/b4dmjzk8w6/1
"1,5-Hexadiene",592-42-7,C=CCCC=C,,15.4,2.6,3.5,82.14,59.4,0.692,118.69942196531792,hydrocarbon,H225-H304-H315-H319-H335,mendeley,https://data.mendeley.com/datasets/b4dmjzk8w6/1,https://data.mendeley.com/datasets/b4dmjzk8w6/1,https://data.mendeley.com/datasets/b4dmjzk8w6/1
"1,6-Heptadiene",3070-53-9,C=CCCCC=C,,15.5,2.7,3.3,96.17,90.0,0.714,134.6918767507003,hydrocarbon,H225-H304-H315-H319-H335,mendeley,https://data.mendeley.com/datasets/b4dmjzk8w6/1,https://data.mendeley.com/datasets/b4dmjzk8w6/1,https://data.mendeley.com/datasets/b4dmjzk8w6/1
"1,6-Hexane Dithiol",1191-43-1,C(CCCS)CCS,,17.6,6.2,6.2,150.3,243.0,0.983,152.89928789420145,hydrocarbon,H302-H312-H332,mendeley,https://data.mendeley.com/datasets/b4dmjzk8w6/1,https://data.mendeley.com/datasets/b4dmjzk8w6/1,https://data.mendeley.com/datasets/b4dmjzk8w6/1
"1,7-Octadiene",3710-30-3,C=CCCCCC=C,,15.6,2.0,2.9,110.2,115.5,0.746,147.72117962466487,hydrocarbon,H225-H304-H412,mendeley,https://data.mendeley.com/datasets/b4dmjzk8w6/1,https://data.mendeley.com/datasets/b4dmjzk8w6/1,https://data.mendeley.com/datasets/b4dmjzk8w6/1
"1,8-Cineole (Eucalyptol)",470-82-6,CC1(C2CCC(O1)(CC2)C)C,,16.7,4.6,3.4,154.25,178.0,0.92,167.66304347826087,terpene,H226,mendeley,https://data.mendeley.com/datasets/b4dmjzk8w6/1,https://data.mendeley.com/datasets/b4dmjzk8w6/1,https://data.mendeley.com/datasets/b4dmjzk8w6/1
"1,8-Diiodooctane",24772-63-2,C(CCCCI)CCCI,,18.3,4.1,3.2,366.02,363.0,1.84,198.92391304347825,halogenated,H315-H319,mendeley,https://data.mendeley.com/datasets/b4dmjzk8w6/1,https://data.mendeley.com/datasets/b4dmjzk8w6/1,https://data.mendeley.com/datasets/b4dmjzk8w6/1
"1,8-Octane Dithiol",1191-62-4,C(CCCCS)CCCS,,17.4,5.9,5.6,178.4,269.5,0.96,185.83333333333334,hydrocarbon,H302-H315-H319-H335,mendeley,https://data.mendeley.com/datasets/b4dmjzk8w6/1,https://data.mendeley.com/datasets/b4dmjzk8w6/1,https://data.mendeley.com/datasets/b4dmjzk8w6/1
"1,9-Nonanediol",3937-56-2,OCCCCCCCCCO,C9H20O2,15.7,7.0,15.1,160.2,,,170.5,hydrocarbon,,pang2024,https://github.com/jiayunpang/hsp_embedding,https://pubchem.ncbi.nlm.nih.gov/compound/19835,
1-(Dimethylamino)pyrrole,78307-76-3,CN(C)N1C=CC=C1,,17.4,5.0,5.2,110.16,140.0,0.912,120.78947368421052,heterocyclic,H226-H315-H319,mendeley,https://data.mendeley.com/datasets/b4dmjzk8w6/1,https://data.mendeley.com/datasets/b4dmjzk8w6/1,https://data.mendeley.com/datasets/b4dmjzk8w6/1
"1-Acetoxy-1,3-Butadiene",35694-20-3,CC(=O)OC=CC=C,C6H8O2,16.1,4.4,8.3,112.1,,,,other,,pang2024,https://github.com/jiayunpang/hsp_embedding,https://pubchem.ncbi.nlm.nih.gov/compound/5363433,
1-Acetyl-1-cyclohexene,932-66-1,CC(=O)C1=CCCCC1,,17.5,5.1,4.9,124.18,202.0,0.966,128.55072463768116,other,,mendeley,https://data.mendeley.com/datasets/b4dmjzk8w6/1,https://data.mendeley.com/datasets/b4dmjzk8w6/1,https://data.mendeley.com/datasets/b4dmjzk8w6/1
1-Aminocyclopropane Carboxylic Acid,22059-21-8,NC1(CC1)C(O)=O,C4H7NO2,17.0,6.3,13.6,101.1,,,,acid,,pang2024,https://github.com/jiayunpang/hsp_embedding,https://pubchem.ncbi.nlm.nih.gov/compound/535,
1-Bromo Propene,590-14-7,CC=CBr,C3H5Br,16.3,6.4,5.0,121.0,,,84.7,halogenated,,pang2024,https://github.com/jiayunpang/hsp_embedding,https://pubchem.ncbi.nlm.nih.gov/compound/11533,
1-Bromo-3-Chlorobenzene,108-37-2,BrC1=CC(Cl)=CC=C1,,19.6,5.3,3.4,191.45,196.0,1.63,117.45398773006136,halogenated,H227-H315-H319-H335,mendeley,https://data.mendeley.com/datasets/b4dmjzk8w6/1,https://data.mendeley.com/datasets/b4dmjzk8w6/1,https://data.mendeley.com/datasets/b4dmjzk8w6/1
1-Bromo-4-Ethoxy Benzene,588-96-5,CCOc1ccc(Br)cc1,C8H9BrO,19.5,7.7,5.3,201.1,,,,halogenated,,pang2024,https://github.com/jiayunpang/hsp_embedding,https://pubchem.ncbi.nlm.nih.gov/compound/68523,
1-Bromonaphthalene,90-11-9,BrC2=CC=CC1=CC=CC=C12,C10H7Br,20.6,3.1,4.1,207.07,280.0,1.48,139.91216216216216,halogenated,H302-H319,mendeley,https://data.mendeley.com/datasets/b4dmjzk8w6/1,https://data.mendeley.com/datasets/b4dmjzk8w6/1,https://data.mendeley.com/datasets/b4dmjzk8w6/1
1-Bromopropane,106-94-5,CCCBr,C3H7Br,16.4,7.9,4.8,123.0,71.1,,90.9,halogenated,,pang2024,https://github.com/jiayunpang/hsp_embedding,https://pubchem.ncbi.nlm.nih.gov/compound/7840,https://pubchem.ncbi.nlm.nih.gov/compound/7840
1-Butanethiol,109-79-5,CCCCS,,16.3,5.3,4.5,90.19,98.0,0.842,107.11401425178147,hydrocarbon,H225-H302+H332-H315-H319-H335,mendeley,https://data.mendeley.com/datasets/b4dmjzk8w6/1,https://data.mendeley.com/datasets/b4dmjzk8w6/1,https://data.mendeley.com/datasets/b4dmjzk8w6/1
1-Butanol,71-36-3,CCCCO,C4H10O,16.0,5.7,15.8,74.12,118,0.81,91.5,alcohol,H226-H302-H315-H318-H335-H336,handbook,https://hansen-solubility.com (Hansen Handbook 2007),https://hansen-solubility.com (Hansen Handbook 2007),https://hansen-solubility.com (Hansen Handbook 2007)
1-Butene,106-98-9,CCC=C,C4H8,13.2,1.3,3.9,56.1,-6.1,,94.3,hydrocarbon,,pang2024,https://github.com/jiayunpang/hsp_embedding,https://pubchem.ncbi.nlm.nih.gov/compound/7844,https://pubchem.ncbi.nlm.nih.gov/compound/7844
1-Butenyl Methyl Ether,29512-02-5,CCC=COC,C5H10O,15.1,5.3,5.2,86.1,,,111.9,ether,,pang2024,https://github.com/jiayunpang/hsp_embedding,https://pubchem.ncbi.nlm.nih.gov/compound/94402,
1-Butyl-4-ethynylbenzene,79887-09-5,CCCCC1=CC=C(C=C1)C#C,,17.6,3.0,3.0,158.24,221.0,0.906,174.6578366445916,aromatic,H315-H319-H335,mendeley,https://data.mendeley.com/datasets/b4dmjzk8w6/1,https://data.mendeley.com/datasets/b4dmjzk8w6/1,https://data.mendeley.com/datasets/b4dmjzk8w6/1
1-Chloro Pentane,543-59-9,CCCCCCl,C5H11Cl,16.0,6.9,1.9,106.6,107.8,,120.8,halogenated,,pang2024,https://github.com/jiayunpang/hsp_embedding,https://pubchem.ncbi.nlm.nih.gov/compound/10977,https://pubchem.ncbi.nlm.nih.gov/compound/10977
1-Chloro Vinyl Ethyl Ether,,CCOC(Cl)=C,C4H7ClO,16.8,6.5,5.7,106.5,,,,ether,,pang2024,https://github.com/jiayunpang/hsp_embedding,https://pubchem.ncbi.nlm.nih.gov/compound/12571889,
1-Chloro-1-cyclopentene,930-29-0,C1CC=C(C1)Cl,,17.5,3.5,3.7,102.56,115.0,1.035,99.09178743961354,halogenated,H225 - H315 - H319 - H335,mendeley,https://data.mendeley.com/datasets/b4dmjzk8w6/1,https://data.mendeley.com/datasets/b4dmjzk8w6/1,https://data.mendeley.com/datasets/b4dmjzk8w6/1
1-Chloro-1-Fluoro Ethylene,2317-91-1,FC(Cl)=C,C2H2ClF,16.0,6.9,4.0,80.5,,,,halogenated,,pang2024,https://github.com/jiayunpang/hsp_embedding,https://pubchem.ncbi.nlm.nih.gov/compound/75344,
1-Chloro-1-Nitroethane,598-92-5,CC(Cl)[N+]([O-])=O,C2H4ClNO2,16.8,13.5,4.7,109.5,,,85.1,nitro,,pang2024,https://github.com/jiayunpang/hsp_embedding,https://pubchem.ncbi.nlm.nih.gov/compound/61149,
1-Chloro-1-Nitropropane,600-25-9,CCC(Cl)[N+]([O-])=O,C3H6ClNO2,16.8,13.0,4.5,123.5,142.8,,,nitro,,pang2024,https://github.com/jiayunpang/hsp_embedding,https://pubchem.ncbi.nlm.nih.gov/compound/11750,https://pubchem.ncbi.nlm.nih.gov/compound/11750
1-Chloro-2-Butene,591-97-9,CC=CCCl,C4H7Cl,16.2,7.7,2.0,90.5,,,97.4,halogenated,,pang2024,https://github.com/jiayunpang/hsp_embedding,https://pubchem.ncbi.nlm.nih.gov/compound/11589,
1-Chloro-2-Ethoxy Benzene,614-72-2,CCOc1ccccc1Cl,C8H9ClO,19.2,8.1,4.4,156.6,,,,halogenated,,pang2024,https://github.com/jiayunpang/hsp_embedding,https://pubchem.ncbi.nlm.nih.gov/compound/69197,
1-Chloro-2-Ethyl Benzene,89-96-3,CCc1ccccc1Cl,C8H9Cl,18.9,4.9,2.2,140.6,,,,halogenated,,pang2024,https://github.com/jiayunpang/hsp_embedding,https://pubchem.ncbi.nlm.nih.gov/compound/6995,
1-Chloro-2-Methyl Propene,513-37-1,CC(C)=CCl,C4H7Cl,16.1,7.1,4.2,90.5,67.8,,,halogenated,,pang2024,https://github.com/jiayunpang/hsp_embedding,https://pubchem.ncbi.nlm.nih.gov/compound/10555,https://pubchem.ncbi.nlm.nih.gov/compound/10555
1-Chloro-4-Ethoxy Benzene,622-61-7,CCOc1ccc(Cl)cc1,C8H9ClO,19.3,6.3,4.4,156.6,,,,halogenated,,pang2024,https://github.com/jiayunpang/hsp_embedding,https://pubchem.ncbi.nlm.nih.gov/compound/69326,
1-Chlorobutane,109-69-3,CCCCCl,,16.2,5.5,2.0,92.57,78.5,,104.5,halogenated,,solvpred,https://github.com/xueannafang/hsp_toolkit_solv_pred_v_2.0,https://github.com/xueannafang/hsp_toolkit_solv_pred_v_2.0,https://github.com/xueannafang/hsp_toolkit_solv_pred_v_2.0
1-Chlorohexane,544-10-5,CCCCCCCl,C6H13Cl,16.1,6.2,1.7,120.6,,,138.1,halogenated,,pang2024,https://github.com/jiayunpang/hsp_embedding,https://pubchem.ncbi.nlm.nih.gov/compound/10992,
1-Chloronaphthalene,90-13-1,ClC1=C(C=CC=C2)C2=CC=C1,,20.5,4.9,2.5,162.62,259.0,1.1938,136.2204724409449,halogenated,H302-H315-H319-H335-H411,mendeley,https://data.mendeley.com/datasets/b4dmjzk8w6/1,https://data.mendeley.com/datasets/b4dmjzk8w6/1,https://data.mendeley.com/datasets/b4dmjzk8w6/1
1-Chloropropene,590-21-6,CC=CCl,C3H5Cl,15.3,6.9,2.2,76.5,35.5,,82.3,halogenated,,pang2024,https://github.com/jiayunpang/hsp_embedding,https://pubchem.ncbi.nlm.nih.gov/compound/11536,https://pubchem.ncbi.nlm.nih.gov/compound/11536
1-Decanol,112-30-1,CCCCCCCCCCO,,16.0,4.7,10.5,158.29,231.0,0.828,191.17149758454107,alcohol,H227-H319-H412,mendeley,https://data.mendeley.com/datasets/b4dmjzk8w6/1,https://data.mendeley.com/datasets/b4dmjzk8w6/1,https://data.mendeley.com/datasets/b4dmjzk8w6/1
1-Decene,872-05-9,CCCCCCCCC=C,C10H20,15.6,1.0,2.2,140.3,170.6,,190.6,hydrocarbon,,pang2024,https://github.com/jiayunpang/hsp_embedding,https://pubchem.ncbi.nlm.nih.gov/compound/13381,https://pubchem.ncbi.nlm.nih.gov/compound/13381
1-Ethoxy Ethoxy-2-Propanol,,CCOC(C)OCC(C)O,C7H16O3,15.4,6.3,6.0,148.2,,,,alcohol,,pang2024,https://github.com/jiayunpang/hsp_embedding,https://pubchem.ncbi.nlm.nih.gov/compound/20491352,
1-Ethyl Vinyl Ethyl Ether,,CCOC(=C)CC,C6H12O,15.3,4.2,4.6,100.2,,,125.6,ether,,pang2024,https://github.com/jiayunpang/hsp_embedding,https://pubchem.ncbi.nlm.nih.gov/compound/11007828,
1-Fluoro Acrylic Acid,,,,16.0,8.7,13.0,,,,90.0,acid,,hansen_a1,https://hansen-solubility.com (Hansen Handbook Appendix Table A.1),,
1-Fluoro Acrylonitrile,,,,14.1,15.4,5.7,,,,88.8,nitrile,,hansen_a1,https://hansen-solubility.com (Hansen Handbook Appendix Table A.1),,
1-Heptanal,111-71-7,CCCCCCC=O,,16.0,6.5,4.8,114.19,153.0,0.85,134.34117647058824,other,H226-H315-H412,mendeley,https://data.mendeley.com/datasets/b4dmjzk8w6/1,https://data.mendeley.com/datasets/b4dmjzk8w6/1,https://data.mendeley.com/datasets/b4dmjzk8w6/1
1-Heptanol,111-70-6,CCCCCCCO,,16.0,5.3,11.7,116.2,176.0,0.82,141.70731707317074,alcohol,H227-H319,mendeley,https://data.mendeley.com/datasets/b4dmjzk8w6/1,https://data.mendeley.com/datasets/b4dmjzk8w6/1,https://data.mendeley.com/datasets/b4dmjzk8w6/1
1-Hepten-3-ol,4938-52-7,CCCCC(C=C)O,,16.13,4.42,10.01,114.2,156.0,0.836,136.60287081339715,other,H226-H315-H319-H335,mendeley,https://data.mendeley.com/datasets/b4dmjzk8w6/1,https://data.mendeley.com/datasets/b4dmjzk8w6/1,https://data.mendeley.com/datasets/b4dmjzk8w6/1
1-Heptene,25339-56-4,CCCCCC=C,C7H14,15.0,1.1,2.6,98.2,93.6,,141.9,hydrocarbon,,pang2024,https://github.com/jiayunpang/hsp_embedding,https://pubchem.ncbi.nlm.nih.gov/compound/11610,https://pubchem.ncbi.nlm.nih.gov/compound/11610
1-Hexanol,111-27-3,CCCCCCO,,15.9,5.8,12.5,102.2,157,0.814,125.2,alcohol,,handbook,https://hansen-solubility.com (Hansen Handbook 2007),https://hansen-solubility.com (Hansen Handbook 2007),https://hansen-solubility.com (Hansen Handbook 2007)
1-Hexene,592-41-6,C=CCCCC,,14.7,1.1,3.0,84.16,63.0,0.6731,125.03342742534541,hydrocarbon,EUH066-H225-H304,mendeley,https://data.mendeley.com/datasets/b4dmjzk8w6/1,https://data.mendeley.com/datasets/b4dmjzk8w6/1,https://data.mendeley.com/datasets/b4dmjzk8w6/1
"1-Methoxy-1,3-Butadiene",3036-66-6,COC=CC=C,C5H8O,15.5,8.3,5.4,84.1,,,,other,,pang2024,https://github.com/jiayunpang/hsp_embedding,https://pubchem.ncbi.nlm.nih.gov/compound/5462719,
1-Methoxy-2-Nitrobenzene,91-23-6,COc1ccccc1[N+]([O-])=O,C7H7NO3,19.6,12.7,5.5,153.1,277.0,,,nitro,,pang2024,https://github.com/jiayunpang/hsp_embedding,https://pubchem.ncbi.nlm.nih.gov/compound/7048,https://pubchem.ncbi.nlm.nih.gov/compound/7048
1-Methyl Cyclohexanol,590-67-0,CC1(O)CCCCC1,C7H14O,17.1,4.0,12.0,114.2,155.0,,123.4,alcohol,,pang2024,https://github.com/jiayunpang/hsp_embedding,https://pubchem.ncbi.nlm.nih.gov/compound/11550,https://pubchem.ncbi.nlm.nih.gov/compound/11550
1-Methyl Naphthalene,90-12-0,CC1=C(C=CC=C2)C2=CC=C1,,19.7,0.8,4.7,142.2,245.0,1.0202,139.3844344246226,aromatic,H227-H302-H411,mendeley,https://data.mendeley.com/datasets/b4dmjzk8w6/1,https://data.mendeley.com/datasets/b4dmjzk8w6/1,https://data.mendeley.com/datasets/b4dmjzk8w6/1
1-Methyl Vinyl Methyl Ether,116-11-0,COC(C)=C,C4H8O,14.8,4.2,5.6,72.1,,,96.1,ether,,pang2024,https://github.com/jiayunpang/hsp_embedding,https://pubchem.ncbi.nlm.nih.gov/compound/8300,
1-Methylcyclopentene,693-89-0,CC1=CCCC1,,16.9,2.7,4.0,82.1,74.0,0.779,105.39152759948651,aromatic,H225-H304,mendeley,https://data.mendeley.com/datasets/b4dmjzk8w6/1,https://data.mendeley.com/datasets/b4dmjzk8w6/1,https://data.mendeley.com/datasets/b4dmjzk8w6/1
1-Methylimidazole,616-47-7,CN1C=CN=C1,,19.7,15.6,11.2,82.1,198.0,,82.394,amine,,solvpred,https://github.com/xueannafang/hsp_toolkit_solv_pred_v_2.0,https://github.com/xueannafang/hsp_toolkit_solv_pred_v_2.0,https://github.com/xueannafang/hsp_toolkit_solv_pred_v_2.0
1-Methylpyrazole,930-36-9,CN1C=CC=N1,,18.0,8.9,6.7,82.1,127.0,0.988,83.09716599190283,other,H226-H315-H319-H335,mendeley,https://data.mendeley.com/datasets/b4dmjzk8w6/1,https://data.mendeley.com/datasets/b4dmjzk8w6/1,https://data.mendeley.com/datasets/b4dmjzk8w6/1
1-Naphthol,90-15-3,Oc1cccc2ccccc12,C10H8O,19.7,6.3,12.3,144.2,288.0,,131.7,alcohol,,pang2024,https://github.com/jiayunpang/hsp_embedding,https://pubchem.ncbi.nlm.nih.gov/compound/7005,https://pubchem.ncbi.nlm.nih.gov/compound/7005
1-Nitropropane,108-03-2,O=[N+]([O-])CCC,,16.6,12.3,5.5,89.09,132.0,0.99,89.98989898989899,nitro,H226-H302+H312+H332-H331,mendeley,https://data.mendeley.com/datasets/b4dmjzk8w6/1,https://data.mendeley.com/datasets/b4dmjzk8w6/1,https://data.mendeley.com/datasets/b4dmjzk8w6/1
1-Nonanal,124-19-6,CCCCCCCCC=O,,15.9,5.5,4.1,142.2,191.0,0.82,173.41463414634146,other,H315-H319-H335,mendeley,https://data.mendeley.com/datasets/b4dmjzk8w6/1,https://data.mendeley.com/datasets/b4dmjzk8w6/1,https://data.mendeley.com/datasets/b4dmjzk8w6/1
1-Nonanol,143-08-8,CCCCCCCCCO,,16.0,4.8,11.0,144.25,215.0,0.827,174.42563482466747,alcohol,H227-H315-H319-H332-H411,mendeley,https://data.mendeley.com/datasets/b4dmjzk8w6/1,https://data.mendeley.com/datasets/b4dmjzk8w6/1,https://data.mendeley.com/datasets/b4dmjzk8w6/1
1-Nonene,124-11-8,CCCCCCCC=C,C9H18,15.4,1.0,2.2,126.2,147.2,,170.5,hydrocarbon,,pang2024,https://github.com/jiayunpang/hsp_embedding,https://pubchem.ncbi.nlm.nih.gov/compound/31285,https://pubchem.ncbi.nlm.nih.gov/compound/31285
1-Nonyne,3452-09-3,C#CCCCCCCC,,15.8,2.9,2.7,124.2,151.0,0.757,164.06869220607663,hydrocarbon,H226-H315-H319-H335,mendeley,https://data.mendeley.com/datasets/b4dmjzk8w6/1,https://data.mendeley.com/datasets/b4dmjzk8w6/1,https://data.mendeley.com/datasets/b4dmjzk8w6/1
1-Octanal,124-13-0,CCCCCCCC=O,,16.0,6.3,4.4,128.2,171.0,0.82,156.34146341463415,other,H226-H315,mendeley,https://data.mendeley.com/datasets/b4dmjzk8w6/1,https://data.mendeley.com/datasets/b4dmjzk8w6/1,https://data.mendeley.com/datasets/b4dmjzk8w6/1
1-Octanol,111-87-5,CCCCCCCCO,,16.0,5.0,11.9,130.2,195,0.824,158.4,alcohol,H319,handbook,https://hansen-solubility.com (Hansen Handbook 2007),https://hansen-solubility.com (Hansen Handbook 2007),https://hansen-solubility.com (Hansen Handbook 2007)
1-Octene,111-66-0,CCCCCCC=C,C8H16,15.3,1.0,2.4,112.2,121.3,,158.0,hydrocarbon,,pang2024,https://github.com/jiayunpang/hsp_embedding,https://pubchem.ncbi.nlm.nih.gov/compound/8125,https://pubchem.ncbi.nlm.nih.gov/compound/8125
1-Pentanol,71-41-0,CCCCCO,,15.9,5.9,13.9,88.15,138,0.814,108.6,alcohol,H226-H315-H319-H332-H335,handbook,https://hansen-solubility.com (Hansen Handbook 2007),https://hansen-solubility.com (Hansen Handbook 2007),https://hansen-solubility.com (Hansen Handbook 2007)
1-Penten-3-ol,616-25-1,CCC(C=C)O,,16.01,5.62,11.76,86.1,115.0,0.838,102.74463007159905,other,H226,mendeley,https://data.mendeley.com/datasets/b4dmjzk8w6/1,https://data.mendeley.com/datasets/b4dmjzk8w6/1,https://data.mendeley.com/datasets/b4dmjzk8w6/1
1-Pentene,109-67-1,CCCC=C,C5H10,13.9,1.4,3.8,70.1,29.9,,110.4,hydrocarbon,,pang2024,https://github.com/jiayunpang/hsp_embedding,https://pubchem.ncbi.nlm.nih.gov/compound/8004,https://pubchem.ncbi.nlm.nih.gov/compound/8004
1-Phenyl-3-Methylbutane,2049-94-7,CC(C)CCC1=CC=CC=C1,,16.9,1.6,2.4,148.2,193.0,0.9,164.66666666666666,aromatic,-,mendeley,https://data.mendeley.com/datasets/b4dmjzk8w6/1,https://data.mendeley.com/datasets/b4dmjzk8w6/1,https://data.mendeley.com/datasets/b4dmjzk8w6/1
1-Phenylnaphthalene,605-02-7,C1(C2=CC=CC=C2)=C(C=CC=C3)C3=CC=C1,,19.9,2.7,3.8,204.3,334.0,1.085,188.29493087557606,aromatic,,mendeley,https://data.mendeley.com/datasets/b4dmjzk8w6/1,https://data.mendeley.com/datasets/b4dmjzk8w6/1,https://data.mendeley.com/datasets/b4dmjzk8w6/1
1-Phenylpyrrole,635-90-5,C1=CC=C(C=C1)N2C=CC=C2,,19.4,4.4,4.6,143.18,234.0,1.031,138.87487875848691,aromatic,H315-H319-H335,mendeley,https://data.mendeley.com/datasets/b4dmjzk8w6/1,https://data.mendeley.com/datasets/b4dmjzk8w6/1,https://data.mendeley.com/datasets/b4dmjzk8w6/1
1-Propanethiol,107-03-9,CCCS,,16.1,5.8,5.7,76.16,68.0,0.82,92.8780487804878,hydrocarbon,H225-H302-H315-H318-H335-H400,mendeley,https://data.mendeley.com/datasets/b4dmjzk8w6/1,https://data.mendeley.com/datasets/b4dmjzk8w6/1,https://data.mendeley.com/datasets/b4dmjzk8w6/1
1-Propanol,71-23-8,CCCO,C3H8O,16.0,6.8,17.4,60.1,97,0.804,75.2,alcohol,,handbook,https://hansen-solubility.com (Hansen Handbook 2007),https://hansen-solubility.com (Hansen Handbook 2007),https://hansen-solubility.com (Hansen Handbook 2007)
"1-Propene, 3,3'-Thiobis-",592-88-1,C=CCSCC=C,,17.0,3.7,4.0,114.2,139.0,0.88,129.77272727272728,hydrocarbon,H226-H315-H319-H335,mendeley,https://data.mendeley.com/datasets/b4dmjzk8w6/1,https://data.mendeley.com/datasets/b4dmjzk8w6/1,https://data.mendeley.com/datasets/b4dmjzk8w6/1
1-Tetradecene,1120-36-1,CCCCCCCCCCCCC=C,C14H28,16.1,0.5,1.9,196.4,251.1,,253.4,hydrocarbon,,pang2024,https://github.com/jiayunpang/hsp_embedding,https://pubchem.ncbi.nlm.nih.gov/compound/14260,https://pubchem.ncbi.nlm.nih.gov/compound/14260
1Chloropropane,,,,16.0,7.8,2.0,,,,88.1,halogenated,,wolfram,https://datarepository.wolframcloud.com/resources/JoshuaSchrier_Hansen-Solubility-Parameters/,,
1Methoxy2Propanol,,,,15.6,6.3,11.6,,,,98.2,alcohol,,wolfram,https://datarepository.wolframcloud.com/resources/JoshuaSchrier_Hansen-Solubility-Parameters/,,
1Methyl2Pyrrolidinone,,,,18.0,12.3,7.2,,,,96.6,amide,,wolfram,https://datarepository.wolframcloud.com/resources/JoshuaSchrier_Hansen-Solubility-Parameters/,,
1Phenoxy2Propanol,,,,17.4,5.3,11.5,,,,143.2,alcohol,,wolfram,https://datarepository.wolframcloud.com/resources/JoshuaSchrier_Hansen-Solubility-Parameters/,,
1Tridecanol,,,,14.3,3.1,9.0,,,,242.0,alcohol,,wolfram,https://datarepository.wolframcloud.com/resources/JoshuaSchrier_Hansen-Solubility-Parameters/,,
"2',4'-Dimethyl Acetophenone",89-74-7,CC1=CC(=C(C=C1)C(=O)C)C,,18.4,6.0,3.5,148.2,228.0,0.98,151.22448979591834,ketone,H315-H319-H335,mendeley,https://data.mendeley.com/datasets/b4dmjzk8w6/1,https://data.mendeley.com/datasets/b4dmjzk8w6/1,https://data.mendeley.com/datasets/b4dmjzk8w6/1
2(5H)-Thiophenone,3354-32-3,O=C1SCC=C1,,19.3,7.3,8.4,100.14,230.0,1.24,80.75806451612904,other,H315 - H319 - H335,mendeley,https://data.mendeley.com/datasets/b4dmjzk8w6/1,https://data.mendeley.com/datasets/b4dmjzk8w6/1,https://data.mendeley.com/datasets/b4dmjzk8w6/1
"2,2,2-Trifluoro Ethano",,,,15.4,8.3,16.4,,,,72.3,halogenated,,hansen_a1,https://hansen-solubility.com (Hansen Handbook Appendix Table A.1),,
"2,2,2-Trifluoro Ethanol",75-89-8,OCC(F)(F)F,C2H3F3O,15.4,8.3,16.4,100.0,,,,alcohol,,pang2024,https://github.com/jiayunpang/hsp_embedding,https://pubchem.ncbi.nlm.nih.gov/compound/6409,
"2,2,4-Trimethyl-1,3-pentanediol monoisobutyrate",77-68-9,CC(C)C(C(C)(C)COC(=O)C(C)C)O,,15.1,6.1,9.8,216.32,255.0,,227.4,ester,,solvpred,https://github.com/xueannafang/hsp_toolkit_solv_pred_v_2.0,https://github.com/xueannafang/hsp_toolkit_solv_pred_v_2.0,https://github.com/xueannafang/hsp_toolkit_solv_pred_v_2.0
"2,2,4-Trimethylpentane",85404-20-2,CC(C)CC(C)(C)C,C8H18,14.1,0.0,0.0,114.2,99.2,,,hydrocarbon,,pang2024,https://github.com/jiayunpang/hsp_embedding,https://pubchem.ncbi.nlm.nih.gov/compound/10907,https://pubchem.ncbi.nlm.nih.gov/compound/10907
"2,2,6,6-Tetrachlorocyclohexanone",3776-30-5,ClC1(Cl)CCCC(Cl)(Cl)C1=O,C6H6Cl4O,19.5,14.0,6.3,235.9,,,,ketone,,pang2024,https://github.com/jiayunpang/hsp_embedding,https://pubchem.ncbi.nlm.nih.gov/compound/77407,
"2,2-Dichlorodiethyl ether",111-44-4,C(CCl)OCCCl,,18.8,9.0,5.7,143.01,178.5,,117.2,ether,,solvpred,https://github.com/xueannafang/hsp_toolkit_solv_pred_v_2.0,https://github.com/xueannafang/hsp_toolkit_solv_pred_v_2.0,https://github.com/xueannafang/hsp_toolkit_solv_pred_v_2.0
"2,2-Dichloropropane",594-20-7,CC(Cl)(Cl)C,,16.1,4.6,3.4,113.0,69.0,1.082,104.4362292051756,halogenated,H225-H319,mendeley,https://data.mendeley.com/datasets/b4dmjzk8w6/1,https://data.mendeley.com/datasets/b4dmjzk8w6/1,https://data.mendeley.com/datasets/b4dmjzk8w6/1
"2,2-Dimethyl-1-Propanol",75-84-3,CC(C)(C)CO,C5H12O,15.6,6.5,13.5,88.2,114.0,,,alcohol,,pang2024,https://github.com/jiayunpang/hsp_embedding,https://pubchem.ncbi.nlm.nih.gov/compound/6404,https://pubchem.ncbi.nlm.nih.gov/compound/6404
"2,2-Dimethylpropanal",630-19-3,CC(C)(C)C=O,,15.0,6.7,4.5,86.13,77.5,0.793,108.61286254728877,other,H225-H315-H319-H335,mendeley,https://data.mendeley.com/datasets/b4dmjzk8w6/1,https://data.mendeley.com/datasets/b4dmjzk8w6/1,https://data.mendeley.com/datasets/b4dmjzk8w6/1
"2,2ButoxyethoxyEthylAcetate",,,,16.0,4.1,8.2,,,,208.2,ester,,wolfram,https://datarepository.wolframcloud.com/resources/JoshuaSchrier_Hansen-Solubility-Parameters/,,
"2,3,4-Trifluoro Nitrobenzene",771-69-7,[O-][N+](=O)c1ccc(F)c(F)c1F,C6H2F3NO2,19.5,7.7,3.5,177.1,,,,nitro,,pang2024,https://github.com/jiayunpang/hsp_embedding,https://pubchem.ncbi.nlm.nih.gov/compound/69871,
"2,3-Benzofuran",271-89-6,o1ccc2ccccc12,C8H6O,18.7,5.1,5.7,118.1,173.9,,110.2,ether,,pang2024,https://github.com/jiayunpang/hsp_embedding,https://pubchem.ncbi.nlm.nih.gov/compound/9223,https://pubchem.ncbi.nlm.nih.gov/compound/9223
"2,3-Butadiene-1-ol",18913-31-0,OC[CH]=[C]=[CH2],C4H6O,16.2,6.6,16.8,70.1,,,76.5,other,,pang2024,https://github.com/jiayunpang/hsp_embedding,https://pubchem.ncbi.nlm.nih.gov/compound/140447,
"2,3-Butylene Carbonate",4437-70-1,CC1OC(=O)OC1C,C5H8O3,18.0,16.8,3.1,116.1,,,,ester,,pang2024,https://github.com/jiayunpang/hsp_embedding,https://pubchem.ncbi.nlm.nih.gov/compound/536113,
"2,3-dibromoprop-1-ene",513-31-5,BrCC(Br)=C,C3H4Br2,17.7,11.8,6.4,199.9,,,,halogenated,,pang2024,https://github.com/jiayunpang/hsp_embedding,https://pubchem.ncbi.nlm.nih.gov/compound/10552,
"2,3-Dichloro-1,3-Butadiene",1653-19-6,ClC(=C)C(Cl)=C,C4H4Cl2,17.1,2.3,2.8,123.0,,,,halogenated,,pang2024,https://github.com/jiayunpang/hsp_embedding,https://pubchem.ncbi.nlm.nih.gov/compound/15447,
"2,3-Dichloronitrobenzene",3209-22-1,[O-][N+](=O)c1cccc(Cl)c1Cl,C6H3Cl2NO2,19.7,12.6,4.4,192.0,257.8,,,nitro,,pang2024,https://github.com/jiayunpang/hsp_embedding,https://pubchem.ncbi.nlm.nih.gov/compound/18555,https://pubchem.ncbi.nlm.nih.gov/compound/18555
"2,3-Dichloropropanol",616-23-9,OCC(Cl)CCl,C3H6Cl2O,17.5,9.2,14.6,129.0,185.0,,,alcohol,,pang2024,https://github.com/jiayunpang/hsp_embedding,https://pubchem.ncbi.nlm.nih.gov/compound/12018,https://pubchem.ncbi.nlm.nih.gov/compound/12018
"2,3-Dichloropropene",78-88-6,ClCC(Cl)=C,C3H4Cl2,16.2,7.8,3.0,111.0,93.9,,91.6,halogenated,,pang2024,https://github.com/jiayunpang/hsp_embedding,https://pubchem.ncbi.nlm.nih.gov/compound/6565,https://pubchem.ncbi.nlm.nih.gov/compound/6565
"2,3-Dihydro-5-methylfuran",1487-15-6,CC1=CCCO1,,17.1,4.9,6.8,84.12,82.0,0.922,91.23644251626898,ether,H225,mendeley,https://data.mendeley.com/datasets/b4dmjzk8w6/1,https://data.mendeley.com/datasets/b4dmjzk8w6/1,https://data.mendeley.com/datasets/b4dmjzk8w6/1
"2,3-Dihydrofuran",1191-99-7,O1CCC=C1,,17.3,6.0,6.9,70.1,55.0,0.931,75.29538131041889,ether,H225,mendeley,https://data.mendeley.com/datasets/b4dmjzk8w6/1,https://data.mendeley.com/datasets/b4dmjzk8w6/1,https://data.mendeley.com/datasets/b4dmjzk8w6/1
"2,3-Dimethyl-1-Butene",563-78-0,,C6H12,14.9,1.2,2.8,84.2,,,125.2,other,,hansen_a1,https://hansen-solubility.com (Hansen Handbook Appendix Table A.1),https://pubchem.ncbi.nlm.nih.gov/compound/11249,
"2,3-Dimethylfuran",14920-89-9,O(C=C1)C(C)=C1C,,17.1,4.5,4.7,96.1,101.0,0.91,105.60439560439559,ether,H225-H302+H312+H332-H315-H317-H319-H335,mendeley,https://data.mendeley.com/datasets/b4dmjzk8w6/1,https://data.mendeley.com/datasets/b4dmjzk8w6/1,https://data.mendeley.com/datasets/b4dmjzk8w6/1
"2,4,5-Trichlorothiophenol",3773-14-6,Sc1cc(Cl)c(Cl)cc1Cl,C6H3Cl3S,21.0,4.5,9.1,213.5,,,,alcohol,,pang2024,https://github.com/jiayunpang/hsp_embedding,https://pubchem.ncbi.nlm.nih.gov/compound/19597,
"2,4,6-Tribromo Phenol",118-79-6,Oc1c(Br)cc(Br)cc1Br,C6H3Br3O,20.6,10.2,14.1,330.8,286,,129.7,alcohol,,pang2024,https://github.com/jiayunpang/hsp_embedding,https://pubchem.ncbi.nlm.nih.gov/compound/1483,https://pubchem.ncbi.nlm.nih.gov/compound/1483
"2,4,6-Trichloroanisol",87-40-1,COc1c(Cl)cc(Cl)cc1Cl,C7H5Cl3O,21.0,3.9,7.0,211.5,241.0,,,halogenated,,pang2024,https://github.com/jiayunpang/hsp_embedding,https://pubchem.ncbi.nlm.nih.gov/compound/6884,https://pubchem.ncbi.nlm.nih.gov/compound/6884
"2,4,6-Trichlorophenol",88-06-2,Oc1c(Cl)cc(Cl)cc1Cl,C6H3Cl3O,20.3,5.1,10.8,197.4,246.1,,132.5,alcohol,,pang2024,https://github.com/jiayunpang/hsp_embedding,https://pubchem.ncbi.nlm.nih.gov/compound/6914,https://pubchem.ncbi.nlm.nih.gov/compound/6914
"2,4-Dichloro-3-Fluoronitrobenzene",393-79-3,[O-][N+](=O)c1ccc(Cl)c(F)c1Cl,C6H2Cl2FNO2,19.9,7.2,4.2,210.0,,,,nitro,,pang2024,https://github.com/jiayunpang/hsp_embedding,https://pubchem.ncbi.nlm.nih.gov/compound/223081,
"2,4-Dichloro-5-Nitrobenzotrifluoride",400-70-4,[O-][N+](=O)c1cc(c(Cl)cc1Cl)C(F)(F)F,C7H2Cl2F3NO2,19.9,7.6,3.7,260.0,,,,halogenated,,pang2024,https://github.com/jiayunpang/hsp_embedding,https://pubchem.ncbi.nlm.nih.gov/compound/621179,
"2,4-Dichloroaniline",554-00-7,Nc1ccc(Cl)cc1Cl,C6H5Cl2N,20.9,6.2,10.0,162.0,245.0,,,amine,,pang2024,https://github.com/jiayunpang/hsp_embedding,https://pubchem.ncbi.nlm.nih.gov/compound/11123,https://pubchem.ncbi.nlm.nih.gov/compound/11123
"2,4-Dichlorobenzaldehyde",874-42-0,Clc1ccc(C=O)c(Cl)c1,C7H4Cl2O,19.7,8.8,5.4,175.0,232.8,,,halogenated,,pang2024,https://github.com/jiayunpang/hsp_embedding,https://pubchem.ncbi.nlm.nih.gov/compound/13404,https://pubchem.ncbi.nlm.nih.gov/compound/13404
"2,4-Dichloronitrobenzene",611-06-3,[O-][N+](=O)c1ccc(Cl)cc1Cl,C6H3Cl2NO2,20.4,8.7,4.2,192.0,257.8,,,nitro,,pang2024,https://github.com/jiayunpang/hsp_embedding,https://pubchem.ncbi.nlm.nih.gov/compound/11899,https://pubchem.ncbi.nlm.nih.gov/compound/11899
"2,4-Dichlorophenol",120-83-2,Oc1ccc(Cl)cc1Cl,C6H4Cl2O,20.0,7.2,13.1,163.0,210.0,,119.0,alcohol,,pang2024,https://github.com/jiayunpang/hsp_embedding,https://pubchem.ncbi.nlm.nih.gov/compound/8449,https://pubchem.ncbi.nlm.nih.gov/compound/8449
"2,4-Difluoronitrobenzene",446-35-5,[O-][N+](=O)c1ccc(F)cc1F,C6H3F2NO2,19.4,11.0,3.7,159.1,,,,nitro,,pang2024,https://github.com/jiayunpang/hsp_embedding,https://pubchem.ncbi.nlm.nih.gov/compound/67967,
"2,4-Dimethylaniline",95-68-1,Cc1ccc(N)c(C)c1,C8H11N,19.2,5.2,8.7,121.2,213.9,,,amine,,pang2024,https://github.com/jiayunpang/hsp_embedding,https://pubchem.ncbi.nlm.nih.gov/compound/7250,https://pubchem.ncbi.nlm.nih.gov/compound/7250
"2,4-Dimethylpyrrole",625-82-1,CC1=CNC(C)=C1,,18.23,6.52,7.56,95.1,167.0,0.924,102.92207792207792,heterocyclic,H315-H319-H335,mendeley,https://data.mendeley.com/datasets/b4dmjzk8w6/1,https://data.mendeley.com/datasets/b4dmjzk8w6/1,https://data.mendeley.com/datasets/b4dmjzk8w6/1
"2,4-Dinitrotoluene",121-14-2,Cc1ccc(cc1[N+]([O-])=O)[N+]([O-])=O,C7H6N2O4,20.0,13.1,4.9,182.1,300.0,,,nitro,,pang2024,https://github.com/jiayunpang/hsp_embedding,https://pubchem.ncbi.nlm.nih.gov/compound/8461,https://pubchem.ncbi.nlm.nih.gov/compound/8461
"2,4-Pentanedione",123-54-6,CC(=O)CC(=O)C,,17.1,9.0,4.1,100.12,138.0,,103.1,hydrocarbon,,solvpred,https://github.com/xueannafang/hsp_toolkit_solv_pred_v_2.0,https://github.com/xueannafang/hsp_toolkit_solv_pred_v_2.0,https://github.com/xueannafang/hsp_toolkit_solv_pred_v_2.0
"2,5-Dichlorobenzotrifluoride",320-50-3,FC(F)(F)c1cc(Cl)ccc1Cl,C7H3Cl2F3,20.0,4.7,2.4,215.0,,,,halogenated,,pang2024,https://github.com/jiayunpang/hsp_embedding,https://pubchem.ncbi.nlm.nih.gov/compound/35360,
"2,5-Dichlorophenol",583-78-8,Oc1cc(Cl)ccc1Cl,C6H4Cl2O,20.0,6.3,12.1,163.0,211.1,,119.0,alcohol,,pang2024,https://github.com/jiayunpang/hsp_embedding,https://pubchem.ncbi.nlm.nih.gov/compound/66,https://pubchem.ncbi.nlm.nih.gov/compound/66
"2,5-Diethoxy Tetrahydrofuran",3320-90-9,CCOC1CCC(OCC)O1,C8H16O3,16.6,6.4,7.3,160.2,,,,ether,,pang2024,https://github.com/jiayunpang/hsp_embedding,https://pubchem.ncbi.nlm.nih.gov/compound/95500,
"2,5-Dimethoxytetrahydrofuran",696-59-3,COC1CCC(OC)O1,C6H12O3,16.8,7.2,8.2,132.2,,,,ether,,pang2024,https://github.com/jiayunpang/hsp_embedding,https://pubchem.ncbi.nlm.nih.gov/compound/79098,
"2,5-Dimethyl Pyrrole",625-84-3,Cc1[nH]c(C)cc1,C6H9N,18.3,7.6,6.8,95.1,171.0,,,heterocyclic,,pang2024,https://github.com/jiayunpang/hsp_embedding,https://pubchem.ncbi.nlm.nih.gov/compound/12265,https://pubchem.ncbi.nlm.nih.gov/compound/12265
"2,5-Dimethylfuran",625-86-5,CC1=CC=C(C)O1,,17.1,4.5,4.7,96.1,93.0,0.903,106.42303433001106,ether,H225-H302,mendeley,https://data.mendeley.com/datasets/b4dmjzk8w6/1,https://data.mendeley.com/datasets/b4dmjzk8w6/1,https://data.mendeley.com/datasets/b4dmjzk8w6/1
"2,5-Dimethyltetrahydrofuran",1003-38-9,CC1OC(C)CC1,,16.0,3.8,4.2,100.2,92.0,0.833,120.28811524609844,ether,H226,mendeley,https://data.mendeley.com/datasets/b4dmjzk8w6/1,https://data.mendeley.com/datasets/b4dmjzk8w6/1,https://data.mendeley.com/datasets/b4dmjzk8w6/1
"2,5-Dimethylthiophene",638-02-8,CC1=CC=C(C)S1,,18.0,3.0,5.3,112.19,136.5,0.984,114.01422764227642,heterocyclic,H226,mendeley,https://data.mendeley.com/datasets/b4dmjzk8w6/1,https://data.mendeley.com/datasets/b4dmjzk8w6/1,https://data.mendeley.com/datasets/b4dmjzk8w6/1
"2,6-Dichloro-7-Methyl Purine",2273-93-0,Cn1cnc2nc(Cl)nc(Cl)c12,C6H4Cl2N4,20.5,11.7,14.2,203.0,,,,halogenated,,pang2024,https://github.com/jiayunpang/hsp_embedding,https://pubchem.ncbi.nlm.nih.gov/compound/75281,
"2,6-Dichloroanisole",1984-65-2,COc1c(Cl)cccc1Cl,C7H6Cl2O,19.8,8.4,6.5,177.0,,,,ether,,pang2024,https://github.com/jiayunpang/hsp_embedding,https://pubchem.ncbi.nlm.nih.gov/compound/16127,
"2,6-Dichlorophenol",87-65-0,Oc1c(Cl)cccc1Cl,C6H4Cl2O,20.1,7.5,10.9,163.0,220.0,,119.0,alcohol,,pang2024,https://github.com/jiayunpang/hsp_embedding,https://pubchem.ncbi.nlm.nih.gov/compound/6899,https://pubchem.ncbi.nlm.nih.gov/compound/6899
"2,6-Difluorobenzonitrile",1897-52-5,Fc1cccc(F)c1C#N,C7H3F2N,18.8,11.2,3.2,139.1,,,,nitrile,,pang2024,https://github.com/jiayunpang/hsp_embedding,https://pubchem.ncbi.nlm.nih.gov/compound/74695,
"2,6-Dimethoxy Phenol",91-10-1,COc1cccc(OC)c1O,C8H10O3,19.3,7.6,13.7,154.2,261.0,,136.4,alcohol,,pang2024,https://github.com/jiayunpang/hsp_embedding,https://pubchem.ncbi.nlm.nih.gov/compound/7041,https://pubchem.ncbi.nlm.nih.gov/compound/7041
"2,6-Dimethyl Phenol",576-26-1,Cc1cccc(C)c1O,C8H10O,19.1,4.9,12.9,122.2,202.8,,116.3,alcohol,,pang2024,https://github.com/jiayunpang/hsp_embedding,https://pubchem.ncbi.nlm.nih.gov/compound/11335,https://pubchem.ncbi.nlm.nih.gov/compound/11335
"2,6-Dimethyl-5-Heptenal",106-72-9,CC(CCC=C(C)C)C=O,,16.3,5.3,4.3,140.2,198.0,0.86,163.02325581395348,other,H315-H319-H335,mendeley,https://data.mendeley.com/datasets/b4dmjzk8w6/1,https://data.mendeley.com/datasets/b4dmjzk8w6/1,https://data.mendeley.com/datasets/b4dmjzk8w6/1
"2,6-Dimethylthiophenol",118-72-9,S-c(c(cc1)C)c(c1)C,,19.5,3.1,4.5,138.2,223.0,1.03,134.17475728155338,alcohol,H315-H319-H335,mendeley,https://data.mendeley.com/datasets/b4dmjzk8w6/1,https://data.mendeley.com/datasets/b4dmjzk8w6/1,https://data.mendeley.com/datasets/b4dmjzk8w6/1
"2,6Dimethyl4Heptanone",,,,16.0,3.7,4.1,,,,177.1,other,,wolfram,https://datarepository.wolframcloud.com/resources/JoshuaSchrier_Hansen-Solubility-Parameters/,,
2-(2-butoxyethoxy)ethanol,112-34-5,CCCCOCCOCCO,C8H18O3,16.0,5.0,6.0,162.2,231.1,,,alcohol,,pang2024,https://github.com/jiayunpang/hsp_embedding,https://pubchem.ncbi.nlm.nih.gov/compound/8177,https://pubchem.ncbi.nlm.nih.gov/compound/8177
2-(Chloromethyl)tetrahydro-2H-pyran,18420-41-2,C1CCOC(C1)CCl,,17.3,5.6,4.6,134.6,181.0,1.075,125.20930232558139,halogenated,H226-H315-H319-H335,mendeley,https://data.mendeley.com/datasets/b4dmjzk8w6/1,https://data.mendeley.com/datasets/b4dmjzk8w6/1,https://data.mendeley.com/datasets/b4dmjzk8w6/1
2-(Diethylamino) ethanol,100-37-8,CCN(CC)CCO,,14.9,5.8,12.0,117.19,163.0,,133.2,alcohol,,solvpred,https://github.com/xueannafang/hsp_toolkit_solv_pred_v_2.0,https://github.com/xueannafang/hsp_toolkit_solv_pred_v_2.0,https://github.com/xueannafang/hsp_toolkit_solv_pred_v_2.0
2-Acetyl Pyridine,1122-62-9,CC(=O)C1=CC=CC=N1,,19.17,10.12,6.26,121.1,188.0,1.08,112.12962962962962,amine,H226-H315-H319-H335,mendeley,https://data.mendeley.com/datasets/b4dmjzk8w6/1,https://data.mendeley.com/datasets/b4dmjzk8w6/1,https://data.mendeley.com/datasets/b4dmjzk8w6/1
2-Acetyl Thiophene,88-15-3,CC(=O)c1sccc1,C6H6OS,19.1,12.2,9.3,126.2,213.0,,,heterocyclic,,pang2024,https://github.com/jiayunpang/hsp_embedding,https://pubchem.ncbi.nlm.nih.gov/compound/6920,https://pubchem.ncbi.nlm.nih.gov/compound/6920
2-Acetyl-1-Methyl Pyrrole,932-16-1,CC(=O)C1=CC=CN1C,,18.4,8.2,4.9,123.2,202.0,0.985,125.0761421319797,heterocyclic,,mendeley,https://data.mendeley.com/datasets/b4dmjzk8w6/1,https://data.mendeley.com/datasets/b4dmjzk8w6/1,https://data.mendeley.com/datasets/b4dmjzk8w6/1
2-Acetyl-5-Methyl Furan,1193-79-9,CC1=CC=C(O1)C(=O)C,,17.9,8.3,5.4,124.14,220.0,1.066,116.45403377110694,ether,H227-H302,mendeley,https://data.mendeley.com/datasets/b4dmjzk8w6/1,https://data.mendeley.com/datasets/b4dmjzk8w6/1,https://data.mendeley.com/datasets/b4dmjzk8w6/1
2-Amino Pyridine,504-29-0,Nc1ccccn1,C5H6N2,20.4,8.1,12.2,94.1,210.0,,94.1,amine,,pang2024,https://github.com/jiayunpang/hsp_embedding,https://pubchem.ncbi.nlm.nih.gov/compound/10439,https://pubchem.ncbi.nlm.nih.gov/compound/10439
2-Bromo Allyl Alcohol,598-19-6,OCC(Br)=C,C3H5BrO,17.1,9.9,16.2,137.0,,,84.5,alcohol,,pang2024,https://github.com/jiayunpang/hsp_embedding,https://pubchem.ncbi.nlm.nih.gov/compound/446627,
2-Bromo Propene,557-93-7,BrC(C)=C,,16.1,6.0,4.9,120.98,48.4,1.362,88.82525697503671,halogenated,H225-H315-H319-H335,mendeley,https://data.mendeley.com/datasets/b4dmjzk8w6/1,https://data.mendeley.com/datasets/b4dmjzk8w6/1,https://data.mendeley.com/datasets/b4dmjzk8w6/1
"2-Bromo-1,3-butadiene",1822-86-2,BrC(=C)C=C,C4H5Br,16.9,6.4,4.7,133.0,,,,halogenated,,pang2024,https://github.com/jiayunpang/hsp_embedding,https://pubchem.ncbi.nlm.nih.gov/compound/12302090,
2-Bromobutane,78-76-2,CCC(C)Br,C4H9Br,16.3,7.7,4.4,137.0,91.4,,109.5,halogenated,,pang2024,https://github.com/jiayunpang/hsp_embedding,https://pubchem.ncbi.nlm.nih.gov/compound/6554,https://pubchem.ncbi.nlm.nih.gov/compound/6554
2-Bromopropane,75-26-3,CC(Br)C,,15.5,8.3,4.7,122.99,60.0,1.31,93.8854961832061,halogenated,EUH066-H225-H360F-H373,mendeley,https://data.mendeley.com/datasets/b4dmjzk8w6/1,https://data.mendeley.com/datasets/b4dmjzk8w6/1,https://data.mendeley.com/datasets/b4dmjzk8w6/1
2-Bromothiophene,1003-09-4,Brc1sccc1,C4H3BrS,20.1,5.2,4.6,163.0,,,96.8,halogenated,,pang2024,https://github.com/jiayunpang/hsp_embedding,https://pubchem.ncbi.nlm.nih.gov/compound/13851,
2-Butanol,78-92-2,CC(O)CC,C4H10O,15.8,5.7,14.5,74.12,100,0.808,92.0,alcohol,H226-H319-H335-H336,handbook,https://hansen-solubility.com (Hansen Handbook 2007),https://hansen-solubility.com (Hansen Handbook 2007),https://hansen-solubility.com (Hansen Handbook 2007)
"2-Butanone, 3-Hydroxy-",513-86-0,CC(C(O)C)=O,,17.2,10.6,14.6,88.1,148.0,1.0,88.1,other,H226-H315-H319,mendeley,https://data.mendeley.com/datasets/b4dmjzk8w6/1,https://data.mendeley.com/datasets/b4dmjzk8w6/1,https://data.mendeley.com/datasets/b4dmjzk8w6/1
2-Butene,107-01-7,CC=CC,C4H8,14.7,1.3,4.1,56.1,3.7,,90.3,hydrocarbon,,pang2024,https://github.com/jiayunpang/hsp_embedding,https://pubchem.ncbi.nlm.nih.gov/compound/12220,https://pubchem.ncbi.nlm.nih.gov/compound/12220
2-Butenyl Methyl Ether,10034-14-7,COCC=CC,C5H10O,15.2,3.4,5.0,86.1,,,,ether,,pang2024,https://github.com/jiayunpang/hsp_embedding,https://pubchem.ncbi.nlm.nih.gov/compound/551174,
2-Butoxyethanol,111-76-2,CCCCOCCO,C6H14O2,16.0,5.1,12.3,118.2,171,0.902,131.6,glycol ether,,handbook,https://hansen-solubility.com (Hansen Handbook 2007),https://hansen-solubility.com (Hansen Handbook 2007),https://hansen-solubility.com (Hansen Handbook 2007)
2-Butyl Octanol,3913-02-8,,C12H26O,16.1,3.6,9.3,186.3,149.0,,224.2,alcohol,,hansen_a1,https://hansen-solubility.com (Hansen Handbook Appendix Table A.1),https://pubchem.ncbi.nlm.nih.gov/compound/19800,https://pubchem.ncbi.nlm.nih.gov/compound/19800
2-Butynedinitrile,1071-98-3,N#CC#CC#N,C4N2,15.2,16.2,8.0,76.1,,,78.4,nitrile,,pang2024,https://github.com/jiayunpang/hsp_embedding,https://pubchem.ncbi.nlm.nih.gov/compound/14068,
2-Chloro Allyl Alcohol,5976-47-6,OCC(Cl)=C,C3H5ClO,17.1,10.2,16.4,92.5,,,79.6,alcohol,,pang2024,https://github.com/jiayunpang/hsp_embedding,https://pubchem.ncbi.nlm.nih.gov/compound/80076,
2-Chloro Propene,557-98-2,CC(Cl)=C,C3H5Cl,15.5,6.7,2.2,76.5,22.6,,,halogenated,,pang2024,https://github.com/jiayunpang/hsp_embedding,https://pubchem.ncbi.nlm.nih.gov/compound/11203,https://pubchem.ncbi.nlm.nih.gov/compound/11203
2-Chloro-2-Methyl Propane,507-20-0,Cl[C@](C)(C)C,,15.6,7.6,2.0,92.57,50.5,0.846,109.4208037825059,halogenated,H225,mendeley,https://data.mendeley.com/datasets/b4dmjzk8w6/1,https://data.mendeley.com/datasets/b4dmjzk8w6/1,https://data.mendeley.com/datasets/b4dmjzk8w6/1
2-Chloro-4-Methylaniline,615-65-6,Cc1ccc(N)c(Cl)c1,C7H8ClN,19.7,7.4,8.9,141.6,219.0,,,amine,,pang2024,https://github.com/jiayunpang/hsp_embedding,https://pubchem.ncbi.nlm.nih.gov/compound/12007,https://pubchem.ncbi.nlm.nih.gov/compound/12007
2-Chloro-5-Methyl Phenol,615-74-7,Cc1ccc(Cl)c(O)c1,C7H7ClO,19.0,7.7,13.1,142.6,196.0,,,alcohol,,pang2024,https://github.com/jiayunpang/hsp_embedding,https://pubchem.ncbi.nlm.nih.gov/compound/12008,https://pubchem.ncbi.nlm.nih.gov/compound/12008
2-Chloro-p-xylene,95-72-7,CC1=CC(=C(C=C1)C)Cl,,18.5,3.7,3.3,140.61,187.0,1.049,134.04194470924693,halogenated,H302-H315-H319,mendeley,https://data.mendeley.com/datasets/b4dmjzk8w6/1,https://data.mendeley.com/datasets/b4dmjzk8w6/1,https://data.mendeley.com/datasets/b4dmjzk8w6/1
2-Chloroacetamide,79-07-2,NC(=O)CCl,C2H4ClNO,17.6,12.4,12.8,93.5,,,93.5,amide,,pang2024,https://github.com/jiayunpang/hsp_embedding,https://pubchem.ncbi.nlm.nih.gov/compound/6580,
2-Chloroallylidene Diacetate,5459-90-5,CC(=O)OC(OC(C)=O)C(Cl)=C,C7H9ClO4,16.7,7.3,8.8,192.6,,,,ester,,pang2024,https://github.com/jiayunpang/hsp_embedding,https://pubchem.ncbi.nlm.nih.gov/compound/79576,
2-Chlorobenzotrichloride,2136-89-2,C1=CC=C(C(=C1)C(Cl)(Cl)Cl)Cl,,19.4,2.6,2.1,229.9,262.0,1.508,152.45358090185675,halogenated,H302-H315-H319-H351,mendeley,https://data.mendeley.com/datasets/b4dmjzk8w6/1,https://data.mendeley.com/datasets/b4dmjzk8w6/1,https://data.mendeley.com/datasets/b4dmjzk8w6/1
2-Chlorobutane,78-86-4,CCC(C)Cl,C4H9Cl,15.8,7.6,2.0,92.6,,,106.8,halogenated,,pang2024,https://github.com/jiayunpang/hsp_embedding,https://pubchem.ncbi.nlm.nih.gov/compound/6563,
2-Chlorocyclohexanone,822-87-7,ClC1CCCCC1=O,C6H9ClO,18.5,13.0,5.1,132.6,,,113.9,ketone,,pang2024,https://github.com/jiayunpang/hsp_embedding,https://pubchem.ncbi.nlm.nih.gov/compound/13203,
2-Chloroethyl Acetate,542-58-5,CC(=O)OCCCl,C4H7ClO2,16.7,9.6,8.8,122.5,,,,ester,,pang2024,https://github.com/jiayunpang/hsp_embedding,https://pubchem.ncbi.nlm.nih.gov/compound/10959,
2-Chloroethyl Benzene,622-24-2,ClCCC1=CC=CC=C1,,19.3,6.3,2.2,140.61,198.0,1.069,131.53414405986905,halogenated,H227-H315-H319-H335-H412-H413,mendeley,https://data.mendeley.com/datasets/b4dmjzk8w6/1,https://data.mendeley.com/datasets/b4dmjzk8w6/1,https://data.mendeley.com/datasets/b4dmjzk8w6/1
2-Chloroethyl Ethyl Ether,628-34-2,CCOCCCl,C4H9ClO,16.3,7.9,4.6,108.6,,,,ether,,pang2024,https://github.com/jiayunpang/hsp_embedding,https://pubchem.ncbi.nlm.nih.gov/compound/12341,
2-Chloroethyl Ethyl Sulfide,693-07-2,CCSCCCl,C4H9ClS,17.2,5.0,6.1,124.6,156.0,,,halogenated,,pang2024,https://github.com/jiayunpang/hsp_embedding,https://pubchem.ncbi.nlm.nih.gov/compound/12733,https://pubchem.ncbi.nlm.nih.gov/compound/12733
2-Chlorophenol,95-57-8,OC1=CC=CC=C1Cl,,19.0,5.5,13.9,128.56,175.0,1.26,102.03174603174604,alcohol,H227-H302+H312+H332-H411,mendeley,https://data.mendeley.com/datasets/b4dmjzk8w6/1,https://data.mendeley.com/datasets/b4dmjzk8w6/1,https://data.mendeley.com/datasets/b4dmjzk8w6/1
2-Chloropropenal,683-51-2,ClC(=C)C=O,C3H3ClO,17.1,12.9,8.1,90.5,,,75.5,halogenated,,pang2024,https://github.com/jiayunpang/hsp_embedding,https://pubchem.ncbi.nlm.nih.gov/compound/560790,
2-Chloropropenoic Acid,598-79-8,OC(=O)C(Cl)=C,C3H3ClO2,19.1,9.4,12.4,106.5,,,86.6,acid,,pang2024,https://github.com/jiayunpang/hsp_embedding,https://pubchem.ncbi.nlm.nih.gov/compound/11735,
2-Chlorothiophene,96-43-5,ClC1=CC=CS1,,19.2,6.2,8.0,118.59,128.0,1.286,92.21617418351478,halogenated,H226-H315-H319-H335 H225-H301+H311+H331,mendeley,https://data.mendeley.com/datasets/b4dmjzk8w6/1,https://data.mendeley.com/datasets/b4dmjzk8w6/1,https://data.mendeley.com/datasets/b4dmjzk8w6/1
2-Cyclopenten-1-One,930-30-3,O=C1C=CCC1,,18.4,9.8,6.2,82.1,150.0,0.98,83.77551020408163,other,H226-H302-H315-H319-H335,mendeley,https://data.mendeley.com/datasets/b4dmjzk8w6/1,https://data.mendeley.com/datasets/b4dmjzk8w6/1,https://data.mendeley.com/datasets/b4dmjzk8w6/1
2-Cyclopentenyl Alcohol,3212-60-0,OC1CCC=C1,C5H8O,18.1,7.6,15.6,84.1,,,86.2,alcohol,,pang2024,https://github.com/jiayunpang/hsp_embedding,https://pubchem.ncbi.nlm.nih.gov/compound/220164,
2-Decanol,1120-06-5,CCCCCCCCC(C)O,C10H22O,15.8,3.9,10.0,158.3,,,192.8,alcohol,,pang2024,https://github.com/jiayunpang/hsp_embedding,https://pubchem.ncbi.nlm.nih.gov/compound/14254,
2-Decanone,693-54-9,CC(CCCCCCCC)=O,,16.1,4.4,3.1,156.3,210.0,0.825,189.45454545454547,other,H227-H411,mendeley,https://data.mendeley.com/datasets/b4dmjzk8w6/1,https://data.mendeley.com/datasets/b4dmjzk8w6/1,https://data.mendeley.com/datasets/b4dmjzk8w6/1
2-Ethoxyethanol,110-80-5,,C4H10O2,16.2,9.2,14.3,90.12,135,0.93,97.8,glycol ether,,handbook,https://hansen-solubility.com (Hansen Handbook 2007),https://hansen-solubility.com (Hansen Handbook 2007),https://hansen-solubility.com (Hansen Handbook 2007)
2-Ethoxythiazole,15679-19-3,CCOC1=NC=CS1,,18.6,7.3,7.9,129.2,160.0,1.151,112.25021720243265,heterocyclic,H226-H315-H319-H335,mendeley,https://data.mendeley.com/datasets/b4dmjzk8w6/1,https://data.mendeley.com/datasets/b4dmjzk8w6/1,https://data.mendeley.com/datasets/b4dmjzk8w6/1
2-Ethyl Croton Aldehyde,,CC\C(=C/C)C=O,,16.1,8.0,5.5,,,,115.2,aldehyde,,pang2024,https://github.com/jiayunpang/hsp_embedding,,
2-Ethyl Fenchol,18368-91-7,CCC1(C(C2CCC1(C2)C)(C)C)O,,17.0,3.4,5.4,182.3,224.0,0.96,189.89583333333334,alcohol,,mendeley,https://data.mendeley.com/datasets/b4dmjzk8w6/1,https://data.mendeley.com/datasets/b4dmjzk8w6/1,https://data.mendeley.com/datasets/b4dmjzk8w6/1
2-Ethyl Hexyl Acetate,103-09-3,O=C(OCC(CC)CCCC)C,,15.8,2.9,5.1,172.27,200.0,0.87,198.01149425287358,ester,H319,mendeley,https://data.mendeley.com/datasets/b4dmjzk8w6/1,https://data.mendeley.com/datasets/b4dmjzk8w6/1,https://data.mendeley.com/datasets/b4dmjzk8w6/1
2-Ethyl Hexyl Phthalate,,CCCCCCOC(=O)c1ccccc1C(=O)OCC,C16H22O4,17.3,6.2,6.8,278.3,,,,ester,,pang2024,https://github.com/jiayunpang/hsp_embedding,https://pubchem.ncbi.nlm.nih.gov/compound/14366674,
"2-Ethyl-1,3-Butadiene",3404-63-5,CCC(=C)C=C,C6H10,15.3,1.6,3.8,82.1,,,115.2,hydrocarbon,,pang2024,https://github.com/jiayunpang/hsp_embedding,https://pubchem.ncbi.nlm.nih.gov/compound/18850,
2-Ethyl-1-butanol,97-95-0,CCC(CC)CO,,15.8,4.3,13.5,102.17,146.27,,123.2,alcohol,,solvpred,https://github.com/xueannafang/hsp_toolkit_solv_pred_v_2.0,https://github.com/xueannafang/hsp_toolkit_solv_pred_v_2.0,https://github.com/xueannafang/hsp_toolkit_solv_pred_v_2.0
2-Ethyl-1-Butene,760-21-4,CCC(=C)CC,C6H12,14.9,1.7,3.5,84.2,,,123.1,hydrocarbon,,pang2024,https://github.com/jiayunpang/hsp_embedding,https://pubchem.ncbi.nlm.nih.gov/compound/12970,
2-Ethyl-1-hexanol,104-76-7,CCCCC(CC)CO,C8H18O,15.9,3.3,11.8,130.2,184,0.834,156.6,alcohol,,handbook,https://hansen-solubility.com (Hansen Handbook 2007),https://hansen-solubility.com (Hansen Handbook 2007),https://hansen-solubility.com (Hansen Handbook 2007)
"2-Ethyl-4,5-Dimethyl Oxazole",53833-30-0,CCC1=NC(=C(O1)C)C,,16.49,5.83,4.19,125.2,140.0,1.0,125.2,heterocyclic,H226,mendeley,https://data.mendeley.com/datasets/b4dmjzk8w6/1,https://data.mendeley.com/datasets/b4dmjzk8w6/1,https://data.mendeley.com/datasets/b4dmjzk8w6/1
"2-Ethyl-4-methyl-1,3-dioxolane",4359-46-0,CCC1OCC(O1)C,,16.1,5.3,5.0,116.16,117.0,0.904,128.49557522123894,ether,H226,mendeley,https://data.mendeley.com/datasets/b4dmjzk8w6/1,https://data.mendeley.com/datasets/b4dmjzk8w6/1,https://data.mendeley.com/datasets/b4dmjzk8w6/1
2-Ethyl-Hexanol,104-76-7,CCCCC(CC)CO,C8H18O,15.9,3.3,11.8,130.2,185.0,,,alcohol,,pang2024,https://github.com/jiayunpang/hsp_embedding,https://pubchem.ncbi.nlm.nih.gov/compound/7720,https://pubchem.ncbi.nlm.nih.gov/compound/7720
2-Ethylfuran,3208-16-0,CCC1=CC=CO1,,17.0,4.7,4.9,96.1,93.0,0.912,105.37280701754385,ether,H225-H301-H330,mendeley,https://data.mendeley.com/datasets/b4dmjzk8w6/1,https://data.mendeley.com/datasets/b4dmjzk8w6/1,https://data.mendeley.com/datasets/b4dmjzk8w6/1
2-Ethylhexyl Amine,104-75-6,CCCCC(CC)CN,C8H19N,15.7,4.2,6.1,129.2,169.2,,163.3,amine,,pang2024,https://github.com/jiayunpang/hsp_embedding,https://pubchem.ncbi.nlm.nih.gov/compound/7719,https://pubchem.ncbi.nlm.nih.gov/compound/7719
2-Ethylpyridine,100-71-0,CCC1=CC=CC=N1,,18.0,5.8,5.1,107.2,150.0,0.926,115.76673866090712,amine,H226-H315-H319-H335,mendeley,https://data.mendeley.com/datasets/b4dmjzk8w6/1,https://data.mendeley.com/datasets/b4dmjzk8w6/1,https://data.mendeley.com/datasets/b4dmjzk8w6/1
2-Ethylpyrrole,1551-06-0,CCC1=CC=CN1,,18.2,6.8,7.8,95.14,165.0,0.929,102.41119483315393,heterocyclic,H315-H319-H335,mendeley,https://data.mendeley.com/datasets/b4dmjzk8w6/1,https://data.mendeley.com/datasets/b4dmjzk8w6/1,https://data.mendeley.com/datasets/b4dmjzk8w6/1
2-Ethylthiophene,872-55-9,CCC1=CC=CS1,,18.0,3.2,5.5,112.2,134.0,0.99,113.33333333333334,heterocyclic,H225-H315-H319-H335,mendeley,https://data.mendeley.com/datasets/b4dmjzk8w6/1,https://data.mendeley.com/datasets/b4dmjzk8w6/1,https://data.mendeley.com/datasets/b4dmjzk8w6/1
2-Formyl Pyrrole,1003-29-8,C1=CNC(=C1)C=O,,19.81,14.07,11.44,95.1,219.0,1.13,84.15929203539824,heterocyclic,H315-H319-H335,mendeley,https://data.mendeley.com/datasets/b4dmjzk8w6/1,https://data.mendeley.com/datasets/b4dmjzk8w6/1,https://data.mendeley.com/datasets/b4dmjzk8w6/1
2-Furfuryl Acetate,623-17-6,O1C=CC=C1COC(C)=O,,17.5,6.5,7.5,140.1,175.0,1.1175,125.36912751677852,ester,H227-H315-H319-H335,mendeley,https://data.mendeley.com/datasets/b4dmjzk8w6/1,https://data.mendeley.com/datasets/b4dmjzk8w6/1,https://data.mendeley.com/datasets/b4dmjzk8w6/1
2-Furonitrile,617-90-3,N#Cc1occc1,C5H3NO,18.4,15.0,8.2,93.1,,,87.5,nitrile,,pang2024,https://github.com/jiayunpang/hsp_embedding,https://pubchem.ncbi.nlm.nih.gov/compound/69245,
2-Heptanol,543-49-7,CCCCCC(O)C,,15.7,5.4,11.7,116.2,162.0,0.817,142.2276621787026,alcohol,H226-H312-H315-H319,mendeley,https://data.mendeley.com/datasets/b4dmjzk8w6/1,https://data.mendeley.com/datasets/b4dmjzk8w6/1,https://data.mendeley.com/datasets/b4dmjzk8w6/1
2-Heptyne,1119-65-9,CC#CCCCC,,15.7,3.6,3.4,96.2,113.0,0.722,133.2409972299169,hydrocarbon,H225-H315-H319-H335,mendeley,https://data.mendeley.com/datasets/b4dmjzk8w6/1,https://data.mendeley.com/datasets/b4dmjzk8w6/1,https://data.mendeley.com/datasets/b4dmjzk8w6/1
2-Hexanol,626-93-7,CC(O)CCCC,,16.0,4.7,10.8,102.2,139.0,0.8,127.75,alcohol,H226-H315-H319-H335,mendeley,https://data.mendeley.com/datasets/b4dmjzk8w6/1,https://data.mendeley.com/datasets/b4dmjzk8w6/1,https://data.mendeley.com/datasets/b4dmjzk8w6/1
2-Hexyne,764-35-2,CC#CCCC,,15.6,3.9,3.4,82.1,86.0,0.708,115.96045197740114,hydrocarbon,H225,mendeley,https://data.mendeley.com/datasets/b4dmjzk8w6/1,https://data.mendeley.com/datasets/b4dmjzk8w6/1,https://data.mendeley.com/datasets/b4dmjzk8w6/1
"2-Iodo-1,3-butadiene",,IC(=C)C=C,C4H5I,19.9,5.6,6.1,180.0,,,,halogenated,,pang2024,https://github.com/jiayunpang/hsp_embedding,https://pubchem.ncbi.nlm.nih.gov/compound/12304722,
2-Iodopropane,75-30-9,CC(I)C,,17.1,3.5,3.0,170.0,90.0,1.703,99.82384028185554,halogenated,H226-H315-H319-H335,mendeley,https://data.mendeley.com/datasets/b4dmjzk8w6/1,https://data.mendeley.com/datasets/b4dmjzk8w6/1,https://data.mendeley.com/datasets/b4dmjzk8w6/1
2-Isopropylanisole,2944-47-0,CC(C)C1=CC=CC=C1OC,,17.5,3.7,3.6,150.22,200.0,0.936,160.49145299145297,ether,,mendeley,https://data.mendeley.com/datasets/b4dmjzk8w6/1,https://data.mendeley.com/datasets/b4dmjzk8w6/1,https://data.mendeley.com/datasets/b4dmjzk8w6/1
2-Methoxy Tetrahydropyrane,6581-66-4,COC1OCCCC1,,17.2,6.6,6.0,116.16,129.0,0.963,120.62305295950156,ether,H226,mendeley,https://data.mendeley.com/datasets/b4dmjzk8w6/1,https://data.mendeley.com/datasets/b4dmjzk8w6/1,https://data.mendeley.com/datasets/b4dmjzk8w6/1
"2-Methoxy-1,3-dioxolane",19693-75-5,COC1OCCO1,,17.8,8.4,7.7,104.1,130.0,1.092,95.32967032967032,ether,H226,mendeley,https://data.mendeley.com/datasets/b4dmjzk8w6/1,https://data.mendeley.com/datasets/b4dmjzk8w6/1,https://data.mendeley.com/datasets/b4dmjzk8w6/1
2-Methoxyethanol,109-86-4,COCCO,C3H8O2,16.2,9.2,16.4,76.09,124,0.965,79.1,glycol ether,H226-H302 + H312 + H332-H360FD-H370-H373,handbook,https://hansen-solubility.com (Hansen Handbook 2007),https://hansen-solubility.com (Hansen Handbook 2007),https://hansen-solubility.com (Hansen Handbook 2007)
2-Methoxyfuran,25414-22-6,COC1=CC=CO1,,17.8,7.4,7.5,98.1,110.0,1.065,92.11267605633803,ether,H225,mendeley,https://data.mendeley.com/datasets/b4dmjzk8w6/1,https://data.mendeley.com/datasets/b4dmjzk8w6/1,https://data.mendeley.com/datasets/b4dmjzk8w6/1
2-Methyl,,,,16.8,5.2,12.4,,,,83.9,other,,hansen_a1,https://hansen-solubility.com (Hansen Handbook Appendix Table A.1),,
2-Methyl 5-(Methyl Thio) Furan,13678-59-6,CC1=CC=C(O1)SC,,18.8,5.9,5.0,128.19,172.0,1.063,120.59266227657574,ether,H226,mendeley,https://data.mendeley.com/datasets/b4dmjzk8w6/1,https://data.mendeley.com/datasets/b4dmjzk8w6/1,https://data.mendeley.com/datasets/b4dmjzk8w6/1
2-Methyl Benzothiazole,120-75-2,CC1=NC2=CC=CC=C2S1,,19.8,5.6,5.6,149.2,238.0,1.173,127.19522591645352,heterocyclic,H302,mendeley,https://data.mendeley.com/datasets/b4dmjzk8w6/1,https://data.mendeley.com/datasets/b4dmjzk8w6/1,https://data.mendeley.com/datasets/b4dmjzk8w6/1
2-Methyl Cyclohexanol,583-59-5,CC1CCCCC1O,C7H14O,17.1,6.5,12.5,114.2,166.0,,124.1,alcohol,,pang2024,https://github.com/jiayunpang/hsp_embedding,https://pubchem.ncbi.nlm.nih.gov/compound/11418,https://pubchem.ncbi.nlm.nih.gov/compound/11418
2-Methyl Cyclohexanone,583-60-8,CC1CCCCC1=O,C7H12O,17.6,7.8,4.7,112.2,165.0,,,ketone,,pang2024,https://github.com/jiayunpang/hsp_embedding,https://pubchem.ncbi.nlm.nih.gov/compound/11419,https://pubchem.ncbi.nlm.nih.gov/compound/11419
2-Methyl Pyrazine,109-08-0,Cc1cnccn1,C5H6N2,18.3,12.3,10.5,94.1,135.0,,91.4,aromatic,,pang2024,https://github.com/jiayunpang/hsp_embedding,https://pubchem.ncbi.nlm.nih.gov/compound/7976,https://pubchem.ncbi.nlm.nih.gov/compound/7976
"2-Methyl-1,3-Dioxolane",497-26-7,CC1OCCO1,,17.3,4.8,5.8,88.11,83.0,0.982,89.72505091649694,ether,H226-H319,mendeley,https://data.mendeley.com/datasets/b4dmjzk8w6/1,https://data.mendeley.com/datasets/b4dmjzk8w6/1,https://data.mendeley.com/datasets/b4dmjzk8w6/1
2-Methyl-1-Butanol,137-32-6,CCC(C)CO,C5H12O,16.0,5.1,14.3,88.2,128.0,,109.5,alcohol,,pang2024,https://github.com/jiayunpang/hsp_embedding,https://pubchem.ncbi.nlm.nih.gov/compound/8723,https://pubchem.ncbi.nlm.nih.gov/compound/8723
2-Methyl-1-Butene,563-46-2,CCC(C)=C,C5H10,14.5,1.8,1.3,70.1,31.2,,108.7,hydrocarbon,,pang2024,https://github.com/jiayunpang/hsp_embedding,https://pubchem.ncbi.nlm.nih.gov/compound/11240,https://pubchem.ncbi.nlm.nih.gov/compound/11240
2-Methyl-1-Chloro Acrolein,920-46-7,CC(=C)C(Cl)=O,C4H5ClO,17.1,10.6,7.3,104.5,96.1,,91.7,halogenated,,pang2024,https://github.com/jiayunpang/hsp_embedding,https://pubchem.ncbi.nlm.nih.gov/compound/13528,https://pubchem.ncbi.nlm.nih.gov/compound/13528
2-Methyl-1-Pentanol,105-30-6,CCCC(C)CO,C6H14O,15.8,4.9,13.5,102.2,148.0,,124.0,alcohol,,pang2024,https://github.com/jiayunpang/hsp_embedding,https://pubchem.ncbi.nlm.nih.gov/compound/7745,https://pubchem.ncbi.nlm.nih.gov/compound/7745
2-Methyl-1-propanol(repeated),78-83-1,CC(C)CO,,15.1,5.7,15.9,74.12,108.0,,92.8,alcohol,,solvpred,https://github.com/xueannafang/hsp_toolkit_solv_pred_v_2.0,https://github.com/xueannafang/hsp_toolkit_solv_pred_v_2.0,https://github.com/xueannafang/hsp_toolkit_solv_pred_v_2.0
2-Methyl-1-pyrroline,872-32-2,CC1=NCCC1,,16.6,7.9,3.7,83.13,105.0,0.878,94.68109339407744,other,H225-H315-H319-H335,mendeley,https://data.mendeley.com/datasets/b4dmjzk8w6/1,https://data.mendeley.com/datasets/b4dmjzk8w6/1,https://data.mendeley.com/datasets/b4dmjzk8w6/1
2-Methyl-2-Butanol,75-85-4,CCC(C)(C)O,C5H12O,15.3,6.1,13.3,88.2,102.4,,109.6,alcohol,,pang2024,https://github.com/jiayunpang/hsp_embedding,https://pubchem.ncbi.nlm.nih.gov/compound/6405,https://pubchem.ncbi.nlm.nih.gov/compound/6405
2-Methyl-2-Butene,513-35-9,CC=C(C)C,C5H10,14.7,2.0,2.9,70.1,38.0,,106.7,hydrocarbon,,pang2024,https://github.com/jiayunpang/hsp_embedding,https://pubchem.ncbi.nlm.nih.gov/compound/10553,https://pubchem.ncbi.nlm.nih.gov/compound/10553
2-Methyl-2-Cyclopenten-1-one,1120-73-6,CC1=CCCC1=O,,18.3,8.1,6.1,96.13,160.0,0.979,98.1920326864147,other,H226,mendeley,https://data.mendeley.com/datasets/b4dmjzk8w6/1,https://data.mendeley.com/datasets/b4dmjzk8w6/1,https://data.mendeley.com/datasets/b4dmjzk8w6/1
2-Methyl-3-Tetrahydrofuran Thiol,57124-87-5,CC1C(CCO1)S,,17.4,5.5,6.0,118.2,160.0,1.027,115.09250243427459,ether,H226-H315-H319-H335,mendeley,https://data.mendeley.com/datasets/b4dmjzk8w6/1,https://data.mendeley.com/datasets/b4dmjzk8w6/1,https://data.mendeley.com/datasets/b4dmjzk8w6/1
2-Methylbutanal,96-17-3,CC(C=O)CC,,15.6,7.0,4.9,86.13,92.0,0.804,107.12686567164178,other,H225-H317-H319-H335-H411,mendeley,https://data.mendeley.com/datasets/b4dmjzk8w6/1,https://data.mendeley.com/datasets/b4dmjzk8w6/1,https://data.mendeley.com/datasets/b4dmjzk8w6/1
2-Methylfuran,534-22-5,CC1=CC=CO1,,17.3,2.8,7.4,82.1,65.0,0.91,90.2197802197802,ether,H225-H301+H311+H331,mendeley,https://data.mendeley.com/datasets/b4dmjzk8w6/1,https://data.mendeley.com/datasets/b4dmjzk8w6/1,https://data.mendeley.com/datasets/b4dmjzk8w6/1
2-Methyltetrahydrofuran,96-47-9,CC1CCCO1,,16.9,5.0,4.3,86.13,80,0.855,101.3,ether,H225,handbook,https://hansen-solubility.com (Hansen Handbook 2007),https://hansen-solubility.com (Hansen Handbook 2007),https://hansen-solubility.com (Hansen Handbook 2007)
2-Methylthiophene,554-14-3,CC1=CC=CS1,,18.4,3.5,6.0,98.2,113.0,1.014,96.84418145956607,heterocyclic,H225-H315-H319-H332-H335,mendeley,https://data.mendeley.com/datasets/b4dmjzk8w6/1,https://data.mendeley.com/datasets/b4dmjzk8w6/1,https://data.mendeley.com/datasets/b4dmjzk8w6/1
2-Nitro-1-Propanol,2902-96-7,CC(CO)[N+]([O-])=O,C3H7NO3,16.1,13.7,15.4,105.1,,,88.8,alcohol,,pang2024,https://github.com/jiayunpang/hsp_embedding,https://pubchem.ncbi.nlm.nih.gov/compound/92187,
2-Nitropropane,79-46-9,CC(C)[N+](=O)[O-],,16.2,12.1,4.1,89.09,120,0.992,90.5,nitro,,handbook,https://hansen-solubility.com (Hansen Handbook 2007),https://hansen-solubility.com (Hansen Handbook 2007),https://hansen-solubility.com (Hansen Handbook 2007)
2-Nitrothiophene,609-40-5,[O-][N+](=O)c1sccc1,C4H3NO2S,19.7,16.2,8.2,129.1,,,94.6,heterocyclic,,pang2024,https://github.com/jiayunpang/hsp_embedding,https://pubchem.ncbi.nlm.nih.gov/compound/11866,
2-Nonanol,628-99-9,CC(O)CCCCCCC,,16.1,4.2,8.2,144.26,197.0,0.825,174.86060606060605,alcohol,H227-H315-H319,mendeley,https://data.mendeley.com/datasets/b4dmjzk8w6/1,https://data.mendeley.com/datasets/b4dmjzk8w6/1,https://data.mendeley.com/datasets/b4dmjzk8w6/1
2-Nonanone,821-55-6,CC(CCCCCCC)=O,,16.1,5.1,3.5,142.2,195.3,0.832,170.91346153846152,other,H227-H315-H319-H412,mendeley,https://data.mendeley.com/datasets/b4dmjzk8w6/1,https://data.mendeley.com/datasets/b4dmjzk8w6/1,https://data.mendeley.com/datasets/b4dmjzk8w6/1
2-Octanol,123-96-6,CCCCCCC(C)O,,16.1,4.9,11.0,130.23,179.0,,159.1,alcohol,,solvpred,https://github.com/xueannafang/hsp_toolkit_solv_pred_v_2.0,https://github.com/xueannafang/hsp_toolkit_solv_pred_v_2.0,https://github.com/xueannafang/hsp_toolkit_solv_pred_v_2.0
2-Octanone,111-13-7,CC(CCCCCC)=O,,16.1,5.2,3.8,128.2,173.0,0.82,156.34146341463415,other,H226-H312,mendeley,https://data.mendeley.com/datasets/b4dmjzk8w6/1,https://data.mendeley.com/datasets/b4dmjzk8w6/1,https://data.mendeley.com/datasets/b4dmjzk8w6/1
2-Octyne,2809-67-8,CC#CCCCCC,,15.8,3.4,3.4,110.2,138.0,0.74,148.91891891891893,hydrocarbon,H225-H315-H319-H335,mendeley,https://data.mendeley.com/datasets/b4dmjzk8w6/1,https://data.mendeley.com/datasets/b4dmjzk8w6/1,https://data.mendeley.com/datasets/b4dmjzk8w6/1
2-Oxopyrrolidinacetamid,7491-74-9,NC(=O)CN1CCCC1=O,C6H10N2O2,17.5,15.6,11.2,142.2,,,,other,,pang2024,https://github.com/jiayunpang/hsp_embedding,https://pubchem.ncbi.nlm.nih.gov/compound/4843,
2-Pentanol,6032-29-7,CC(O)CCC,,15.6,6.4,13.3,88.15,119.0,0.811,108.69297163995068,alcohol,EUH066-H226-H332-H335,mendeley,https://data.mendeley.com/datasets/b4dmjzk8w6/1,https://data.mendeley.com/datasets/b4dmjzk8w6/1,https://data.mendeley.com/datasets/b4dmjzk8w6/1
2-Pentanone,107-87-9,CC(CCC)=O,,15.8,7.7,4.7,86.13,102,0.809,107.0,ketone,H225-H302-H319,handbook,https://hansen-solubility.com (Hansen Handbook 2007),https://hansen-solubility.com (Hansen Handbook 2007),https://hansen-solubility.com (Hansen Handbook 2007)
2-Pentyl Furan,3777-69-3,CCCCCC1=CC=CO1,,16.7,3.6,4.1,138.21,167.0,0.88,157.0568181818182,ether,H226-H302,mendeley,https://data.mendeley.com/datasets/b4dmjzk8w6/1,https://data.mendeley.com/datasets/b4dmjzk8w6/1,https://data.mendeley.com/datasets/b4dmjzk8w6/1
2-Pentyl Pyridine,2294-76-0,CCCCCC1=CC=CC=N1,,17.7,4.5,4.0,149.2,204.0,0.9,165.77777777777777,amine,H315-H319-H335,mendeley,https://data.mendeley.com/datasets/b4dmjzk8w6/1,https://data.mendeley.com/datasets/b4dmjzk8w6/1,https://data.mendeley.com/datasets/b4dmjzk8w6/1
2-Pentyne,627-21-4,CC#CCC,,15.5,4.6,4.0,68.1,56.0,0.689,98.8388969521045,hydrocarbon,H225-H315-H319-H335,mendeley,https://data.mendeley.com/datasets/b4dmjzk8w6/1,https://data.mendeley.com/datasets/b4dmjzk8w6/1,https://data.mendeley.com/datasets/b4dmjzk8w6/1
2-Phenethyl Mercaptan,4410-99-5,C1=CC=C(C=C1)CCS,,18.9,4.6,5.2,138.23,218.0,1.032,133.9437984496124,sulfur compound,H302-H319,mendeley,https://data.mendeley.com/datasets/b4dmjzk8w6/1,https://data.mendeley.com/datasets/b4dmjzk8w6/1,https://data.mendeley.com/datasets/b4dmjzk8w6/1
2-Phenoxy Ethanol,122-99-6,OCCOC1=CC=CC=C1,C8H10O2,17.8,5.7,14.3,138.17,245.0,1.11,124.47747747747745,alcohol,H302-H319,mendeley,https://data.mendeley.com/datasets/b4dmjzk8w6/1,https://data.mendeley.com/datasets/b4dmjzk8w6/1,https://data.mendeley.com/datasets/b4dmjzk8w6/1
2-Phenyl Ethanol,60-12-8,OCCc1ccccc1,C8H10O,18.3,5.6,11.2,122.2,218.2,,120.0,alcohol,,pang2024,https://github.com/jiayunpang/hsp_embedding,https://pubchem.ncbi.nlm.nih.gov/compound/6054,https://pubchem.ncbi.nlm.nih.gov/compound/6054
2-Phenylpropionaldehyde,93-53-8,C1=CC=CC=C1C(C=O)C,,18.0,5.9,4.7,134.2,203.0,1.002,133.9321357285429,aromatic,H227-H315-H317-H319-H361f,mendeley,https://data.mendeley.com/datasets/b4dmjzk8w6/1,https://data.mendeley.com/datasets/b4dmjzk8w6/1,https://data.mendeley.com/datasets/b4dmjzk8w6/1
2-Pinene,80-56-8,CC1=CCC2CC1C2(C)C,C10H16,16.9,1.8,3.1,136.2,156.2,,,terpene,,pang2024,https://github.com/jiayunpang/hsp_embedding,https://pubchem.ncbi.nlm.nih.gov/compound/6654,https://pubchem.ncbi.nlm.nih.gov/compound/6654
2-Propanethiol,75-33-2,CC(S)C,,16.3,6.8,6.5,76.16,60.0,0.82,92.8780487804878,hydrocarbon,H225-H302-H317-H319-H331-H410,mendeley,https://data.mendeley.com/datasets/b4dmjzk8w6/1,https://data.mendeley.com/datasets/b4dmjzk8w6/1,https://data.mendeley.com/datasets/b4dmjzk8w6/1
2-Propanol,67-63-0,OC(C)C,C3H8O,15.8,6.1,16.4,60.1,82,0.786,76.8,alcohol,H225-H319-H336,handbook,https://hansen-solubility.com (Hansen Handbook 2007),https://hansen-solubility.com (Hansen Handbook 2007),https://hansen-solubility.com (Hansen Handbook 2007)
2-Propyn-1-ol,107-19-7,OCC#C,C3H4O,16.1,8.7,18.8,56.1,113.6,,57.7,other,,pang2024,https://github.com/jiayunpang/hsp_embedding,https://pubchem.ncbi.nlm.nih.gov/compound/7859,https://pubchem.ncbi.nlm.nih.gov/compound/7859
2-Pyrolidone,616-45-5,C1CC(=O)NC1,,19.4,17.4,11.3,85.1,245.0,,76.4,other,,solvpred,https://github.com/xueannafang/hsp_toolkit_solv_pred_v_2.0,https://github.com/xueannafang/hsp_toolkit_solv_pred_v_2.0,https://github.com/xueannafang/hsp_toolkit_solv_pred_v_2.0
2-Pyrrolidone,616-45-5,O=C1CCCN1,C4H7NO,18.2,12.0,9.0,85.1,245.0,,,amide,,pang2024,https://github.com/jiayunpang/hsp_embedding,https://pubchem.ncbi.nlm.nih.gov/compound/12025,https://pubchem.ncbi.nlm.nih.gov/compound/12025
2-t-Butyl-4-Methyl Phenol,2409-55-4,Cc1ccc(O)c(c1)C(C)(C)C,C11H16O,17.3,3.7,10.5,164.2,237.0,,,alcohol,,pang2024,https://github.com/jiayunpang/hsp_embedding,https://pubchem.ncbi.nlm.nih.gov/compound/17004,https://pubchem.ncbi.nlm.nih.gov/compound/17004
2-tert-Butylfuran,7040-43-9,CC(C)(C)C1=CC=CO1,,16.0,3.0,3.2,124.18,120.0,0.871,142.57175660160735,ether,H225,mendeley,https://data.mendeley.com/datasets/b4dmjzk8w6/1,https://data.mendeley.com/datasets/b4dmjzk8w6/1,https://data.mendeley.com/datasets/b4dmjzk8w6/1
2-Thiabutane,624-89-5,CCSC,C3H8S,16.2,5.9,5.3,76.2,67.0,,90.4,hydrocarbon,,pang2024,https://github.com/jiayunpang/hsp_embedding,https://pubchem.ncbi.nlm.nih.gov/compound/12230,https://pubchem.ncbi.nlm.nih.gov/compound/12230
2-Thiophene Thiol,7774-74-5,C1=CSC(=C1)S,,20.4,3.7,7.9,116.2,129.0,1.247,93.18364073777065,heterocyclic,H227-H302+H332-H315-H319-H335,mendeley,https://data.mendeley.com/datasets/b4dmjzk8w6/1,https://data.mendeley.com/datasets/b4dmjzk8w6/1,https://data.mendeley.com/datasets/b4dmjzk8w6/1
2-Thiopheneethylamine,30433-91-1,C1=CSC(=C1)CCN,,18.9,5.1,9.8,127.21,201.0,1.087,117.02851885924562,amine,H302-H312-H314-H315-H319-H332-H335,mendeley,https://data.mendeley.com/datasets/b4dmjzk8w6/1,https://data.mendeley.com/datasets/b4dmjzk8w6/1,https://data.mendeley.com/datasets/b4dmjzk8w6/1
2-Thiophenemethanol,636-72-6,OCc1cccs1,,19.6,7.1,15.7,114.17,207.0,1.206,94.66832504145937,alcohol,H315-H319-H335,mendeley,https://data.mendeley.com/datasets/b4dmjzk8w6/1,https://data.mendeley.com/datasets/b4dmjzk8w6/1,https://data.mendeley.com/datasets/b4dmjzk8w6/1
2-Toluidine,95-53-4,Cc1ccccc1N,C7H9N,19.4,5.8,9.4,107.2,202.2,,107.8,other,,pang2024,https://github.com/jiayunpang/hsp_embedding,https://pubchem.ncbi.nlm.nih.gov/compound/7242,https://pubchem.ncbi.nlm.nih.gov/compound/7242
2-Vinyl Toluene,611-15-4,Cc1ccccc1C=C,C9H10,18.6,1.0,3.8,118.2,170.0,,,aromatic,,pang2024,https://github.com/jiayunpang/hsp_embedding,https://pubchem.ncbi.nlm.nih.gov/compound/11904,https://pubchem.ncbi.nlm.nih.gov/compound/11904
2Butanone,,,,16.0,9.0,5.1,,,,90.1,other,,wolfram,https://datarepository.wolframcloud.com/resources/JoshuaSchrier_Hansen-Solubility-Parameters/,,
2ButoxyethylAcetate,,,,15.3,7.5,6.8,,,,171.2,ester,,wolfram,https://datarepository.wolframcloud.com/resources/JoshuaSchrier_Hansen-Solubility-Parameters/,,
2ChloroethylEther,,,,18.8,9.0,5.7,,,,117.6,ether,,wolfram,https://datarepository.wolframcloud.com/resources/JoshuaSchrier_Hansen-Solubility-Parameters/,,
2EthoxyethylAcetate,,,,16.0,4.7,10.6,,,,136.2,ester,,wolfram,https://datarepository.wolframcloud.com/resources/JoshuaSchrier_Hansen-Solubility-Parameters/,,
2Furaldehyde,,,,18.6,14.9,5.1,,,,83.2,aldehyde,,wolfram,https://datarepository.wolframcloud.com/resources/JoshuaSchrier_Hansen-Solubility-Parameters/,,
"2H-Pyran, 3,4-Dihydro-2-Methoxy-",4454-05-1,COC1CCC=CO1,,17.0,5.6,5.9,114.14,126.0,1.006,113.45924453280318,other,H225-H315-H319,mendeley,https://data.mendeley.com/datasets/b4dmjzk8w6/1,https://data.mendeley.com/datasets/b4dmjzk8w6/1,https://data.mendeley.com/datasets/b4dmjzk8w6/1
2Pyrrolidinone,616-45-5,,C4H7NO,19.4,17.4,11.3,85.1,245.0,,76.0,amide,,wolfram,https://datarepository.wolframcloud.com/resources/JoshuaSchrier_Hansen-Solubility-Parameters/,https://pubchem.ncbi.nlm.nih.gov/compound/12025,https://pubchem.ncbi.nlm.nih.gov/compound/12025
2′-Chloroacetophenone,2142-68-9,CC(=O)C1=CC=CC=C1Cl,,19.3,7.4,4.0,154.59,230.0,1.188,130.12626262626264,ketone,H227-H302-H315-H319-H335,mendeley,https://data.mendeley.com/datasets/b4dmjzk8w6/1,https://data.mendeley.com/datasets/b4dmjzk8w6/1,https://data.mendeley.com/datasets/b4dmjzk8w6/1
"3,3,3-Trichloro Propene",2233-00-3,ClC(Cl)(Cl)C=C,C3H3Cl3,17.7,15.5,3.4,145.4,,,106.2,halogenated,,pang2024,https://github.com/jiayunpang/hsp_embedding,https://pubchem.ncbi.nlm.nih.gov/compound/16690,
"3,4-Dichloronitrobenzene",99-54-7,[O-][N+](=O)c1ccc(Cl)c(Cl)c1,C6H3Cl2NO2,20.1,7.2,4.1,192.0,256.1,,,nitro,,pang2024,https://github.com/jiayunpang/hsp_embedding,https://pubchem.ncbi.nlm.nih.gov/compound/7443,https://pubchem.ncbi.nlm.nih.gov/compound/7443
"3,4-Dichlorophenyl Acetonitrile",3218-49-3,Clc1ccc(CC#N)cc1Cl,C8H5Cl2N,20.5,10.8,4.4,186.0,,,,nitrile,,pang2024,https://github.com/jiayunpang/hsp_embedding,https://pubchem.ncbi.nlm.nih.gov/compound/76690,
"3,4-Dichlorotoluene",95-75-0,Cc1ccc(Cl)c(Cl)c1,C7H6Cl2,19.8,9.8,2.5,161.0,,,,halogenated,,pang2024,https://github.com/jiayunpang/hsp_embedding,https://pubchem.ncbi.nlm.nih.gov/compound/7256,
"3,4-Dimethyl Phenol",95-65-8,Cc1ccc(O)cc1C,C8H10O,19.2,6.0,13.4,122.2,225.0,,121.0,alcohol,,pang2024,https://github.com/jiayunpang/hsp_embedding,https://pubchem.ncbi.nlm.nih.gov/compound/7249,https://pubchem.ncbi.nlm.nih.gov/compound/7249
"3,4-Dinitrophenol",577-71-9,Oc1ccc(c(c1)[N+]([O-])=O)[N+]([O-])=O,C6H4N2O5,19.5,12.8,14.3,184.1,,,110.1,alcohol,,pang2024,https://github.com/jiayunpang/hsp_embedding,https://pubchem.ncbi.nlm.nih.gov/compound/11348,
"3,4-Epoxy-1-Butene",930-22-3,C=CC1CO1,C4H6O,16.6,7.7,7.4,70.1,66.1,,80.7,other,,pang2024,https://github.com/jiayunpang/hsp_embedding,https://pubchem.ncbi.nlm.nih.gov/compound/13586,https://pubchem.ncbi.nlm.nih.gov/compound/13586
"3,5-Difluorobenzonitrile",64248-63-1,Fc1cc(F)cc(c1)C#N,C7H3F2N,18.8,11.2,3.2,139.1,,,,nitrile,,pang2024,https://github.com/jiayunpang/hsp_embedding,https://pubchem.ncbi.nlm.nih.gov/compound/587204,
"3,5-Dimethylanisole",874-63-5,CC1=CC(=CC(=C1)OC)C,,18.1,4.5,4.9,136.19,193.0,0.963,141.42263759086188,ether,H301-H311-H331,mendeley,https://data.mendeley.com/datasets/b4dmjzk8w6/1,https://data.mendeley.com/datasets/b4dmjzk8w6/1,https://data.mendeley.com/datasets/b4dmjzk8w6/1
"3,5-Dinitrophenol",586-11-8,Oc1cc(cc(c1)[N+]([O-])=O)[N+]([O-])=O,C6H4N2O5,19.5,12.9,14.4,184.1,,,108.2,alcohol,,pang2024,https://github.com/jiayunpang/hsp_embedding,https://pubchem.ncbi.nlm.nih.gov/compound/11459,
3-(5-Methyl-2-Furyl) Butanal,31704-80-0,CCC(C=O)C1=CC=C(O1)C,,16.96,6.81,4.99,152.2,230.0,1.006,151.29224652087473,other,H226,mendeley,https://data.mendeley.com/datasets/b4dmjzk8w6/1,https://data.mendeley.com/datasets/b4dmjzk8w6/1,https://data.mendeley.com/datasets/b4dmjzk8w6/1
3-(Methylthio)Propanoic Acid Methyl Ester,13532-18-8,COC(CCSC)=O,,17.4,6.2,7.0,134.2,210.0,1.05,127.8095238095238,acid,H226-H315-H319-H335,mendeley,https://data.mendeley.com/datasets/b4dmjzk8w6/1,https://data.mendeley.com/datasets/b4dmjzk8w6/1,https://data.mendeley.com/datasets/b4dmjzk8w6/1
"3-Acetyl-2,5-Dimethyl Thiophene",2530-10-1,CC1=CC(=C(S1)C)C(=O)C,,18.39,6.44,5.66,154.23,224.0,1.086,142.01657458563534,heterocyclic,H315-H319-H335,mendeley,https://data.mendeley.com/datasets/b4dmjzk8w6/1,https://data.mendeley.com/datasets/b4dmjzk8w6/1,https://data.mendeley.com/datasets/b4dmjzk8w6/1
3-Azidopropene,821-13-6,C=CCN=[N+]=[N-],C3H5N3,16.8,7.7,13.4,83.1,,,83.0,other,,pang2024,https://github.com/jiayunpang/hsp_embedding,https://pubchem.ncbi.nlm.nih.gov/compound/533456,
3-Bromopropyne,106-96-7,BrCC#C,C3H3Br,18.1,6.5,5.3,119.0,90.0,,75.3,halogenated,,pang2024,https://github.com/jiayunpang/hsp_embedding,https://pubchem.ncbi.nlm.nih.gov/compound/7842,https://pubchem.ncbi.nlm.nih.gov/compound/7842
3-Butenenitrile,109-75-1,C=CCC#N,C4H5N,16.2,14.3,5.6,67.1,,,80.5,nitrile,,pang2024,https://github.com/jiayunpang/hsp_embedding,https://pubchem.ncbi.nlm.nih.gov/compound/8009,
3-Butoxybutanol,,CCCCOC(C)CCO,C8H18O2,15.9,5.5,10.6,146.2,,,166.3,alcohol,,pang2024,https://github.com/jiayunpang/hsp_embedding,https://pubchem.ncbi.nlm.nih.gov/compound/20213135,
3-Butyl Pyridine,539-32-2,CCCCC1=CN=CC=C1,,17.7,4.8,4.2,135.2,200.0,0.9,150.2222222222222,amine,H315-H319-H335,mendeley,https://data.mendeley.com/datasets/b4dmjzk8w6/1,https://data.mendeley.com/datasets/b4dmjzk8w6/1,https://data.mendeley.com/datasets/b4dmjzk8w6/1
3-Chloro Allyl Alcohol,29560-84-7,OCC=CCl,C3H5ClO,17.2,10.3,16.5,92.5,,,78.6,alcohol,,pang2024,https://github.com/jiayunpang/hsp_embedding,https://pubchem.ncbi.nlm.nih.gov/compound/91594,
3-Chloro-1-propanol,627-30-5,C(CO)CCl,,17.5,5.7,14.7,94.54,160.0,,84.2,alcohol,,solvpred,https://github.com/xueannafang/hsp_toolkit_solv_pred_v_2.0,https://github.com/xueannafang/hsp_toolkit_solv_pred_v_2.0,https://github.com/xueannafang/hsp_toolkit_solv_pred_v_2.0
3-Chloro-2-Methyl Propene,563-47-3,CC(=C)CCl,C4H7Cl,16.2,5.6,2.0,90.5,72.2,,,halogenated,,pang2024,https://github.com/jiayunpang/hsp_embedding,https://pubchem.ncbi.nlm.nih.gov/compound/11241,https://pubchem.ncbi.nlm.nih.gov/compound/11241
3-Chlorobenzylchloride,620-20-2,ClCc1cccc(Cl)c1,C7H6Cl2,19.9,9.3,2.6,161.0,,,,halogenated,,pang2024,https://github.com/jiayunpang/hsp_embedding,https://pubchem.ncbi.nlm.nih.gov/compound/12103,
3-Chloropropionaldehyde,19434-65-2,ClCCC=O,C3H5ClO,17.0,13.3,8.2,92.5,,,,halogenated,,pang2024,https://github.com/jiayunpang/hsp_embedding,https://pubchem.ncbi.nlm.nih.gov/compound/29596,
3-Chloropropionitrile,542-76-7,ClCCC#N,C3H4ClN,17.3,15.9,6.1,89.5,176.1,,77.4,nitrile,,pang2024,https://github.com/jiayunpang/hsp_embedding,https://pubchem.ncbi.nlm.nih.gov/compound/10963,https://pubchem.ncbi.nlm.nih.gov/compound/10963
3-Chloropropyne,624-65-7,ClCC#C,C3H3Cl,16.7,7.4,2.3,74.5,,,72.4,halogenated,,pang2024,https://github.com/jiayunpang/hsp_embedding,https://pubchem.ncbi.nlm.nih.gov/compound/12221,
3-Decanone,928-80-3,CCCCCCCC(=O)CC,,16.01,4.84,3.18,156.3,205.0,0.825,189.45454545454547,other,H226-H315-H319-H335,mendeley,https://data.mendeley.com/datasets/b4dmjzk8w6/1,https://data.mendeley.com/datasets/b4dmjzk8w6/1,https://data.mendeley.com/datasets/b4dmjzk8w6/1
3-Decen-2-One,10519-33-2,CCCCCCC=CC(=O)C,,16.5,4.6,3.8,154.2,214.0,0.84,183.57142857142856,other,H319,mendeley,https://data.mendeley.com/datasets/b4dmjzk8w6/1,https://data.mendeley.com/datasets/b4dmjzk8w6/1,https://data.mendeley.com/datasets/b4dmjzk8w6/1
3-Ethoxy Propionaldehyde,2806-85-1,CCOCCC=O,C5H10O2,16.0,8.8,7.4,102.1,,,,aldehyde,,pang2024,https://github.com/jiayunpang/hsp_embedding,https://pubchem.ncbi.nlm.nih.gov/compound/17755,
"3-Ethyl-2,4-dimethylpyrrole",517-22-6,CCc1c(C)c[nH]c1C,,17.4,5.3,5.7,123.2,199.0,0.913,134.93975903614458,heterocyclic,H315 - H319 - H335,mendeley,https://data.mendeley.com/datasets/b4dmjzk8w6/1,https://data.mendeley.com/datasets/b4dmjzk8w6/1,https://data.mendeley.com/datasets/b4dmjzk8w6/1
3-Ethylpyridine,536-78-7,CCC1=CN=CC=C1,,18.0,5.8,5.1,107.2,165.0,0.926,115.76673866090712,amine,H226-H315-H319-H335,mendeley,https://data.mendeley.com/datasets/b4dmjzk8w6/1,https://data.mendeley.com/datasets/b4dmjzk8w6/1,https://data.mendeley.com/datasets/b4dmjzk8w6/1
3-Heptanol,589-82-2,CCCCC(O)CC,C7H16O,15.9,5.4,11.7,116.2,,,141.2,alcohol,,pang2024,https://github.com/jiayunpang/hsp_embedding,https://pubchem.ncbi.nlm.nih.gov/compound/11520,
3-Hexanol,623-37-0,OC(CC)CCC,,15.9,4.7,10.3,102.2,135.0,0.8,127.75,alcohol,H226,mendeley,https://data.mendeley.com/datasets/b4dmjzk8w6/1,https://data.mendeley.com/datasets/b4dmjzk8w6/1,https://data.mendeley.com/datasets/b4dmjzk8w6/1
3-Hexanone,589-38-8,CCC(CCC)=O,,15.74,6.68,4.08,100.2,121.0,0.817,122.64381884944922,other,H226-H315-H319-H335,mendeley,https://data.mendeley.com/datasets/b4dmjzk8w6/1,https://data.mendeley.com/datasets/b4dmjzk8w6/1,https://data.mendeley.com/datasets/b4dmjzk8w6/1
3-Hydroxy Tetrahydrofuran,453-20-3,OC1COCC1,,18.9,9.4,16.3,88.11,181.0,1.09,80.83486238532109,ether,H319,mendeley,https://data.mendeley.com/datasets/b4dmjzk8w6/1,https://data.mendeley.com/datasets/b4dmjzk8w6/1,https://data.mendeley.com/datasets/b4dmjzk8w6/1
3-Methoxy Butanol,2517-43-3,COC(C)CCO,C5H12O2,15.3,5.4,13.6,104.2,,,113.2,alcohol,,pang2024,https://github.com/jiayunpang/hsp_embedding,https://pubchem.ncbi.nlm.nih.gov/compound/17291,
3-Methoxy-3-Methyl Butanol,56539-66-3,COC(C)(C)CCO,C6H14O2,16.0,6.3,12.9,118.2,,,,alcohol,,pang2024,https://github.com/jiayunpang/hsp_embedding,https://pubchem.ncbi.nlm.nih.gov/compound/62118,
3-Methoxypropionitrile,110-67-8,COCCC#N,C4H7NO,16.6,14.4,7.8,85.1,,,91.1,nitrile,,pang2024,https://github.com/jiayunpang/hsp_embedding,https://pubchem.ncbi.nlm.nih.gov/compound/61032,
3-Methoxythiophene,17573-92-1,COC1=CSC=C1,,18.7,6.1,8.5,114.17,156.0,1.143,99.88626421697288,heterocyclic,H226,mendeley,https://data.mendeley.com/datasets/b4dmjzk8w6/1,https://data.mendeley.com/datasets/b4dmjzk8w6/1,https://data.mendeley.com/datasets/b4dmjzk8w6/1
3-Methyl Allyl Alcohol,6117-91-5,CC=CCO,C4H8O,16.0,6.0,15.5,72.1,,,84.4,alcohol,,pang2024,https://github.com/jiayunpang/hsp_embedding,https://pubchem.ncbi.nlm.nih.gov/compound/20024,
3-Methyl Cyclohexanol,591-23-1,CC1CCCC(O)C1,C7H14O,17.2,6.4,12.5,114.2,164.0,,124.8,alcohol,,pang2024,https://github.com/jiayunpang/hsp_embedding,https://pubchem.ncbi.nlm.nih.gov/compound/11566,https://pubchem.ncbi.nlm.nih.gov/compound/11566
3-Methyl Cyclohexanone,591-24-2,O=C1CC(C)CCC1,,17.7,7.7,4.7,112.17,170.0,0.914,122.72428884026257,ketone,H226,mendeley,https://data.mendeley.com/datasets/b4dmjzk8w6/1,https://data.mendeley.com/datasets/b4dmjzk8w6/1,https://data.mendeley.com/datasets/b4dmjzk8w6/1
3-Methyl Isoxazole,30842-90-1,Cc1ccon1,C4H5NO,19.4,14.8,11.8,83.1,,,57.7,heterocyclic,,pang2024,https://github.com/jiayunpang/hsp_embedding,https://pubchem.ncbi.nlm.nih.gov/compound/96098,
"3-Methyl-1,2-Butadiene",598-25-4,C[C](C)=[C]=[CH2],C5H8,15.1,2.5,4.5,68.1,,,99.7,hydrocarbon,,pang2024,https://github.com/jiayunpang/hsp_embedding,https://pubchem.ncbi.nlm.nih.gov/compound/11714,
"3-Methyl-1,4-Pentadiene",1115-08-8,C=CC(C)C=C,,15.2,2.1,3.1,82.1,55.0,0.672,122.17261904761904,hydrocarbon,H225 - H315,mendeley,https://data.mendeley.com/datasets/b4dmjzk8w6/1,https://data.mendeley.com/datasets/b4dmjzk8w6/1,https://data.mendeley.com/datasets/b4dmjzk8w6/1
3-Methyl-1-Butanethiol,541-31-1,CC(C)CCS,,16.0,4.1,4.4,104.2,118.0,0.835,124.79041916167665,hydrocarbon,H225-H315-H319-H335,mendeley,https://data.mendeley.com/datasets/b4dmjzk8w6/1,https://data.mendeley.com/datasets/b4dmjzk8w6/1,https://data.mendeley.com/datasets/b4dmjzk8w6/1
3-Methyl-1-Butene,563-45-1,CC(C)C=C,C5H10,14.0,1.4,3.8,70.1,20.1,,112.9,hydrocarbon,,pang2024,https://github.com/jiayunpang/hsp_embedding,https://pubchem.ncbi.nlm.nih.gov/compound/11239,https://pubchem.ncbi.nlm.nih.gov/compound/11239
3-Methyl-2-Butanol,598-75-4,CC(C)C(C)O,C5H12O,15.6,5.2,13.4,88.2,114.0,,107.7,alcohol,,pang2024,https://github.com/jiayunpang/hsp_embedding,https://pubchem.ncbi.nlm.nih.gov/compound/11732,https://pubchem.ncbi.nlm.nih.gov/compound/11732
3-Methyl-2-Cyclopenten-1-One,2758-18-1,CC1=CC(=O)CC1,,18.27,8.11,6.05,96.1,186.0,0.98,98.06122448979592,other,H226-H315-H319-H335,mendeley,https://data.mendeley.com/datasets/b4dmjzk8w6/1,https://data.mendeley.com/datasets/b4dmjzk8w6/1,https://data.mendeley.com/datasets/b4dmjzk8w6/1
3-Methyl-2-Pentanone,565-61-7,CC(CC)C(C)=O,,15.7,5.4,3.7,100.2,118.0,0.815,122.94478527607363,other,H225,mendeley,https://data.mendeley.com/datasets/b4dmjzk8w6/1,https://data.mendeley.com/datasets/b4dmjzk8w6/1,https://data.mendeley.com/datasets/b4dmjzk8w6/1
3-Methyl-2-thiophenecarboxaldehyde,5834-16-2,CC1=C(SC=C1)C=O,,18.9,12.5,8.1,126.18,215.0,1.17,107.84615384615385,heterocyclic,H227-H315-H319-H335,mendeley,https://data.mendeley.com/datasets/b4dmjzk8w6/1,https://data.mendeley.com/datasets/b4dmjzk8w6/1,https://data.mendeley.com/datasets/b4dmjzk8w6/1
3-Methylcyclopentanone,1757-42-2,O=C1CC(C)CC1,,17.62,8.61,4.68,98.1,145.0,0.913,107.44797371303395,ketone,H226,mendeley,https://data.mendeley.com/datasets/b4dmjzk8w6/1,https://data.mendeley.com/datasets/b4dmjzk8w6/1,https://data.mendeley.com/datasets/b4dmjzk8w6/1
3-n-Butyl Toluene,1595-04-6,CCCCc1cccc(C)c1,C11H16,17.4,0.1,1.0,148.2,,,,aromatic,,pang2024,https://github.com/jiayunpang/hsp_embedding,https://pubchem.ncbi.nlm.nih.gov/compound/15327,
3-Nitroaniline,99-09-2,Nc1cccc(c1)[N+]([O-])=O,C6H6N2O2,21.4,17.7,10.6,138.1,,,96.1,amine,,pang2024,https://github.com/jiayunpang/hsp_embedding,https://pubchem.ncbi.nlm.nih.gov/compound/7423,
3-Pentanol,584-02-1,CCC(O)CC,,15.7,5.6,11.2,88.15,116.0,0.815,108.159509202454,alcohol,H226-H315-H319-H332-H335,mendeley,https://data.mendeley.com/datasets/b4dmjzk8w6/1,https://data.mendeley.com/datasets/b4dmjzk8w6/1,https://data.mendeley.com/datasets/b4dmjzk8w6/1
3-Tetrahydrothiophenone,1003-04-9,C1CSCC1=O,,19.9,13.7,7.3,102.2,175.0,1.194,85.59463986599665,other,H227-H315-H319-H335,mendeley,https://data.mendeley.com/datasets/b4dmjzk8w6/1,https://data.mendeley.com/datasets/b4dmjzk8w6/1,https://data.mendeley.com/datasets/b4dmjzk8w6/1
3Hydroxypropionitrile,,,,17.2,18.8,17.6,,,,68.3,nitrile,,wolfram,https://datarepository.wolframcloud.com/resources/JoshuaSchrier_Hansen-Solubility-Parameters/,,
3Methyl1Butanol,,,,15.8,5.2,13.3,,,,109.3,alcohol,,wolfram,https://datarepository.wolframcloud.com/resources/JoshuaSchrier_Hansen-Solubility-Parameters/,,
3Pentanone,,,,15.8,7.6,4.7,,,,106.4,other,,wolfram,https://datarepository.wolframcloud.com/resources/JoshuaSchrier_Hansen-Solubility-Parameters/,,
"4,6-Dimethylpyrimidine",1558-17-4,Cc1cc(C)ncn1,,18.1,8.1,5.5,108.14,159.0,0.98,110.34693877551021,aromatic,H226-H315-H319-H335,mendeley,https://data.mendeley.com/datasets/b4dmjzk8w6/1,https://data.mendeley.com/datasets/b4dmjzk8w6/1,https://data.mendeley.com/datasets/b4dmjzk8w6/1
4-Allyltoluene,3333-13-9,CC1=CC=C(C=C1)CC=C,,17.8,2.8,3.6,132.2,190.0,0.865,152.83236994219652,aromatic,H226 - H302,mendeley,https://data.mendeley.com/datasets/b4dmjzk8w6/1,https://data.mendeley.com/datasets/b4dmjzk8w6/1,https://data.mendeley.com/datasets/b4dmjzk8w6/1
4-Aminopyridine,504-24-5,Nc1ccncc1,C5H6N2,20.4,16.1,12.9,94.1,273.5,,87.1,amine,,pang2024,https://github.com/jiayunpang/hsp_embedding,https://pubchem.ncbi.nlm.nih.gov/compound/1727,https://pubchem.ncbi.nlm.nih.gov/compound/1727
"4-Bromo-1,2-Butadiene",18668-68-3,BrC[CH]=[C]=[CH2],C4H5Br,17.0,6.5,4.7,133.0,,,93.3,halogenated,,pang2024,https://github.com/jiayunpang/hsp_embedding,https://pubchem.ncbi.nlm.nih.gov/compound/10887951,
4-Bromo-1-Butene,5162-44-7,BrCCC=C,C4H7Br,16.5,6.0,4.5,135.0,,,102.0,halogenated,,pang2024,https://github.com/jiayunpang/hsp_embedding,https://pubchem.ncbi.nlm.nih.gov/compound/21241,
"4-Chloro-1,2-Butadiene",25790-55-0,ClC[CH]=[C]=[CH2],C4H5Cl,16.6,8.0,6.7,88.5,,,89.5,halogenated,,pang2024,https://github.com/jiayunpang/hsp_embedding,https://pubchem.ncbi.nlm.nih.gov/compound/33173,
4-Chloro-2-Nitrotoluene,89-59-8,Cc1ccc(Cl)cc1[N+]([O-])=O,C7H6ClNO2,19.9,11.8,3.8,171.6,,,,nitro,,pang2024,https://github.com/jiayunpang/hsp_embedding,https://pubchem.ncbi.nlm.nih.gov/compound/6975,
4-Chloroanisole,623-12-1,COC1=CC=C(Cl)C=C1,,19.6,7.8,6.7,142.58,198.0,1.17,121.86324786324788,ether,H227-H302+H312+H332-H315-H319-H335,mendeley,https://data.mendeley.com/datasets/b4dmjzk8w6/1,https://data.mendeley.com/datasets/b4dmjzk8w6/1,https://data.mendeley.com/datasets/b4dmjzk8w6/1
4-Chlorobenzaldehyde,104-88-1,Clc1ccc(C=O)cc1,C7H5ClO,19.9,7.2,5.6,140.6,213.9,,113.4,halogenated,,pang2024,https://github.com/jiayunpang/hsp_embedding,https://pubchem.ncbi.nlm.nih.gov/compound/7726,https://pubchem.ncbi.nlm.nih.gov/compound/7726
4-Chlorobenzonitrile,623-03-0,Clc1ccc(cc1)C#N,C7H4ClN,19.5,8.0,4.1,137.6,,,125.1,nitrile,,pang2024,https://github.com/jiayunpang/hsp_embedding,https://pubchem.ncbi.nlm.nih.gov/compound/12163,
4-Chlorobenzotrichloride,5216-25-1,Clc1ccc(cc1)C(Cl)(Cl)Cl,C7H4Cl4,20.3,5.5,3.5,229.9,245.0,,,halogenated,,pang2024,https://github.com/jiayunpang/hsp_embedding,https://pubchem.ncbi.nlm.nih.gov/compound/21277,https://pubchem.ncbi.nlm.nih.gov/compound/21277
4-Chlorobenzyl Alcohol,873-76-7,OCc1ccc(Cl)cc1,C7H7ClO,19.6,7.5,13.0,142.6,,,,alcohol,,pang2024,https://github.com/jiayunpang/hsp_embedding,https://pubchem.ncbi.nlm.nih.gov/compound/13397,
4-Chlorothiophenol,106-54-7,Sc1ccc(Cl)cc1,C6H5ClS,20.8,8.6,10.6,144.6,,,100.0,alcohol,,pang2024,https://github.com/jiayunpang/hsp_embedding,https://pubchem.ncbi.nlm.nih.gov/compound/7815,
4-Ethyl Anisole,1515-95-3,CCC1=CC=C(C=C1)OC,,18.0,4.75,4.81,136.2,195.0,0.95,143.36842105263156,ether,H226,mendeley,https://data.mendeley.com/datasets/b4dmjzk8w6/1,https://data.mendeley.com/datasets/b4dmjzk8w6/1,https://data.mendeley.com/datasets/b4dmjzk8w6/1
4-Ethyl Morpholine,100-74-3,CCN1CCOCC1,C6H13NO,17.7,5.0,6.6,115.2,138.9,,116.5,amine,,pang2024,https://github.com/jiayunpang/hsp_embedding,https://pubchem.ncbi.nlm.nih.gov/compound/7525,https://pubchem.ncbi.nlm.nih.gov/compound/7525
4-Ethyl Phenol,123-07-9,CCc1ccc(O)cc1,C8H10O,18.3,5.2,12.6,122.2,217.9,,118.6,alcohol,,pang2024,https://github.com/jiayunpang/hsp_embedding,https://pubchem.ncbi.nlm.nih.gov/compound/31242,https://pubchem.ncbi.nlm.nih.gov/compound/31242
"4-Ethyl-1,3-Dioxolane-2-One",4437-85-8,CCC1COC(=O)O1,C5H8O3,17.5,9.8,3.0,116.1,,,,ether,,pang2024,https://github.com/jiayunpang/hsp_embedding,https://pubchem.ncbi.nlm.nih.gov/compound/107282,
4-Fluoropropiophenone,456-03-1,CCC(=O)c1ccc(F)cc1,C9H9FO,19.6,7.1,3.5,152.2,,,,halogenated,,pang2024,https://github.com/jiayunpang/hsp_embedding,https://pubchem.ncbi.nlm.nih.gov/compound/68004,
4-Hydroxy Benzaldehyde,123-08-0,Oc1ccc(C=O)cc1,C7H6O2,19.4,15.2,14.5,122.1,310,,,aldehyde,,pang2024,https://github.com/jiayunpang/hsp_embedding,https://pubchem.ncbi.nlm.nih.gov/compound/126,https://pubchem.ncbi.nlm.nih.gov/compound/126
4-Hydroxycinnamic Acid,501-98-4,OC(=O)C=Cc1ccc(O)cc1,C9H8O3,19.1,6.7,15.9,164.2,,,,acid,,pang2024,https://github.com/jiayunpang/hsp_embedding,https://pubchem.ncbi.nlm.nih.gov/compound/637542,
"4-Iodo-1,2-Butadiene",67885-08-9,IC[CH]=[C]=[CH2],C4H5I,17.4,6.3,6.2,180.0,,,105.1,halogenated,,pang2024,https://github.com/jiayunpang/hsp_embedding,https://pubchem.ncbi.nlm.nih.gov/compound/21572585,
4-Methoxy Acetophenone,100-06-1,CC(C1=CC=C(OC)C=C1)=O,,18.9,11.2,7.0,150.18,254.0,1.082,138.7985212569316,ketone,H302,mendeley,https://data.mendeley.com/datasets/b4dmjzk8w6/1,https://data.mendeley.com/datasets/b4dmjzk8w6/1,https://data.mendeley.com/datasets/b4dmjzk8w6/1
4-Methoxy Benzonitrile,874-90-8,COc1ccc(cc1)C#N,C8H7NO,19.4,16.7,5.4,133.2,,,121.0,nitrile,,pang2024,https://github.com/jiayunpang/hsp_embedding,https://pubchem.ncbi.nlm.nih.gov/compound/70129,
4-Methyl 4-Mercaptopentan-2-One 1% In Pg,19872-52-7,CC(=O)CC(C)(C)S,,16.63,7.16,5.34,132.2,174.0,0.961,137.56503642039542,other,H226-H315-H319-H335,mendeley,https://data.mendeley.com/datasets/b4dmjzk8w6/1,https://data.mendeley.com/datasets/b4dmjzk8w6/1,https://data.mendeley.com/datasets/b4dmjzk8w6/1
4-Methyl Cyclohexanol,589-91-3,CC1CCC(O)CC1,C7H14O,17.2,6.3,12.5,114.2,173.0,,125.5,alcohol,,pang2024,https://github.com/jiayunpang/hsp_embedding,https://pubchem.ncbi.nlm.nih.gov/compound/11524,https://pubchem.ncbi.nlm.nih.gov/compound/11524
4-Methyl-2-Pentyne,21020-27-9,CC(C)C#CC,,15.2,3.7,3.0,82.1,73.0,0.701,117.11840228245363,hydrocarbon,H225,mendeley,https://data.mendeley.com/datasets/b4dmjzk8w6/1,https://data.mendeley.com/datasets/b4dmjzk8w6/1,https://data.mendeley.com/datasets/b4dmjzk8w6/1
4-Methylpyrimidine,3438-46-8,CC1=NC=NC=C1,,18.5,9.42,6.57,94.11,142.0,1.01,93.17821782178218,other,H226,mendeley,https://data.mendeley.com/datasets/b4dmjzk8w6/1,https://data.mendeley.com/datasets/b4dmjzk8w6/1,https://data.mendeley.com/datasets/b4dmjzk8w6/1
4-Methylthioaniline,104-96-1,Nc1ccc(SC)cc1,,20.8,7.0,9.2,139.2,273.0,1.12,124.28571428571426,amine,H302-H315-H319-H335,mendeley,https://data.mendeley.com/datasets/b4dmjzk8w6/1,https://data.mendeley.com/datasets/b4dmjzk8w6/1,https://data.mendeley.com/datasets/b4dmjzk8w6/1
4-Nitrophenol,100-02-7,Oc1ccc(cc1)[N+]([O-])=O,C6H5NO3,20.0,14.5,14.2,139.1,279,,93.1,alcohol,,pang2024,https://github.com/jiayunpang/hsp_embedding,https://pubchem.ncbi.nlm.nih.gov/compound/980,https://pubchem.ncbi.nlm.nih.gov/compound/980
4-Pentenal,2100-17-6,C=CCCC=O,C5H8O,15.5,8.1,6.8,84.1,,,98.7,other,,pang2024,https://github.com/jiayunpang/hsp_embedding,https://pubchem.ncbi.nlm.nih.gov/compound/16418,
4-Phenyl-2-Butanol,2344-70-9,CC(CCC1=CC=CC=C1)O,,17.8,4.4,9.6,150.2,239.0,0.97,154.84536082474227,alcohol,,mendeley,https://data.mendeley.com/datasets/b4dmjzk8w6/1,https://data.mendeley.com/datasets/b4dmjzk8w6/1,https://data.mendeley.com/datasets/b4dmjzk8w6/1
4-Tert-Butylpyridine,3978-81-2,CC(C)(C)C1=CC=NC=C1,,17.0,4.1,3.4,135.2,197.0,0.896,150.89285714285714,amine,H315-H319-H335,mendeley,https://data.mendeley.com/datasets/b4dmjzk8w6/1,https://data.mendeley.com/datasets/b4dmjzk8w6/1,https://data.mendeley.com/datasets/b4dmjzk8w6/1
4-tert-Butylthiophenol,2396-68-1,CC(C)(C)c1ccc(S)cc1,,18.1,1.8,3.2,166.28,238.0,0.964,172.48962655601662,alcohol,H315-H319-H335,mendeley,https://data.mendeley.com/datasets/b4dmjzk8w6/1,https://data.mendeley.com/datasets/b4dmjzk8w6/1,https://data.mendeley.com/datasets/b4dmjzk8w6/1
4-Vinyl Pyridine,100-43-6,C=Cc1ccncc1,C7H7N,18.1,7.2,6.8,105.1,65.0,,107.3,amine,,pang2024,https://github.com/jiayunpang/hsp_embedding,https://pubchem.ncbi.nlm.nih.gov/compound/7502,https://pubchem.ncbi.nlm.nih.gov/compound/7502
4Hydroxy4Methyl2Pentanone,,,,15.8,8.2,10.8,,,,124.2,other,,wolfram,https://datarepository.wolframcloud.com/resources/JoshuaSchrier_Hansen-Solubility-Parameters/,,
"4Hydroxymethyl1,3Dioxolan2One",,,,17.9,25.5,17.4,,,,83.2,other,,wolfram,https://datarepository.wolframcloud.com/resources/JoshuaSchrier_Hansen-Solubility-Parameters/,,
4Methyl2Pentanol,,,,15.3,3.3,12.3,,,,127.2,alcohol,,wolfram,https://datarepository.wolframcloud.com/resources/JoshuaSchrier_Hansen-Solubility-Parameters/,,
4Methyl2Pentanone,,,,15.3,6.1,4.1,,,,125.8,other,,wolfram,https://datarepository.wolframcloud.com/resources/JoshuaSchrier_Hansen-Solubility-Parameters/,,
4Octanol,,,,16.0,3.3,11.9,,,,157.0,alcohol,,wolfram,https://datarepository.wolframcloud.com/resources/JoshuaSchrier_Hansen-Solubility-Parameters/,,
"5,6-Dihydroxyindole",3131-52-0,Oc1cc2[nH]ccc2cc1O,C8H7NO2,19.5,8.8,17.9,149.2,,,,heterocyclic,,pang2024,https://github.com/jiayunpang/hsp_embedding,https://pubchem.ncbi.nlm.nih.gov/compound/114683,
"5,6-Dihydroxyindole-2-Carboxylic Acid",4790-08-3,OC(=O)c1[nH]c2cc(O)c(O)cc2c1,C9H7NO4,19.5,8.1,17.7,193.2,,,,acid,,pang2024,https://github.com/jiayunpang/hsp_embedding,https://pubchem.ncbi.nlm.nih.gov/compound/119405,
"5,6-Indolequinone",582-59-2,O=C1C=C2NC=CC2=CC1=O,C8H5NO2,19.5,9.3,7.8,147.1,,,,heterocyclic,,pang2024,https://github.com/jiayunpang/hsp_embedding,https://pubchem.ncbi.nlm.nih.gov/compound/440728,
5-Bromo-2-Nitrobenzotrifluoride,344-38-7,[O-][N+](=O)c1ccc(Br)cc1C(F)(F)F,C7H3BrF3NO2,20.0,6.0,4.9,270.0,,,,halogenated,,pang2024,https://github.com/jiayunpang/hsp_embedding,https://pubchem.ncbi.nlm.nih.gov/compound/136171,
5-Methyl Furfural,620-02-0,CC1=CC=C(O1)C=O,,18.0,12.5,7.2,110.1,187.0,1.106,99.54792043399637,heterocyclic,H227,mendeley,https://data.mendeley.com/datasets/b4dmjzk8w6/1,https://data.mendeley.com/datasets/b4dmjzk8w6/1,https://data.mendeley.com/datasets/b4dmjzk8w6/1
5-Methyl Thiazole,3581-89-3,CC1=CN=CS1,,18.56,6.86,7.55,99.15,142.0,1.12,88.52678571428571,heterocyclic,H226-H315-H319-H335,mendeley,https://data.mendeley.com/datasets/b4dmjzk8w6/1,https://data.mendeley.com/datasets/b4dmjzk8w6/1,https://data.mendeley.com/datasets/b4dmjzk8w6/1
5-Methyl-1-Hexyne,2203-80-7,C#CCCC(C)C,,15.4,2.7,2.6,96.2,93.0,0.731,131.60054719562245,hydrocarbon,H225,mendeley,https://data.mendeley.com/datasets/b4dmjzk8w6/1,https://data.mendeley.com/datasets/b4dmjzk8w6/1,https://data.mendeley.com/datasets/b4dmjzk8w6/1
5-Methyl-2-Hepten-4-One,81925-81-7,CCC(C)C(=O)C=CC,,16.34,4.64,3.33,126.2,170.0,0.845,149.3491124260355,other,H226,mendeley,https://data.mendeley.com/datasets/b4dmjzk8w6/1,https://data.mendeley.com/datasets/b4dmjzk8w6/1,https://data.mendeley.com/datasets/b4dmjzk8w6/1
5-Methyluridine,1463-10-1,CC1=CN([C@@H]2O[C@H](CO)[C@@H](O)[C@H]2O)C(=O)NC1=O,C10H14N2O6,17.0,12.0,32.8,258.2,,,,other,,pang2024,https://github.com/jiayunpang/hsp_embedding,https://pubchem.ncbi.nlm.nih.gov/compound/445408,
5-tert-Butyl-m-xylene,98-19-1,CC1=CC(=CC(=C1)C(C)(C)C)C,,16.8,1.6,1.9,162.27,209.0,0.867,187.16262975778548,aromatic,H227,mendeley,https://data.mendeley.com/datasets/b4dmjzk8w6/1,https://data.mendeley.com/datasets/b4dmjzk8w6/1,https://data.mendeley.com/datasets/b4dmjzk8w6/1
5Methyl2Hexanone,,,,16.0,5.7,4.1,,,,142.8,other,,wolfram,https://datarepository.wolframcloud.com/resources/JoshuaSchrier_Hansen-Solubility-Parameters/,,
6-Chloro-2-Nitrotoluene,83-42-1,Cc1c(Cl)cccc1[N+]([O-])=O,C7H6ClNO2,20.3,9.6,3.8,171.6,,,,nitro,,pang2024,https://github.com/jiayunpang/hsp_embedding,https://pubchem.ncbi.nlm.nih.gov/compound/6740,
"9,10-Anthraquinone",84-65-1,O=C1c2ccccc2C(=O)c3ccccc13,C14H8O2,20.3,7.6,4.8,208.2,381.1,,145.6,other,,pang2024,https://github.com/jiayunpang/hsp_embedding,https://pubchem.ncbi.nlm.nih.gov/compound/6780,https://pubchem.ncbi.nlm.nih.gov/compound/6780
"9,10-Phenanthrenequinone",84-11-7,O=C1C(=O)c2ccccc2c3ccccc13,C14H8O2,20.3,17.1,4.8,208.2,360.0,,,other,,pang2024,https://github.com/jiayunpang/hsp_embedding,https://pubchem.ncbi.nlm.nih.gov/compound/6763,https://pubchem.ncbi.nlm.nih.gov/compound/6763
a-Methyl Styrene,98-83-9,CC(C1=CC=CC=C1)=C,,18.5,2.4,2.4,118.18,169.0,0.909,130.01100110011,aromatic,H226-H304-H317-H319-H335-H361-H411,mendeley,https://data.mendeley.com/datasets/b4dmjzk8w6/1,https://data.mendeley.com/datasets/b4dmjzk8w6/1,https://data.mendeley.com/datasets/b4dmjzk8w6/1
Acetaldehyde,75-07-0,O=CC,,14.7,12.5,7.9,44.05,20.8,,56.6,aldehyde,,solvpred,https://github.com/xueannafang/hsp_toolkit_solv_pred_v_2.0,https://github.com/xueannafang/hsp_toolkit_solv_pred_v_2.0,https://github.com/xueannafang/hsp_toolkit_solv_pred_v_2.0
Acetaldoxime,5780-37-0,CC=NO,C2H5NO,16.3,4.0,20.2,59.1,,,61.2,other,,pang2024,https://github.com/jiayunpang/hsp_embedding,https://pubchem.ncbi.nlm.nih.gov/compound/5324279,
Acetamide,60-35-5,CC(N)=O,C2H5NO,17.3,18.7,19.3,59.1,221.1,,60.8,amide,,pang2024,https://github.com/jiayunpang/hsp_embedding,https://pubchem.ncbi.nlm.nih.gov/compound/178,https://pubchem.ncbi.nlm.nih.gov/compound/178
Acetanilide,103-84-4,CC(=O)Nc1ccccc1,C8H9NO,20.6,14.4,13.5,135.2,303.9,,110.9,other,,pang2024,https://github.com/jiayunpang/hsp_embedding,https://pubchem.ncbi.nlm.nih.gov/compound/904,https://pubchem.ncbi.nlm.nih.gov/compound/904
Acetic acid,64-19-7,CC(=O)O,C2H4O2,14.5,8.0,13.5,60.05,118,1.049,57.1,acid,,handbook,https://hansen-solubility.com (Hansen Handbook 2007),https://hansen-solubility.com (Hansen Handbook 2007),https://hansen-solubility.com (Hansen Handbook 2007)
Acetic anhydride,108-24-7,CC(=O)OC(=O)C,,16.0,11.7,10.2,102.09,139.0,,94.5,other,,solvpred,https://github.com/xueannafang/hsp_toolkit_solv_pred_v_2.0,https://github.com/xueannafang/hsp_toolkit_solv_pred_v_2.0,https://github.com/xueannafang/hsp_toolkit_solv_pred_v_2.0
Acetoin Acetate,4906-24-5,CC(C(=O)C)OC(=O)C,,16.7,7.73,7.08,130.1,155.0,1.025,126.92682926829269,ester,H226-H315-H319-H335,mendeley,https://data.mendeley.com/datasets/b4dmjzk8w6/1,https://data.mendeley.com/datasets/b4dmjzk8w6/1,https://data.mendeley.com/datasets/b4dmjzk8w6/1
Acetoin Butyrate,84642-61-5,CCCC(=O)OC(C)C(=O)C,,16.46,7.05,5.72,158.2,216.0,0.982,161.0997963340122,ester,H226-H315-H319-H335,mendeley,https://data.mendeley.com/datasets/b4dmjzk8w6/1,https://data.mendeley.com/datasets/b4dmjzk8w6/1,https://data.mendeley.com/datasets/b4dmjzk8w6/1
Acetol,116-09-6,O=C(C)CO,,17.4,12.8,16.5,74.08,145.5,1.08,68.59259259259258,other,H226,mendeley,https://data.mendeley.com/datasets/b4dmjzk8w6/1,https://data.mendeley.com/datasets/b4dmjzk8w6/1,https://data.mendeley.com/datasets/b4dmjzk8w6/1
Acetone,67-64-1,CC(C)=O,C3H6O,15.5,10.4,7.0,58.08,56,0.791,74.0,ketone,H225-H319-H336,handbook,https://hansen-solubility.com (Hansen Handbook 2007),https://hansen-solubility.com (Hansen Handbook 2007),https://hansen-solubility.com (Hansen Handbook 2007)
Acetonitrile,75-05-8,CC#N,C2H3N,15.3,18.0,6.1,41.05,82,0.786,52.6,nitrile,H225-H302+H312+H332-H319,handbook,https://hansen-solubility.com (Hansen Handbook 2007),https://hansen-solubility.com (Hansen Handbook 2007),https://hansen-solubility.com (Hansen Handbook 2007)
Acetophenone,98-86-2,CC(C1=CC=CC=C1)=O,C8H8O,19.6,8.6,3.7,120.1,202,1.028,117.4,ketone,H227-H302-H319,handbook,https://hansen-solubility.com (Hansen Handbook 2007),https://hansen-solubility.com (Hansen Handbook 2007),https://hansen-solubility.com (Hansen Handbook 2007)
Acetoxime,127-06-0,CC(C)=NO,C3H7NO,16.3,3.7,10.9,73.1,133.0,,80.2,other,,pang2024,https://github.com/jiayunpang/hsp_embedding,https://pubchem.ncbi.nlm.nih.gov/compound/67180,https://pubchem.ncbi.nlm.nih.gov/compound/67180
Acetyl Salicylic Acid,50-78-2,CC(=O)Oc1ccccc1C(O)=O,C9H8O4,19.0,6.9,9.7,180.2,140,,133.5,acid,,pang2024,https://github.com/jiayunpang/hsp_embedding,https://pubchem.ncbi.nlm.nih.gov/compound/2244,https://pubchem.ncbi.nlm.nih.gov/compound/2244
Acetyl Triethyl Citrate,77-89-4,CCOC(=O)CC(CC(=O)OCC)(OC(C)=O)C(=O)OCC,C14H22O8,16.6,3.5,8.6,318.3,,,,ester,,pang2024,https://github.com/jiayunpang/hsp_embedding,https://pubchem.ncbi.nlm.nih.gov/compound/6504,
Acetylacetone,123-54-6,CC(=O)CC(C)=O,C5H8O2,16.1,10.0,6.2,100.1,140.4,,103.0,ketone,,pang2024,https://github.com/jiayunpang/hsp_embedding,https://pubchem.ncbi.nlm.nih.gov/compound/31261,https://pubchem.ncbi.nlm.nih.gov/compound/31261
Acetylbromide,506-96-7,CC(Br)=O,C2H3BrO,16.7,10.6,5.2,123.0,76.1,,74.0,halogenated,,pang2024,https://github.com/jiayunpang/hsp_embedding,https://pubchem.ncbi.nlm.nih.gov/compound/10482,https://pubchem.ncbi.nlm.nih.gov/compound/10482
AcetylChloride,75-36-5,CC(Cl)=O,C2H3ClO,15.8,10.6,3.9,78.5,50.9,,71.0,halogenated,,wolfram,https://datarepository.wolframcloud.com/resources/JoshuaSchrier_Hansen-Solubility-Parameters/,https://pubchem.ncbi.nlm.nih.gov/compound/6367,https://pubchem.ncbi.nlm.nih.gov/compound/6367
Acetylene (Ethyne),,C#C.C#C,C4H4,14.4,4.2,11.9,52.1,,,42.1,hydrocarbon,,pang2024,https://github.com/jiayunpang/hsp_embedding,https://pubchem.ncbi.nlm.nih.gov/compound/21989226,
Acetylfluorid,,,,14.7,14.0,5.7,,,,62.0,other,,hansen_a1,https://hansen-solubility.com (Hansen Handbook Appendix Table A.1),,
Acetylfluoride,557-99-3,CC(F)=O,C2H3FO,14.7,14.0,5.7,62.0,,,,other,,pang2024,https://github.com/jiayunpang/hsp_embedding,https://pubchem.ncbi.nlm.nih.gov/compound/11204,
Acridine,260-94-6,c1ccc2nc3ccccc3cc2c1,C13H9N,20.0,5.9,2.0,179.2,346.1,,163.0,heterocyclic,,pang2024,https://github.com/jiayunpang/hsp_embedding,https://pubchem.ncbi.nlm.nih.gov/compound/9215,https://pubchem.ncbi.nlm.nih.gov/compound/9215
Acrolein,107-02-8,C=CC=O,C3H4O,15.5,10.0,8.6,56.1,52.2,,66.7,other,,pang2024,https://github.com/jiayunpang/hsp_embedding,https://pubchem.ncbi.nlm.nih.gov/compound/7847,https://pubchem.ncbi.nlm.nih.gov/compound/7847
Acrylamide,79-06-1,NC(=O)C=C,C3H5NO,15.8,12.1,12.8,71.1,87.2,,63.4,other,,pang2024,https://github.com/jiayunpang/hsp_embedding,https://pubchem.ncbi.nlm.nih.gov/compound/6579,https://pubchem.ncbi.nlm.nih.gov/compound/6579
Acrylic Acid,79-10-7,OC(=O)C=C,C3H4O2,16.6,6.4,10.0,72.1,141.1,,,acid,,pang2024,https://github.com/jiayunpang/hsp_embedding,https://pubchem.ncbi.nlm.nih.gov/compound/6581,https://pubchem.ncbi.nlm.nih.gov/compound/6581
Acrylonitrile,107-13-1,C=CC#N,C3H3N,16.0,12.8,6.8,53.06,77.2,,67.1,nitrile,,solvpred,https://github.com/xueannafang/hsp_toolkit_solv_pred_v_2.0,https://github.com/xueannafang/hsp_toolkit_solv_pred_v_2.0,https://github.com/xueannafang/hsp_toolkit_solv_pred_v_2.0
Acrylylchloride,814-68-6,ClC(=O)C=C,C3H3ClO,16.2,11.6,5.4,90.5,75.0,,81.3,halogenated,,pang2024,https://github.com/jiayunpang/hsp_embedding,https://pubchem.ncbi.nlm.nih.gov/compound/13140,https://pubchem.ncbi.nlm.nih.gov/compound/13140
Adenine,73-24-5,Nc1ncnc2nc[nH]c12,C5H5N5,20.0,16.0,14.9,135.1,,,,other,,pang2024,https://github.com/jiayunpang/hsp_embedding,https://pubchem.ncbi.nlm.nih.gov/compound/190,
Adipic Acid,124-04-9,OC(=O)CCCCC(O)=O,C6H10O4,17.1,10.0,16.3,146.1,337.5,,107.5,acid,,pang2024,https://github.com/jiayunpang/hsp_embedding,https://pubchem.ncbi.nlm.nih.gov/compound/196,https://pubchem.ncbi.nlm.nih.gov/compound/196
Adonitol,488-81-3,OCC(O)C(O)C(O)CO,C5H12O5,18.0,12.0,36.0,152.2,,,,other,,pang2024,https://github.com/jiayunpang/hsp_embedding,https://pubchem.ncbi.nlm.nih.gov/compound/6912,
Adrenalin,51-43-4,CNCC(O)c1ccc(O)c(O)c1,C9H13NO3,20.5,8.7,19.9,183.2,215,,,other,,pang2024,https://github.com/jiayunpang/hsp_embedding,https://pubchem.ncbi.nlm.nih.gov/compound/5816,https://pubchem.ncbi.nlm.nih.gov/compound/5816
Allyl Acetate,591-87-7,CC(=O)OCC=C,C5H8O2,15.7,4.5,8.0,100.1,103.5,,108.5,ester,,pang2024,https://github.com/jiayunpang/hsp_embedding,https://pubchem.ncbi.nlm.nih.gov/compound/11584,https://pubchem.ncbi.nlm.nih.gov/compound/11584
Allyl Acetic Acid,591-80-0,OC(=O)CCC=C,C5H8O2,16.7,4.7,11.3,100.1,,,102.1,acid,,pang2024,https://github.com/jiayunpang/hsp_embedding,https://pubchem.ncbi.nlm.nih.gov/compound/61138,
Allyl Acetoacetate,1118-84-9,CC(=O)CC(=O)OCC=C,C7H10O3,15.9,6.9,8.6,142.2,,,,ester,,pang2024,https://github.com/jiayunpang/hsp_embedding,https://pubchem.ncbi.nlm.nih.gov/compound/70701,
Allyl alcohol,107-18-6,C=CCO,,16.2,10.8,16.8,58.08,96.9,,68.4,alcohol,,solvpred,https://github.com/xueannafang/hsp_toolkit_solv_pred_v_2.0,https://github.com/xueannafang/hsp_toolkit_solv_pred_v_2.0,https://github.com/xueannafang/hsp_toolkit_solv_pred_v_2.0
Allyl Amine,107-11-9,NCC=C,C3H7N,15.5,5.7,10.6,57.1,57.8,,74.9,amine,,pang2024,https://github.com/jiayunpang/hsp_embedding,https://pubchem.ncbi.nlm.nih.gov/compound/7853,https://pubchem.ncbi.nlm.nih.gov/compound/7853
Allyl Bromide,106-95-6,BrCC=C,C3H5Br,16.5,7.3,4.9,121.0,70.0,,86.5,halogenated,,pang2024,https://github.com/jiayunpang/hsp_embedding,https://pubchem.ncbi.nlm.nih.gov/compound/7841,https://pubchem.ncbi.nlm.nih.gov/compound/7841
Allyl Chloride,107-05-1,ClCC=C,C3H5Cl,17.0,6.2,2.3,76.5,45.0,,82.3,halogenated,,pang2024,https://github.com/jiayunpang/hsp_embedding,https://pubchem.ncbi.nlm.nih.gov/compound/7850,https://pubchem.ncbi.nlm.nih.gov/compound/7850
Allyl Cyanide,109-75-1,C=CCC#N,C4H5N,16.0,14.3,5.6,67.1,,,80.5,nitrile,,pang2024,https://github.com/jiayunpang/hsp_embedding,https://pubchem.ncbi.nlm.nih.gov/compound/8009,
Allyl Ethylether,557-31-3,CCOCC=C,C5H10O,15.0,4.8,5.1,86.1,,,112.6,ether,,pang2024,https://github.com/jiayunpang/hsp_embedding,https://pubchem.ncbi.nlm.nih.gov/compound/11191,
Allyl Fluoride,818-92-8,FCC=C,C3H5F,14.9,6.4,1.0,60.1,,,71.5,halogenated,,pang2024,https://github.com/jiayunpang/hsp_embedding,https://pubchem.ncbi.nlm.nih.gov/compound/69958,
Allyl Formate,1838-59-1,C=CCOC=O,C4H6O2,15.7,5.4,8.8,86.1,,,91.0,ester,,pang2024,https://github.com/jiayunpang/hsp_embedding,https://pubchem.ncbi.nlm.nih.gov/compound/61278,
Allyl Iodide,556-56-9,ICC=C,C3H5I,18.3,6.4,3.3,168.0,,,90.8,halogenated,,pang2024,https://github.com/jiayunpang/hsp_embedding,https://pubchem.ncbi.nlm.nih.gov/compound/11166,
Allyl Isocyanide,2835-21-4,C=CC[N+]#[C-],C4H5N,16.1,13.0,5.4,67.1,,,84.5,nitrile,,pang2024,https://github.com/jiayunpang/hsp_embedding,https://pubchem.ncbi.nlm.nih.gov/compound/137740,
Allyl Isopropyl Ether,6140-80-3,CC(C)OCC=C,C6H12O,15.0,4.1,7.1,100.2,,,129.0,ether,,pang2024,https://github.com/jiayunpang/hsp_embedding,https://pubchem.ncbi.nlm.nih.gov/compound/138673,
Allyl Isothiocyanate,57-06-7,C=CCN=C=S,C4H5NS,17.0,11.3,8.5,99.2,151.1,,,other,,pang2024,https://github.com/jiayunpang/hsp_embedding,https://pubchem.ncbi.nlm.nih.gov/compound/5971,https://pubchem.ncbi.nlm.nih.gov/compound/5971
Allyl Mercaptan,870-23-5,SCC=C,C3H6S,16.4,6.2,7.9,74.2,67.0,,80.2,sulfur compound,,pang2024,https://github.com/jiayunpang/hsp_embedding,https://pubchem.ncbi.nlm.nih.gov/compound/13367,https://pubchem.ncbi.nlm.nih.gov/compound/13367
Allyl Methacrylate,96-05-9,CC(=C)C(=O)OCC=C,C7H10O2,15.2,4.1,7.5,126.2,150.0,,,ester,,pang2024,https://github.com/jiayunpang/hsp_embedding,https://pubchem.ncbi.nlm.nih.gov/compound/7274,https://pubchem.ncbi.nlm.nih.gov/compound/7274
Allyl Methyl Ether,627-40-7,COCC=C,C4H8O,15.0,4.3,5.9,72.1,,,93.7,ether,,pang2024,https://github.com/jiayunpang/hsp_embedding,https://pubchem.ncbi.nlm.nih.gov/compound/69392,
Allyl Methyl Sulfide,10152-76-8,CSCC=C,,17.0,4.4,4.5,88.2,91.0,0.881,100.11350737797957,sulfur compound,H225,mendeley,https://data.mendeley.com/datasets/b4dmjzk8w6/1,https://data.mendeley.com/datasets/b4dmjzk8w6/1,https://data.mendeley.com/datasets/b4dmjzk8w6/1
Allylacetonitrile,592-51-8,C=CCCC#N,C5H7N,16.3,11.2,5.0,81.1,140.0,,98.5,nitrile,,pang2024,https://github.com/jiayunpang/hsp_embedding,https://pubchem.ncbi.nlm.nih.gov/compound/11604,https://pubchem.ncbi.nlm.nih.gov/compound/11604
Allylbenzene,300-57-2,C=CCC1=CC=CC=C1,,17.6,2.3,3.5,118.2,157.0,0.892,132.51121076233184,aromatic,H226-H304,mendeley,https://data.mendeley.com/datasets/b4dmjzk8w6/1,https://data.mendeley.com/datasets/b4dmjzk8w6/1,https://data.mendeley.com/datasets/b4dmjzk8w6/1
Allylcyclopentane,3524-75-2,C=CCC1CCCC1,,16.4,1.4,2.6,110.2,127.0,0.792,139.14141414141415,hydrocarbon,H225-H302+H332,mendeley,https://data.mendeley.com/datasets/b4dmjzk8w6/1,https://data.mendeley.com/datasets/b4dmjzk8w6/1,https://data.mendeley.com/datasets/b4dmjzk8w6/1
alpha-Pinene,80-56-8,,,16.3,1.4,2.6,136.2,156,0.858,158.6,terpene,,handbook,https://hansen-solubility.com (Hansen Handbook 2007),https://hansen-solubility.com (Hansen Handbook 2007),https://hansen-solubility.com (Hansen Handbook 2007)
Ammonia,7664-41-7,N,H3N,13.7,16.7,18.8,17.0,-33.3,,20.8,other,,pang2024,https://github.com/jiayunpang/hsp_embedding,https://pubchem.ncbi.nlm.nih.gov/compound/222,https://pubchem.ncbi.nlm.nih.gov/compound/222
Amphetamine,300-62-9,CC(N)Cc1ccccc1,C9H13N,17.5,4.3,6.3,135.2,202.8,,,amine,,pang2024,https://github.com/jiayunpang/hsp_embedding,https://pubchem.ncbi.nlm.nih.gov/compound/3007,https://pubchem.ncbi.nlm.nih.gov/compound/3007
Amyl Acetate,628-63-7,O=C(OCCCCC)C,,15.8,3.3,6.1,130.19,145.0,0.9,144.65555555555554,ester,H226,mendeley,https://data.mendeley.com/datasets/b4dmjzk8w6/1,https://data.mendeley.com/datasets/b4dmjzk8w6/1,https://data.mendeley.com/datasets/b4dmjzk8w6/1
AmylAlcohol,71-41-0,,C5H12O,16.0,4.5,13.9,88.2,137.8,,109.0,alcohol,,wolfram,https://datarepository.wolframcloud.com/resources/JoshuaSchrier_Hansen-Solubility-Parameters/,https://pubchem.ncbi.nlm.nih.gov/compound/6276,https://pubchem.ncbi.nlm.nih.gov/compound/6276
Anethole,104-46-1,COc1ccc(C=CC)cc1,C10H12O,18.5,4.3,6.0,148.2,234.5,,,other,,pang2024,https://github.com/jiayunpang/hsp_embedding,https://pubchem.ncbi.nlm.nih.gov/compound/637563,https://pubchem.ncbi.nlm.nih.gov/compound/637563
Aniline,62-53-3,C1=CC=C(C=C1)N,C6H7N,19.4,5.1,10.2,93.13,184,1.022,91.5,amine,,handbook,https://hansen-solubility.com (Hansen Handbook 2007),https://hansen-solubility.com (Hansen Handbook 2007),https://hansen-solubility.com (Hansen Handbook 2007)
Anisaldehyde,123-11-5,COc1ccc(C=O)cc1,C8H8O2,19.4,11.9,8.3,136.2,255.0,,,aldehyde,,pang2024,https://github.com/jiayunpang/hsp_embedding,https://pubchem.ncbi.nlm.nih.gov/compound/31244,https://pubchem.ncbi.nlm.nih.gov/compound/31244
Anisidine (2-Methoxyaniline),90-04-0,COC(C=CC=C1)=C1N,,19.5,5.4,11.4,123.15,224.0,1.1,111.95454545454545,amine,H301-H311-H331-H341-H350,mendeley,https://data.mendeley.com/datasets/b4dmjzk8w6/1,https://data.mendeley.com/datasets/b4dmjzk8w6/1,https://data.mendeley.com/datasets/b4dmjzk8w6/1
Anisole,100-66-3,COC1=CC=CC=C1,,17.8,4.4,6.9,108.1,154,0.995,109.2,ether,H226,handbook,https://hansen-solubility.com (Hansen Handbook 2007),https://hansen-solubility.com (Hansen Handbook 2007),https://hansen-solubility.com (Hansen Handbook 2007)
Ascorbic Acid,50-81-7,OCC(O)C1OC(=C(O)C1=O)O,C6H8O6,18.0,11.7,25.5,176.1,,,,acid,,pang2024,https://github.com/jiayunpang/hsp_embedding,https://pubchem.ncbi.nlm.nih.gov/compound/54670067,
Azidoethane,871-31-8,CCN=[N+]=[N-],C2H5N3,15.9,8.9,12.9,71.1,,,79.0,other,,pang2024,https://github.com/jiayunpang/hsp_embedding,https://pubchem.ncbi.nlm.nih.gov/compound/79118,
Benzal Chloride,98-87-3,ClC(Cl)c1ccccc1,C7H6Cl2,19.0,7.6,2.4,161.0,205.0,,134.2,halogenated,,pang2024,https://github.com/jiayunpang/hsp_embedding,https://pubchem.ncbi.nlm.nih.gov/compound/7411,https://pubchem.ncbi.nlm.nih.gov/compound/7411
Benzaldehyde,100-52-7,O=C(C1=CC=CC=C1)[H],C7H6O,19.4,7.4,5.3,106.12,179.0,1.05,101.06666666666666,aldehyde,H227-H302+H332-H319-H335,mendeley,https://data.mendeley.com/datasets/b4dmjzk8w6/1,https://data.mendeley.com/datasets/b4dmjzk8w6/1,https://data.mendeley.com/datasets/b4dmjzk8w6/1
Benzamide,55-21-0,NC(=O)c1ccccc1,C7H7NO,21.2,14.7,11.2,121.1,290.0,,90.3,other,,pang2024,https://github.com/jiayunpang/hsp_embedding,https://pubchem.ncbi.nlm.nih.gov/compound/2331,https://pubchem.ncbi.nlm.nih.gov/compound/2331
Benzene,71-43-2,C1=CC=CC=C1,C6H6,18.4,0.0,2.0,78.11,80,0.879,89.4,aromatic,H225-H304-H315-H319-H340-H350-H372-H412,handbook,https://hansen-solubility.com (Hansen Handbook 2007),https://hansen-solubility.com (Hansen Handbook 2007),https://hansen-solubility.com (Hansen Handbook 2007)
Benzimidazole,51-17-2,[nH]1cnc2ccccc12,C7H6N2,20.6,14.9,11.0,118.1,360.0,,102.7,amine,,pang2024,https://github.com/jiayunpang/hsp_embedding,https://pubchem.ncbi.nlm.nih.gov/compound/5798,https://pubchem.ncbi.nlm.nih.gov/compound/5798
Benzisoxazole,271-95-4,o1ncc2ccccc12,C7H5NO,20.6,11.5,8.8,119.1,,,100.7,heterocyclic,,pang2024,https://github.com/jiayunpang/hsp_embedding,https://pubchem.ncbi.nlm.nih.gov/compound/71073,
Benzoic acid,65-85-0,C1=CC=C(C=C1)C(=O)O,,18.2,6.9,9.8,122.12,249.2,,113.1,acid,,solvpred,https://github.com/xueannafang/hsp_toolkit_solv_pred_v_2.0,https://github.com/xueannafang/hsp_toolkit_solv_pred_v_2.0,https://github.com/xueannafang/hsp_toolkit_solv_pred_v_2.0
Benzoin,119-53-9,OC(c1ccccc1)C(=O)c2ccccc2,C14H12O2,19.9,9.7,10.7,212.2,343.9,,,other,,pang2024,https://github.com/jiayunpang/hsp_embedding,https://pubchem.ncbi.nlm.nih.gov/compound/8400,https://pubchem.ncbi.nlm.nih.gov/compound/8400
Benzonitrile,100-47-0,N#CC1=CC=CC=C1,C7H5N,18.8,12.0,3.3,103.12,191.0,1.007,102.40317775571005,nitrile,H227-H302+H312,mendeley,https://data.mendeley.com/datasets/b4dmjzk8w6/1,https://data.mendeley.com/datasets/b4dmjzk8w6/1,https://data.mendeley.com/datasets/b4dmjzk8w6/1
Benzophenone,119-61-9,O=C(c1ccccc1)c2ccccc2,C13H10O,19.5,7.2,5.1,182.2,305.9,,164.2,other,,pang2024,https://github.com/jiayunpang/hsp_embedding,https://pubchem.ncbi.nlm.nih.gov/compound/3102,https://pubchem.ncbi.nlm.nih.gov/compound/3102
Benzothiazole,95-16-9,s1cnc2ccccc12,C7H5NS,20.6,5.2,8.4,135.2,227.5,,108.5,heterocyclic,,pang2024,https://github.com/jiayunpang/hsp_embedding,https://pubchem.ncbi.nlm.nih.gov/compound/7222,https://pubchem.ncbi.nlm.nih.gov/compound/7222
Benzotrichloride,98-07-7,ClC(Cl)(Cl)c1ccccc1,C7H5Cl3,19.4,3.2,3.2,195.5,220.8,,,halogenated,,pang2024,https://github.com/jiayunpang/hsp_embedding,https://pubchem.ncbi.nlm.nih.gov/compound/7367,https://pubchem.ncbi.nlm.nih.gov/compound/7367
Benzoxazole,273-53-0,C1=CC=C2C(=C1)N=CO2,,20.6,11.5,8.8,119.12,182.5,1.175,101.37872340425533,heterocyclic,H228-H302-H315-H319-H335,mendeley,https://data.mendeley.com/datasets/b4dmjzk8w6/1,https://data.mendeley.com/datasets/b4dmjzk8w6/1,https://data.mendeley.com/datasets/b4dmjzk8w6/1
Benzoyl Chloride,98-88-4,ClC(=O)c1ccccc1,C7H5ClO,19.3,6.8,4.5,140.6,197.2,,116.0,halogenated,,pang2024,https://github.com/jiayunpang/hsp_embedding,https://pubchem.ncbi.nlm.nih.gov/compound/7412,https://pubchem.ncbi.nlm.nih.gov/compound/7412
Benzyl Acetate,140-11-4,CC(=O)OCc1ccccc1,C9H10O2,18.3,5.7,6.0,150.2,215.5,,142.8,ester,,pang2024,https://github.com/jiayunpang/hsp_embedding,https://pubchem.ncbi.nlm.nih.gov/compound/8785,https://pubchem.ncbi.nlm.nih.gov/compound/8785
Benzyl alcohol,100-51-6,OCC1=CC=CC=C1,C7H8O,18.4,6.3,13.7,108.1,205,1.045,103.6,alcohol,H302 + H332-H319,handbook,https://hansen-solubility.com (Hansen Handbook 2007),https://hansen-solubility.com (Hansen Handbook 2007),https://hansen-solubility.com (Hansen Handbook 2007)
Benzyl Amine,100-46-9,NCc1ccccc1,C7H9N,19.0,4.6,9.4,107.2,184.5,,109.2,amine,,pang2024,https://github.com/jiayunpang/hsp_embedding,https://pubchem.ncbi.nlm.nih.gov/compound/7504,https://pubchem.ncbi.nlm.nih.gov/compound/7504
Benzyl Benzoate,120-51-4,O=C(OCC2=CC=CC=C2)C1=CC=CC=C1,,20.0,5.1,5.2,212.25,323.5,1.1121,190.85513892635552,ester,H302-H400-H410-H411,mendeley,https://data.mendeley.com/datasets/b4dmjzk8w6/1,https://data.mendeley.com/datasets/b4dmjzk8w6/1,https://data.mendeley.com/datasets/b4dmjzk8w6/1
Benzyl butyl phthalate,85-68-7,CCCCOC(=O)C1=CC=CC=C1C(=O)OCC2=CC=CC=C2,,19.0,11.2,3.1,312.4,370.0,,306.0,ester,,solvpred,https://github.com/xueannafang/hsp_toolkit_solv_pred_v_2.0,https://github.com/xueannafang/hsp_toolkit_solv_pred_v_2.0,https://github.com/xueannafang/hsp_toolkit_solv_pred_v_2.0
Benzyl chloride,100-44-7,C1=CC=C(C=C1)CCl,,18.8,7.1,2.6,126.58,174.0,,115.0,halogenated,,solvpred,https://github.com/xueannafang/hsp_toolkit_solv_pred_v_2.0,https://github.com/xueannafang/hsp_toolkit_solv_pred_v_2.0,https://github.com/xueannafang/hsp_toolkit_solv_pred_v_2.0
Benzyl Ethyl Ether,539-30-0,CCOCc1ccccc1,C9H12O,18.4,3.8,3.8,136.2,88.0,,144.2,ether,,pang2024,https://github.com/jiayunpang/hsp_embedding,https://pubchem.ncbi.nlm.nih.gov/compound/10873,https://pubchem.ncbi.nlm.nih.gov/compound/10873
Benzyl Mercaptan,100-53-8,SCC1=CC=CC=C1,,19.3,4.8,5.6,124.2,195.0,1.058,117.39130434782608,sulfur compound,H227-H302-H319-H330-H410,mendeley,https://data.mendeley.com/datasets/b4dmjzk8w6/1,https://data.mendeley.com/datasets/b4dmjzk8w6/1,https://data.mendeley.com/datasets/b4dmjzk8w6/1
Benzyl Methacrylate,2495-37-6,CC(=C)C(=O)OCC1=CC=CC=C1,,16.8,4.1,4.1,176.22,233.0,1.04,169.44230769230768,ester,H315-H319-H335,mendeley,https://data.mendeley.com/datasets/b4dmjzk8w6/1,https://data.mendeley.com/datasets/b4dmjzk8w6/1,https://data.mendeley.com/datasets/b4dmjzk8w6/1
Benzyl Methyl Ether,538-86-3,COCC1=CC=CC=C1,,17.7,4.1,4.6,122.2,175.0,0.95,128.63157894736844,ether,H226,mendeley,https://data.mendeley.com/datasets/b4dmjzk8w6/1,https://data.mendeley.com/datasets/b4dmjzk8w6/1,https://data.mendeley.com/datasets/b4dmjzk8w6/1
Benzyl Methyl Ketone,103-79-7,c(ccc1CC(=O)C)cc1,,18.2,5.7,4.6,134.2,214.0,1.016,132.08661417322833,ketone,,mendeley,https://data.mendeley.com/datasets/b4dmjzk8w6/1,https://data.mendeley.com/datasets/b4dmjzk8w6/1,https://data.mendeley.com/datasets/b4dmjzk8w6/1
BenzylEther,103-50-4,,C14H14O,17.4,3.7,7.4,198.3,298.0,,192.7,ether,,wolfram,https://datarepository.wolframcloud.com/resources/JoshuaSchrier_Hansen-Solubility-Parameters/,https://pubchem.ncbi.nlm.nih.gov/compound/7657,https://pubchem.ncbi.nlm.nih.gov/compound/7657
beta-Propiolactone,57-57-8,,C3H4O2,19.7,18.2,10.3,72.1,61.0,,65.5,ester,,hansen_a1,https://hansen-solubility.com (Hansen Handbook Appendix Table A.1),https://pubchem.ncbi.nlm.nih.gov/compound/2365,https://pubchem.ncbi.nlm.nih.gov/compound/2365
Bicyclohexyl,92-51-3,C2(CCCCC2)C1CCCCC1,,17.0,0.0,0.0,166.3,227.0,0.864,192.47685185185188,aromatic,H227-H315-H319-H400-H410,mendeley,https://data.mendeley.com/datasets/b4dmjzk8w6/1,https://data.mendeley.com/datasets/b4dmjzk8w6/1,https://data.mendeley.com/datasets/b4dmjzk8w6/1
Biphenyl,92-52-4,C1=CC=C(C=C1)C2=CC=CC=C2,,19.7,1.0,2.0,154.21,256.1,,155.1,aromatic,,solvpred,https://github.com/xueannafang/hsp_toolkit_solv_pred_v_2.0,https://github.com/xueannafang/hsp_toolkit_solv_pred_v_2.0,https://github.com/xueannafang/hsp_toolkit_solv_pred_v_2.0
"Bis(2-ethylhexyl)phthalate (BEHP, dioctyl phthalate)",117-84-0,,C24H38O4,16.6,7.0,3.1,390.56,220.0,,377.0,ester,,accudyne,https://www.accudynetest.com/solubility_table.html,https://www.accudynetest.com/solubility_table.html,https://pubchem.ncbi.nlm.nih.gov/compound/8346
Bis(Chloromethyl)Ether,542-88-1,ClCOCCl,C2H4Cl2O,17.2,8.2,7.6,115.0,106.1,,,ether,,pang2024,https://github.com/jiayunpang/hsp_embedding,https://pubchem.ncbi.nlm.nih.gov/compound/10967,https://pubchem.ncbi.nlm.nih.gov/compound/10967
Bis-(m-phenoxyphenyl) ether,748-30-1,C1=CC=C(C=C1)OC2=CC(=CC=C2)OC3=CC=CC(=C3)OC4=CC=CC=C4,,19.6,3.1,5.1,354.4,-1.0,,373.0,ether,,solvpred,https://github.com/xueannafang/hsp_toolkit_solv_pred_v_2.0,https://github.com/xueannafang/hsp_toolkit_solv_pred_v_2.0,https://github.com/xueannafang/hsp_toolkit_solv_pred_v_2.0
Bis2ChloroisopropylEther,,,,19.0,8.2,5.1,,,,146.0,ether,,wolfram,https://datarepository.wolframcloud.com/resources/JoshuaSchrier_Hansen-Solubility-Parameters/,,
Bisphenol A,80-05-7,CC(C)(c1ccc(O)cc1)c2ccc(O)cc2,C15H16O2,19.2,5.9,13.8,228.3,220.0,,,alcohol,,pang2024,https://github.com/jiayunpang/hsp_embedding,https://pubchem.ncbi.nlm.nih.gov/compound/6623,https://pubchem.ncbi.nlm.nih.gov/compound/6623
Biuret,108-19-0,NC(=O)NC(N)=O,C2H5N3O2,20.0,14.6,18.8,103.1,,,70.3,other,,pang2024,https://github.com/jiayunpang/hsp_embedding,https://pubchem.ncbi.nlm.nih.gov/compound/7913,
Borine Carbonyl,,,,17.0,10.2,6.9,,,,41.8,other,,hansen_a1,https://hansen-solubility.com (Hansen Handbook Appendix Table A.1),,
Bornyl Acetate,5655-61-8,CC(=O)O[C@@H]1C[C@@H]2CC[C@]1(C2(C)C)C,,16.7,2.7,3.0,196.3,230.0,0.98,200.3061224489796,ester,-,mendeley,https://data.mendeley.com/datasets/b4dmjzk8w6/1,https://data.mendeley.com/datasets/b4dmjzk8w6/1,https://data.mendeley.com/datasets/b4dmjzk8w6/1
Boron Trichloride,10294-34-5,ClB(Cl)Cl,BCl3,16.6,2.5,0.0,117.2,12.5,,,halogenated,,pang2024,https://github.com/jiayunpang/hsp_embedding,https://pubchem.ncbi.nlm.nih.gov/compound/25135,https://pubchem.ncbi.nlm.nih.gov/compound/25135
Bread Thiophene,13679-70-4,CC1=CC=C(S1)C=O,,18.9,12.5,8.1,126.18,234.0,1.17,107.84615384615385,heterocyclic,H227-H302,mendeley,https://data.mendeley.com/datasets/b4dmjzk8w6/1,https://data.mendeley.com/datasets/b4dmjzk8w6/1,https://data.mendeley.com/datasets/b4dmjzk8w6/1
Bromine,7726-95-6,[Br],Br2,18.2,14.9,0.0,159.81,59.6,,51.5,halogenated,,accudyne,https://www.accudynetest.com/solubility_table.html,https://www.accudynetest.com/solubility_table.html,https://pubchem.ncbi.nlm.nih.gov/compound/24408
Bromoacetylene,593-61-3,BrC#C,C2HBr,15.7,9.9,5.6,104.9,,,67.7,halogenated,,pang2024,https://github.com/jiayunpang/hsp_embedding,https://pubchem.ncbi.nlm.nih.gov/compound/136381,
Bromobenzene,108-86-1,BrC1=CC=CC=C1,,19.2,5.5,4.1,157.01,156.0,1.5,104.67333333333333,halogenated,H226-H315-H411,mendeley,https://data.mendeley.com/datasets/b4dmjzk8w6/1,https://data.mendeley.com/datasets/b4dmjzk8w6/1,https://data.mendeley.com/datasets/b4dmjzk8w6/1
Bromochloromethane,74-97-5,C(Cl)Br,,17.3,5.7,3.5,129.38,68.0,,65.0,halogenated,,solvpred,https://github.com/xueannafang/hsp_toolkit_solv_pred_v_2.0,https://github.com/xueannafang/hsp_toolkit_solv_pred_v_2.0,https://github.com/xueannafang/hsp_toolkit_solv_pred_v_2.0
Bromoethane,74-96-4,,C2H5Br,16.6,8.0,5.1,109.0,38.4,,76.9,halogenated,,wolfram,https://datarepository.wolframcloud.com/resources/JoshuaSchrier_Hansen-Solubility-Parameters/,https://pubchem.ncbi.nlm.nih.gov/compound/6332,https://pubchem.ncbi.nlm.nih.gov/compound/6332
Bromoethylene,593-60-2,BrC=C,C2H3Br,15.9,6.3,5.4,107.0,15.8,,71.6,halogenated,,pang2024,https://github.com/jiayunpang/hsp_embedding,https://pubchem.ncbi.nlm.nih.gov/compound/11641,https://pubchem.ncbi.nlm.nih.gov/compound/11641
Bromoform,75-25-2,[H]C(Br)(Br)Br,,20.0,5.0,7.0,252.73,149.5,2.89,87.44982698961937,halogenated,H302-H315-H319-H331-H411,mendeley,https://data.mendeley.com/datasets/b4dmjzk8w6/1,https://data.mendeley.com/datasets/b4dmjzk8w6/1,https://data.mendeley.com/datasets/b4dmjzk8w6/1
Bromomethyl Methyl Ether,13057-17-5,COCBr,C2H5BrO,16.9,8.5,7.0,125.0,,,,ether,,pang2024,https://github.com/jiayunpang/hsp_embedding,https://pubchem.ncbi.nlm.nih.gov/compound/83093,
Bromoprene,,,,16.9,6.4,4.7,,,,95.2,halogenated,,hansen_a1,https://hansen-solubility.com (Hansen Handbook Appendix Table A.1),,
Bromotrichloro Methane,75-62-7,ClC(Cl)(Cl)Br,CBrCl3,18.3,8.1,6.0,198.3,105.0,,,halogenated,,pang2024,https://github.com/jiayunpang/hsp_embedding,https://pubchem.ncbi.nlm.nih.gov/compound/6383,https://pubchem.ncbi.nlm.nih.gov/compound/6383
Bromotrifluoromethane,75-63-8,C(F)(F)(F)Br,,9.6,2.4,0.0,148.91,-57.8,,97.0,halogenated,,solvpred,https://github.com/xueannafang/hsp_toolkit_solv_pred_v_2.0,https://github.com/xueannafang/hsp_toolkit_solv_pred_v_2.0,https://github.com/xueannafang/hsp_toolkit_solv_pred_v_2.0
Butadiene-4-Cyano,,,,16.2,11.7,5.2,,,,93.7,other,,hansen_a1,https://hansen-solubility.com (Hansen Handbook Appendix Table A.1),,
Butadienedioxide,1464-53-5,C1OC1C2CO2,C4H6O2,18.3,14.4,6.2,86.1,143.9,,77.8,other,,pang2024,https://github.com/jiayunpang/hsp_embedding,https://pubchem.ncbi.nlm.nih.gov/compound/11254,https://pubchem.ncbi.nlm.nih.gov/compound/11254
Butadione,431-03-8,CC(=O)C(C)=O,C4H6O2,15.7,5.1,6.8,86.1,87.8,,87.8,other,,pang2024,https://github.com/jiayunpang/hsp_embedding,https://pubchem.ncbi.nlm.nih.gov/compound/650,https://pubchem.ncbi.nlm.nih.gov/compound/650
Butane,106-97-8,CCCC,,14.1,0.0,0.0,58.12,-0.5,,101.4,hydrocarbon,,solvpred,https://github.com/xueannafang/hsp_toolkit_solv_pred_v_2.0,https://github.com/xueannafang/hsp_toolkit_solv_pred_v_2.0,https://github.com/xueannafang/hsp_toolkit_solv_pred_v_2.0
Butoxy Ethoxy Propanol,,CCCCOC(O)(CC)OCC,C9H20O3,15.5,6.5,10.2,176.2,,,,alcohol,,pang2024,https://github.com/jiayunpang/hsp_embedding,https://pubchem.ncbi.nlm.nih.gov/compound/21189325,
Butoxypropanol,120855-18-7,,C7H16O2,15.3,4.5,9.2,132.2,,,132.0,alcohol,,wolfram,https://datarepository.wolframcloud.com/resources/JoshuaSchrier_Hansen-Solubility-Parameters/,https://pubchem.ncbi.nlm.nih.gov/compound/3032854,
Butyl acrylate,141-32-2,CCCCOC(=O)C=C,,15.6,6.2,4.9,128.17,145.0,,143.8,ester,,solvpred,https://github.com/xueannafang/hsp_toolkit_solv_pred_v_2.0,https://github.com/xueannafang/hsp_toolkit_solv_pred_v_2.0,https://github.com/xueannafang/hsp_toolkit_solv_pred_v_2.0
Butyl Benzoate,136-60-7,O=C(C1=CC=CC=C1)OCCCC,,18.3,5.6,5.5,178.23,250.0,1.01,176.46534653465346,ester,H302-H315-H319-H335,mendeley,https://data.mendeley.com/datasets/b4dmjzk8w6/1,https://data.mendeley.com/datasets/b4dmjzk8w6/1,https://data.mendeley.com/datasets/b4dmjzk8w6/1
Butyl Formate,592-84-7,CCCCOC=O,C5H10O2,15.7,6.5,9.2,102.1,107.0,,114.8,ester,,pang2024,https://github.com/jiayunpang/hsp_embedding,https://pubchem.ncbi.nlm.nih.gov/compound/11614,https://pubchem.ncbi.nlm.nih.gov/compound/11614
Butyl Isopropenyl Ether,,CCCCOC(C)=C,C7H14O,14.8,5.3,5.0,114.2,,,,ether,,pang2024,https://github.com/jiayunpang/hsp_embedding,https://pubchem.ncbi.nlm.nih.gov/compound/14204591,
Butyl Lactate,138-22-7,O=C(C(O)C)OCCCC,,15.8,6.5,10.2,146.19,185.0,0.97,150.71134020618558,ester,H315-H319-H335,mendeley,https://data.mendeley.com/datasets/b4dmjzk8w6/1,https://data.mendeley.com/datasets/b4dmjzk8w6/1,https://data.mendeley.com/datasets/b4dmjzk8w6/1
Butyl Oleate,142-77-8,CCCCCCCC\C=C/CCCCCCCC(=O)OCCCC,C22H42O2,16.3,3.7,4.2,338.6,228.0,,,other,,pang2024,https://github.com/jiayunpang/hsp_embedding,https://pubchem.ncbi.nlm.nih.gov/compound/5354342,https://pubchem.ncbi.nlm.nih.gov/compound/5354342
Butyl-6-Methyl-3-Cyclohexene Carboxylate,,CCCCOC(=O)C1CC=CCC1C,C12H20O2,16.1,2.5,5.7,196.3,,,,other,,pang2024,https://github.com/jiayunpang/hsp_embedding,https://pubchem.ncbi.nlm.nih.gov/compound/86181957,
ButylAcetate,151-33-7,,C6H11O2-,15.8,3.7,6.3,115.2,,,132.5,ester,,wolfram,https://datarepository.wolframcloud.com/resources/JoshuaSchrier_Hansen-Solubility-Parameters/,https://pubchem.ncbi.nlm.nih.gov/compound/4398339,
Butylamine,109-73-9,CCCCN,,16.2,4.5,8.0,73.14,77.0,,99.0,amine,,solvpred,https://github.com/xueannafang/hsp_toolkit_solv_pred_v_2.0,https://github.com/xueannafang/hsp_toolkit_solv_pred_v_2.0,https://github.com/xueannafang/hsp_toolkit_solv_pred_v_2.0
Butyleneoxide,109-99-9,C1CCOC1,C4H8O,16.3,6.2,5.9,72.1,66.1,,87.5,other,,pang2024,https://github.com/jiayunpang/hsp_embedding,https://pubchem.ncbi.nlm.nih.gov/compound/8028,https://pubchem.ncbi.nlm.nih.gov/compound/8028
ButylPropionate,,,,15.7,5.5,5.9,,,,149.3,ester,,wolfram,https://datarepository.wolframcloud.com/resources/JoshuaSchrier_Hansen-Solubility-Parameters/,,
ButylStearate,123-95-5,CCCCCCCCCCCCCCCCCC(=O)OCCCC,C22H44O2,14.5,3.7,3.5,340.6,343.0,,382.0,other,,wolfram,https://datarepository.wolframcloud.com/resources/JoshuaSchrier_Hansen-Solubility-Parameters/,https://pubchem.ncbi.nlm.nih.gov/compound/31278,https://pubchem.ncbi.nlm.nih.gov/compound/31278
Butyraldehyde,123-72-8,CCCC=O,,15.6,10.1,6.2,72.11,75.0,0.8,90.13749999999999,aldehyde,H225,mendeley,https://data.mendeley.com/datasets/b4dmjzk8w6/1,https://data.mendeley.com/datasets/b4dmjzk8w6/1,https://data.mendeley.com/datasets/b4dmjzk8w6/1
Butyric acid,107-92-6,CCCC(=O)O,,14.9,4.1,10.6,88.11,163.7,,110.0,acid,,solvpred,https://github.com/xueannafang/hsp_toolkit_solv_pred_v_2.0,https://github.com/xueannafang/hsp_toolkit_solv_pred_v_2.0,https://github.com/xueannafang/hsp_toolkit_solv_pred_v_2.0
Butyric Anhydride,106-31-0,CCCC(=O)OC(=O)CCC,C8H14O3,15.8,10.3,4.5,158.2,200.0,,164.4,other,,pang2024,https://github.com/jiayunpang/hsp_embedding,https://pubchem.ncbi.nlm.nih.gov/compound/7798,https://pubchem.ncbi.nlm.nih.gov/compound/7798
Butyronitrile,109-74-0,CCCC#N,,15.3,12.4,5.1,69.11,117.5,,87.3,nitrile,,solvpred,https://github.com/xueannafang/hsp_toolkit_solv_pred_v_2.0,https://github.com/xueannafang/hsp_toolkit_solv_pred_v_2.0,https://github.com/xueannafang/hsp_toolkit_solv_pred_v_2.0
Butyrylchloride,141-75-3,CCCC(Cl)=O,C4H7ClO,16.8,9.4,4.8,106.5,102.2,,103.6,halogenated,,pang2024,https://github.com/jiayunpang/hsp_embedding,https://pubchem.ncbi.nlm.nih.gov/compound/8855,https://pubchem.ncbi.nlm.nih.gov/compound/8855
Caffeine,58-08-2,Cn1cnc2N(C)C(=O)N(C)C(=O)c12,C8H10N4O2,19.5,10.1,13.0,194.2,178,,,other,,pang2024,https://github.com/jiayunpang/hsp_embedding,https://pubchem.ncbi.nlm.nih.gov/compound/2519,https://pubchem.ncbi.nlm.nih.gov/compound/2519
Camphene,79-92-5,CC1(C)C2CCC(C2)C1=C,C10H16,16.4,1.8,3.1,136.2,154.4,,,terpene,,pang2024,https://github.com/jiayunpang/hsp_embedding,https://pubchem.ncbi.nlm.nih.gov/compound/6616,https://pubchem.ncbi.nlm.nih.gov/compound/6616
Caprolactone (Epsilon),502-44-3,O=C1OCCCCC1,,18.0,15.0,7.4,114.14,235.0,1.08,105.68518518518518,ester,H319,mendeley,https://data.mendeley.com/datasets/b4dmjzk8w6/1,https://data.mendeley.com/datasets/b4dmjzk8w6/1,https://data.mendeley.com/datasets/b4dmjzk8w6/1
Carbazole,86-74-8,[nH]1c2ccccc2c3ccccc13,C12H9N,21.7,6.4,6.2,167.2,355.0,,152.0,heterocyclic,,pang2024,https://github.com/jiayunpang/hsp_embedding,https://pubchem.ncbi.nlm.nih.gov/compound/6854,https://pubchem.ncbi.nlm.nih.gov/compound/6854
Carbon Dioxide,124-38-9,O=C=O,CO2,15.7,6.3,5.7,44.0,,,,other,,pang2024,https://github.com/jiayunpang/hsp_embedding,https://pubchem.ncbi.nlm.nih.gov/compound/280,
Carbon disulfide,75-15-0,S=C=S,,20.5,0.0,0.6,76.14,46,1.263,60.6,inorganic,H225-H315-H319-H332-H361fd-H372,handbook,https://hansen-solubility.com (Hansen Handbook 2007),https://hansen-solubility.com (Hansen Handbook 2007),https://hansen-solubility.com (Hansen Handbook 2007)
Carbon tetrachloride,56-23-5,C(Cl)(Cl)(Cl)Cl,CCl4,17.8,0.0,0.6,153.8,77,1.594,97.1,halogenated,,handbook,https://hansen-solubility.com (Hansen Handbook 2007),https://hansen-solubility.com (Hansen Handbook 2007),https://hansen-solubility.com (Hansen Handbook 2007)
Carbonyl Cyanide,1115-12-4,O=C(C#N)C#N,C3N2O,15.0,6.3,8.0,80.0,,,71.2,nitrile,,pang2024,https://github.com/jiayunpang/hsp_embedding,https://pubchem.ncbi.nlm.nih.gov/compound/517957,
Carbonyl Sulfide,463-58-1,O=C=S,COS,17.4,3.7,0.0,60.1,-50.0,,,sulfur compound,,pang2024,https://github.com/jiayunpang/hsp_embedding,https://pubchem.ncbi.nlm.nih.gov/compound/10039,https://pubchem.ncbi.nlm.nih.gov/compound/10039
Caryophyllene,87-44-5,CC1=CCCC(=C)[C@H]2CC([C@@H]2CC1)(C)C,,16.8,0.7,2.2,204.3,276.0,0.8,255.375,aromatic,H315-H319-H335,mendeley,https://data.mendeley.com/datasets/b4dmjzk8w6/1,https://data.mendeley.com/datasets/b4dmjzk8w6/1,https://data.mendeley.com/datasets/b4dmjzk8w6/1
"4,4'-Diphenylmethane diisocyanate",101-68-8,O=C=Nc1ccc(Cc2ccc(cc2)N=C=O)cc1,C15H10N2O2,19.5,4.1,1.7,250.2,198.9,,,other,,pang2024,https://github.com/jiayunpang/hsp_embedding,https://pubchem.ncbi.nlm.nih.gov/compound/7570,https://pubchem.ncbi.nlm.nih.gov/compound/7570
2-ETHYLHEXYL ACRYLATE,103-11-7,CCCCC(CC)COC(=O)C=C,C11H20O2,15.3,4.3,3.0,184.3,217.8,,,other,,pang2024,https://github.com/jiayunpang/hsp_embedding,https://pubchem.ncbi.nlm.nih.gov/compound/7636,https://pubchem.ncbi.nlm.nih.gov/compound/7636
3-Methoxy-3-methylbutyl Acetate,103429-90-9,COC(C)(C)CCOC(C)=O,C8H16O3,15.3,3.8,7.7,160.2,,,,other,,pang2024,https://github.com/jiayunpang/hsp_embedding,https://pubchem.ncbi.nlm.nih.gov/compound/62308,
"2,5-Tetrahydrofurandimethanol",104-80-3,OCC1CCC(CO)O1,C6H12O3,17.9,8.5,18.9,132.2,,,,other,,pang2024,https://github.com/jiayunpang/hsp_embedding,https://pubchem.ncbi.nlm.nih.gov/compound/97792,
Bis(2-ethylhexyl)amine,106-20-7,CCCCC(CC)CNCC(CC)CCCC,C16H35N,15.6,0.8,3.2,241.5,281.1,,,other,,pang2024,https://github.com/jiayunpang/hsp_embedding,https://pubchem.ncbi.nlm.nih.gov/compound/7791,https://pubchem.ncbi.nlm.nih.gov/compound/7791
2-CHLOROETHYL VINYL ETHER,110-75-8,ClCCOC=C,C4H7ClO,16.3,6.7,5.8,106.5,108.9,,,other,,pang2024,https://github.com/jiayunpang/hsp_embedding,https://pubchem.ncbi.nlm.nih.gov/compound/8074,https://pubchem.ncbi.nlm.nih.gov/compound/8074
ETHYL HEXANOATE,123-66-0,CCCCCC(=O)OCC,C8H16O2,15.5,3.2,5.9,144.2,168.0,,,other,,pang2024,https://github.com/jiayunpang/hsp_embedding,https://pubchem.ncbi.nlm.nih.gov/compound/31265,https://pubchem.ncbi.nlm.nih.gov/compound/31265
DIISOPROPYL METHYLPHOSPHONATE,1445-75-6,CC(C)O[P](C)(=O)OC(C)C,C7H17O3P,16.4,10.0,5.7,180.2,121.0,,,other,,pang2024,https://github.com/jiayunpang/hsp_embedding,https://pubchem.ncbi.nlm.nih.gov/compound/3073,https://pubchem.ncbi.nlm.nih.gov/compound/3073
"1-Cyano-1,3-butadiene",1615-70-9,C=C\C=C/C#N,C5H5N,16.2,11.7,5.2,79.1,,,,other,,pang2024,https://github.com/jiayunpang/hsp_embedding,https://pubchem.ncbi.nlm.nih.gov/compound/5364328,
2-Methoxyethyl vinyl ether,1663-35-0,COCCOC=C,C5H10O2,15.9,6.7,6.8,102.1,108.8,,,other,,pang2024,https://github.com/jiayunpang/hsp_embedding,https://pubchem.ncbi.nlm.nih.gov/compound/15457,https://pubchem.ncbi.nlm.nih.gov/compound/15457
4'-Ethoxyacetophenone,1676-63-7,CCOc1ccc(cc1)C(C)=O,C10H12O2,18.8,10.3,6.4,164.2,,,,other,,pang2024,https://github.com/jiayunpang/hsp_embedding,https://pubchem.ncbi.nlm.nih.gov/compound/72872,
Hexahydro-1H-azepine-1-carbaldehyde,25114-81-2,O=CN1CCCCCC1,C7H13NO,18.5,10.4,7.6,127.2,,,,other,,pang2024,https://github.com/jiayunpang/hsp_embedding,https://pubchem.ncbi.nlm.nih.gov/compound/91280,
TETRAMETHYLTHIOUREA,2782-91-4,CN(C)C(=S)N(C)C,C5H12N2S,17.3,6.0,10.5,132.2,245.0,,,other,,pang2024,https://github.com/jiayunpang/hsp_embedding,https://pubchem.ncbi.nlm.nih.gov/compound/17725,https://pubchem.ncbi.nlm.nih.gov/compound/17725
Ephedrine,299-42-3,CN[C@@H](C)[C@H](O)c1ccccc1,C10H15NO,18.0,10.7,24.1,165.2,255,,,other,,pang2024,https://github.com/jiayunpang/hsp_embedding,https://pubchem.ncbi.nlm.nih.gov/compound/9294,https://pubchem.ncbi.nlm.nih.gov/compound/9294
(E)-1-bromo-2-chloroethene,3018-09-5,Cl\C=C\Br,C2H2BrCl,17.2,6.6,2.3,141.4,,,,halogenated,,pang2024,https://github.com/jiayunpang/hsp_embedding,https://pubchem.ncbi.nlm.nih.gov/compound/5462544,
Tetrathiafulvalene,31366-25-3,S1C=CSC1=C2SC=CS2,C6H4S4,21.0,8.2,8.4,204.4,,,,aromatic,,pang2024,https://github.com/jiayunpang/hsp_embedding,https://pubchem.ncbi.nlm.nih.gov/compound/99451,
"3,4-DICHLOROBENZOTRIFLUORIDE",328-84-7,FC(F)(F)c1ccc(Cl)c(Cl)c1,C7H3Cl2F3,20.0,4.7,2.4,215.0,173.5,,,halogenated,,pang2024,https://github.com/jiayunpang/hsp_embedding,https://pubchem.ncbi.nlm.nih.gov/compound/9481,https://pubchem.ncbi.nlm.nih.gov/compound/9481
"2-Propanone, o-methyloxime",3376-35-0,CON=C(C)C,C4H9NO,14.7,4.6,4.6,87.1,,,,other,,pang2024,https://github.com/jiayunpang/hsp_embedding,https://pubchem.ncbi.nlm.nih.gov/compound/137909,
"1,3-Butadiene, 1,2-dichloro-",3574-40-1,Cl\C=C(/Cl)C=C,C4H4Cl2,17.0,10.7,2.8,123.0,,,,halogenated,,pang2024,https://github.com/jiayunpang/hsp_embedding,https://pubchem.ncbi.nlm.nih.gov/compound/5463151,
"2,5-Difluoronitrobenzene",364-74-9,[O-][N+](=O)c1cc(F)ccc1F,C6H3F2NO2,19.4,7.2,3.7,159.1,,,,other,,pang2024,https://github.com/jiayunpang/hsp_embedding,https://pubchem.ncbi.nlm.nih.gov/compound/67767,
Vinyl trifluoroacetate,433-28-3,FC(F)(F)C(=O)OC=C,C4H3F3O2,13.9,4.3,7.6,140.1,,,,other,,pang2024,https://github.com/jiayunpang/hsp_embedding,https://pubchem.ncbi.nlm.nih.gov/compound/79011,
3-METHOXYBUTYL ACETATE,4435-53-4,COC(C)CCOC(C)=O,C7H14O3,15.3,4.1,8.1,146.2,135.0,,,other,,pang2024,https://github.com/jiayunpang/hsp_embedding,https://pubchem.ncbi.nlm.nih.gov/compound/20498,https://pubchem.ncbi.nlm.nih.gov/compound/20498
alpha-Fenchene,471-84-1,CC1(C)C2CCC1C(=C)C2,C10H16,16.9,1.5,3.1,136.2,,,,aromatic,,pang2024,https://github.com/jiayunpang/hsp_embedding,https://pubchem.ncbi.nlm.nih.gov/compound/28930,
"5,6-Dihydroxy-1H-indole-2-carboxylic acid",4790-08-3,OC(=O)c1[nH]c2cc(O)c(O)cc2c1,C9H7NO4,19.5,8.3,10.6,193.2,,,,other,,pang2024,https://github.com/jiayunpang/hsp_embedding,https://pubchem.ncbi.nlm.nih.gov/compound/119405,
trans-2-Methyl-2-butenal,497-03-0,C\C=C(/C)C=O,C5H8O,16.2,12.9,6.8,84.1,,,,other,,pang2024,https://github.com/jiayunpang/hsp_embedding,https://pubchem.ncbi.nlm.nih.gov/compound/5321950,
Isocrotonic acid,503-64-0,C\C=C/C(O)=O,C4H6O2,16.8,5.2,12.4,86.1,169.0,,,other,,pang2024,https://github.com/jiayunpang/hsp_embedding,https://pubchem.ncbi.nlm.nih.gov/compound/643792,https://pubchem.ncbi.nlm.nih.gov/compound/643792
"1,2-ETHANEDITHIOL",540-63-6,SCCS,C2H6S2,17.9,7.2,8.7,94.2,146.0,,,hydrocarbon,,pang2024,https://github.com/jiayunpang/hsp_embedding,https://pubchem.ncbi.nlm.nih.gov/compound/10902,https://pubchem.ncbi.nlm.nih.gov/compound/10902
diisopropyl fluorophosphate,55-91-4,CC(C)O[P](F)(=O)OC(C)C,C6H14FO3P,15.7,10.2,5.9,184.2,62.2,,,other,,pang2024,https://github.com/jiayunpang/hsp_embedding,https://pubchem.ncbi.nlm.nih.gov/compound/5936,https://pubchem.ncbi.nlm.nih.gov/compound/5936
"1,3-Butadiene, 1-chloro-",627-22-5,Cl/C=C/C=C,C4H5Cl,15.6,8.5,2.0,88.5,,,,halogenated,,pang2024,https://github.com/jiayunpang/hsp_embedding,https://pubchem.ncbi.nlm.nih.gov/compound/12311,
1-[4-(Trifluoromethyl)phenyl]ethan-1-one,709-63-7,CC(=O)c1ccc(cc1)C(F)(F)F,C9H7F3O,18.8,6.1,3.5,188.2,,,,other,,pang2024,https://github.com/jiayunpang/hsp_embedding,https://pubchem.ncbi.nlm.nih.gov/compound/69731,
ACETONE CYANOHYDRIN,75-86-5,CC(C)(O)C#N,C4H7NO,16.6,12.2,15.5,85.1,82.2,,,other,,pang2024,https://github.com/jiayunpang/hsp_embedding,https://pubchem.ncbi.nlm.nih.gov/compound/6406,https://pubchem.ncbi.nlm.nih.gov/compound/6406
Vinyltrimethylsilane,754-05-2,C[Si](C)(C)C=C,C5H12Si,14.5,1.0,2.5,100.2,,,,hydrocarbon,,pang2024,https://github.com/jiayunpang/hsp_embedding,https://pubchem.ncbi.nlm.nih.gov/compound/79102,
DIMETHYL METHYLPHOSPHONATE,756-79-6,CO[P](C)(=O)OC,C3H9O3P,16.7,13.1,7.5,124.1,181.1,,,other,,pang2024,https://github.com/jiayunpang/hsp_embedding,https://pubchem.ncbi.nlm.nih.gov/compound/12958,https://pubchem.ncbi.nlm.nih.gov/compound/12958
GLYCIDALDEHYDE,765-34-4,O=CC1CO1,C3H4O2,17.5,13.4,9.8,72.1,112.5,,,other,,pang2024,https://github.com/jiayunpang/hsp_embedding,https://pubchem.ncbi.nlm.nih.gov/compound/13002,https://pubchem.ncbi.nlm.nih.gov/compound/13002
ACETYL TRIBUTYL CITRATE,77-90-7,CCCCOC(=O)CC(CC(=O)OCCCC)(OC(C)=O)C(=O)OCCCC,C20H34O8,16.7,2.5,7.4,402.5,331.0,,,other,,pang2024,https://github.com/jiayunpang/hsp_embedding,https://pubchem.ncbi.nlm.nih.gov/compound/6505,https://pubchem.ncbi.nlm.nih.gov/compound/6505
"4,4'-Sulfonyldiphenol",80-09-1,Oc1ccc(cc1)[S](=O)(=O)c2ccc(O)cc2,C12H10O4S,20.0,14.6,16.3,250.3,,,,other,,pang2024,https://github.com/jiayunpang/hsp_embedding,https://pubchem.ncbi.nlm.nih.gov/compound/6626,
METHYL 2-CHLOROACRYLATE,80-63-7,COC(=O)C(Cl)=C,C4H5ClO2,15.9,7.3,8.5,120.5,52.2,,,other,,pang2024,https://github.com/jiayunpang/hsp_embedding,https://pubchem.ncbi.nlm.nih.gov/compound/6659,https://pubchem.ncbi.nlm.nih.gov/compound/6659
VINYLENE CARBONATE,872-36-6,O=C1OC=CO1,C3H2O3,17.3,18.1,9.6,86.0,,,,other,,pang2024,https://github.com/jiayunpang/hsp_embedding,https://pubchem.ncbi.nlm.nih.gov/compound/13385,
diethylene glycol vinyl ether,929-37-3,OCCOCCOC=C,C6H12O3,16.3,7.5,13.8,132.2,,,,other,,pang2024,https://github.com/jiayunpang/hsp_embedding,https://pubchem.ncbi.nlm.nih.gov/compound/13581,
Estasol,95481-62-2,COC(=O)CCCCC(=O)OC.COC(=O)CCCC(=O)OC.COC(=O)CCC(=O)OC,C21H36O12,16.2,6.5,8.4,480.5,,,,other,,pang2024,https://github.com/jiayunpang/hsp_embedding,https://pubchem.ncbi.nlm.nih.gov/compound/125339,
Castor Oil,,,,15.9,4.6,12.0,,,,436.0,other,,hansen_a1,https://hansen-solubility.com (Hansen Handbook Appendix Table A.1),,
Cetyl Alcohol,36653-82-4,CCCCCCCCCCCCCCCCO,C16H34O,16.4,3.7,8.1,242.4,344,,298.7,alcohol,,pang2024,https://github.com/jiayunpang/hsp_embedding,https://pubchem.ncbi.nlm.nih.gov/compound/2682,https://pubchem.ncbi.nlm.nih.gov/compound/2682
Chloral,75-87-6,ClC(Cl)(Cl)C=O,C2HCl3O,17.2,7.4,7.6,147.4,97.8,,97.5,halogenated,,pang2024,https://github.com/jiayunpang/hsp_embedding,https://pubchem.ncbi.nlm.nih.gov/compound/6407,https://pubchem.ncbi.nlm.nih.gov/compound/6407
Chlorine,7782-50-5,[Cl],Cl2,17.3,10.0,0.0,70.9,-34.6,,,halogenated,,pang2024,https://github.com/jiayunpang/hsp_embedding,https://pubchem.ncbi.nlm.nih.gov/compound/24526,https://pubchem.ncbi.nlm.nih.gov/compound/24526
Chloro Acetaldehyde,107-20-0,ClCC=O,C2H3ClO,16.2,14.0,9.0,78.5,85.0,,60.4,halogenated,,pang2024,https://github.com/jiayunpang/hsp_embedding,https://pubchem.ncbi.nlm.nih.gov/compound/33,https://pubchem.ncbi.nlm.nih.gov/compound/33
Chloro Acetic Acid,79-11-8,OC(=O)CCl,C2H3ClO2,17.7,10.4,12.3,94.5,188.9,,68.6,acid,,pang2024,https://github.com/jiayunpang/hsp_embedding,https://pubchem.ncbi.nlm.nih.gov/compound/300,https://pubchem.ncbi.nlm.nih.gov/compound/300
Chloro Maleic Anhydride,96-02-6,ClC1=CC(=O)OC1=O,C4HClO3,20.4,17.3,11.5,132.5,,,,halogenated,,pang2024,https://github.com/jiayunpang/hsp_embedding,https://pubchem.ncbi.nlm.nih.gov/compound/66772,
chloro(methylsulfanyl)methane,2373-51-5,CSCCl,C2H5ClS,16.6,6.4,2.0,96.6,,,,halogenated,,pang2024,https://github.com/jiayunpang/hsp_embedding,https://pubchem.ncbi.nlm.nih.gov/compound/16916,
Chloroacetone,78-95-5,CC(=O)CCl,C3H5ClO,16.8,9.6,5.5,92.5,120.0,,80.5,ketone,,pang2024,https://github.com/jiayunpang/hsp_embedding,https://pubchem.ncbi.nlm.nih.gov/compound/6571,https://pubchem.ncbi.nlm.nih.gov/compound/6571
Chloroacetonitrile,107-14-2,ClCC#N,C2H2ClN,17.4,13.6,2.0,75.5,127.2,,63.3,nitrile,,pang2024,https://github.com/jiayunpang/hsp_embedding,https://pubchem.ncbi.nlm.nih.gov/compound/7856,https://pubchem.ncbi.nlm.nih.gov/compound/7856
Chloroacetylchloride,79-04-9,ClCC(Cl)=O,C2H2Cl2O,17.5,9.2,5.5,112.9,105.0,,79.5,halogenated,,pang2024,https://github.com/jiayunpang/hsp_embedding,https://pubchem.ncbi.nlm.nih.gov/compound/6577,https://pubchem.ncbi.nlm.nih.gov/compound/6577
Chloroacetylene,593-63-5,ClC#C,C2HCl,16.2,2.1,2.5,60.5,,,63.7,halogenated,,pang2024,https://github.com/jiayunpang/hsp_embedding,https://pubchem.ncbi.nlm.nih.gov/compound/68975,
Chlorobenzene,108-90-7,ClC1=CC=CC=C1,,19.0,4.3,2.0,112.6,132,1.106,102.1,halogenated,H226-H315-H332-H411,handbook,https://hansen-solubility.com (Hansen Handbook 2007),https://hansen-solubility.com (Hansen Handbook 2007),https://hansen-solubility.com (Hansen Handbook 2007)
Chlorocyclopentane,930-28-9,ClC1CCCC1,,17.2,6.2,3.3,104.6,114.0,1.005,104.07960199004975,halogenated,H225-H315,mendeley,https://data.mendeley.com/datasets/b4dmjzk8w6/1,https://data.mendeley.com/datasets/b4dmjzk8w6/1,https://data.mendeley.com/datasets/b4dmjzk8w6/1
Chlorocyclopropane,7393-45-5,ClC1CC1,C3H5Cl,17.6,7.2,2.2,76.5,,,84.9,halogenated,,pang2024,https://github.com/jiayunpang/hsp_embedding,https://pubchem.ncbi.nlm.nih.gov/compound/81879,
Chlorodifluoromethane,75-45-6,C(F)(F)Cl,,12.3,6.3,5.7,86.47,-40.8,,72.9,halogenated,,solvpred,https://github.com/xueannafang/hsp_toolkit_solv_pred_v_2.0,https://github.com/xueannafang/hsp_toolkit_solv_pred_v_2.0,https://github.com/xueannafang/hsp_toolkit_solv_pred_v_2.0
Chloroform,67-66-3,ClC(Cl)(Cl)[H],CHCl3,17.8,3.1,5.7,119.4,61,1.489,80.7,halogenated,H302-H315-H319-H331-H336-H351-H361d-H372,handbook,https://hansen-solubility.com (Hansen Handbook 2007),https://hansen-solubility.com (Hansen Handbook 2007),https://hansen-solubility.com (Hansen Handbook 2007)
Chloroiodomethane,593-71-5,ClCI,,19.8,7.7,4.4,176.4,109.0,2.422,72.83236994219654,halogenated,H302+H312+H332-H315-H319-H335,mendeley,https://data.mendeley.com/datasets/b4dmjzk8w6/1,https://data.mendeley.com/datasets/b4dmjzk8w6/1,https://data.mendeley.com/datasets/b4dmjzk8w6/1
Chloromethane,74-87-3,,CH3Cl,15.3,6.1,3.9,50.5,-24.2,,55.4,halogenated,,wolfram,https://datarepository.wolframcloud.com/resources/JoshuaSchrier_Hansen-Solubility-Parameters/,https://pubchem.ncbi.nlm.nih.gov/compound/6327,https://pubchem.ncbi.nlm.nih.gov/compound/6327
Chloronitromethane,1794-84-9,[O-][N+](=O)CCl,CH2ClNO2,17.4,13.5,5.5,95.5,,,65.1,nitro,,pang2024,https://github.com/jiayunpang/hsp_embedding,https://pubchem.ncbi.nlm.nih.gov/compound/74529,
Chloropicrin,76-06-2,[O-][N+](=O)C(Cl)(Cl)Cl,CCl3NO2,17.6,6.8,7.0,164.4,112.2,,101.7,halogenated,,pang2024,https://github.com/jiayunpang/hsp_embedding,https://pubchem.ncbi.nlm.nih.gov/compound/6423,https://pubchem.ncbi.nlm.nih.gov/compound/6423
Chloroprene,126-99-8,ClC(=C)C=C,C4H5Cl,16.1,5.4,2.1,88.5,59.4,,,halogenated,,pang2024,https://github.com/jiayunpang/hsp_embedding,https://pubchem.ncbi.nlm.nih.gov/compound/31369,https://pubchem.ncbi.nlm.nih.gov/compound/31369
Chlorotrifluoroethylene,79-38-9,FC(F)=C(F)Cl,C2ClF3,15.3,6.3,0.0,116.5,-27.8,,,halogenated,,pang2024,https://github.com/jiayunpang/hsp_embedding,https://pubchem.ncbi.nlm.nih.gov/compound/6594,https://pubchem.ncbi.nlm.nih.gov/compound/6594
Chlorprene,,,,16.1,5.4,2.1,,,,93.2,halogenated,,hansen_a1,https://hansen-solubility.com (Hansen Handbook Appendix Table A.1),,
Cinnamyl Alcohol,104-54-1,OCC=Cc1ccccc1,C9H10O,19.1,6.0,13.0,134.2,250.0,,,alcohol,,pang2024,https://github.com/jiayunpang/hsp_embedding,https://pubchem.ncbi.nlm.nih.gov/compound/5315892,https://pubchem.ncbi.nlm.nih.gov/compound/5315892
"Cis-3,7-Dimethyl-2,6-Octadien-1-ol",106-25-2,C\C(CC\C=C(C)\C)=C/CO,,16.8,4.0,8.3,154.2,230.0,0.89,173.25842696629212,other,H315-H317-H319,mendeley,https://data.mendeley.com/datasets/b4dmjzk8w6/1,https://data.mendeley.com/datasets/b4dmjzk8w6/1,https://data.mendeley.com/datasets/b4dmjzk8w6/1
Cis-3-Hexenyl Acetate,3681-71-8,CC\C=C/CCOC(=O)C,,16.4,4.3,5.5,142.2,169.0,0.899,158.17575083426027,ester,H226,mendeley,https://data.mendeley.com/datasets/b4dmjzk8w6/1,https://data.mendeley.com/datasets/b4dmjzk8w6/1,https://data.mendeley.com/datasets/b4dmjzk8w6/1
Cis-Cinnamic Acid,102-94-3,OC(=O)\C=C/c1ccccc1,C9H8O2,19.1,3.9,10.6,148.2,,,,acid,,pang2024,https://github.com/jiayunpang/hsp_embedding,https://pubchem.ncbi.nlm.nih.gov/compound/5372954,
Cis-decahydronaphthalene,493-01-6,C1CCC2CCCCC2C1,,18.8,0.0,0.0,138.25,155.5,,156.9,aromatic,,solvpred,https://github.com/xueannafang/hsp_toolkit_solv_pred_v_2.0,https://github.com/xueannafang/hsp_toolkit_solv_pred_v_2.0,https://github.com/xueannafang/hsp_toolkit_solv_pred_v_2.0
Citraconic Anhydride,616-02-4,CC1=CC(=O)OC1=O,C5H4O3,19.2,17.0,11.2,112.1,213.5,,,other,,pang2024,https://github.com/jiayunpang/hsp_embedding,https://pubchem.ncbi.nlm.nih.gov/compound/12012,https://pubchem.ncbi.nlm.nih.gov/compound/12012
Citronellal,106-23-0,CC(CCC=C(C)C)CC=O,,16.5,4.5,3.9,154.2,206.0,0.857,179.92998833138856,other,H315-H319-H335,mendeley,https://data.mendeley.com/datasets/b4dmjzk8w6/1,https://data.mendeley.com/datasets/b4dmjzk8w6/1,https://data.mendeley.com/datasets/b4dmjzk8w6/1
Coffee Furanone,3188-00-9,CC1C(=O)CCO1,,17.8,10.6,6.4,100.1,139.0,1.034,96.80851063829786,ether,H226-H302-H315-H319-H335,mendeley,https://data.mendeley.com/datasets/b4dmjzk8w6/1,https://data.mendeley.com/datasets/b4dmjzk8w6/1,https://data.mendeley.com/datasets/b4dmjzk8w6/1
Coniferyl Alcohol,458-35-5,COc1cc(/C=C/CO)ccc1O,C10H12O3,19.0,7.0,16.3,180.2,,,,alcohol,,pang2024,https://github.com/jiayunpang/hsp_embedding,https://pubchem.ncbi.nlm.nih.gov/compound/1549095,
Coumarin,91-64-5,O=C1Oc2ccccc2C=C1,C9H6O2,20.0,12.5,6.7,146.1,297.8,,156.3,other,,pang2024,https://github.com/jiayunpang/hsp_embedding,https://pubchem.ncbi.nlm.nih.gov/compound/323,https://pubchem.ncbi.nlm.nih.gov/compound/323
Crotonaldehyde,4170-30-3,C/C=C/C=O,C4H6O,16.2,14.9,7.4,70.1,103.9,,82.5,aldehyde,,pang2024,https://github.com/jiayunpang/hsp_embedding,https://pubchem.ncbi.nlm.nih.gov/compound/447466,https://pubchem.ncbi.nlm.nih.gov/compound/447466
Crotonic Acid,3724-65-0,C/C=C/C(O)=O,C4H6O2,16.8,8.7,12.0,86.1,184.7,,84.6,acid,,pang2024,https://github.com/jiayunpang/hsp_embedding,https://pubchem.ncbi.nlm.nih.gov/compound/637090,https://pubchem.ncbi.nlm.nih.gov/compound/637090
Crotonlactone,497-23-4,O=C1OCC=C1,,19.0,19.8,9.6,84.07,212.0,1.185,70.94514767932489,ester,H315-H319-H335,mendeley,https://data.mendeley.com/datasets/b4dmjzk8w6/1,https://data.mendeley.com/datasets/b4dmjzk8w6/1,https://data.mendeley.com/datasets/b4dmjzk8w6/1
Cyanamid,156-62-7,[Ca++].NC#N,CCaN2,15.5,27.6,16.8,80.1,,,32.8,other,,pang2024,https://github.com/jiayunpang/hsp_embedding,https://pubchem.ncbi.nlm.nih.gov/compound/56955933,
Cyanogen,460-19-5,N#CC#N,C2N2,15.1,11.8,0.0,52.0,-21.2,,,other,,pang2024,https://github.com/jiayunpang/hsp_embedding,https://pubchem.ncbi.nlm.nih.gov/compound/9999,https://pubchem.ncbi.nlm.nih.gov/compound/9999
Cyanogen Bromide,506-68-3,BrC#N,CBrN,18.3,15.2,0.0,105.9,61.1,,,halogenated,,pang2024,https://github.com/jiayunpang/hsp_embedding,https://pubchem.ncbi.nlm.nih.gov/compound/10476,https://pubchem.ncbi.nlm.nih.gov/compound/10476
Cyanogen Chloride,506-77-4,ClC#N,CClN,15.6,14.5,0.0,61.5,13.1,,,halogenated,,pang2024,https://github.com/jiayunpang/hsp_embedding,https://pubchem.ncbi.nlm.nih.gov/compound/10477,https://pubchem.ncbi.nlm.nih.gov/compound/10477
Cyanol,62-53-3,,C6H7N,19.4,5.1,10.2,93.1,186.1,,91.5,other,,wolfram,https://datarepository.wolframcloud.com/resources/JoshuaSchrier_Hansen-Solubility-Parameters/,https://pubchem.ncbi.nlm.nih.gov/compound/6115,https://pubchem.ncbi.nlm.nih.gov/compound/6115
Cyclobutanol,2919-23-5,OC1CCC1,,17.5,7.0,14.6,72.1,124.0,0.944,76.37711864406779,alcohol,H226,mendeley,https://data.mendeley.com/datasets/b4dmjzk8w6/1,https://data.mendeley.com/datasets/b4dmjzk8w6/1,https://data.mendeley.com/datasets/b4dmjzk8w6/1
Cyclobutanone,1191-95-3,O=C1CCC1,,18.3,11.4,5.2,70.09,96.0,0.938,74.72281449893391,other,H226,mendeley,https://data.mendeley.com/datasets/b4dmjzk8w6/1,https://data.mendeley.com/datasets/b4dmjzk8w6/1,https://data.mendeley.com/datasets/b4dmjzk8w6/1
Cyclodecanone,1502-06-3,O=C1CCCCCCCCC1,C10H18O,16.8,8.0,4.1,154.2,,,161.0,other,,pang2024,https://github.com/jiayunpang/hsp_embedding,https://pubchem.ncbi.nlm.nih.gov/compound/73918,
Cyclododecane,294-62-2,C1CCCCCCCCCCC1,C12H24,16.4,0.0,0.0,168.3,247.0,,,hydrocarbon,,pang2024,https://github.com/jiayunpang/hsp_embedding,https://pubchem.ncbi.nlm.nih.gov/compound/9268,https://pubchem.ncbi.nlm.nih.gov/compound/9268
Cycloheptane,291-64-5,C1CCCCCC1,C7H14,17.1,1.4,1.9,98.2,118.5,,,hydrocarbon,,pang2024,https://github.com/jiayunpang/hsp_embedding,https://pubchem.ncbi.nlm.nih.gov/compound/9265,https://pubchem.ncbi.nlm.nih.gov/compound/9265
Cycloheptanol,502-41-0,OC1CCCCCC1,,17.3,4.7,10.8,114.19,185.0,0.948,120.4535864978903,alcohol,H226,mendeley,https://data.mendeley.com/datasets/b4dmjzk8w6/1,https://data.mendeley.com/datasets/b4dmjzk8w6/1,https://data.mendeley.com/datasets/b4dmjzk8w6/1
Cycloheptanone,502-42-1,O=C1CCCCCC1,C7H12O,17.2,10.6,4.8,112.2,178.5,,118.2,other,,pang2024,https://github.com/jiayunpang/hsp_embedding,https://pubchem.ncbi.nlm.nih.gov/compound/10400,https://pubchem.ncbi.nlm.nih.gov/compound/10400
Cycloheptene,628-92-2,C1CCC=CCC1,,16.9,2.6,3.9,96.2,115.0,0.828,116.18357487922707,aromatic,H225,mendeley,https://data.mendeley.com/datasets/b4dmjzk8w6/1,https://data.mendeley.com/datasets/b4dmjzk8w6/1,https://data.mendeley.com/datasets/b4dmjzk8w6/1
Cyclohexane,110-82-7,C1CCCCC1,C6H12,16.8,0.0,0.2,84.16,81,0.779,108.7,hydrocarbon,H225-H304-H315-H336-H410,handbook,https://hansen-solubility.com (Hansen Handbook 2007),https://hansen-solubility.com (Hansen Handbook 2007),https://hansen-solubility.com (Hansen Handbook 2007)
"Cyclohexane, Methylene-",1192-37-6,C=C1CCCCC1,,16.5,1.6,3.2,96.17,103.0,0.8,120.21249999999999,hydrocarbon,H225-H304,mendeley,https://data.mendeley.com/datasets/b4dmjzk8w6/1,https://data.mendeley.com/datasets/b4dmjzk8w6/1,https://data.mendeley.com/datasets/b4dmjzk8w6/1
"Cyclohexane-1,2-Dicarboxylic Acid Di-Isononyl Ether",,CC(C)CCCCCCOCCCCCCC(C)C.OC(=O)C1CCCCC1C(O)=O,,16.4,2.2,5.0,,,,,ether,,pang2024,https://github.com/jiayunpang/hsp_embedding,,
Cyclohexanecarboxaldehyde,2043-61-0,O=CC1CCCCC1,,17.1,6.4,4.7,112.17,159.0,0.93,120.61290322580645,hydrocarbon,H226-H315-H319-H335,mendeley,https://data.mendeley.com/datasets/b4dmjzk8w6/1,https://data.mendeley.com/datasets/b4dmjzk8w6/1,https://data.mendeley.com/datasets/b4dmjzk8w6/1
Cyclohexanethiol,1569-69-3,SC1CCCCC1,,17.5,3.8,4.5,116.22,160.0,0.95,122.33684210526316,hydrocarbon,H226-302-H315-H319-H332-H335-H411,mendeley,https://data.mendeley.com/datasets/b4dmjzk8w6/1,https://data.mendeley.com/datasets/b4dmjzk8w6/1,https://data.mendeley.com/datasets/b4dmjzk8w6/1
Cyclohexanol,108-93-0,OC1CCCCC1,C6H12O,17.4,4.1,13.5,100.2,161,0.962,104.0,alcohol,H227-H302+H332-H315-H335-H412,handbook,https://hansen-solubility.com (Hansen Handbook 2007),https://hansen-solubility.com (Hansen Handbook 2007),https://hansen-solubility.com (Hansen Handbook 2007)
Cyclohexanone,108-94-1,O=C1CCCCC1,C6H10O,17.8,8.4,5.1,98.14,156,0.948,104.0,ketone,H226-H302+H312+H332-H315-H318,handbook,https://hansen-solubility.com (Hansen Handbook 2007),https://hansen-solubility.com (Hansen Handbook 2007),https://hansen-solubility.com (Hansen Handbook 2007)
Cyclohexene,110-83-8,C1CCC=CC1,C6H10,17.2,1.0,2.0,82.1,82.8,,101.9,aromatic,,pang2024,https://github.com/jiayunpang/hsp_embedding,https://pubchem.ncbi.nlm.nih.gov/compound/8079,https://pubchem.ncbi.nlm.nih.gov/compound/8079
Cycloheximide,66-81-9,C[C@H]1C[C@H](C)C(=O)[C@@H](C1)[C@H](O)CC2CC(=O)NC(=O)C2,C15H23NO4,18.3,11.0,13.8,281.4,,,,other,,pang2024,https://github.com/jiayunpang/hsp_embedding,https://pubchem.ncbi.nlm.nih.gov/compound/6197,
Cyclohexyl Benzene,827-52-1,C1(C2=CC=CC=C2)CCCCC1,,18.7,0.0,1.0,160.26,240.1,0.95,168.69473684210527,aromatic,H302-H315-H319-H410,mendeley,https://data.mendeley.com/datasets/b4dmjzk8w6/1,https://data.mendeley.com/datasets/b4dmjzk8w6/1,https://data.mendeley.com/datasets/b4dmjzk8w6/1
Cyclohexyl Carbinol C6h11-Ch2oh,100-49-2,OCC1CCCCC1,,17.2,4.8,10.7,114.2,180.0,0.933,122.40085744908896,other,H227,mendeley,https://data.mendeley.com/datasets/b4dmjzk8w6/1,https://data.mendeley.com/datasets/b4dmjzk8w6/1,https://data.mendeley.com/datasets/b4dmjzk8w6/1
Cyclohexyl Formate,4351-54-6,O=COC1CCCCC1,,17.0,5.15,6.04,128.2,163.0,0.99,129.49494949494948,ester,H226,mendeley,https://data.mendeley.com/datasets/b4dmjzk8w6/1,https://data.mendeley.com/datasets/b4dmjzk8w6/1,https://data.mendeley.com/datasets/b4dmjzk8w6/1
Cyclohexylamine,108-91-8,C1CCC(CC1)N,,17.2,3.1,6.5,99.17,134.5,,113.8,amine,,solvpred,https://github.com/xueannafang/hsp_toolkit_solv_pred_v_2.0,https://github.com/xueannafang/hsp_toolkit_solv_pred_v_2.0,https://github.com/xueannafang/hsp_toolkit_solv_pred_v_2.0
Cyclohexylchloride,542-18-7,C1CCC(CC1)Cl,,17.3,5.5,2.0,118.6,142.0,1.0,118.6,halogenated,H226-H315-H319-H335,mendeley,https://data.mendeley.com/datasets/b4dmjzk8w6/1,https://data.mendeley.com/datasets/b4dmjzk8w6/1,https://data.mendeley.com/datasets/b4dmjzk8w6/1
Cyclooctanone,502-49-8,O=C1CCCCCCC1,C8H14O,17.0,9.6,4.5,126.2,,,131.7,other,,pang2024,https://github.com/jiayunpang/hsp_embedding,https://pubchem.ncbi.nlm.nih.gov/compound/10403,
Cyclopentadiene,542-92-7,C1C=CC=C1,C5H6,17.0,1.9,2.0,66.1,41.7,,82.1,aromatic,,pang2024,https://github.com/jiayunpang/hsp_embedding,https://pubchem.ncbi.nlm.nih.gov/compound/7612,https://pubchem.ncbi.nlm.nih.gov/compound/7612
Cyclopentane,287-92-3,C1CCCC1,,16.4,0.0,1.8,70.13,49.3,0.74,94.77027027027026,hydrocarbon,H225-H304-H336-H412,mendeley,https://data.mendeley.com/datasets/b4dmjzk8w6/1,https://data.mendeley.com/datasets/b4dmjzk8w6/1,https://data.mendeley.com/datasets/b4dmjzk8w6/1
Cyclopentanecarboxaldehyde,872-53-7,[H]C(=O)C1CCCC1,,17.1,6.8,5.1,98.14,141.0,0.919,106.78998911860718,hydrocarbon,H226-H315-H319-H335,mendeley,https://data.mendeley.com/datasets/b4dmjzk8w6/1,https://data.mendeley.com/datasets/b4dmjzk8w6/1,https://data.mendeley.com/datasets/b4dmjzk8w6/1
Cyclopentanethiol,1679-07-8,SC(CC1)CC1,,17.5,3.9,4.7,102.2,132.0,0.957,106.79205851619645,hydrocarbon,H226-H302-H315-H319-H335,mendeley,https://data.mendeley.com/datasets/b4dmjzk8w6/1,https://data.mendeley.com/datasets/b4dmjzk8w6/1,https://data.mendeley.com/datasets/b4dmjzk8w6/1
Cyclopentanol (Cyclopentyl Alcohol),96-41-3,OC1CCCC1,,17.3,5.4,12.4,86.13,140.4,0.948,90.85443037974683,alcohol,H226,mendeley,https://data.mendeley.com/datasets/b4dmjzk8w6/1,https://data.mendeley.com/datasets/b4dmjzk8w6/1,https://data.mendeley.com/datasets/b4dmjzk8w6/1
Cyclopentanone,120-92-3,O=C1CCCC1,,17.9,11.9,5.2,84.12,131.0,0.95,88.54736842105264,ketone,H226-H315-H319,mendeley,https://data.mendeley.com/datasets/b4dmjzk8w6/1,https://data.mendeley.com/datasets/b4dmjzk8w6/1,https://data.mendeley.com/datasets/b4dmjzk8w6/1
Cyclopentene,142-29-0,C1=CCCC1,,16.7,3.8,1.7,68.12,45.0,0.773,88.124191461837,aromatic,H225-H304-H315,mendeley,https://data.mendeley.com/datasets/b4dmjzk8w6/1,https://data.mendeley.com/datasets/b4dmjzk8w6/1,https://data.mendeley.com/datasets/b4dmjzk8w6/1
Cyclopentyl Methyl Ether (Cpme),5614-37-9,COC1CCCC1,,16.7,4.3,4.3,100.16,106.0,0.86,116.46511627906976,ether,H225-H302-H315-H319-H412,mendeley,https://data.mendeley.com/datasets/b4dmjzk8w6/1,https://data.mendeley.com/datasets/b4dmjzk8w6/1,https://data.mendeley.com/datasets/b4dmjzk8w6/1
Cyclopropane,75-19-4,C1CC1,C3H6,17.3,0.0,0.0,42.1,-32.9,,,hydrocarbon,,pang2024,https://github.com/jiayunpang/hsp_embedding,https://pubchem.ncbi.nlm.nih.gov/compound/6351,https://pubchem.ncbi.nlm.nih.gov/compound/6351
Cyclopropene,2781-85-3,C1C=C1,C3H4,17.2,2.4,2.0,40.1,,,50.0,aromatic,,pang2024,https://github.com/jiayunpang/hsp_embedding,https://pubchem.ncbi.nlm.nih.gov/compound/123173,
Cyclopropylmethylketone,765-43-5,CC(=O)C1CC1,C5H8O,17.0,11.1,4.6,84.1,,,93.6,ketone,,pang2024,https://github.com/jiayunpang/hsp_embedding,https://pubchem.ncbi.nlm.nih.gov/compound/13004,
Cyclopropylnitrile,5500-21-0,N#CC1CC1,C4H5N,18.6,16.2,5.7,67.1,,,,nitrile,,pang2024,https://github.com/jiayunpang/hsp_embedding,https://pubchem.ncbi.nlm.nih.gov/compound/79637,
d-Camphor,464-49-3,CC1(C)[C@H]2CC[C@@]1(C)C(=O)C2,C10H16O,17.8,10.3,5.2,152.2,203.9,,,terpene,,pang2024,https://github.com/jiayunpang/hsp_embedding,https://pubchem.ncbi.nlm.nih.gov/compound/159055,https://pubchem.ncbi.nlm.nih.gov/compound/159055
d-Limonene,5989-27-5,CC1=CCC(CC1)C(=C)C,,17.2,1.8,4.3,136.2,176,0.842,162.1,terpene,H226-H304-H315-H317-H410,handbook,https://hansen-solubility.com (Hansen Handbook 2007),https://hansen-solubility.com (Hansen Handbook 2007),https://hansen-solubility.com (Hansen Handbook 2007)
DDT,50-29-3,Clc1ccc(cc1)C(c2ccc(Cl)cc2)C(Cl)(Cl)Cl,C14H9Cl5,20.0,5.5,3.1,354.5,260.0,,,halogenated,,pang2024,https://github.com/jiayunpang/hsp_embedding,https://pubchem.ncbi.nlm.nih.gov/compound/3036,https://pubchem.ncbi.nlm.nih.gov/compound/3036
Decamethylcyclopentasiloxane,541-02-6,C[Si]1(C)O[Si](C)(C)O[Si](C)(C)O[Si](C)(C)O[Si](C)(C)O1,C10H30O5Si5,12.9,1.3,1.0,370.8,210.0,,,other,,pang2024,https://github.com/jiayunpang/hsp_embedding,https://pubchem.ncbi.nlm.nih.gov/compound/10913,https://pubchem.ncbi.nlm.nih.gov/compound/10913
Decamethyltetrasiloxane,141-62-8,C[Si](C)(C)O[Si](C)(C)O[Si](C)(C)O[Si](C)(C)C,C10H30O3Si4,11.7,2.4,0.0,310.7,,,,other,,pang2024,https://github.com/jiayunpang/hsp_embedding,https://pubchem.ncbi.nlm.nih.gov/compound/8852,
Decanal,112-31-2,CCCCCCCCCC=O,,16.0,5.1,4.0,156.3,208.0,0.83,188.31325301204822,other,H315,mendeley,https://data.mendeley.com/datasets/b4dmjzk8w6/1,https://data.mendeley.com/datasets/b4dmjzk8w6/1,https://data.mendeley.com/datasets/b4dmjzk8w6/1
Decane,124-18-5,CCCCCCCCCC,C10H22,15.7,0.0,0.0,142.3,174.1,,,hydrocarbon,,pang2024,https://github.com/jiayunpang/hsp_embedding,https://pubchem.ncbi.nlm.nih.gov/compound/15600,https://pubchem.ncbi.nlm.nih.gov/compound/15600
Delta-Hexalactone,823-22-3,CC1CCCC(=O)O1,,16.8,10.7,5.5,114.1,231.0,1.0,114.1,ester,-,mendeley,https://data.mendeley.com/datasets/b4dmjzk8w6/1,https://data.mendeley.com/datasets/b4dmjzk8w6/1,https://data.mendeley.com/datasets/b4dmjzk8w6/1
Di Butyl Fumarate,,CCCCOC(=O)/C=C/C(=O)OCCCC,,16.7,3.0,6.7,,,,,ester,,pang2024,https://github.com/jiayunpang/hsp_embedding,,
Di p-Tolyl Sulfoxide,1774-35-2,Cc1ccc(cc1)[S](=O)c2ccc(C)cc2,C14H14OS,20.3,11.4,3.1,230.3,,,,sulfoxide,,pang2024,https://github.com/jiayunpang/hsp_embedding,https://pubchem.ncbi.nlm.nih.gov/compound/15680,
Di(2-methoxyethyl) ether,111-96-6,COCCOCCOC,,15.7,6.1,6.5,134.17,162.0,,142.0,ether,,solvpred,https://github.com/xueannafang/hsp_toolkit_solv_pred_v_2.0,https://github.com/xueannafang/hsp_toolkit_solv_pred_v_2.0,https://github.com/xueannafang/hsp_toolkit_solv_pred_v_2.0
Di-(2-chloro-isopropyl) ether,108-60-1,CC(CCl)OC(C)CCl,,19.0,8.2,5.1,171.06,187.0,,146.0,ether,,solvpred,https://github.com/xueannafang/hsp_toolkit_solv_pred_v_2.0,https://github.com/xueannafang/hsp_toolkit_solv_pred_v_2.0,https://github.com/xueannafang/hsp_toolkit_solv_pred_v_2.0
Di-(2-Chloroethoxy) Methane,111-91-1,ClCCOCOCCCl,C5H10Cl2O2,17.1,10.2,7.1,173.0,218.1,,,halogenated,,pang2024,https://github.com/jiayunpang/hsp_embedding,https://pubchem.ncbi.nlm.nih.gov/compound/8147,https://pubchem.ncbi.nlm.nih.gov/compound/8147
Di-(2-Chloroethyl) Ether,111-44-4,ClCCOCCCl,C4H8Cl2O,18.8,9.0,5.7,143.0,177.8,,,ether,,pang2024,https://github.com/jiayunpang/hsp_embedding,https://pubchem.ncbi.nlm.nih.gov/compound/8115,https://pubchem.ncbi.nlm.nih.gov/compound/8115
Di-(2-Ethyl Hexyl) Sebacate,29590-28-1,CCCCC(CC)COC(=O)CCCCCCCCC(=O)OCC(CC)CCCC,C26H50O4,16.2,5.0,9.0,426.7,,,,ester,,pang2024,https://github.com/jiayunpang/hsp_embedding,https://pubchem.ncbi.nlm.nih.gov/compound/31218,
Di-(2-Ethylhexyl)Azelate,103-24-2,CCCCC(CC)COC(=O)CCCCCCCC(=O)OCC(CC)CCCC,C25H48O4,16.2,4.7,8.4,412.6,237.0,,,other,,pang2024,https://github.com/jiayunpang/hsp_embedding,https://pubchem.ncbi.nlm.nih.gov/compound/7642,https://pubchem.ncbi.nlm.nih.gov/compound/7642
Di-2-Ethylhexyl Ether,10143-60-9,CCCCC(CC)COCC(CC)CCCC,C16H34O,15.9,2.6,2.5,242.4,,,,ether,,pang2024,https://github.com/jiayunpang/hsp_embedding,https://pubchem.ncbi.nlm.nih.gov/compound/25010,
Di-iso-butyl carbinol,108-82-7,CC(C)CC(CC(C)C)O,,14.9,3.1,10.8,144.25,176.0,,177.8,other,,solvpred,https://github.com/xueannafang/hsp_toolkit_solv_pred_v_2.0,https://github.com/xueannafang/hsp_toolkit_solv_pred_v_2.0,https://github.com/xueannafang/hsp_toolkit_solv_pred_v_2.0
Di-Isobutyl Ketone,108-83-8,CC(C)CC(CC(C)C)=O,,16.0,3.7,4.1,142.24,173.0,0.989,143.82204246713854,ketone,H226-H315-H319-H335,mendeley,https://data.mendeley.com/datasets/b4dmjzk8w6/1,https://data.mendeley.com/datasets/b4dmjzk8w6/1,https://data.mendeley.com/datasets/b4dmjzk8w6/1
Di-Isobutyl Sulfoxide,13153-06-5,CC(C)C[S](=O)CC(C)C,C8H18OS,16.3,10.5,6.1,162.3,,,,sulfoxide,,pang2024,https://github.com/jiayunpang/hsp_embedding,https://pubchem.ncbi.nlm.nih.gov/compound/114469,
Di-Isodecyl Phthalate,26761-40-0,CC(C)CCCCCCCOC(=O)c1ccccc1C(=O)OCCCCCCCC(C)C,C28H46O4,16.6,6.2,2.6,446.7,257.2,,,ester,,pang2024,https://github.com/jiayunpang/hsp_embedding,https://pubchem.ncbi.nlm.nih.gov/compound/33599,https://pubchem.ncbi.nlm.nih.gov/compound/33599
Di-Isoheptyl Phthalate,41451-28-9,CC(C)CCCCOC(=O)c1ccccc1C(=O)OCCCCC(C)C,C22H34O4,16.8,7.2,3.4,362.5,,,,ester,,pang2024,https://github.com/jiayunpang/hsp_embedding,https://pubchem.ncbi.nlm.nih.gov/compound/591200,
Di-Isononyl Adipate,33703-08-1,CC(C)CCCCCCOC(=O)CCCCC(=O)OCCCCCCC(C)C,C24H46O4,16.7,1.8,4.9,398.6,,,,ester,,pang2024,https://github.com/jiayunpang/hsp_embedding,https://pubchem.ncbi.nlm.nih.gov/compound/6427097,
Di-Isononyl Phthalate,28553-12-0,CC(C)CCCCCCOC(=O)c1ccccc1C(=O)OCCCCCCC(C)C,C26H42O4,16.6,6.6,2.9,418.6,77.8,,,ester,,pang2024,https://github.com/jiayunpang/hsp_embedding,https://pubchem.ncbi.nlm.nih.gov/compound/590836,https://pubchem.ncbi.nlm.nih.gov/compound/590836
Di-Isopropyl Sulfoxide,2211-89-4,CC(C)[S](=O)C(C)C,C6H14OS,17.0,11.5,7.4,134.2,,,,sulfoxide,,pang2024,https://github.com/jiayunpang/hsp_embedding,https://pubchem.ncbi.nlm.nih.gov/compound/16645,
Di-n-Butyl Ether,142-96-1,CCCCOCCCC,,15.2,3.4,3.2,130.23,141.0,0.764,170.45811518324606,ether,H226-H315-H319-H335-H412,mendeley,https://data.mendeley.com/datasets/b4dmjzk8w6/1,https://data.mendeley.com/datasets/b4dmjzk8w6/1,https://data.mendeley.com/datasets/b4dmjzk8w6/1
Di-n-Butyl Sulfoxide,2168-93-6,CCCC[S](=O)CCCC,C8H18OS,16.4,10.5,6.1,162.3,,,,sulfoxide,,pang2024,https://github.com/jiayunpang/hsp_embedding,https://pubchem.ncbi.nlm.nih.gov/compound/16568,
Di-n-Pentyl Ether,693-65-2,CCCCCOCCCCC,,15.6,3.1,3.0,158.28,190.0,0.8,197.85,ether,"H226,H411",mendeley,https://data.mendeley.com/datasets/b4dmjzk8w6/1,https://data.mendeley.com/datasets/b4dmjzk8w6/1,https://data.mendeley.com/datasets/b4dmjzk8w6/1
Di-n-Propyl Ether,111-43-3,CCCOCCC,C6H14O,15.1,3.2,3.2,102.2,90.0,,137.7,ether,,pang2024,https://github.com/jiayunpang/hsp_embedding,https://pubchem.ncbi.nlm.nih.gov/compound/8114,https://pubchem.ncbi.nlm.nih.gov/compound/8114
Di-n-Propyl Sulfoxide,4253-91-2,CCC[S](=O)CCC,C6H14OS,17.0,13.0,7.4,134.2,,,,sulfoxide,,pang2024,https://github.com/jiayunpang/hsp_embedding,https://pubchem.ncbi.nlm.nih.gov/compound/20252,
Di-sec-Butyl Ether,6863-58-7,CCC(C)OC(C)CC,C8H18O,15.2,3.5,3.3,130.2,,,,ether,,pang2024,https://github.com/jiayunpang/hsp_embedding,https://pubchem.ncbi.nlm.nih.gov/compound/23294,
Diacetone alcohol,123-42-2,CC(CC(C)(O)C)=O,,15.8,8.2,10.8,116.2,168,0.938,124.2,alcohol,H226-H319-H335,handbook,https://hansen-solubility.com (Hansen Handbook 2007),https://hansen-solubility.com (Hansen Handbook 2007),https://hansen-solubility.com (Hansen Handbook 2007)
Diallyl Amine,124-02-7,C=CCNCC=C,C6H11N,15.6,4.5,6.7,97.2,111.1,,124.1,amine,,pang2024,https://github.com/jiayunpang/hsp_embedding,https://pubchem.ncbi.nlm.nih.gov/compound/31279,https://pubchem.ncbi.nlm.nih.gov/compound/31279
Diallyl Ether,557-40-4,C=CCOCC=C,C6H10O,15.3,4.4,5.3,98.1,94.0,,118.8,ether,,pang2024,https://github.com/jiayunpang/hsp_embedding,https://pubchem.ncbi.nlm.nih.gov/compound/11194,https://pubchem.ncbi.nlm.nih.gov/compound/11194
Diazomethane,334-88-3,C=[N+]=[N-],CH2N2,14.7,6.1,11.3,42.0,-22.8,,78.1,other,,pang2024,https://github.com/jiayunpang/hsp_embedding,https://pubchem.ncbi.nlm.nih.gov/compound/9550,https://pubchem.ncbi.nlm.nih.gov/compound/9550
Dibenzyl Ether,103-50-4,C1(COCC2=CC=CC=C2)=CC=CC=C1,,19.6,3.4,5.2,198.26,298.0,1.043,190.0862895493768,ether,H317-H410,mendeley,https://data.mendeley.com/datasets/b4dmjzk8w6/1,https://data.mendeley.com/datasets/b4dmjzk8w6/1,https://data.mendeley.com/datasets/b4dmjzk8w6/1
Dibenzyl Sebacate,140-24-9,O=C(CCCCCCCCC(=O)OCc1ccccc1)OCc2ccccc2,C24H30O4,17.8,2.2,5.5,382.5,,,,ester,,pang2024,https://github.com/jiayunpang/hsp_embedding,https://pubchem.ncbi.nlm.nih.gov/compound/8790,
Dibromomethane,74-95-3,BrCBr,CH2Br2,19.0,6.4,7.0,173.8,97.0,,69.8,halogenated,,pang2024,https://github.com/jiayunpang/hsp_embedding,https://pubchem.ncbi.nlm.nih.gov/compound/3024,https://pubchem.ncbi.nlm.nih.gov/compound/3024
Dibutyl Amine,111-92-2,CCCCNCCCC,C8H19N,15.0,3.0,4.3,129.2,160.0,,170.0,amine,,pang2024,https://github.com/jiayunpang/hsp_embedding,https://pubchem.ncbi.nlm.nih.gov/compound/8148,https://pubchem.ncbi.nlm.nih.gov/compound/8148
Dibutyl Ketone,502-56-7,CCCCC(=O)CCCC,C9H18O,16.0,7.7,4.4,142.2,187.8,,173.4,ketone,,pang2024,https://github.com/jiayunpang/hsp_embedding,https://pubchem.ncbi.nlm.nih.gov/compound/10405,https://pubchem.ncbi.nlm.nih.gov/compound/10405
Dibutyl Maleate,105-76-0,CCCCOC(=O)\C=C/C(=O)OCCCC,C12H20O4,16.5,6.1,7.2,228.3,,,,ester,,pang2024,https://github.com/jiayunpang/hsp_embedding,https://pubchem.ncbi.nlm.nih.gov/compound/5271569,
Dibutyl phthalate,84-74-2,CCCCOC(=O)C1=CC=CC=C1C(=O)OCCCC,C16H22O4,17.8,8.6,4.1,278.34,340.0,,266.0,ester,,solvpred,https://github.com/xueannafang/hsp_toolkit_solv_pred_v_2.0,https://github.com/xueannafang/hsp_toolkit_solv_pred_v_2.0,https://github.com/xueannafang/hsp_toolkit_solv_pred_v_2.0
Dibutyl sebacate,109-43-3,CCCCOC(=O)CCCCCCCCC(=O)OCCCC,,13.9,4.5,4.1,314.5,344.5,,339.0,ester,,solvpred,https://github.com/xueannafang/hsp_toolkit_solv_pred_v_2.0,https://github.com/xueannafang/hsp_toolkit_solv_pred_v_2.0,https://github.com/xueannafang/hsp_toolkit_solv_pred_v_2.0
Dichloroacetaldehyde,79-02-7,ClC(Cl)C=O,C2H2Cl2O,16.7,9.1,7.5,112.9,87.8,,94.0,halogenated,,pang2024,https://github.com/jiayunpang/hsp_embedding,https://pubchem.ncbi.nlm.nih.gov/compound/6576,https://pubchem.ncbi.nlm.nih.gov/compound/6576
Dichloroacetic Acid,79-43-6,OC(=O)C(Cl)Cl,C2H2Cl2O2,18.2,8.1,12.2,128.9,193.9,,82.5,acid,,pang2024,https://github.com/jiayunpang/hsp_embedding,https://pubchem.ncbi.nlm.nih.gov/compound/6597,https://pubchem.ncbi.nlm.nih.gov/compound/6597
Dichloroacetonitrile,3018-12-0,ClC(Cl)C#N,C2HCl2N,17.4,9.4,6.4,109.9,112.5,,80.3,nitrile,,pang2024,https://github.com/jiayunpang/hsp_embedding,https://pubchem.ncbi.nlm.nih.gov/compound/18177,https://pubchem.ncbi.nlm.nih.gov/compound/18177
Dichlorodifluoromethane,75-71-8,C(F)(F)(Cl)Cl,,12.3,2.0,0.0,120.91,-29.8,,92.3,halogenated,,solvpred,https://github.com/xueannafang/hsp_toolkit_solv_pred_v_2.0,https://github.com/xueannafang/hsp_toolkit_solv_pred_v_2.0,https://github.com/xueannafang/hsp_toolkit_solv_pred_v_2.0
Dichloroethylene,107-06-2,ClC(Cl)=C,C2H4Cl2,16.7,7.8,3.3,99.0,83.5,,,halogenated,,pang2024,https://github.com/jiayunpang/hsp_embedding,https://pubchem.ncbi.nlm.nih.gov/compound/11,https://pubchem.ncbi.nlm.nih.gov/compound/11
Dichlorofluoromethane,75-43-4,,CHCl2F,15.8,3.1,5.7,102.9,8.9,,75.4,halogenated,,wolfram,https://datarepository.wolframcloud.com/resources/JoshuaSchrier_Hansen-Solubility-Parameters/,https://pubchem.ncbi.nlm.nih.gov/compound/6370,https://pubchem.ncbi.nlm.nih.gov/compound/6370
Dichloromethane,75-09-2,[H]C(Cl)(Cl)[H],CH2Cl2,17.0,7.3,7.1,84.93,40,1.325,64.0,halogenated,H315-H319-H336-H351,handbook,https://hansen-solubility.com (Hansen Handbook 2007),https://hansen-solubility.com (Hansen Handbook 2007),https://hansen-solubility.com (Hansen Handbook 2007)
Dichloromethyl Methyl Ether,4885-02-3,COC(Cl)Cl,,17.1,12.9,6.5,114.96,85.0,1.271,90.44846577498033,ether,H225-H302 + H332-H314,mendeley,https://data.mendeley.com/datasets/b4dmjzk8w6/1,https://data.mendeley.com/datasets/b4dmjzk8w6/1,https://data.mendeley.com/datasets/b4dmjzk8w6/1
Dichloromonofluoromethane,75-43-4,C(F)(Cl)Cl,,15.8,3.1,5.7,102.92,8.9,,75.4,halogenated,,solvpred,https://github.com/xueannafang/hsp_toolkit_solv_pred_v_2.0,https://github.com/xueannafang/hsp_toolkit_solv_pred_v_2.0,https://github.com/xueannafang/hsp_toolkit_solv_pred_v_2.0
Dicyclohexyl Disulfide,2550-40-5,C1CCC(CC1)SSC2CCCCC2,,17.6,3.5,3.2,230.43,331.0,1.046,220.2963671128107,sulfur compound,H315 - H319 - H335,mendeley,https://data.mendeley.com/datasets/b4dmjzk8w6/1,https://data.mendeley.com/datasets/b4dmjzk8w6/1,https://data.mendeley.com/datasets/b4dmjzk8w6/1
Diethanolamine,111-42-2,C(CO)NCCO,,17.2,10.8,21.2,105.14,268.8,,95.9,alcohol,,solvpred,https://github.com/xueannafang/hsp_toolkit_solv_pred_v_2.0,https://github.com/xueannafang/hsp_toolkit_solv_pred_v_2.0,https://github.com/xueannafang/hsp_toolkit_solv_pred_v_2.0
Diethyl Adipate,141-28-6,CCOC(=O)CCCCC(=O)OCC,C10H18O4,16.4,6.2,7.5,202.2,245.0,,,ester,,pang2024,https://github.com/jiayunpang/hsp_embedding,https://pubchem.ncbi.nlm.nih.gov/compound/8844,https://pubchem.ncbi.nlm.nih.gov/compound/8844
Diethyl Carbonate,105-58-8,O=C(OCC)OCC,,15.1,6.3,3.5,118.13,128.0,0.975,121.15897435897436,ester,H226-H315-H319-H335,mendeley,https://data.mendeley.com/datasets/b4dmjzk8w6/1,https://data.mendeley.com/datasets/b4dmjzk8w6/1,https://data.mendeley.com/datasets/b4dmjzk8w6/1
Diethyl ether,60-29-7,CCOCC,C4H10O,14.5,2.9,4.6,74.12,35,0.713,104.8,ether,EUH019-EUH066-H224-H302-H336,handbook,https://hansen-solubility.com (Hansen Handbook 2007),https://hansen-solubility.com (Hansen Handbook 2007),https://hansen-solubility.com (Hansen Handbook 2007)
Diethyl Glutarate,818-38-2,CCOC(=O)CCCC(=O)OCC,C9H16O4,16.3,7.0,7.8,188.2,,,,other,,pang2024,https://github.com/jiayunpang/hsp_embedding,https://pubchem.ncbi.nlm.nih.gov/compound/13163,
Diethyl ketone,96-22-0,CCC(=O)CC,,15.8,7.6,4.7,86.13,101.7,,1064.0,ketone,,solvpred,https://github.com/xueannafang/hsp_toolkit_solv_pred_v_2.0,https://github.com/xueannafang/hsp_toolkit_solv_pred_v_2.0,https://github.com/xueannafang/hsp_toolkit_solv_pred_v_2.0
Diethyl malonate,105-53-3,CCOC(=O)CC(=O)OCC,,16.0,5.5,7.3,160.2,199,1.055,151.8,ester,,handbook,https://hansen-solubility.com (Hansen Handbook 2007),https://hansen-solubility.com (Hansen Handbook 2007),https://hansen-solubility.com (Hansen Handbook 2007)
Diethyl Oxalate,95-92-1,CCOC(=O)C(=O)OCC,C6H10O4,16.2,8.0,8.8,146.1,185.7,,136.6,ester,,pang2024,https://github.com/jiayunpang/hsp_embedding,https://pubchem.ncbi.nlm.nih.gov/compound/7268,https://pubchem.ncbi.nlm.nih.gov/compound/7268
Diethyl phthalate,84-66-2,CCOC(=O)C1=CC=CC=C1C(=O)OCC,,17.6,9.6,4.5,222.24,295.0,,198.0,ester,,solvpred,https://github.com/xueannafang/hsp_toolkit_solv_pred_v_2.0,https://github.com/xueannafang/hsp_toolkit_solv_pred_v_2.0,https://github.com/xueannafang/hsp_toolkit_solv_pred_v_2.0
Diethyl Succinate,123-25-1,CCOC(=O)CCC(=O)OCC,C8H14O4,16.2,6.8,8.7,174.2,218.0,,,ester,,pang2024,https://github.com/jiayunpang/hsp_embedding,https://pubchem.ncbi.nlm.nih.gov/compound/31249,https://pubchem.ncbi.nlm.nih.gov/compound/31249
Diethyl sulfate,64-67-5,CCOS(=O)(=O)OCC,,15.7,14.7,7.1,154.19,209.5,,131.5,other,,solvpred,https://github.com/xueannafang/hsp_toolkit_solv_pred_v_2.0,https://github.com/xueannafang/hsp_toolkit_solv_pred_v_2.0,https://github.com/xueannafang/hsp_toolkit_solv_pred_v_2.0
Diethyl Sulfide,352-93-2,CCSCC,,16.8,3.1,2.0,90.19,92.0,0.83,108.66265060240964,sulfur compound,H226-H315-H319,mendeley,https://data.mendeley.com/datasets/b4dmjzk8w6/1,https://data.mendeley.com/datasets/b4dmjzk8w6/1,https://data.mendeley.com/datasets/b4dmjzk8w6/1
Diethyl Sulfite,623-81-4,CCOS(OCC)=O,,16.82,7.99,4.27,138.2,160.0,1.07,129.15887850467288,other,H226-H315-H319-H335,mendeley,https://data.mendeley.com/datasets/b4dmjzk8w6/1,https://data.mendeley.com/datasets/b4dmjzk8w6/1,https://data.mendeley.com/datasets/b4dmjzk8w6/1
Diethylamine,109-89-7,CCNCC,,14.9,2.3,6.1,73.14,55.5,,103.2,amine,,solvpred,https://github.com/xueannafang/hsp_toolkit_solv_pred_v_2.0,https://github.com/xueannafang/hsp_toolkit_solv_pred_v_2.0,https://github.com/xueannafang/hsp_toolkit_solv_pred_v_2.0
Diethyldisulfid,110-81-6,,C4H10S2,16.7,6.7,5.7,122.3,152.0,,123.1,other,,hansen_a1,https://hansen-solubility.com (Hansen Handbook Appendix Table A.1),https://pubchem.ncbi.nlm.nih.gov/compound/8077,https://pubchem.ncbi.nlm.nih.gov/compound/8077
Diethyldisulfide,110-81-6,CCSSCC,C4H10S2,17.0,6.7,5.7,122.3,152.0,,,sulfur compound,,pang2024,https://github.com/jiayunpang/hsp_embedding,https://pubchem.ncbi.nlm.nih.gov/compound/8077,https://pubchem.ncbi.nlm.nih.gov/compound/8077
Diethylene glycol,111-46-6,C(COCCO)O,C4H10O3,16.6,12.0,20.7,106.1,245,1.118,95.3,glycol,,handbook,https://hansen-solubility.com (Hansen Handbook 2007),https://hansen-solubility.com (Hansen Handbook 2007),https://hansen-solubility.com (Hansen Handbook 2007)
Diethylene glycol butyl ether acetate,124-17-4,CCCCOCCOCCOC(=O)C,,16.0,4.1,8.2,204.26,245.0,,208.2,alcohol,,solvpred,https://github.com/xueannafang/hsp_toolkit_solv_pred_v_2.0,https://github.com/xueannafang/hsp_toolkit_solv_pred_v_2.0,https://github.com/xueannafang/hsp_toolkit_solv_pred_v_2.0
Diethylene Glycol Dibutyl Ether,112-73-2,CCCCOCCOCCOCCCC,C12H26O3,15.8,4.7,4.4,218.3,256.1,,,alcohol,,pang2024,https://github.com/jiayunpang/hsp_embedding,https://pubchem.ncbi.nlm.nih.gov/compound/8210,https://pubchem.ncbi.nlm.nih.gov/compound/8210
Diethylene Glycol Diethyl Ether,112-36-7,CCOCCOCCOCC,C8H18O3,15.8,5.9,5.6,162.2,188.9,,,alcohol,,pang2024,https://github.com/jiayunpang/hsp_embedding,https://pubchem.ncbi.nlm.nih.gov/compound/8179,https://pubchem.ncbi.nlm.nih.gov/compound/8179
Diethylene Glycol Divinyl Ether,764-99-8,C=COCCOCCOC=C,C8H14O3,16.0,7.3,7.9,158.2,,,,alcohol,,pang2024,https://github.com/jiayunpang/hsp_embedding,https://pubchem.ncbi.nlm.nih.gov/compound/12998,
Diethylene glycol hexyl ether,112-59-4,CCCCCCOCCOCCO,,16.0,6.0,10.0,190.28,258.0,,204.3,alcohol,,solvpred,https://github.com/xueannafang/hsp_toolkit_solv_pred_v_2.0,https://github.com/xueannafang/hsp_toolkit_solv_pred_v_2.0,https://github.com/xueannafang/hsp_toolkit_solv_pred_v_2.0
Diethylene Glycol Methyl t-Butyl Ether,,COC(C)(C)C.OCCOCCO,C9H22O4,16.0,7.2,7.2,194.3,,,,alcohol,,pang2024,https://github.com/jiayunpang/hsp_embedding,https://pubchem.ncbi.nlm.nih.gov/compound/22026579,
Diethylene Glycol Monobutyl Ether,112-34-5,CCCCOCCOCCO,,16.0,7.0,10.6,162.23,230.0,0.95,170.76842105263157,alcohol,H319,mendeley,https://data.mendeley.com/datasets/b4dmjzk8w6/1,https://data.mendeley.com/datasets/b4dmjzk8w6/1,https://data.mendeley.com/datasets/b4dmjzk8w6/1
Diethylene glycol monoethyl ether,111-90-0,CCOCCOCCO,,16.2,9.2,12.3,134.2,202,0.99,130.9,glycol ether,-,handbook,https://hansen-solubility.com (Hansen Handbook 2007),https://hansen-solubility.com (Hansen Handbook 2007),https://hansen-solubility.com (Hansen Handbook 2007)
Diethylene Glycol Monoethyl Ether Acetate,112-15-2,CCOCCOCCOC(C)=O,C8H16O4,16.2,5.1,9.2,176.2,217.4,,,alcohol,,pang2024,https://github.com/jiayunpang/hsp_embedding,https://pubchem.ncbi.nlm.nih.gov/compound/8165,https://pubchem.ncbi.nlm.nih.gov/compound/8165
Diethylene glycol monomethyl ether,111-77-3,COCCOCCO,,16.2,7.8,12.6,120.15,193.0,,118.0,alcohol,,solvpred,https://github.com/xueannafang/hsp_toolkit_solv_pred_v_2.0,https://github.com/xueannafang/hsp_toolkit_solv_pred_v_2.0,https://github.com/xueannafang/hsp_toolkit_solv_pred_v_2.0
Diethylene Glycol Monopropyl Ether,6881-94-3,CCCOCCOCCO,C7H16O3,16.0,7.2,11.3,148.2,,,,alcohol,,pang2024,https://github.com/jiayunpang/hsp_embedding,https://pubchem.ncbi.nlm.nih.gov/compound/81313,
DiethyleneGlycolButylEther,,,,16.0,7.0,10.6,,,,170.6,alcohol,,wolfram,https://datarepository.wolframcloud.com/resources/JoshuaSchrier_Hansen-Solubility-Parameters/,,
DiethyleneGlycolDimethylEther,111-96-6,,C6H14O3,15.8,6.1,9.2,134.2,162.2,,142.0,alcohol,,wolfram,https://datarepository.wolframcloud.com/resources/JoshuaSchrier_Hansen-Solubility-Parameters/,https://pubchem.ncbi.nlm.nih.gov/compound/8150,https://pubchem.ncbi.nlm.nih.gov/compound/8150
DiethyleneGlycolMethylEther,,,,16.2,7.8,12.7,,,,118.0,alcohol,,wolfram,https://datarepository.wolframcloud.com/resources/JoshuaSchrier_Hansen-Solubility-Parameters/,,
Diethylenetriamine,111-40-0,C(CNCCN)N,,16.7,13.3,14.3,103.17,207.0,,108.0,amine,,solvpred,https://github.com/xueannafang/hsp_toolkit_solv_pred_v_2.0,https://github.com/xueannafang/hsp_toolkit_solv_pred_v_2.0,https://github.com/xueannafang/hsp_toolkit_solv_pred_v_2.0
Diethylhexyl Phthalate,117-81-7,CCCCCC(CC)(CC)OC(=O)c1ccccc1C([O-])=O,C24H38O4,16.6,7.0,3.1,390.6,383.9,,,ester,,pang2024,https://github.com/jiayunpang/hsp_embedding,https://pubchem.ncbi.nlm.nih.gov/compound/8343,https://pubchem.ncbi.nlm.nih.gov/compound/8343
Dihexyl Ether,112-58-3,CCCCCCOCCCCCC,,16.0,3.0,2.8,186.34,223.0,0.793,234.98108448928122,ether,H227-H413,mendeley,https://data.mendeley.com/datasets/b4dmjzk8w6/1,https://data.mendeley.com/datasets/b4dmjzk8w6/1,https://data.mendeley.com/datasets/b4dmjzk8w6/1
Dihexyl Phthalate,84-75-3,CCCCCCOC(=O)c1ccccc1C(=O)OCCCCCC,C20H30O4,17.0,7.6,3.6,334.4,350.0,,,ester,,pang2024,https://github.com/jiayunpang/hsp_embedding,https://pubchem.ncbi.nlm.nih.gov/compound/6786,https://pubchem.ncbi.nlm.nih.gov/compound/6786
Dihydrogen Disulfid,,,,17.3,6.3,10.7,,,,49.6,other,,hansen_a1,https://hansen-solubility.com (Hansen Handbook Appendix Table A.1),,
Dihydrogen Disulfide,7783-06-4,SS,H2S,17.3,6.3,10.7,34.1,-60.3,,,sulfur compound,,pang2024,https://github.com/jiayunpang/hsp_embedding,https://pubchem.ncbi.nlm.nih.gov/compound/402,https://pubchem.ncbi.nlm.nih.gov/compound/402
Dihydropyran,110-87-2,C1CCOC=C1,,17.5,5.5,5.7,84.12,87.0,0.907,92.74531422271224,ether,H226-H315-H319-H335,mendeley,https://data.mendeley.com/datasets/b4dmjzk8w6/1,https://data.mendeley.com/datasets/b4dmjzk8w6/1,https://data.mendeley.com/datasets/b4dmjzk8w6/1
Diisobutyl Adipate,141-04-8,CC(C)COC(=O)CCCCC(=O)OCC(C)C,C14H26O4,16.7,2.5,6.2,258.4,279.0,,,ester,,pang2024,https://github.com/jiayunpang/hsp_embedding,https://pubchem.ncbi.nlm.nih.gov/compound/8831,https://pubchem.ncbi.nlm.nih.gov/compound/8831
Diisopropyl ether,108-20-3,CC(C)OC(C)C,,13.8,3.0,3.4,102.2,69,0.724,141.8,ether,H225 - H336,handbook,https://hansen-solubility.com (Hansen Handbook 2007),https://hansen-solubility.com (Hansen Handbook 2007),https://hansen-solubility.com (Hansen Handbook 2007)
Diisopropylamine,108-18-9,CC(C)NC(C)C,C6H15N,14.8,1.7,3.5,101.2,83.9,,141.1,amine,,pang2024,https://github.com/jiayunpang/hsp_embedding,https://pubchem.ncbi.nlm.nih.gov/compound/7912,https://pubchem.ncbi.nlm.nih.gov/compound/7912
Diketene,674-82-8,C=C1CC(=O)O1,C4H4O2,16.2,14.5,7.8,84.1,127.0,,,other,,pang2024,https://github.com/jiayunpang/hsp_embedding,https://pubchem.ncbi.nlm.nih.gov/compound/12661,https://pubchem.ncbi.nlm.nih.gov/compound/12661
Dimethoxymethane,109-87-5,COCOC,C3H8O2,15.0,1.8,8.6,76.1,42.2,,,other,,pang2024,https://github.com/jiayunpang/hsp_embedding,https://pubchem.ncbi.nlm.nih.gov/compound/8020,https://pubchem.ncbi.nlm.nih.gov/compound/8020
Dimethyl 2-Methylglutarate,14035-94-0,COC(=O)CCC(C)C(=O)OC,C8H14O4,16.6,8.7,5.0,174.2,,,,other,,pang2024,https://github.com/jiayunpang/hsp_embedding,https://pubchem.ncbi.nlm.nih.gov/compound/118086,
Dimethyl Acetylene,503-17-3,CC#CC,C4H6,15.1,3.4,7.6,54.1,,,78.9,hydrocarbon,,pang2024,https://github.com/jiayunpang/hsp_embedding,https://pubchem.ncbi.nlm.nih.gov/compound/10419,
Dimethyl Adipate,627-93-0,COC(=O)CCCCC(=O)OC,C8H14O4,16.3,6.8,8.5,174.2,110.0,,,ester,,pang2024,https://github.com/jiayunpang/hsp_embedding,https://pubchem.ncbi.nlm.nih.gov/compound/12329,https://pubchem.ncbi.nlm.nih.gov/compound/12329
Dimethyl Amine,124-40-3,CNC,C2H7N,15.3,4.8,11.2,45.1,7.4,,66.2,amine,,pang2024,https://github.com/jiayunpang/hsp_embedding,https://pubchem.ncbi.nlm.nih.gov/compound/674,https://pubchem.ncbi.nlm.nih.gov/compound/674
Dimethyl carbonate,616-38-6,O=C(OC)OC,,15.5,8.6,9.7,90.08,90,1.069,84.7,ester,H225,handbook,https://hansen-solubility.com (Hansen Handbook 2007),https://hansen-solubility.com (Hansen Handbook 2007),https://hansen-solubility.com (Hansen Handbook 2007)
Dimethyl Cellosolve,110-71-4,COCCOC,C4H10O2,15.4,6.0,6.0,90.1,85.0,,104.5,glycol ether,,pang2024,https://github.com/jiayunpang/hsp_embedding,https://pubchem.ncbi.nlm.nih.gov/compound/8071,https://pubchem.ncbi.nlm.nih.gov/compound/8071
Dimethyl Diketone,431-03-8,,C4H6O2,15.7,5.3,11.7,86.1,87.8,,88.2,ketone,,hansen_a1,https://hansen-solubility.com (Hansen Handbook Appendix Table A.1),https://pubchem.ncbi.nlm.nih.gov/compound/650,https://pubchem.ncbi.nlm.nih.gov/compound/650
Dimethyl Disulfide,624-92-0,CSSC,C2H6S2,17.6,7.8,6.5,94.2,109.7,,,sulfur compound,,pang2024,https://github.com/jiayunpang/hsp_embedding,https://pubchem.ncbi.nlm.nih.gov/compound/12232,https://pubchem.ncbi.nlm.nih.gov/compound/12232
Dimethyl Ethanolamine,108-01-0,CC(C)(O)CN,C4H11NO,16.1,9.2,14.0,89.1,135.0,,,alcohol,,pang2024,https://github.com/jiayunpang/hsp_embedding,https://pubchem.ncbi.nlm.nih.gov/compound/7902,https://pubchem.ncbi.nlm.nih.gov/compound/7902
Dimethyl ether,115-10-6,COC,,13.7,4.0,5.7,46.07,-24,0.735,62.8,ether,,handbook,https://hansen-solubility.com (Hansen Handbook 2007),https://hansen-solubility.com (Hansen Handbook 2007),https://hansen-solubility.com (Hansen Handbook 2007)
Dimethyl Formamide,68-12-2,CN(C)C=O,C3H7NO,17.4,13.7,11.3,73.1,156.1,,,amide,,pang2024,https://github.com/jiayunpang/hsp_embedding,https://pubchem.ncbi.nlm.nih.gov/compound/6228,https://pubchem.ncbi.nlm.nih.gov/compound/6228
Dimethyl Glutarate,1119-40-0,COC(=O)CCCC(=O)OC,C7H12O4,16.1,7.7,8.3,160.2,95.0,,,other,,pang2024,https://github.com/jiayunpang/hsp_embedding,https://pubchem.ncbi.nlm.nih.gov/compound/14242,https://pubchem.ncbi.nlm.nih.gov/compound/14242
Dimethyl Isosorbide,5306-85-4,CO[C@@H]1CO[C@@H]2[C@H](CO[C@H]12)OC,C8H14O4,17.6,7.1,7.5,174.2,,,,other,,pang2024,https://github.com/jiayunpang/hsp_embedding,https://pubchem.ncbi.nlm.nih.gov/compound/62990,
Dimethyl Ketene,598-26-5,CC(C)=C=O,C4H6O,15.2,7.4,4.8,70.1,,,87.6,other,,pang2024,https://github.com/jiayunpang/hsp_embedding,https://pubchem.ncbi.nlm.nih.gov/compound/136395,
Dimethyl Maleate,624-48-6,COC(=O)\C=C/C(=O)OC,C6H8O4,16.3,8.3,9.8,144.1,,,,ester,,pang2024,https://github.com/jiayunpang/hsp_embedding,https://pubchem.ncbi.nlm.nih.gov/compound/5271565,
Dimethyl Phthalate,131-11-3,O=C(OC)C1=CC=CC=C1C(OC)=O,,18.6,10.8,4.9,194.19,282.0,1.19,163.18487394957984,ester,,mendeley,https://data.mendeley.com/datasets/b4dmjzk8w6/1,https://data.mendeley.com/datasets/b4dmjzk8w6/1,https://data.mendeley.com/datasets/b4dmjzk8w6/1
Dimethyl Sebacate,106-79-6,COC(=O)CCCCCCCCC(=O)OC,C12H22O4,16.6,2.9,6.7,230.3,,,,ester,,pang2024,https://github.com/jiayunpang/hsp_embedding,https://pubchem.ncbi.nlm.nih.gov/compound/7829,
Dimethyl Succinate,106-65-0,COC(=O)CCC(=O)OC,C6H10O4,16.1,7.7,8.8,146.1,196.4,,,ester,,pang2024,https://github.com/jiayunpang/hsp_embedding,https://pubchem.ncbi.nlm.nih.gov/compound/7820,https://pubchem.ncbi.nlm.nih.gov/compound/7820
Dimethyl Sulfate,77-78-1,CO[S](=O)(=O)OC,C2H6O4S,16.5,13.0,7.0,126.1,76.0,,,other,,pang2024,https://github.com/jiayunpang/hsp_embedding,https://pubchem.ncbi.nlm.nih.gov/compound/6497,https://pubchem.ncbi.nlm.nih.gov/compound/6497
Dimethyl Sulfid,,,,16.1,6.4,7.4,,,,73.2,other,,hansen_a1,https://hansen-solubility.com (Hansen Handbook Appendix Table A.1),,
Dimethyl Sulfide,75-18-3,CSC,C2H6S,16.1,6.4,7.4,62.1,37.2,,,sulfur compound,,pang2024,https://github.com/jiayunpang/hsp_embedding,https://pubchem.ncbi.nlm.nih.gov/compound/1068,https://pubchem.ncbi.nlm.nih.gov/compound/1068
Dimethyl Sulfite,616-42-2,O(C)S(=O)OC,,17.3,10.2,6.2,110.1,126.0,1.3,84.69230769230768,other,H226-H315-H319-H335,mendeley,https://data.mendeley.com/datasets/b4dmjzk8w6/1,https://data.mendeley.com/datasets/b4dmjzk8w6/1,https://data.mendeley.com/datasets/b4dmjzk8w6/1
Dimethyl sulfone,67-71-0,CS(=O)(=O)C,,19.0,19.4,12.3,94.14,237.0,,75.0,sulfoxide,,solvpred,https://github.com/xueannafang/hsp_toolkit_solv_pred_v_2.0,https://github.com/xueannafang/hsp_toolkit_solv_pred_v_2.0,https://github.com/xueannafang/hsp_toolkit_solv_pred_v_2.0
Dimethyl sulfoxide,67-68-5,O=S(C)C,C2H6OS,18.4,16.4,10.2,78.13,189,1.1,71.3,sulfoxide,-,handbook,https://hansen-solubility.com (Hansen Handbook 2007),https://hansen-solubility.com (Hansen Handbook 2007),https://hansen-solubility.com (Hansen Handbook 2007)
Dimethyl Trisulfide,3658-80-8,CSSSC,,19.3,7.8,5.6,126.3,170.0,1.203,104.98753117206982,sulfur compound,H226-H302-H315-H319-H335,mendeley,https://data.mendeley.com/datasets/b4dmjzk8w6/1,https://data.mendeley.com/datasets/b4dmjzk8w6/1,https://data.mendeley.com/datasets/b4dmjzk8w6/1
Dimethylethanolamine (2-(dimethylamino)ethanol),108-01-0,,C4H11NO,16.1,9.2,15.3,89.14,135.0,,101.1,alcohol,,accudyne,https://www.accudynetest.com/solubility_table.html,https://www.accudynetest.com/solubility_table.html,https://pubchem.ncbi.nlm.nih.gov/compound/7902
DiNOctylPhthalate,,,,16.6,7.0,3.1,,,,277.0,ester,,wolfram,https://datarepository.wolframcloud.com/resources/JoshuaSchrier_Hansen-Solubility-Parameters/,,
Dioctyl Adipate,123-79-5,CCCCCCCCOC(=O)CCCCC(=O)OCCCCCCCC,C22H42O4,16.7,2.0,5.1,370.6,404.8,,,ester,,pang2024,https://github.com/jiayunpang/hsp_embedding,https://pubchem.ncbi.nlm.nih.gov/compound/31271,https://pubchem.ncbi.nlm.nih.gov/compound/31271
Dioctyl hexanedioate (dioctyl adipate),103-23-1,,C22H42O4,16.7,2.0,5.1,370.57,417.2,,400.0,ester,,accudyne,https://www.accudynetest.com/solubility_table.html,https://www.accudynetest.com/solubility_table.html,https://pubchem.ncbi.nlm.nih.gov/compound/7641
Dioctyl phthalate,117-81-7,CCCCC(CC)COC(=O)C1=CC=CC=C1C(=O)OCC(CC)CCCC,,16.6,7.0,3.1,390.6,384.0,,377.0,ester,,solvpred,https://github.com/xueannafang/hsp_toolkit_solv_pred_v_2.0,https://github.com/xueannafang/hsp_toolkit_solv_pred_v_2.0,https://github.com/xueannafang/hsp_toolkit_solv_pred_v_2.0
Dipentene,138-86-3,CC(=C)C1CCC(=CC1)C,C10H16,17.2,1.8,4.3,136.2,177.8,,,aromatic,,pang2024,https://github.com/jiayunpang/hsp_embedding,https://pubchem.ncbi.nlm.nih.gov/compound/22311,https://pubchem.ncbi.nlm.nih.gov/compound/22311
Diphenyl Acetylene,501-65-5,c1ccc(cc1)C#Cc2ccccc2,C14H10,18.0,2.0,3.2,178.2,,,,aromatic,,pang2024,https://github.com/jiayunpang/hsp_embedding,https://pubchem.ncbi.nlm.nih.gov/compound/10390,
Diphenyl Acetylene P from Group Cont,,,,20.1,2.0,3.2,,,,184.3,aromatic,,hansen_a1,https://hansen-solubility.com (Hansen Handbook Appendix Table A.1),,
Diphenyl Ether,101-84-8,C1(OC2=CC=CC=C2)=CC=CC=C1,,19.4,3.4,4.0,170.21,259.0,1.073,158.6300093196645,ether,H319-H410-H411,mendeley,https://data.mendeley.com/datasets/b4dmjzk8w6/1,https://data.mendeley.com/datasets/b4dmjzk8w6/1,https://data.mendeley.com/datasets/b4dmjzk8w6/1
Diphenyl Sulfide,139-66-2,C1(SC2=CC=CC=C2)=CC=CC=C1,,20.3,3.5,3.5,186.3,296.0,1.113,167.38544474393532,aromatic,H302-H315-H319-H413,mendeley,https://data.mendeley.com/datasets/b4dmjzk8w6/1,https://data.mendeley.com/datasets/b4dmjzk8w6/1,https://data.mendeley.com/datasets/b4dmjzk8w6/1
Diphenyl Sulfone,127-63-9,O=[S](=O)(c1ccccc1)c2ccccc2,C12H10O2S,21.1,14.4,3.4,218.3,,,174.3,sulfoxide,,pang2024,https://github.com/jiayunpang/hsp_embedding,https://pubchem.ncbi.nlm.nih.gov/compound/31386,
Diphenylamine,122-39-4,N(c1ccccc1)c2ccccc2,C12H11N,20.0,3.3,5.9,169.2,302.2,,145.9,amine,,pang2024,https://github.com/jiayunpang/hsp_embedding,https://pubchem.ncbi.nlm.nih.gov/compound/11487,https://pubchem.ncbi.nlm.nih.gov/compound/11487
Diphenylmethane,101-81-5,C(c1ccccc1)c2ccccc2,C13H12,19.5,1.0,1.0,168.2,264.5,,168.2,aromatic,,pang2024,https://github.com/jiayunpang/hsp_embedding,https://pubchem.ncbi.nlm.nih.gov/compound/7580,https://pubchem.ncbi.nlm.nih.gov/compound/7580
Dipropyiene glycol methyl ether,34590-94-8,CCC(O)OCCCOC,,15.5,5.7,11.2,148.2,-1.0,,157.4,alcohol,,solvpred,https://github.com/xueannafang/hsp_toolkit_solv_pred_v_2.0,https://github.com/xueannafang/hsp_toolkit_solv_pred_v_2.0,https://github.com/xueannafang/hsp_toolkit_solv_pred_v_2.0
Dipropyl Ketone,123-19-3,CCCC(CCC)=O,,15.8,7.6,4.9,114.19,145.0,0.817,139.7674418604651,ketone,H226-H332,mendeley,https://data.mendeley.com/datasets/b4dmjzk8w6/1,https://data.mendeley.com/datasets/b4dmjzk8w6/1,https://data.mendeley.com/datasets/b4dmjzk8w6/1
Dipropylamine,142-84-7,CCCNCCC,,15.3,1.4,4.1,101.19,109.3,,136.9,amine,,solvpred,https://github.com/xueannafang/hsp_toolkit_solv_pred_v_2.0,https://github.com/xueannafang/hsp_toolkit_solv_pred_v_2.0,https://github.com/xueannafang/hsp_toolkit_solv_pred_v_2.0
Dipropylene Glycol,2396-61-4,OCCCOCCCO,,16.7,8.2,15.5,134.18,235.0,1.02,131.54901960784315,alcohol,,mendeley,https://data.mendeley.com/datasets/b4dmjzk8w6/1,https://data.mendeley.com/datasets/b4dmjzk8w6/1,https://data.mendeley.com/datasets/b4dmjzk8w6/1
Dipropylene Glycol Methyl Ether,34590-94-8,COC(C)COC(C)CO,C7H16O3,15.5,5.7,11.2,148.2,184.0,,,alcohol,,pang2024,https://github.com/jiayunpang/hsp_embedding,https://pubchem.ncbi.nlm.nih.gov/compound/25484,https://pubchem.ncbi.nlm.nih.gov/compound/25484
Dipropylene Glycol Mono n-Butyl Ether,,CCCCOC(C)COC(C)CO,C10H22O3,15.7,6.5,10.0,190.3,,,,alcohol,,pang2024,https://github.com/jiayunpang/hsp_embedding,https://pubchem.ncbi.nlm.nih.gov/compound/22495260,
Dipropylene Glycol Mono n-Propyl Ether,,CCCOC(C)COC(C)CO,C9H20O3,15.6,6.1,11.0,176.2,,,,alcohol,,pang2024,https://github.com/jiayunpang/hsp_embedding,https://pubchem.ncbi.nlm.nih.gov/compound/19042707,
Dipropylene Glycol Monomethyl Ether Acetate,1992904-38-7,COC(C)COC(C)COC(C)=O,C9H18O4,16.3,4.9,8.0,190.2,,,,alcohol,,pang2024,https://github.com/jiayunpang/hsp_embedding,https://pubchem.ncbi.nlm.nih.gov/compound/21896169,
DiPropyleneGlycolButylEther,,,,15.7,6.5,10.0,,,,211.2,alcohol,,wolfram,https://datarepository.wolframcloud.com/resources/JoshuaSchrier_Hansen-Solubility-Parameters/,,
Divinyl Sulfid,,,,16.5,4.6,5.6,,,,93.6,other,,hansen_a1,https://hansen-solubility.com (Hansen Handbook Appendix Table A.1),,
Divinylsulfide,627-51-0,C=CSC=C,C4H6S,16.5,4.6,5.6,86.2,101.0,,,sulfur compound,,pang2024,https://github.com/jiayunpang/hsp_embedding,https://pubchem.ncbi.nlm.nih.gov/compound/12321,https://pubchem.ncbi.nlm.nih.gov/compound/12321
DLLimonene,,,,17.2,1.8,4.3,,,,162.9,terpene,,wolfram,https://datarepository.wolframcloud.com/resources/JoshuaSchrier_Hansen-Solubility-Parameters/,,
Dodecane,112-40-3,CCCCCCCCCCCC,,16.0,0.0,0.0,170.33,216.3,,228.6,hydrocarbon,,solvpred,https://github.com/xueannafang/hsp_toolkit_solv_pred_v_2.0,https://github.com/xueannafang/hsp_toolkit_solv_pred_v_2.0,https://github.com/xueannafang/hsp_toolkit_solv_pred_v_2.0
Dodecanol,112-53-8,CCCCCCCCCCCCO,C12H26O,16.0,4.0,9.3,186.3,258.9,,224.5,alcohol,,pang2024,https://github.com/jiayunpang/hsp_embedding,https://pubchem.ncbi.nlm.nih.gov/compound/8193,https://pubchem.ncbi.nlm.nih.gov/compound/8193
Dopamine,51-61-6,NCCc1ccc(O)c(O)c1,C8H11NO2,18.2,10.3,19.5,153.2,227,,,amine,,pang2024,https://github.com/jiayunpang/hsp_embedding,https://pubchem.ncbi.nlm.nih.gov/compound/681,https://pubchem.ncbi.nlm.nih.gov/compound/681
DowanolDpm,,,,15.5,5.7,11.2,,,,156.1,glycol ether,,wolfram,https://datarepository.wolframcloud.com/resources/JoshuaSchrier_Hansen-Solubility-Parameters/,,
Ecstasy,42542-10-9,CNC(C)Cc1ccc2OCOc2c1,C11H15NO2,18.0,5.1,6.1,193.2,105.0,,,other,,pang2024,https://github.com/jiayunpang/hsp_embedding,https://pubchem.ncbi.nlm.nih.gov/compound/1615,https://pubchem.ncbi.nlm.nih.gov/compound/1615
Eicosane,112-95-8,CCCCCCCCCCCCCCCCCCCC,,16.5,0.0,0.0,282.5,344.1,,359.8,hydrocarbon,,solvpred,https://github.com/xueannafang/hsp_toolkit_solv_pred_v_2.0,https://github.com/xueannafang/hsp_toolkit_solv_pred_v_2.0,https://github.com/xueannafang/hsp_toolkit_solv_pred_v_2.0
Epichlorohydrin,106-89-8,C1C(O1)CCl,C3H5ClO,18.9,7.6,6.6,92.52,117.9,,78.4,halogenated,,solvpred,https://github.com/xueannafang/hsp_toolkit_solv_pred_v_2.0,https://github.com/xueannafang/hsp_toolkit_solv_pred_v_2.0,https://github.com/xueannafang/hsp_toolkit_solv_pred_v_2.0
Epsilon-Caprolactam,105-60-2,O=C1CCCCCN1,C6H11NO,19.4,13.8,3.9,113.2,266.9,,110.7,amide,,pang2024,https://github.com/jiayunpang/hsp_embedding,https://pubchem.ncbi.nlm.nih.gov/compound/7768,https://pubchem.ncbi.nlm.nih.gov/compound/7768
Ethane,74-84-0,CC,C2H6,15.5,0.0,0.0,30.1,-88.6,,,hydrocarbon,,pang2024,https://github.com/jiayunpang/hsp_embedding,https://pubchem.ncbi.nlm.nih.gov/compound/6324,https://pubchem.ncbi.nlm.nih.gov/compound/6324
Ethanesulfonylchloride,594-44-5,CC[S](Cl)(=O)=O,C2H5ClO2S,17.7,14.9,6.8,128.6,177.5,,94.7,halogenated,,pang2024,https://github.com/jiayunpang/hsp_embedding,https://pubchem.ncbi.nlm.nih.gov/compound/11667,https://pubchem.ncbi.nlm.nih.gov/compound/11667
Ethanethiol (Ethyl Mercaptan),75-08-1,CCS,,15.7,6.5,7.1,62.13,35.0,0.839,74.05244338498213,sulfur compound,H224-H302+H332-H317-H410,mendeley,https://data.mendeley.com/datasets/b4dmjzk8w6/1,https://data.mendeley.com/datasets/b4dmjzk8w6/1,https://data.mendeley.com/datasets/b4dmjzk8w6/1
Ethanol,64-17-5,CCO,C2H6O,15.8,8.8,19.4,46.07,78,0.789,58.5,alcohol,H225,handbook,https://hansen-solubility.com (Hansen Handbook 2007),https://hansen-solubility.com (Hansen Handbook 2007),https://hansen-solubility.com (Hansen Handbook 2007)
"Ethanol, 2-Nitro-",625-48-9,O=[N+]([O-])CCO,,17.7,17.7,13.3,91.07,194.0,1.27,71.70866141732283,alcohol,H315-H319-H335,mendeley,https://data.mendeley.com/datasets/b4dmjzk8w6/1,https://data.mendeley.com/datasets/b4dmjzk8w6/1,https://data.mendeley.com/datasets/b4dmjzk8w6/1
Ethanolamine,141-43-5,C(CO)N,C2H7NO,17.0,15.5,21.0,61.08,171,1.012,60.2,amine,,handbook,https://hansen-solubility.com (Hansen Handbook 2007),https://hansen-solubility.com (Hansen Handbook 2007),https://hansen-solubility.com (Hansen Handbook 2007)
Ethoxyethyl Propionate,,CCOC(C)OC(=O)CC,C7H14O3,16.2,3.3,8.8,146.2,,,,ester,,pang2024,https://github.com/jiayunpang/hsp_embedding,https://pubchem.ncbi.nlm.nih.gov/compound/13119697,
Ethyl 3-Hexenoate,2396-83-0,CCC=CCC(=O)OCC,,16.3,4.27,5.39,142.2,200.0,0.89,159.7752808988764,other,H226,mendeley,https://data.mendeley.com/datasets/b4dmjzk8w6/1,https://data.mendeley.com/datasets/b4dmjzk8w6/1,https://data.mendeley.com/datasets/b4dmjzk8w6/1
Ethyl acetate,141-78-6,CC(OCC)=O,C4H8O2,15.8,5.3,7.2,88.11,77,0.902,98.5,ester,H225-H319-H336,handbook,https://hansen-solubility.com (Hansen Handbook 2007),https://hansen-solubility.com (Hansen Handbook 2007),https://hansen-solubility.com (Hansen Handbook 2007)
Ethyl Aceto Acetate (Keto),141-97-9,CC(CC(OCC)=O)=O,,16.5,7.3,8.3,130.14,181.0,1.03,126.34951456310678,ester,H319,mendeley,https://data.mendeley.com/datasets/b4dmjzk8w6/1,https://data.mendeley.com/datasets/b4dmjzk8w6/1,https://data.mendeley.com/datasets/b4dmjzk8w6/1
Ethyl Acetylene,107-00-6,CCC#C,C4H6,15.1,3.4,5.0,54.1,,,81.5,hydrocarbon,,pang2024,https://github.com/jiayunpang/hsp_embedding,https://pubchem.ncbi.nlm.nih.gov/compound/7846,
Ethyl acrylate,140-88-5,CCOC(=O)C=C,,15.5,7.1,5.5,100.12,99.4,,108.8,ester,,solvpred,https://github.com/xueannafang/hsp_toolkit_solv_pred_v_2.0,https://github.com/xueannafang/hsp_toolkit_solv_pred_v_2.0,https://github.com/xueannafang/hsp_toolkit_solv_pred_v_2.0
Ethyl Amine,75-04-7,CCN,C2H7N,15.0,5.6,10.7,45.1,16.6,,65.6,amine,,pang2024,https://github.com/jiayunpang/hsp_embedding,https://pubchem.ncbi.nlm.nih.gov/compound/6341,https://pubchem.ncbi.nlm.nih.gov/compound/6341
Ethyl amyl ketone,106-68-3,CCCCCC(=O)CC,,16.2,4.5,4.1,128.21,167.5,,156.0,ketone,,solvpred,https://github.com/xueannafang/hsp_toolkit_solv_pred_v_2.0,https://github.com/xueannafang/hsp_toolkit_solv_pred_v_2.0,https://github.com/xueannafang/hsp_toolkit_solv_pred_v_2.0
Ethyl Benzoate,93-89-0,O=C(OCC)C1=CC=CC=C1,,17.9,6.2,6.0,150.18,212.0,1.049,143.16491897044807,ester,H227,mendeley,https://data.mendeley.com/datasets/b4dmjzk8w6/1,https://data.mendeley.com/datasets/b4dmjzk8w6/1,https://data.mendeley.com/datasets/b4dmjzk8w6/1
Ethyl bromide,74-96-4,CCBr,,16.5,8.4,2.3,108.97,38.2,,74.6,halogenated,,solvpred,https://github.com/xueannafang/hsp_toolkit_solv_pred_v_2.0,https://github.com/xueannafang/hsp_toolkit_solv_pred_v_2.0,https://github.com/xueannafang/hsp_toolkit_solv_pred_v_2.0
Ethyl Butyl Ether,628-81-9,CCCCOCC,C6H14O,14.5,3.9,4.7,102.2,,,,ether,,pang2024,https://github.com/jiayunpang/hsp_embedding,https://pubchem.ncbi.nlm.nih.gov/compound/12355,
Ethyl Butyl Ketone,106-35-4,O=C(CC)CCCC,,16.2,5.0,4.1,114.19,149.0,0.818,139.59657701711492,ketone,H226-H319-H332,mendeley,https://data.mendeley.com/datasets/b4dmjzk8w6/1,https://data.mendeley.com/datasets/b4dmjzk8w6/1,https://data.mendeley.com/datasets/b4dmjzk8w6/1
Ethyl Butyrate,105-54-4,CCCC(=O)OCC,C6H12O2,15.5,5.6,5.0,116.2,121.1,,132.9,ester,,pang2024,https://github.com/jiayunpang/hsp_embedding,https://pubchem.ncbi.nlm.nih.gov/compound/7762,https://pubchem.ncbi.nlm.nih.gov/compound/7762
Ethyl Caproate,123-66-0,,C8H16O2,15.5,3.2,5.9,144.2,168.0,,149.6,other,,hansen_a1,https://hansen-solubility.com (Hansen Handbook Appendix Table A.1),https://pubchem.ncbi.nlm.nih.gov/compound/31265,https://pubchem.ncbi.nlm.nih.gov/compound/31265
Ethyl Carbamate,51-79-6,CCOC(N)=O,C3H7NO2,16.8,10.1,13.0,89.1,183.9,,91.2,other,,pang2024,https://github.com/jiayunpang/hsp_embedding,https://pubchem.ncbi.nlm.nih.gov/compound/5641,https://pubchem.ncbi.nlm.nih.gov/compound/5641
Ethyl Carbylamine,,CCN=[CH+],C3H6N+,15.6,15.2,5.8,56.1,,,74.4,amine,,pang2024,https://github.com/jiayunpang/hsp_embedding,https://pubchem.ncbi.nlm.nih.gov/compound/4474585,
Ethyl chloride,75-00-3,CCCl,,15.7,6.1,2.9,64.51,12.3,,70.0,halogenated,,solvpred,https://github.com/xueannafang/hsp_toolkit_solv_pred_v_2.0,https://github.com/xueannafang/hsp_toolkit_solv_pred_v_2.0,https://github.com/xueannafang/hsp_toolkit_solv_pred_v_2.0
Ethyl chloroformate,541-41-3,CCOC(=O)Cl,,15.5,10.0,6.7,108.52,95.0,,95.6,ester,,solvpred,https://github.com/xueannafang/hsp_toolkit_solv_pred_v_2.0,https://github.com/xueannafang/hsp_toolkit_solv_pred_v_2.0,https://github.com/xueannafang/hsp_toolkit_solv_pred_v_2.0
Ethyl cinnamate,103-36-6,CCOC(=O)C=CC1=CC=CC=C1,,18.4,8.2,4.1,176.21,-1.0,,166.8,other,,solvpred,https://github.com/xueannafang/hsp_toolkit_solv_pred_v_2.0,https://github.com/xueannafang/hsp_toolkit_solv_pred_v_2.0,https://github.com/xueannafang/hsp_toolkit_solv_pred_v_2.0
Ethyl Cyanoacetate,105-56-6,CCOC(=O)CC#N,C5H7NO2,16.7,7.9,8.3,113.1,205.0,,,ester,,pang2024,https://github.com/jiayunpang/hsp_embedding,https://pubchem.ncbi.nlm.nih.gov/compound/7764,https://pubchem.ncbi.nlm.nih.gov/compound/7764
Ethyl Cyanoacrylate,7085-85-0,CCOC(=O)C(=C)C#N,C6H7NO2,15.2,10.3,9.0,125.1,55.0,,,ester,,pang2024,https://github.com/jiayunpang/hsp_embedding,https://pubchem.ncbi.nlm.nih.gov/compound/81530,https://pubchem.ncbi.nlm.nih.gov/compound/81530
Ethyl Ethynylether,927-80-0,CCOC#C,C4H6O,15.4,7.9,5.9,70.1,,,87.6,ether,,pang2024,https://github.com/jiayunpang/hsp_embedding,https://pubchem.ncbi.nlm.nih.gov/compound/61239,
Ethyl Fluoride,353-36-6,CCF,C2H5F,15.2,9.3,3.0,48.1,,,,halogenated,,pang2024,https://github.com/jiayunpang/hsp_embedding,https://pubchem.ncbi.nlm.nih.gov/compound/9620,
Ethyl formate,109-94-4,CCOC=O,,15.5,8.4,8.4,74.08,54.5,,80.2,ester,,solvpred,https://github.com/xueannafang/hsp_toolkit_solv_pred_v_2.0,https://github.com/xueannafang/hsp_toolkit_solv_pred_v_2.0,https://github.com/xueannafang/hsp_toolkit_solv_pred_v_2.0
Ethyl Hypochlorite,624-85-1,CCOCl,C2H5ClO,15.7,8.6,6.5,80.5,,,79.5,halogenated,,pang2024,https://github.com/jiayunpang/hsp_embedding,https://pubchem.ncbi.nlm.nih.gov/compound/136439,
Ethyl Iodide,75-03-6,CCI,C2H5I,17.5,7.0,6.0,156.0,72.0,,81.2,halogenated,,pang2024,https://github.com/jiayunpang/hsp_embedding,https://pubchem.ncbi.nlm.nih.gov/compound/6340,https://pubchem.ncbi.nlm.nih.gov/compound/6340
Ethyl Isocyanate,109-90-0,CCN=C=O,C3H5NO,15.4,12.0,2.5,71.1,60.0,,78.7,other,,pang2024,https://github.com/jiayunpang/hsp_embedding,https://pubchem.ncbi.nlm.nih.gov/compound/8022,https://pubchem.ncbi.nlm.nih.gov/compound/8022
Ethyl Isopropenyl Ether,926-66-9,CCOC(C)=C,C5H10O,14.8,3.5,5.1,86.1,,,113.3,ether,,pang2024,https://github.com/jiayunpang/hsp_embedding,https://pubchem.ncbi.nlm.nih.gov/compound/136710,
Ethyl Isothiocyanate,542-85-8,CCN=C=S,C3H5NS,17.2,14.7,9.0,87.2,,,87.1,other,,pang2024,https://github.com/jiayunpang/hsp_embedding,https://pubchem.ncbi.nlm.nih.gov/compound/10966,
Ethyl lactate,97-64-3,CCOC(=O)C(C)O,,16.0,7.6,12.5,118.1,154,1.031,115.0,ester,H226-H318-H335,handbook,https://hansen-solubility.com (Hansen Handbook 2007),https://hansen-solubility.com (Hansen Handbook 2007),https://hansen-solubility.com (Hansen Handbook 2007)
Ethyl Methacrylate,97-63-2,CCOC(=O)C(C)=C,C6H10O2,15.8,7.2,7.5,114.1,117.2,,,ester,,pang2024,https://github.com/jiayunpang/hsp_embedding,https://pubchem.ncbi.nlm.nih.gov/compound/7343,https://pubchem.ncbi.nlm.nih.gov/compound/7343
Ethyl Methyl Carbonate,623-53-0,O=C(OC)OCC,,15.7,7.8,6.2,104.1,110.0,1.018,102.25933202357564,ester,H225-H315-H319-H335,mendeley,https://data.mendeley.com/datasets/b4dmjzk8w6/1,https://data.mendeley.com/datasets/b4dmjzk8w6/1,https://data.mendeley.com/datasets/b4dmjzk8w6/1
Ethyl Methyl Mercaptopropionate,13327-56-5,CCOC(=O)CCSC,,17.1,5.7,6.3,148.2,197.0,1.02,145.2941176470588,ester,,mendeley,https://data.mendeley.com/datasets/b4dmjzk8w6/1,https://data.mendeley.com/datasets/b4dmjzk8w6/1,https://data.mendeley.com/datasets/b4dmjzk8w6/1
Ethyl Methyl Sulfid,,,,17.1,4.8,2.5,,,,91.2,other,,hansen_a1,https://hansen-solubility.com (Hansen Handbook Appendix Table A.1),,
Ethyl Methyl Sulfide,624-89-5,CSCC,,17.1,4.8,2.5,76.16,66.0,0.842,90.45130641330167,sulfur compound,H225,mendeley,https://data.mendeley.com/datasets/b4dmjzk8w6/1,https://data.mendeley.com/datasets/b4dmjzk8w6/1,https://data.mendeley.com/datasets/b4dmjzk8w6/1
Ethyl Oleate,111-62-6,CCCCCCCC\C=C/CCCCCCCC(=O)OCC,C20H38O2,16.2,3.2,4.0,310.5,,,,other,,pang2024,https://github.com/jiayunpang/hsp_embedding,https://pubchem.ncbi.nlm.nih.gov/compound/5363269,
Ethyl p-tolylacetate,14062-19-2,CCOC(=O)Cc1ccc(C)cc1,,17.8,4.3,5.3,178.23,240.0,1.01,176.46534653465346,ester,H315-H319-H335,mendeley,https://data.mendeley.com/datasets/b4dmjzk8w6/1,https://data.mendeley.com/datasets/b4dmjzk8w6/1,https://data.mendeley.com/datasets/b4dmjzk8w6/1
Ethyl Propionate,105-37-3,CCOC(=O)CC,C5H10O2,15.5,6.1,4.9,102.1,98.9,,115.5,ester,,pang2024,https://github.com/jiayunpang/hsp_embedding,https://pubchem.ncbi.nlm.nih.gov/compound/7749,https://pubchem.ncbi.nlm.nih.gov/compound/7749
Ethyl Thiocyanate,542-90-5,CCSC#N,C3H5NS,15.4,13.4,5.4,87.2,146.1,,87.1,other,,pang2024,https://github.com/jiayunpang/hsp_embedding,https://pubchem.ncbi.nlm.nih.gov/compound/10968,https://pubchem.ncbi.nlm.nih.gov/compound/10968
Ethyl Tiglate,5837-78-5,C(/C)=C(/C)C(OCC)=O,,16.34,4.42,5.69,128.2,156.0,0.923,138.8949079089924,other,H226,mendeley,https://data.mendeley.com/datasets/b4dmjzk8w6/1,https://data.mendeley.com/datasets/b4dmjzk8w6/1,https://data.mendeley.com/datasets/b4dmjzk8w6/1
Ethyl Vinylether,109-92-2,CCOC=C,C4H8O,14.9,4.9,5.6,72.1,35.6,,94.9,ether,,pang2024,https://github.com/jiayunpang/hsp_embedding,https://pubchem.ncbi.nlm.nih.gov/compound/8023,https://pubchem.ncbi.nlm.nih.gov/compound/8023
Ethyl Vinylketone,1629-58-9,CCC(=O)C=C,C5H8O,15.8,11.3,4.5,84.1,38.0,,99.3,ketone,,pang2024,https://github.com/jiayunpang/hsp_embedding,https://pubchem.ncbi.nlm.nih.gov/compound/15394,https://pubchem.ncbi.nlm.nih.gov/compound/15394
Ethyl-1-Propynylether,14273-06-4,CCOC#CC,C5H8O,15.9,6.4,5.4,84.1,,,101.6,ether,,pang2024,https://github.com/jiayunpang/hsp_embedding,https://pubchem.ncbi.nlm.nih.gov/compound/640369,
Ethylbenzene,100-41-4,CCC1=CC=CC=C1,C8H10,17.8,0.6,1.4,106.2,136,0.867,123.1,aromatic,,handbook,https://hansen-solubility.com (Hansen Handbook 2007),https://hansen-solubility.com (Hansen Handbook 2007),https://hansen-solubility.com (Hansen Handbook 2007)
Ethylcyclopentane,1640-89-7,CCC1CCCC1,,16.07,0.1,0.1,98.2,103.0,0.78,125.8974358974359,hydrocarbon,H226,mendeley,https://data.mendeley.com/datasets/b4dmjzk8w6/1,https://data.mendeley.com/datasets/b4dmjzk8w6/1,https://data.mendeley.com/datasets/b4dmjzk8w6/1
Ethylene,74-85-1,C=C,C2H4,15.0,2.0,3.8,28.1,-103.7,,63.0,hydrocarbon,,pang2024,https://github.com/jiayunpang/hsp_embedding,https://pubchem.ncbi.nlm.nih.gov/compound/6325,https://pubchem.ncbi.nlm.nih.gov/compound/6325
Ethylene Carbonate,96-49-1,O=C1OCCO1,,18.0,21.7,5.1,88.06,244.0,1.321,66.66161998485995,ester,H302-H319-H373,mendeley,https://data.mendeley.com/datasets/b4dmjzk8w6/1,https://data.mendeley.com/datasets/b4dmjzk8w6/1,https://data.mendeley.com/datasets/b4dmjzk8w6/1
Ethylene Chlorohydrin,107-07-3,OCCCl,C2H5ClO,16.9,8.8,17.2,80.5,127.8,,67.3,halogenated,,pang2024,https://github.com/jiayunpang/hsp_embedding,https://pubchem.ncbi.nlm.nih.gov/compound/34,https://pubchem.ncbi.nlm.nih.gov/compound/34
Ethylene cyanohydrin,109-78-4,C(CO)C#N,,17.2,18.8,17.6,71.08,221.0,,68.3,other,,solvpred,https://github.com/xueannafang/hsp_toolkit_solv_pred_v_2.0,https://github.com/xueannafang/hsp_toolkit_solv_pred_v_2.0,https://github.com/xueannafang/hsp_toolkit_solv_pred_v_2.0
Ethylene dibromide,106-93-4,C(CBr)Br,,19.2,3.5,8.6,187.86,131.3,,87.0,halogenated,,solvpred,https://github.com/xueannafang/hsp_toolkit_solv_pred_v_2.0,https://github.com/xueannafang/hsp_toolkit_solv_pred_v_2.0,https://github.com/xueannafang/hsp_toolkit_solv_pred_v_2.0
Ethylene Dichloride,107-06-2,ClCCCl,C2H4Cl2,18.0,7.4,4.1,99.0,83.5,,,halogenated,,pang2024,https://github.com/jiayunpang/hsp_embedding,https://pubchem.ncbi.nlm.nih.gov/compound/11,https://pubchem.ncbi.nlm.nih.gov/compound/11
Ethylene Dinitrate,628-96-6,[O-][N+](=O)OCCO[N+]([O-])=O,C2H4N2O6,16.2,18.0,6.0,152.1,197.2,,101.7,other,,pang2024,https://github.com/jiayunpang/hsp_embedding,https://pubchem.ncbi.nlm.nih.gov/compound/40818,https://pubchem.ncbi.nlm.nih.gov/compound/40818
Ethylene glycol,107-21-1,OCCO,C2H6O2,17.0,11.0,26.0,62.07,197,1.113,55.8,alcohol,H302-H373,handbook,https://hansen-solubility.com (Hansen Handbook 2007),https://hansen-solubility.com (Hansen Handbook 2007),https://hansen-solubility.com (Hansen Handbook 2007)
Ethylene glycol butyl ether acetate,112-07-2,CCCCOCCOC(=O)C,,15.3,4.5,8.8,160.21,192.0,,171.2,alcohol,,solvpred,https://github.com/xueannafang/hsp_toolkit_solv_pred_v_2.0,https://github.com/xueannafang/hsp_toolkit_solv_pred_v_2.0,https://github.com/xueannafang/hsp_toolkit_solv_pred_v_2.0
Ethylene Glycol Butyl Ethyl Ether,4413-13-2,CCCCOCC.OCCO,C8H18O2,15.3,4.9,4.6,146.2,,,,alcohol,,pang2024,https://github.com/jiayunpang/hsp_embedding,https://pubchem.ncbi.nlm.nih.gov/compound/20451,
Ethylene Glycol Butyl Methyl Ether,,CCCCOC.OCCO,C7H18O3,15.5,5.2,4.9,150.2,,,,alcohol,,pang2024,https://github.com/jiayunpang/hsp_embedding,https://pubchem.ncbi.nlm.nih.gov/compound/5463750,
Ethylene Glycol Di-t-Butyl Ether,26547-47-7,CC(C)(C)OCCOC(C)(C)C,C10H22O2,14.7,4.1,8.2,174.3,,,,alcohol,,pang2024,https://github.com/jiayunpang/hsp_embedding,https://pubchem.ncbi.nlm.nih.gov/compound/168554,
Ethylene Glycol Diacetate,111-55-7,CC(OCCOC(C)=O)=O,,16.2,4.7,9.8,146.14,186.0,1.1,132.85454545454544,alcohol,H315-H319-H335,mendeley,https://data.mendeley.com/datasets/b4dmjzk8w6/1,https://data.mendeley.com/datasets/b4dmjzk8w6/1,https://data.mendeley.com/datasets/b4dmjzk8w6/1
Ethylene Glycol Dibutyl Ether,112-48-1,CCCCOCCOCCCC,C10H22O2,15.7,4.5,4.2,174.3,203.9,,,alcohol,,pang2024,https://github.com/jiayunpang/hsp_embedding,https://pubchem.ncbi.nlm.nih.gov/compound/8188,https://pubchem.ncbi.nlm.nih.gov/compound/8188
Ethylene Glycol Diethyl Ether,629-14-1,CCOCCOCC,C6H14O2,15.4,5.4,5.2,118.2,121.4,,141.6,alcohol,,pang2024,https://github.com/jiayunpang/hsp_embedding,https://pubchem.ncbi.nlm.nih.gov/compound/12375,https://pubchem.ncbi.nlm.nih.gov/compound/12375
Ethylene Glycol Dimethyl Ether,110-71-4,COCCOC,C4H10O2,15.4,6.3,6.0,90.1,85.0,,103.9,alcohol,,pang2024,https://github.com/jiayunpang/hsp_embedding,https://pubchem.ncbi.nlm.nih.gov/compound/8071,https://pubchem.ncbi.nlm.nih.gov/compound/8071
Ethylene Glycol Methyl t-Butyl Ether,,COC(C)(C)C.OCCO,C7H18O3,15.3,5.1,8.2,150.2,,,,alcohol,,pang2024,https://github.com/jiayunpang/hsp_embedding,https://pubchem.ncbi.nlm.nih.gov/compound/23505016,
Ethylene Glycol Mono,,,,16.0,5.0,11.4,,,,164.5,alcohol,,hansen_a1,https://hansen-solubility.com (Hansen Handbook Appendix Table A.1),,
Ethylene Glycol Mono 2-Ethyl Hexyl Ether,,CCCCCCOCC.OCCO,C10H24O3,16.0,4.1,10.5,192.3,,,,alcohol,,pang2024,https://github.com/jiayunpang/hsp_embedding,https://pubchem.ncbi.nlm.nih.gov/compound/20190581,
Ethylene Glycol Mono Benzyl Ether,622-08-2,OCCOCc1ccccc1,C9H12O2,17.8,5.9,12.2,152.2,256.0,,143.0,alcohol,,pang2024,https://github.com/jiayunpang/hsp_embedding,https://pubchem.ncbi.nlm.nih.gov/compound/12141,https://pubchem.ncbi.nlm.nih.gov/compound/12141
Ethylene Glycol Mono Ethyl Ether Acrylate,106-74-1,CCOCCOC(=O)C=C,C7H12O3,15.9,5.1,9.3,144.2,174.0,,,alcohol,,pang2024,https://github.com/jiayunpang/hsp_embedding,https://pubchem.ncbi.nlm.nih.gov/compound/7827,https://pubchem.ncbi.nlm.nih.gov/compound/7827
Ethylene Glycol Mono n-Hexyl Ether,112-25-4,CCCCCCOCCO,C8H18O2,16.0,5.0,11.4,146.2,208.0,,,alcohol,,pang2024,https://github.com/jiayunpang/hsp_embedding,https://pubchem.ncbi.nlm.nih.gov/compound/8170,https://pubchem.ncbi.nlm.nih.gov/compound/8170
Ethylene Glycol Mono n-Propyl Ether,2807-30-9,CCCOCCO,C5H12O2,16.1,8.7,13.5,104.2,149.4,,,alcohol,,pang2024,https://github.com/jiayunpang/hsp_embedding,https://pubchem.ncbi.nlm.nih.gov/compound/17756,https://pubchem.ncbi.nlm.nih.gov/compound/17756
Ethylene Glycol Mono t-Butyl Ether,7580-85-0,CC(C)(C)OCCO,C6H14O2,15.3,6.1,10.8,118.2,,,,alcohol,,pang2024,https://github.com/jiayunpang/hsp_embedding,https://pubchem.ncbi.nlm.nih.gov/compound/24232,
Ethylene Glycol Monobutyl Ether,111-76-2,CCCCOCCO,C6H14O2,16.0,5.1,12.3,118.2,171.1,,,alcohol,,pang2024,https://github.com/jiayunpang/hsp_embedding,https://pubchem.ncbi.nlm.nih.gov/compound/8133,https://pubchem.ncbi.nlm.nih.gov/compound/8133
Ethylene Glycol Monoethyl Ether,110-80-5,CCOCCO,C4H10O2,15.9,7.2,14.0,90.1,135.0,,,alcohol,,pang2024,https://github.com/jiayunpang/hsp_embedding,https://pubchem.ncbi.nlm.nih.gov/compound/8076,https://pubchem.ncbi.nlm.nih.gov/compound/8076
Ethylene glycol monoethyl ether acetate,111-15-9,CCOCCOC(=O)C,,15.9,4.7,10.6,132.16,156.4,,136.1,alcohol,,solvpred,https://github.com/xueannafang/hsp_toolkit_solv_pred_v_2.0,https://github.com/xueannafang/hsp_toolkit_solv_pred_v_2.0,https://github.com/xueannafang/hsp_toolkit_solv_pred_v_2.0
Ethylene Glycol Monoisobutyl Ether,4439-24-1,CC(C)COCCO,C6H14O2,15.2,4.9,9.6,118.2,,,,alcohol,,pang2024,https://github.com/jiayunpang/hsp_embedding,https://pubchem.ncbi.nlm.nih.gov/compound/521158,
Ethylene Glycol Monoisopropyl Ether,109-59-1,CC(C)OCCO,C5H12O2,16.0,8.2,13.1,104.2,141.0,,115.8,alcohol,,pang2024,https://github.com/jiayunpang/hsp_embedding,https://pubchem.ncbi.nlm.nih.gov/compound/7996,https://pubchem.ncbi.nlm.nih.gov/compound/7996
Ethylene glycol monomethyl ether,128-37-0,CC1=CC(=C(C(=C1)C(C)(C)C)O)C(C)(C)C,,16.2,9.2,16.4,220.35,265.0,,79.1,alcohol,,solvpred,https://github.com/xueannafang/hsp_toolkit_solv_pred_v_2.0,https://github.com/xueannafang/hsp_toolkit_solv_pred_v_2.0,https://github.com/xueannafang/hsp_toolkit_solv_pred_v_2.0
Ethylene glycol monomethyl ether acetate,110-49-6,CC(=O)OCCOC,,15.9,5.5,11.6,118.13,145.0,,121.6,alcohol,,solvpred,https://github.com/xueannafang/hsp_toolkit_solv_pred_v_2.0,https://github.com/xueannafang/hsp_toolkit_solv_pred_v_2.0,https://github.com/xueannafang/hsp_toolkit_solv_pred_v_2.0
Ethylene Glycol Sulfite,3741-38-6,C1COS(=O)O1,,20.0,15.9,5.1,108.12,170.0,1.6,67.575,alcohol,-,mendeley,https://data.mendeley.com/datasets/b4dmjzk8w6/1,https://data.mendeley.com/datasets/b4dmjzk8w6/1,https://data.mendeley.com/datasets/b4dmjzk8w6/1
Ethylene Methyl Sulfonate,,C[S](O)(=O)=O.C=C,C3H8O3S,16.9,9.3,9.6,124.2,,,,other,,pang2024,https://github.com/jiayunpang/hsp_embedding,https://pubchem.ncbi.nlm.nih.gov/compound/88158243,
Ethylene Oxide,75-21-8,C1CO1,C2H4O,15.6,10.0,11.0,44.0,10.7,,49.9,other,,pang2024,https://github.com/jiayunpang/hsp_embedding,https://pubchem.ncbi.nlm.nih.gov/compound/6354,https://pubchem.ncbi.nlm.nih.gov/compound/6354
Ethylene Sulfid,,,,19.3,9.0,6.5,,,,59.5,other,,hansen_a1,https://hansen-solubility.com (Hansen Handbook Appendix Table A.1),,
Ethylene Sulfide,420-12-2,C1CS1,C2H4S,19.3,9.0,6.5,60.1,,,,sulfur compound,,pang2024,https://github.com/jiayunpang/hsp_embedding,https://pubchem.ncbi.nlm.nih.gov/compound/9865,
Ethylenediamine,107-15-3,C(CN)N,,16.6,8.8,17.0,60.1,116.0,,67.3,amine,,solvpred,https://github.com/xueannafang/hsp_toolkit_solv_pred_v_2.0,https://github.com/xueannafang/hsp_toolkit_solv_pred_v_2.0,https://github.com/xueannafang/hsp_toolkit_solv_pred_v_2.0
EthyleneGlycolButylEther,,,,16.0,5.1,12.3,,,,131.6,alcohol,,wolfram,https://datarepository.wolframcloud.com/resources/JoshuaSchrier_Hansen-Solubility-Parameters/,,
EthyleneGlycolMonophenylEther,,,,17.8,5.7,14.3,,,,124.7,alcohol,,wolfram,https://datarepository.wolframcloud.com/resources/JoshuaSchrier_Hansen-Solubility-Parameters/,,
Ethyleneimine,151-56-4,C1CN1,C2H5N,17.7,11.0,9.8,43.1,56.1,,51.8,other,,pang2024,https://github.com/jiayunpang/hsp_embedding,https://pubchem.ncbi.nlm.nih.gov/compound/9033,https://pubchem.ncbi.nlm.nih.gov/compound/9033
Ethylidene Acetone,3102-33-8,CC=CC(C)=O,C5H8O,16.2,12.1,4.5,84.1,122.5,,99.0,ketone,,pang2024,https://github.com/jiayunpang/hsp_embedding,https://pubchem.ncbi.nlm.nih.gov/compound/637920,https://pubchem.ncbi.nlm.nih.gov/compound/637920
Ethynyl Methyl Ether,6443-91-0,COC#C,C3H4O,15.8,8.1,6.5,56.1,,,70.1,ether,,pang2024,https://github.com/jiayunpang/hsp_embedding,https://pubchem.ncbi.nlm.nih.gov/compound/138749,
Ethynyl Propyl Ether,,CCCOC#C,C5H8O,15.4,3.8,5.4,84.1,,,104.1,ether,,pang2024,https://github.com/jiayunpang/hsp_embedding,https://pubchem.ncbi.nlm.nih.gov/compound/14269844,
Eugenol,97-53-0,COC1=C(C=CC(=C1)CC=C)O,,19.0,7.5,13.0,164.2,253.0,1.068,153.7453183520599,other,H302-H304-H315-H317-H319,mendeley,https://data.mendeley.com/datasets/b4dmjzk8w6/1,https://data.mendeley.com/datasets/b4dmjzk8w6/1,https://data.mendeley.com/datasets/b4dmjzk8w6/1
Farnesene,502-61-4,CC(=CCC/C(=C/C\C=C(/C)\C=C)/C)C,,16.7,0.8,2.0,204.3,260.0,0.84,243.21428571428575,hydrocarbon,-,mendeley,https://data.mendeley.com/datasets/b4dmjzk8w6/1,https://data.mendeley.com/datasets/b4dmjzk8w6/1,https://data.mendeley.com/datasets/b4dmjzk8w6/1
Farnesol,4602-84-0,CC(=CCCC(=CCCC(=CCO)C)C)C,,17.0,3.3,5.6,222.4,294.0,0.886,251.01580135440182,other,H315-H317-H319-H411,mendeley,https://data.mendeley.com/datasets/b4dmjzk8w6/1,https://data.mendeley.com/datasets/b4dmjzk8w6/1,https://data.mendeley.com/datasets/b4dmjzk8w6/1
Ferulic Acid,1135-24-6,COc1cc(\C=C\C(O)=O)ccc1O,C10H10O4,19.0,6.6,15.1,194.2,,,,acid,,pang2024,https://github.com/jiayunpang/hsp_embedding,https://pubchem.ncbi.nlm.nih.gov/compound/445858,
Fluorene,86-73-7,C1c2ccccc2c3ccccc13,C13H10,21.3,1.7,1.7,166.2,295.0,,138.2,aromatic,,pang2024,https://github.com/jiayunpang/hsp_embedding,https://pubchem.ncbi.nlm.nih.gov/compound/6853,https://pubchem.ncbi.nlm.nih.gov/compound/6853
Fluorobenzene,462-06-6,Fc1ccccc1,C6H5F,18.1,6.1,2.0,96.1,85.1,,94.7,halogenated,,pang2024,https://github.com/jiayunpang/hsp_embedding,https://pubchem.ncbi.nlm.nih.gov/compound/10008,https://pubchem.ncbi.nlm.nih.gov/compound/10008
Fluoroethylene,75-02-5,FC=C,C2H3F,15.2,7.0,1.0,46.0,-72.2,,57.5,halogenated,,pang2024,https://github.com/jiayunpang/hsp_embedding,https://pubchem.ncbi.nlm.nih.gov/compound/6339,https://pubchem.ncbi.nlm.nih.gov/compound/6339
Fluoromethane,593-53-3,CF,CH3F,13.4,10.6,9.5,34.0,,,40.7395,halogenated,,pang2024,https://github.com/jiayunpang/hsp_embedding,https://pubchem.ncbi.nlm.nih.gov/compound/11638,
Fluoroprene,381-61-3,FC(=C)C=C,C4H5F,14.2,5.8,1.0,72.1,,,,halogenated,,pang2024,https://github.com/jiayunpang/hsp_embedding,https://pubchem.ncbi.nlm.nih.gov/compound/551655,
Formaldehyde,50-00-0,C=O,CH2O,12.8,14.4,15.4,30.0,-21.1,,36.8,aldehyde,,pang2024,https://github.com/jiayunpang/hsp_embedding,https://pubchem.ncbi.nlm.nih.gov/compound/712,https://pubchem.ncbi.nlm.nih.gov/compound/712
Formamide,75-12-7,C(=O)N,CH3NO,17.2,26.2,19.0,45.04,210,1.133,39.8,amide,,handbook,https://hansen-solubility.com (Hansen Handbook 2007),https://hansen-solubility.com (Hansen Handbook 2007),https://hansen-solubility.com (Hansen Handbook 2007)
Formic acid,64-18-6,C(=O)O,CH2O2,14.3,11.9,16.6,46.03,101,1.22,37.8,acid,,handbook,https://hansen-solubility.com (Hansen Handbook 2007),https://hansen-solubility.com (Hansen Handbook 2007),https://hansen-solubility.com (Hansen Handbook 2007)
Formyl Fluoride,1493-02-3,FC=O,CHFO,15.0,10.1,8.6,48.0,,,56.5,other,,pang2024,https://github.com/jiayunpang/hsp_embedding,https://pubchem.ncbi.nlm.nih.gov/compound/15153,
Fumaronitrile,764-42-1,N#C/C=C/C#N,C4H2N2,16.7,13.6,7.8,78.1,186.1,,83.0,nitrile,,pang2024,https://github.com/jiayunpang/hsp_embedding,https://pubchem.ncbi.nlm.nih.gov/compound/637930,https://pubchem.ncbi.nlm.nih.gov/compound/637930
Furan,110-00-9,C1=COC=C1,,17.8,1.8,5.3,68.07,31.5,,72.5,ether,,solvpred,https://github.com/xueannafang/hsp_toolkit_solv_pred_v_2.0,https://github.com/xueannafang/hsp_toolkit_solv_pred_v_2.0,https://github.com/xueannafang/hsp_toolkit_solv_pred_v_2.0
Furan-3-methanol,4412-91-3,OCc1ccoc1,,17.4,7.6,15.1,98.1,205.0,1.139,86.12818261633011,alcohol,H226 - H315 - H319 - H335,mendeley,https://data.mendeley.com/datasets/b4dmjzk8w6/1,https://data.mendeley.com/datasets/b4dmjzk8w6/1,https://data.mendeley.com/datasets/b4dmjzk8w6/1
Furfural,98-01-1,C1=COC(=C1)C=O,,18.6,14.9,5.1,96.08,162,1.16,83.2,heterocyclic,,handbook,https://hansen-solubility.com (Hansen Handbook 2007),https://hansen-solubility.com (Hansen Handbook 2007),https://hansen-solubility.com (Hansen Handbook 2007)
Furfural Diethyl Acetal,13529-27-6,CCOC(C1=CC=CO1)OCC,,16.47,5.7,4.93,170.2,191.0,0.996,170.88353413654616,heterocyclic,H315-H319-H335,mendeley,https://data.mendeley.com/datasets/b4dmjzk8w6/1,https://data.mendeley.com/datasets/b4dmjzk8w6/1,https://data.mendeley.com/datasets/b4dmjzk8w6/1
Furfuryl alcohol,98-00-0,C1=COC(=C1)CO,C5H6O2,17.4,7.6,15.1,98.1,171.0,,86.5,alcohol,,solvpred,https://github.com/xueannafang/hsp_toolkit_solv_pred_v_2.0,https://github.com/xueannafang/hsp_toolkit_solv_pred_v_2.0,https://github.com/xueannafang/hsp_toolkit_solv_pred_v_2.0
Furfuryl Butyrate,623-21-2,CCCC(=O)OCC1=CC=CO1,,17.1,5.4,6.2,168.2,210.0,1.047,160.6494746895893,ester,,mendeley,https://data.mendeley.com/datasets/b4dmjzk8w6/1,https://data.mendeley.com/datasets/b4dmjzk8w6/1,https://data.mendeley.com/datasets/b4dmjzk8w6/1
Furfuryl Mercaptan,98-02-2,C1=COC(=C1)CS,,18.3,7.0,7.2,114.2,155.0,1.12,101.96428571428571,heterocyclic,H226,mendeley,https://data.mendeley.com/datasets/b4dmjzk8w6/1,https://data.mendeley.com/datasets/b4dmjzk8w6/1,https://data.mendeley.com/datasets/b4dmjzk8w6/1
Furfuryl Methyl Sulfide,1438-91-1,CSCC1=CC=CO1,,18.4,5.7,5.5,128.2,175.0,1.082,118.48428835489831,heterocyclic,H315-H319-H335,mendeley,https://data.mendeley.com/datasets/b4dmjzk8w6/1,https://data.mendeley.com/datasets/b4dmjzk8w6/1,https://data.mendeley.com/datasets/b4dmjzk8w6/1
Furfuryl Propionate,623-19-8,CCC(=O)OCC1=CC=CO1,,17.3,6.1,6.9,154.2,195.0,1.074,143.57541899441338,ester,,mendeley,https://data.mendeley.com/datasets/b4dmjzk8w6/1,https://data.mendeley.com/datasets/b4dmjzk8w6/1,https://data.mendeley.com/datasets/b4dmjzk8w6/1
Furfuryl Thioacetate,13678-68-7,CC(=O)SCC1=CC=CO1,,18.8,6.3,5.8,156.2,212.0,1.171,133.39026473099912,ester,H227-H315-H319-H335,mendeley,https://data.mendeley.com/datasets/b4dmjzk8w6/1,https://data.mendeley.com/datasets/b4dmjzk8w6/1,https://data.mendeley.com/datasets/b4dmjzk8w6/1
Furfuryl Thiopropionate,59020-85-8,CCC(=O)SCC1=CC=CO1,,18.44,5.86,5.25,170.2,221.0,1.11,153.33333333333331,ester,H315-H319-H335,mendeley,https://data.mendeley.com/datasets/b4dmjzk8w6/1,https://data.mendeley.com/datasets/b4dmjzk8w6/1,https://data.mendeley.com/datasets/b4dmjzk8w6/1
Furfuryl Valerate,36701-01-6,CCCCC(=O)OCC1=CC=CO1,,17.1,5.1,6.0,182.2,230.0,1.024,177.92968749999997,heterocyclic,,mendeley,https://data.mendeley.com/datasets/b4dmjzk8w6/1,https://data.mendeley.com/datasets/b4dmjzk8w6/1,https://data.mendeley.com/datasets/b4dmjzk8w6/1
gamma-Butyrolactone,96-48-0,O=C1CCCO1,,19.0,16.6,7.4,86.09,204,1.129,76.8,ester,H302-H318-H336,handbook,https://hansen-solubility.com (Hansen Handbook 2007),https://hansen-solubility.com (Hansen Handbook 2007),https://hansen-solubility.com (Hansen Handbook 2007)
Gamma-Thiobutyrolactone,1003-10-7,,C4H6OS,19.0,6.9,6.2,102.2,197.0,,86.6,ester,,hansen_a1,https://hansen-solubility.com (Hansen Handbook Appendix Table A.1),https://pubchem.ncbi.nlm.nih.gov/compound/13852,https://pubchem.ncbi.nlm.nih.gov/compound/13852
Geraniol,106-24-1,C/C(C)=C\CC/C(C)=C/CO,,16.8,4.0,8.3,154.2,230.0,0.89,173.25842696629212,terpene,H315-H319-H335,mendeley,https://data.mendeley.com/datasets/b4dmjzk8w6/1,https://data.mendeley.com/datasets/b4dmjzk8w6/1,https://data.mendeley.com/datasets/b4dmjzk8w6/1
Glycerol,56-81-5,OC(CO)CO,C3H8O3,17.4,12.1,29.3,92.09,290,1.261,73.3,alcohol,,handbook,https://hansen-solubility.com (Hansen Handbook 2007),https://hansen-solubility.com (Hansen Handbook 2007),https://hansen-solubility.com (Hansen Handbook 2007)
Glycerol Carbonate,931-40-8,OCC(O)CO.OC(O)=O,C4H6O4,17.9,25.5,17.4,118.1,,,,alcohol,,pang2024,https://github.com/jiayunpang/hsp_embedding,https://pubchem.ncbi.nlm.nih.gov/compound/97944,
Glycerol Carbonate Acetate,,CC(O)=O.OCC(O)CO.OC(O)=O,C6H14O8,17.1,14.7,9.2,214.2,,,,alcohol,,pang2024,https://github.com/jiayunpang/hsp_embedding,https://pubchem.ncbi.nlm.nih.gov/compound/86617160,
Glycerol Carbonate Ethyl Ether,,CCOCC.OCC(O)CO.OC(O)=O,C8H20O7,16.8,18.5,8.7,228.2,,,,alcohol,,pang2024,https://github.com/jiayunpang/hsp_embedding,https://pubchem.ncbi.nlm.nih.gov/compound/89396234,
Glycerol Diacetate,102-62-5,CC(O)=O.CC(O)=O.OCC(O)CO,C7H12O5,16.4,8.9,14.2,176.2,,,,alcohol,,pang2024,https://github.com/jiayunpang/hsp_embedding,https://pubchem.ncbi.nlm.nih.gov/compound/66021,
Glycerol Formal,5464-28-8,OCC1COCO1.OC2COCOC2,C4H8O3,18.4,10.6,16.5,104.1,,,,alcohol,,pang2024,https://github.com/jiayunpang/hsp_embedding,https://pubchem.ncbi.nlm.nih.gov/compound/21618,
Glycerol Triacetate,102-76-1,CC(OCC(OC(C)=O)COC(C)=O)=O,,16.5,4.5,9.1,218.21,259.0,1.15,189.74782608695654,alcohol,-,mendeley,https://data.mendeley.com/datasets/b4dmjzk8w6/1,https://data.mendeley.com/datasets/b4dmjzk8w6/1,https://data.mendeley.com/datasets/b4dmjzk8w6/1
Glycerol Tributyrate,60-01-5,CCCC(=O)OCC(COC(=O)CCC)OC(=O)CCC,C15H26O6,16.3,2.5,7.0,302.4,307.0,,,alcohol,,pang2024,https://github.com/jiayunpang/hsp_embedding,https://pubchem.ncbi.nlm.nih.gov/compound/6050,https://pubchem.ncbi.nlm.nih.gov/compound/6050
Glycidaldehyde,765-34-4,,C3H4O2,17.5,13.4,9.8,72.1,112.5,,63.2,aldehyde,,hansen_a1,https://hansen-solubility.com (Hansen Handbook Appendix Table A.1),https://pubchem.ncbi.nlm.nih.gov/compound/13002,https://pubchem.ncbi.nlm.nih.gov/compound/13002
Glycidol,556-52-5,OCC1CO1,C3H6O2,18.2,9.0,17.9,74.1,,,66.5,other,,pang2024,https://github.com/jiayunpang/hsp_embedding,https://pubchem.ncbi.nlm.nih.gov/compound/11164,
Glycidyl Methacrylate,106-91-2,CC(=C)C(=O)OCC1CO1,C7H10O3,16.3,8.5,5.7,142.2,188.9,,,ester,,pang2024,https://github.com/jiayunpang/hsp_embedding,https://pubchem.ncbi.nlm.nih.gov/compound/7837,https://pubchem.ncbi.nlm.nih.gov/compound/7837
Glyoxal,107-22-2,O=CC=O,C2H2O2,15.0,17.0,13.3,58.0,51.1,,50.9,other,,pang2024,https://github.com/jiayunpang/hsp_embedding,https://pubchem.ncbi.nlm.nih.gov/compound/7860,https://pubchem.ncbi.nlm.nih.gov/compound/7860
Grape Butyrate,5405-41-4,CCOC(=O)CC(C)O,,16.64,7.08,12.04,132.2,171.0,1.013,130.5034550839092,ester,H226,mendeley,https://data.mendeley.com/datasets/b4dmjzk8w6/1,https://data.mendeley.com/datasets/b4dmjzk8w6/1,https://data.mendeley.com/datasets/b4dmjzk8w6/1
Heptane,142-82-5,CCCCCCC,C7H16,15.3,0.0,0.0,100.2,98.4,,147.0,hydrocarbon,,wolfram,https://datarepository.wolframcloud.com/resources/JoshuaSchrier_Hansen-Solubility-Parameters/,https://pubchem.ncbi.nlm.nih.gov/compound/8900,https://pubchem.ncbi.nlm.nih.gov/compound/8900
Heptyl Mercaptan,1639-09-4,CCCCCCCS,,16.5,4.2,4.1,132.27,176.0,0.844,156.718009478673,sulfur compound,H226-H335,mendeley,https://data.mendeley.com/datasets/b4dmjzk8w6/1,https://data.mendeley.com/datasets/b4dmjzk8w6/1,https://data.mendeley.com/datasets/b4dmjzk8w6/1
Hexachloroacetone,116-16-5,O=C(C(Cl)(Cl)Cl)C(Cl)(Cl)Cl,,18.3,3.0,3.0,264.7,203.0,1.74,152.1264367816092,ketone,H302-H317-H331-H411,mendeley,https://data.mendeley.com/datasets/b4dmjzk8w6/1,https://data.mendeley.com/datasets/b4dmjzk8w6/1,https://data.mendeley.com/datasets/b4dmjzk8w6/1
Hexachlorobenzene,118-74-1,Clc1c(Cl)c(Cl)c(Cl)c(Cl)c1Cl,C6Cl6,20.3,2.1,0.0,284.8,325.0,,,halogenated,,pang2024,https://github.com/jiayunpang/hsp_embedding,https://pubchem.ncbi.nlm.nih.gov/compound/8370,https://pubchem.ncbi.nlm.nih.gov/compound/8370
Hexachloroethane,67-72-1,ClC(Cl)(Cl)C(Cl)(Cl)Cl,C2Cl6,18.6,2.0,0.0,236.7,,,,halogenated,,pang2024,https://github.com/jiayunpang/hsp_embedding,https://pubchem.ncbi.nlm.nih.gov/compound/6214,
Hexadecafluoroheptane,335-57-9,,C7F16,12.1,0.0,0.0,388.1,,,227.3,halogenated,,wolfram,https://datarepository.wolframcloud.com/resources/JoshuaSchrier_Hansen-Solubility-Parameters/,https://pubchem.ncbi.nlm.nih.gov/compound/9553,
Hexadecane,544-76-3,CCCCCCCCCCCCCCCC,C16H34,16.3,0.0,0.0,226.44,286.9,,294.1,hydrocarbon,,solvpred,https://github.com/xueannafang/hsp_toolkit_solv_pred_v_2.0,https://github.com/xueannafang/hsp_toolkit_solv_pred_v_2.0,https://github.com/xueannafang/hsp_toolkit_solv_pred_v_2.0
"Hexafluoro-1,3-Butadiene",685-63-2,FC(F)=C(F)C(F)=C(F)F,C4F6,13.8,0.0,0.0,162.0,,,,fluorinated,,pang2024,https://github.com/jiayunpang/hsp_embedding,https://pubchem.ncbi.nlm.nih.gov/compound/69636,
Hexafluorobenzene,392-56-3,Fc1c(F)c(F)c(F)c(F)c1F,C6F6,16.0,0.0,0.0,186.1,,,,fluorinated,,pang2024,https://github.com/jiayunpang/hsp_embedding,https://pubchem.ncbi.nlm.nih.gov/compound/9805,
Hexafluorohexanol,,CCCC(F)(F)C(F)(F)C(O)(F)F,C6H8F6O,15.1,4.4,9.9,210.1,,,,alcohol,,pang2024,https://github.com/jiayunpang/hsp_embedding,https://pubchem.ncbi.nlm.nih.gov/compound/87481867,
Hexafluoroisopropanol,920-66-1,OC(F)(C(F)F)C(F)(F)F,,17.2,4.5,14.7,168.0,59,1.596,105.2,fluorinated,,handbook,https://hansen-solubility.com (Hansen Handbook 2007),https://hansen-solubility.com (Hansen Handbook 2007),https://hansen-solubility.com (Hansen Handbook 2007)
Hexamethyl Benzene,87-85-4,Cc1c(C)c(C)c(C)c(C)c1C,C12H18,19.2,1.6,0.0,162.3,,,,aromatic,,pang2024,https://github.com/jiayunpang/hsp_embedding,https://pubchem.ncbi.nlm.nih.gov/compound/6908,
Hexamethyldisiloxane,107-46-0,C[Si](C)(C)O[Si](C)(C)C,C6H18OSi2,12.6,2.0,0.0,162.4,99.0,,,other,,pang2024,https://github.com/jiayunpang/hsp_embedding,https://pubchem.ncbi.nlm.nih.gov/compound/24764,https://pubchem.ncbi.nlm.nih.gov/compound/24764
Hexamethylenetetramine,100-97-0,C1N2CN3CN1CN(C2)C3,C6H12N4,19.4,7.0,16.0,140.2,,,,amine,,pang2024,https://github.com/jiayunpang/hsp_embedding,https://pubchem.ncbi.nlm.nih.gov/compound/4101,
Hexamethylphosphoramide,680-31-9,CN(C)P(=O)(N(C)C)N(C)C,,18.5,8.6,11.3,179.2,233.0,,175.7,other,,solvpred,https://github.com/xueannafang/hsp_toolkit_solv_pred_v_2.0,https://github.com/xueannafang/hsp_toolkit_solv_pred_v_2.0,https://github.com/xueannafang/hsp_toolkit_solv_pred_v_2.0
Hexanal,66-25-1,CCCCCC=O,,15.8,8.4,5.3,100.16,131.0,0.83,120.67469879518073,other,H226-H315-H319,mendeley,https://data.mendeley.com/datasets/b4dmjzk8w6/1,https://data.mendeley.com/datasets/b4dmjzk8w6/1,https://data.mendeley.com/datasets/b4dmjzk8w6/1
Hexane,110-54-3,CCCCCC,C6H14,14.9,0.0,0.0,86.2,68.9,,131.4,hydrocarbon,,wolfram,https://datarepository.wolframcloud.com/resources/JoshuaSchrier_Hansen-Solubility-Parameters/,https://pubchem.ncbi.nlm.nih.gov/compound/8058,https://pubchem.ncbi.nlm.nih.gov/compound/8058
"Hexane 1,6 Diol",629-11-8,OCCCCCCO,C6H14O2,15.7,8.4,17.8,118.2,250,,,hydrocarbon,,pang2024,https://github.com/jiayunpang/hsp_embedding,https://pubchem.ncbi.nlm.nih.gov/compound/12374,https://pubchem.ncbi.nlm.nih.gov/compound/12374
Hexanoic Acid,142-62-1,CCCCCC(O)=O,C6H12O2,16.3,4.2,11.5,116.2,202.8,,125.9,acid,,pang2024,https://github.com/jiayunpang/hsp_embedding,https://pubchem.ncbi.nlm.nih.gov/compound/8892,https://pubchem.ncbi.nlm.nih.gov/compound/8892
Hexenyl Isobutyrate,41519-23-7,CC\C=C/CCOC(=O)C(C)C,,16.19,3.44,4.17,170.2,217.0,0.878,193.8496583143508,ester,H315,mendeley,https://data.mendeley.com/datasets/b4dmjzk8w6/1,https://data.mendeley.com/datasets/b4dmjzk8w6/1,https://data.mendeley.com/datasets/b4dmjzk8w6/1
Hexyl Acetate,142-92-7,CCCCCCOC(C)=O,C8H16O2,15.8,2.9,5.9,144.2,170.0,,165.0,ester,,pang2024,https://github.com/jiayunpang/hsp_embedding,https://pubchem.ncbi.nlm.nih.gov/compound/8908,https://pubchem.ncbi.nlm.nih.gov/compound/8908
Hexyl Isovalerate,10032-13-0,O=C(OCCCCCC)CC(C)C,,15.81,3.0,3.93,186.3,215.0,0.857,217.38623103850642,other,H315-H319-H335,mendeley,https://data.mendeley.com/datasets/b4dmjzk8w6/1,https://data.mendeley.com/datasets/b4dmjzk8w6/1,https://data.mendeley.com/datasets/b4dmjzk8w6/1
Hexyl Mercaptan,111-31-9,SCCCCCC,,16.4,4.2,4.4,118.24,154.0,0.832,142.1153846153846,sulfur compound,H226-H302-H331,mendeley,https://data.mendeley.com/datasets/b4dmjzk8w6/1,https://data.mendeley.com/datasets/b4dmjzk8w6/1,https://data.mendeley.com/datasets/b4dmjzk8w6/1
Hexyl Propanoate,2445-76-3,O=C(OCCCCCC)CC,,15.9,3.8,4.8,158.2,180.0,0.87,181.83908045977012,other,,mendeley,https://data.mendeley.com/datasets/b4dmjzk8w6/1,https://data.mendeley.com/datasets/b4dmjzk8w6/1,https://data.mendeley.com/datasets/b4dmjzk8w6/1
Hexylene glycol,107-41-5,CC(CC(C)(C)O)O,,15.7,8.4,17.8,118.17,198.0,,123.0,alcohol,,solvpred,https://github.com/xueannafang/hsp_toolkit_solv_pred_v_2.0,https://github.com/xueannafang/hsp_toolkit_solv_pred_v_2.0,https://github.com/xueannafang/hsp_toolkit_solv_pred_v_2.0
Hexylene Glycol Diacetate,6222-17-9,CC(O)=O.CC(O)=O.OCCCCCCO,C10H18O4,15.3,4.5,7.2,202.2,,,,alcohol,,pang2024,https://github.com/jiayunpang/hsp_embedding,https://pubchem.ncbi.nlm.nih.gov/compound/80356,
Hydrazine,302-01-2,NN,H4N2,14.2,8.3,8.9,32.04,113.5,,32.1,other,,accudyne,https://www.accudynetest.com/solubility_table.html,https://www.accudynetest.com/solubility_table.html,https://pubchem.ncbi.nlm.nih.gov/compound/9321
Hydrogen Cyanide,74-90-8,C#N,CHN,12.3,17.6,9.0,27.0,25.6,,39.3,nitrile,,pang2024,https://github.com/jiayunpang/hsp_embedding,https://pubchem.ncbi.nlm.nih.gov/compound/768,https://pubchem.ncbi.nlm.nih.gov/compound/768
Hydrogen peroxide,7722-84-1,OO,H2O2,15.5,12.2,42.7,34.02,150.2,,23.2,other,,accudyne,https://www.accudynetest.com/solubility_table.html,https://www.accudynetest.com/solubility_table.html,https://pubchem.ncbi.nlm.nih.gov/compound/784
Hydrogen Sulfid,,,,17.9,6.0,10.2,,,,36.1,other,,hansen_a1,https://hansen-solubility.com (Hansen Handbook Appendix Table A.1),,
Hydrogen Sulfide,7783-06-4,S,H2S,17.9,6.0,10.2,34.1,-60.3,,,sulfur compound,,pang2024,https://github.com/jiayunpang/hsp_embedding,https://pubchem.ncbi.nlm.nih.gov/compound/402,https://pubchem.ncbi.nlm.nih.gov/compound/402
Hydroxyethyl Acrylate,818-61-1,OCCOC(=O)C=C,C5H8O3,16.0,13.2,13.4,116.1,174.4,,,ester,,pang2024,https://github.com/jiayunpang/hsp_embedding,https://pubchem.ncbi.nlm.nih.gov/compound/13165,https://pubchem.ncbi.nlm.nih.gov/compound/13165
Indane,496-11-7,C1(C=CC=C2)=C2CCC1,,19.0,3.0,2.9,118.2,176.0,0.965,122.48704663212436,aromatic,H226-H304,mendeley,https://data.mendeley.com/datasets/b4dmjzk8w6/1,https://data.mendeley.com/datasets/b4dmjzk8w6/1,https://data.mendeley.com/datasets/b4dmjzk8w6/1
Indene,95-13-6,C1(CC=C2)=C2C=CC=C1,,18.7,2.6,9.0,116.16,182.0,0.996,116.62650602409639,aromatic,H226-H304,mendeley,https://data.mendeley.com/datasets/b4dmjzk8w6/1,https://data.mendeley.com/datasets/b4dmjzk8w6/1,https://data.mendeley.com/datasets/b4dmjzk8w6/1
Indole,120-72-9,[nH]1ccc2ccccc12,C8H7N,20.5,7.5,6.5,117.2,254,,110.1,heterocyclic,,pang2024,https://github.com/jiayunpang/hsp_embedding,https://pubchem.ncbi.nlm.nih.gov/compound/798,https://pubchem.ncbi.nlm.nih.gov/compound/798
Iodobenzene,591-50-4,,C6H5I,19.5,6.0,6.1,204.0,188.4,,114.4,halogenated,,hansen_a1,https://hansen-solubility.com (Hansen Handbook Appendix Table A.1),https://pubchem.ncbi.nlm.nih.gov/compound/11575,https://pubchem.ncbi.nlm.nih.gov/compound/11575
Iodoform,75-47-8,IC(I)I,CHI3,20.2,3.6,10.6,393.7,218,,98.2,halogenated,,pang2024,https://github.com/jiayunpang/hsp_embedding,https://pubchem.ncbi.nlm.nih.gov/compound/6374,https://pubchem.ncbi.nlm.nih.gov/compound/6374
Iodoprene,,,,17.2,2.5,6.2,,,,104.2,halogenated,,hansen_a1,https://hansen-solubility.com (Hansen Handbook Appendix Table A.1),,
Isoamyl Acetate,123-92-2,CC(OCCC(C)C)=O,,15.3,3.1,7.0,130.19,142.0,0.87,149.64367816091954,ester,H226,mendeley,https://data.mendeley.com/datasets/b4dmjzk8w6/1,https://data.mendeley.com/datasets/b4dmjzk8w6/1,https://data.mendeley.com/datasets/b4dmjzk8w6/1
Isoamyl Alcohol,123-51-3,CC(C)CCO,C5H12O,15.8,5.2,13.3,88.2,132.2,,109.4,alcohol,,pang2024,https://github.com/jiayunpang/hsp_embedding,https://pubchem.ncbi.nlm.nih.gov/compound/31260,https://pubchem.ncbi.nlm.nih.gov/compound/31260
Isoamyl Isobutyrate,2050-01-3,CC(C)CCOC(=O)C(C)C,,15.49,3.21,3.94,158.2,162.0,0.857,184.59743290548423,ester,H226,mendeley,https://data.mendeley.com/datasets/b4dmjzk8w6/1,https://data.mendeley.com/datasets/b4dmjzk8w6/1,https://data.mendeley.com/datasets/b4dmjzk8w6/1
Isoamyl Propionate,105-68-0,CCC(=O)OCCC(C)C,C8H16O2,15.7,5.2,5.6,144.2,161.0,,,ester,,pang2024,https://github.com/jiayunpang/hsp_embedding,https://pubchem.ncbi.nlm.nih.gov/compound/7772,https://pubchem.ncbi.nlm.nih.gov/compound/7772
Isobutyl acetate,110-19-0,CC(C)COC(=O)C,C6H12O2,15.1,3.7,6.3,116.16,116.5,,133.5,ester,,solvpred,https://github.com/xueannafang/hsp_toolkit_solv_pred_v_2.0,https://github.com/xueannafang/hsp_toolkit_solv_pred_v_2.0,https://github.com/xueannafang/hsp_toolkit_solv_pred_v_2.0
Isobutyl Acrylate,106-63-8,CC(C)COC(=O)C=C,C7H12O2,15.5,6.2,5.0,128.2,132.2,,,ester,,pang2024,https://github.com/jiayunpang/hsp_embedding,https://pubchem.ncbi.nlm.nih.gov/compound/7819,https://pubchem.ncbi.nlm.nih.gov/compound/7819
Isobutyl Alcohol,78-83-1,CC(C)CO,C4H10O,15.1,5.7,15.9,74.12,108.0,0.803,92.30386052303861,alcohol,H226-H315-H318-H335-H336,mendeley,https://data.mendeley.com/datasets/b4dmjzk8w6/1,https://data.mendeley.com/datasets/b4dmjzk8w6/1,https://data.mendeley.com/datasets/b4dmjzk8w6/1
Isobutyl Formate,542-55-2,CC(C)COC=O,C5H10O2,15.5,6.5,6.7,102.1,99.0,,,ester,,pang2024,https://github.com/jiayunpang/hsp_embedding,https://pubchem.ncbi.nlm.nih.gov/compound/10957,https://pubchem.ncbi.nlm.nih.gov/compound/10957
Isobutyl isobutyrate,97-85-8,CC(C)COC(=O)C(C)C,,15.1,2.9,5.9,144.21,148.6,,163.0,ester,,solvpred,https://github.com/xueannafang/hsp_toolkit_solv_pred_v_2.0,https://github.com/xueannafang/hsp_toolkit_solv_pred_v_2.0,https://github.com/xueannafang/hsp_toolkit_solv_pred_v_2.0
Isobutyl Isopentanoate,589-59-3,CC(C)CC(OCC(C)C)=O,,15.44,3.1,3.85,158.2,170.0,0.851,185.89894242068155,other,H226,mendeley,https://data.mendeley.com/datasets/b4dmjzk8w6/1,https://data.mendeley.com/datasets/b4dmjzk8w6/1,https://data.mendeley.com/datasets/b4dmjzk8w6/1
Isobutyl Mercaptan,513-44-0,CC(CS)C,,15.9,4.3,4.7,90.2,89.0,0.83,108.67469879518073,sulfur compound,H225-H315-H319-H335,mendeley,https://data.mendeley.com/datasets/b4dmjzk8w6/1,https://data.mendeley.com/datasets/b4dmjzk8w6/1,https://data.mendeley.com/datasets/b4dmjzk8w6/1
Isobutyl Sulfoxide,3085-40-3,CC(C)C[S](=O)CC(C)C,C8H18OS,16.3,10.5,6.1,162.3,,,,sulfoxide,,pang2024,https://github.com/jiayunpang/hsp_embedding,https://pubchem.ncbi.nlm.nih.gov/compound/18328,
Isobutylene,115-11-7,CC(C)=C,C4H8,14.5,2.0,1.5,56.1,-6.9,,89.4,hydrocarbon,,pang2024,https://github.com/jiayunpang/hsp_embedding,https://pubchem.ncbi.nlm.nih.gov/compound/8255,https://pubchem.ncbi.nlm.nih.gov/compound/8255
Isobutyleneoxide,558-30-5,CC1(C)CO1,C4H8O,16.1,4.8,5.8,72.1,,,90.0,other,,pang2024,https://github.com/jiayunpang/hsp_embedding,https://pubchem.ncbi.nlm.nih.gov/compound/11208,
Isobutyric Acid,79-31-2,CC(C)C(O)=O,C4H8O2,15.7,5.4,10.5,88.1,153.9,,93.4,acid,,pang2024,https://github.com/jiayunpang/hsp_embedding,https://pubchem.ncbi.nlm.nih.gov/compound/6590,https://pubchem.ncbi.nlm.nih.gov/compound/6590
Isocyanic Acid,75-13-8,N=C=O,CHNO,15.8,10.5,13.6,43.0,,,37.7,acid,,pang2024,https://github.com/jiayunpang/hsp_embedding,https://pubchem.ncbi.nlm.nih.gov/compound/6347,
Isodihydrolavandulal,35158-25-9,CC(C)CC=C(C=O)C(C)C,,15.93,4.69,2.68,154.2,189.0,0.845,182.4852071005917,other,H226-H315-H319-H335,mendeley,https://data.mendeley.com/datasets/b4dmjzk8w6/1,https://data.mendeley.com/datasets/b4dmjzk8w6/1,https://data.mendeley.com/datasets/b4dmjzk8w6/1
Isooctane,540-84-1,CC(C)CC(C)(C)C,,14.1,0.0,0.0,114.2,99,0.692,166.1,hydrocarbon,,handbook,https://hansen-solubility.com (Hansen Handbook 2007),https://hansen-solubility.com (Hansen Handbook 2007),https://hansen-solubility.com (Hansen Handbook 2007)
Isooctyl alcohol,1653-40-3,CC(C)CCCCCO,,14.4,7.3,12.9,130.23,188.0,,156.6,alcohol,,solvpred,https://github.com/xueannafang/hsp_toolkit_solv_pred_v_2.0,https://github.com/xueannafang/hsp_toolkit_solv_pred_v_2.0,https://github.com/xueannafang/hsp_toolkit_solv_pred_v_2.0
Isopentane,78-78-4,CCC(C)C,,13.7,0.0,0.0,72.15,27.83,,117.4,hydrocarbon,,solvpred,https://github.com/xueannafang/hsp_toolkit_solv_pred_v_2.0,https://github.com/xueannafang/hsp_toolkit_solv_pred_v_2.0,https://github.com/xueannafang/hsp_toolkit_solv_pred_v_2.0
IsopentylAcetate,123-92-2,,C7H14O2,15.3,3.1,7.0,130.2,142.2,,148.8,ester,,wolfram,https://datarepository.wolframcloud.com/resources/JoshuaSchrier_Hansen-Solubility-Parameters/,https://pubchem.ncbi.nlm.nih.gov/compound/31276,https://pubchem.ncbi.nlm.nih.gov/compound/31276
Isophorone,78-59-1,CC(CC(C)=CC1=O)(C1)C,C9H14O,16.6,8.2,7.4,138.2,215,0.922,150.5,ketone,H227-H302+H312-H319-H335-H351,handbook,https://hansen-solubility.com (Hansen Handbook 2007),https://hansen-solubility.com (Hansen Handbook 2007),https://hansen-solubility.com (Hansen Handbook 2007)
Isoprene,78-79-5,CC(=C)C=C,C5H8,14.7,1.4,4.1,68.1,33.9,,100.9,hydrocarbon,,pang2024,https://github.com/jiayunpang/hsp_embedding,https://pubchem.ncbi.nlm.nih.gov/compound/6557,https://pubchem.ncbi.nlm.nih.gov/compound/6557
Isopropyl 2-Methyl Butyrate,66576-71-4,CCC(C)C(=O)OC(C)C,,15.48,3.16,3.99,144.2,150.0,0.851,169.44770857814336,ester,H226-H315-H319-H335,mendeley,https://data.mendeley.com/datasets/b4dmjzk8w6/1,https://data.mendeley.com/datasets/b4dmjzk8w6/1,https://data.mendeley.com/datasets/b4dmjzk8w6/1
Isopropyl acetate,108-21-4,CC(OC(C)C)=O,C5H10O2,14.9,4.5,6.3,102.1,89,0.872,117.6,ester,EUH066-H225-H319-H336,handbook,https://hansen-solubility.com (Hansen Handbook 2007),https://hansen-solubility.com (Hansen Handbook 2007),https://hansen-solubility.com (Hansen Handbook 2007)
Isopropyl acetoacetate,542-08-5,CC(C)OC(=O)CC(C)=O,,16.4,7.3,6.2,144.17,187.0,0.988,145.92105263157893,ester,H227-H315-H319-H335,mendeley,https://data.mendeley.com/datasets/b4dmjzk8w6/1,https://data.mendeley.com/datasets/b4dmjzk8w6/1,https://data.mendeley.com/datasets/b4dmjzk8w6/1
Isopropyl Amine,75-31-0,CC(C)N,C3H9N,14.8,4.4,6.6,59.1,32.4,,86.8,amine,,pang2024,https://github.com/jiayunpang/hsp_embedding,https://pubchem.ncbi.nlm.nih.gov/compound/6363,https://pubchem.ncbi.nlm.nih.gov/compound/6363
Isopropyl Benzene,98-82-8,CC(C)c1ccccc1,C9H12,18.1,1.2,1.2,120.2,152.4,,139.1,aromatic,,pang2024,https://github.com/jiayunpang/hsp_embedding,https://pubchem.ncbi.nlm.nih.gov/compound/7406,https://pubchem.ncbi.nlm.nih.gov/compound/7406
Isopropyl Chloride (2-Chloro Propane),75-29-6,CC(Cl)C,,15.0,8.0,2.0,78.54,35.0,0.859,91.43189755529687,halogenated,H224-H290-H302 + H312 + H332,mendeley,https://data.mendeley.com/datasets/b4dmjzk8w6/1,https://data.mendeley.com/datasets/b4dmjzk8w6/1,https://data.mendeley.com/datasets/b4dmjzk8w6/1
Isopropyl Ether,108-20-3,CC(C)OC(C)C,C6H14O,15.1,3.2,3.2,102.2,68.9,,140.9,ether,,pang2024,https://github.com/jiayunpang/hsp_embedding,https://pubchem.ncbi.nlm.nih.gov/compound/7914,https://pubchem.ncbi.nlm.nih.gov/compound/7914
Isopropyl palmitate,142-91-6,CCCCCCCCCCCCCCCC(=O)OC(C)C,,14.3,3.9,3.7,298.5,342.0,,330.0,other,,solvpred,https://github.com/xueannafang/hsp_toolkit_solv_pred_v_2.0,https://github.com/xueannafang/hsp_toolkit_solv_pred_v_2.0,https://github.com/xueannafang/hsp_toolkit_solv_pred_v_2.0
Isovaleraldehyde,590-86-3,CC(C)CC=O,,14.7,9.5,5.0,86.13,92.5,0.8,107.6625,aldehyde,H225-H317-H319-H335-H411,mendeley,https://data.mendeley.com/datasets/b4dmjzk8w6/1,https://data.mendeley.com/datasets/b4dmjzk8w6/1,https://data.mendeley.com/datasets/b4dmjzk8w6/1
Isovaleraldehyde Propylene Glycol Acetal,18433-93-7,CC1COC(O1)CC(C)C,,15.87,4.09,3.79,144.2,153.0,0.895,161.11731843575419,alcohol,H226,mendeley,https://data.mendeley.com/datasets/b4dmjzk8w6/1,https://data.mendeley.com/datasets/b4dmjzk8w6/1,https://data.mendeley.com/datasets/b4dmjzk8w6/1
Isovaleric Acid,503-74-2,CC(C)CC(O)=O,C5H10O2,16.4,4.1,10.7,102.1,176.5,,111.0,acid,,pang2024,https://github.com/jiayunpang/hsp_embedding,https://pubchem.ncbi.nlm.nih.gov/compound/10430,https://pubchem.ncbi.nlm.nih.gov/compound/10430
Isoxazole,288-14-2,C1=CON=C1,,18.8,13.4,11.2,69.06,95.0,1.078,64.06307977736549,heterocyclic,H225,mendeley,https://data.mendeley.com/datasets/b4dmjzk8w6/1,https://data.mendeley.com/datasets/b4dmjzk8w6/1,https://data.mendeley.com/datasets/b4dmjzk8w6/1
Ketene,463-51-4,C=C=O,C2H2O,15.4,7.3,5.8,42.0,-56.1,,53.0,other,,pang2024,https://github.com/jiayunpang/hsp_embedding,https://pubchem.ncbi.nlm.nih.gov/compound/10038,https://pubchem.ncbi.nlm.nih.gov/compound/10038
l-Dopa,59-92-7,N[C@@H](Cc1ccc(O)c(O)c1)C(O)=O,C9H11NO4,18.0,8.2,20.3,197.2,448.4,,,other,,pang2024,https://github.com/jiayunpang/hsp_embedding,https://pubchem.ncbi.nlm.nih.gov/compound/6047,https://pubchem.ncbi.nlm.nih.gov/compound/6047
l-Menthol,2216-51-5,CC(C)[C@@H]1CC[C@@H](C)C[C@H]1O,C10H20O,16.0,4.7,9.0,156.3,216.1,,,alcohol,,pang2024,https://github.com/jiayunpang/hsp_embedding,https://pubchem.ncbi.nlm.nih.gov/compound/16666,https://pubchem.ncbi.nlm.nih.gov/compound/16666
l-Menthone,89-80-5,CC(C)[C@@H]1CC[C@@H](C)CC1=O,C10H18O,17.0,8.1,4.4,154.2,210.0,,,other,,pang2024,https://github.com/jiayunpang/hsp_embedding,https://pubchem.ncbi.nlm.nih.gov/compound/26447,https://pubchem.ncbi.nlm.nih.gov/compound/26447
l-Menthyl Acetate,2623-23-6,CC(C)[C@@H]1CC[C@@H](C)C[C@H]1OC(C)=O,C12H22O2,16.8,4.7,4.9,198.3,,,,ester,,pang2024,https://github.com/jiayunpang/hsp_embedding,https://pubchem.ncbi.nlm.nih.gov/compound/220674,
l-Tyrosine,60-18-4,N[C@@H](Cc1ccc(O)cc1)C(O)=O,C9H11NO3,17.5,6.9,17.2,181.2,,,,other,,pang2024,https://github.com/jiayunpang/hsp_embedding,https://pubchem.ncbi.nlm.nih.gov/compound/6057,
Lactic Acid,50-21-5,CC(O)C(O)=O,C3H6O3,17.0,8.3,28.4,90.1,122,,,acid,,pang2024,https://github.com/jiayunpang/hsp_embedding,https://pubchem.ncbi.nlm.nih.gov/compound/612,https://pubchem.ncbi.nlm.nih.gov/compound/612
Laevo-Carvone,6485-40-1,CC1=CCC(CC1=O)C(=C)C,,17.5,5.8,3.7,150.2,230.0,0.96,156.45833333333331,terpene,-,mendeley,https://data.mendeley.com/datasets/b4dmjzk8w6/1,https://data.mendeley.com/datasets/b4dmjzk8w6/1,https://data.mendeley.com/datasets/b4dmjzk8w6/1
Laevo-Fenchone,7787-20-4,CC1([C@H]2CC[C@](C2)(C1=O)C)C,,17.3,5.4,2.2,152.2,194.0,1.0,152.2,other,H226,mendeley,https://data.mendeley.com/datasets/b4dmjzk8w6/1,https://data.mendeley.com/datasets/b4dmjzk8w6/1,https://data.mendeley.com/datasets/b4dmjzk8w6/1
Lauryl Methacrylate,142-90-5,CCCCCCCCCCCCOC(=O)C(C)=C,C16H30O2,14.4,2.2,5.1,254.4,142.0,,,ester,,pang2024,https://github.com/jiayunpang/hsp_embedding,https://pubchem.ncbi.nlm.nih.gov/compound/8906,https://pubchem.ncbi.nlm.nih.gov/compound/8906
Leaf Acetal,28069-74-1,CC\C=C\CCOC(C)OCC,,15.96,4.12,3.74,172.3,183.0,0.85,202.7058823529412,other,H226,mendeley,https://data.mendeley.com/datasets/b4dmjzk8w6/1,https://data.mendeley.com/datasets/b4dmjzk8w6/1,https://data.mendeley.com/datasets/b4dmjzk8w6/1
Linalool,78-70-6,CC(=CCCC(C)(C=C)O)C,,16.7,2.8,6.4,154.2,200.0,0.85,181.41176470588235,terpene,H315-H319,mendeley,https://data.mendeley.com/datasets/b4dmjzk8w6/1,https://data.mendeley.com/datasets/b4dmjzk8w6/1,https://data.mendeley.com/datasets/b4dmjzk8w6/1
Linalyl Acetate,115-95-7,O=C(C)OC(C=C)(C)CC/C=C(C)\C,,16.3,2.0,3.5,196.3,220.0,0.9,218.11111111111111,ester,H315-H319-H335,mendeley,https://data.mendeley.com/datasets/b4dmjzk8w6/1,https://data.mendeley.com/datasets/b4dmjzk8w6/1,https://data.mendeley.com/datasets/b4dmjzk8w6/1
Linalyl Formate,115-99-1,CC(=CCCC(C)(C=C)OC=O)C,,16.2,2.9,4.1,182.3,202.0,0.91,200.32967032967034,ester,,mendeley,https://data.mendeley.com/datasets/b4dmjzk8w6/1,https://data.mendeley.com/datasets/b4dmjzk8w6/1,https://data.mendeley.com/datasets/b4dmjzk8w6/1
Linalyl Propionate,144-39-8,CCC(=O)OC(C)(CCC=C(C)C)C=C,,16.3,1.9,3.2,210.3,226.0,0.9,233.66666666666669,ester,H315-H319-H335,mendeley,https://data.mendeley.com/datasets/b4dmjzk8w6/1,https://data.mendeley.com/datasets/b4dmjzk8w6/1,https://data.mendeley.com/datasets/b4dmjzk8w6/1
m-Chloroaniline,108-42-9,Nc1cccc(Cl)c1,C6H6ClN,20.2,7.3,9.8,127.6,230.5,,105.0,amine,,pang2024,https://github.com/jiayunpang/hsp_embedding,https://pubchem.ncbi.nlm.nih.gov/compound/7932,https://pubchem.ncbi.nlm.nih.gov/compound/7932
m-Chloroanisole,2845-89-8,COC1=CC(Cl)=CC=C1,,18.9,5.3,4.5,142.6,193.0,1.164,122.5085910652921,ether,H227-H315-H319-H335,mendeley,https://data.mendeley.com/datasets/b4dmjzk8w6/1,https://data.mendeley.com/datasets/b4dmjzk8w6/1,https://data.mendeley.com/datasets/b4dmjzk8w6/1
m-Chlorostyrene,2039-85-2,C=CC1=CC(Cl)=CC=C1,,18.5,3.1,2.7,138.6,189.0,1.09,127.15596330275228,halogenated,H302-H332,mendeley,https://data.mendeley.com/datasets/b4dmjzk8w6/1,https://data.mendeley.com/datasets/b4dmjzk8w6/1,https://data.mendeley.com/datasets/b4dmjzk8w6/1
m-Chlorotoluene,108-41-8,CC1=CC(Cl)=CC=C1,,18.6,3.2,2.5,126.6,162.0,1.072,118.09701492537312,halogenated,H226-H332-H411,mendeley,https://data.mendeley.com/datasets/b4dmjzk8w6/1,https://data.mendeley.com/datasets/b4dmjzk8w6/1,https://data.mendeley.com/datasets/b4dmjzk8w6/1
m-cresol,108-39-4,CC1=CC(=CC=C1)O,C7H8O,18.0,5.1,12.9,108.14,202.2,,104.7,alcohol,,solvpred,https://github.com/xueannafang/hsp_toolkit_solv_pred_v_2.0,https://github.com/xueannafang/hsp_toolkit_solv_pred_v_2.0,https://github.com/xueannafang/hsp_toolkit_solv_pred_v_2.0
m-Dichlorobenzene,541-73-1,Clc1cccc(Cl)c1,C6H4Cl2,19.2,5.1,2.7,147.0,172.8,,114.8,halogenated,,pang2024,https://github.com/jiayunpang/hsp_embedding,https://pubchem.ncbi.nlm.nih.gov/compound/10943,https://pubchem.ncbi.nlm.nih.gov/compound/10943
m-Diethylbenzene,141-93-5,CCC1=CC=CC(CC)=C1,,17.4,2.3,2.1,134.2,182.0,0.86,156.04651162790697,aromatic,H226-H315-H319-H335,mendeley,https://data.mendeley.com/datasets/b4dmjzk8w6/1,https://data.mendeley.com/datasets/b4dmjzk8w6/1,https://data.mendeley.com/datasets/b4dmjzk8w6/1
m-Dimethoxybenzene,151-10-0,COC1=CC(OC)=CC=C1,,18.6,6.0,5.6,138.2,218.0,1.045,132.2488038277512,aromatic,H315-H319-H335,mendeley,https://data.mendeley.com/datasets/b4dmjzk8w6/1,https://data.mendeley.com/datasets/b4dmjzk8w6/1,https://data.mendeley.com/datasets/b4dmjzk8w6/1
m-Ethyltoluene,620-14-4,CCC1=CC(C)=CC=C1,,17.6,2.1,2.1,120.2,159.0,0.865,138.95953757225433,aromatic,H226-H304-H315-H319-H335,mendeley,https://data.mendeley.com/datasets/b4dmjzk8w6/1,https://data.mendeley.com/datasets/b4dmjzk8w6/1,https://data.mendeley.com/datasets/b4dmjzk8w6/1
m-Methylstyrene,100-80-1,C=CC1=CC(C)=CC=C1,,17.9,2.2,2.6,118.2,171.0,0.89,132.80898876404495,aromatic,H226-H304-H315-H319-H332-H335,mendeley,https://data.mendeley.com/datasets/b4dmjzk8w6/1,https://data.mendeley.com/datasets/b4dmjzk8w6/1,https://data.mendeley.com/datasets/b4dmjzk8w6/1
m-Xylene,108-38-3,CC1=CC(=CC=C1)C,,17.7,0.5,2.3,106.2,139,0.864,123.8,aromatic,,handbook,https://hansen-solubility.com (Hansen Handbook 2007),https://hansen-solubility.com (Hansen Handbook 2007),https://hansen-solubility.com (Hansen Handbook 2007)
Maleic Anhydride,108-31-6,O=C1OC(=O)C=C1,C4H2O3,19.5,13.3,11.9,98.1,198.9,,66.3,other,,pang2024,https://github.com/jiayunpang/hsp_embedding,https://pubchem.ncbi.nlm.nih.gov/compound/7923,https://pubchem.ncbi.nlm.nih.gov/compound/7923
Malononitrile,109-77-3,N#CCC#N,C3H2N2,17.0,18.4,6.7,66.1,218.9,,55.5,nitrile,,pang2024,https://github.com/jiayunpang/hsp_embedding,https://pubchem.ncbi.nlm.nih.gov/compound/8010,https://pubchem.ncbi.nlm.nih.gov/compound/8010
Mango Furanone,14400-67-0,CC1C(=O)C=C(O1)C,,17.9,8.8,6.3,112.1,260.0,1.06,105.75471698113206,ether,H227-H302,mendeley,https://data.mendeley.com/datasets/b4dmjzk8w6/1,https://data.mendeley.com/datasets/b4dmjzk8w6/1,https://data.mendeley.com/datasets/b4dmjzk8w6/1
Meclofenoxate,51-68-3,CN(C)CCOC(=O)COc1ccc(Cl)cc1,C12H16ClNO3,16.0,6.2,9.0,257.7,,,,other,,pang2024,https://github.com/jiayunpang/hsp_embedding,https://pubchem.ncbi.nlm.nih.gov/compound/4039,
Menthofuran,494-90-6,CC1=COC2=C1CCC(C)C2,,17.2,4.6,5.6,150.22,210.0,0.965,155.66839378238342,ether,,mendeley,https://data.mendeley.com/datasets/b4dmjzk8w6/1,https://data.mendeley.com/datasets/b4dmjzk8w6/1,https://data.mendeley.com/datasets/b4dmjzk8w6/1
Menthol,89-78-1,CC(C(CCC(C)C1)C1O)C,,16.5,3.5,6.9,156.3,212.0,0.89,175.6179775280899,alcohol,H315-H318-H335,mendeley,https://data.mendeley.com/datasets/b4dmjzk8w6/1,https://data.mendeley.com/datasets/b4dmjzk8w6/1,https://data.mendeley.com/datasets/b4dmjzk8w6/1
Mesityl Oxide,141-79-7,C/C(C)=C/C(C)=O,,16.4,7.2,5.0,98.14,130.0,0.856,114.64953271028038,ketone,H226-H302 + H312-H315-H319-H331-H335,mendeley,https://data.mendeley.com/datasets/b4dmjzk8w6/1,https://data.mendeley.com/datasets/b4dmjzk8w6/1,https://data.mendeley.com/datasets/b4dmjzk8w6/1
Mesitylene,108-67-8,CC1=CC(C)=CC(C)=C1,,18.0,0.6,0.6,120.19,165.0,0.86,139.75581395348837,aromatic,H226-H304-H315-H319-H335-H411,mendeley,https://data.mendeley.com/datasets/b4dmjzk8w6/1,https://data.mendeley.com/datasets/b4dmjzk8w6/1,https://data.mendeley.com/datasets/b4dmjzk8w6/1
Meta-Anisaldehyde,591-31-1,COC1=CC=CC(=C1)C=O,,19.1,8.8,6.1,136.1,233.0,1.1,123.7272727272727,aldehyde,H315-H319,mendeley,https://data.mendeley.com/datasets/b4dmjzk8w6/1,https://data.mendeley.com/datasets/b4dmjzk8w6/1,https://data.mendeley.com/datasets/b4dmjzk8w6/1
Methacrylaldehyde,78-85-3,CC(=C)C=O,C4H6O,15.0,10.3,7.1,70.1,68.4,,83.3,aldehyde,,pang2024,https://github.com/jiayunpang/hsp_embedding,https://pubchem.ncbi.nlm.nih.gov/compound/6562,https://pubchem.ncbi.nlm.nih.gov/compound/6562
Methacrylamide,79-39-0,CC(=C)C(N)=O,C4H7NO,15.8,11.0,11.6,85.1,,,76.0,other,,pang2024,https://github.com/jiayunpang/hsp_embedding,https://pubchem.ncbi.nlm.nih.gov/compound/6595,
Methacrylic Acid,79-41-4,CC(=C)C(O)=O,C4H6O2,15.8,2.8,12.0,86.1,162.8,,,acid,,pang2024,https://github.com/jiayunpang/hsp_embedding,https://pubchem.ncbi.nlm.nih.gov/compound/4093,https://pubchem.ncbi.nlm.nih.gov/compound/4093
Methacrylonitrile,126-98-7,CC(=C)C#N,,15.8,15.1,5.4,67.09,90.3,,83.9,nitrile,,solvpred,https://github.com/xueannafang/hsp_toolkit_solv_pred_v_2.0,https://github.com/xueannafang/hsp_toolkit_solv_pred_v_2.0,https://github.com/xueannafang/hsp_toolkit_solv_pred_v_2.0
Methallylcyclopentane,219726-61-1,CC(=C)CC1CCCC1,,16.3,1.3,2.1,124.22,150.2,0.9,138.0222222222222,hydrocarbon,H226-H315-H319-H335,mendeley,https://data.mendeley.com/datasets/b4dmjzk8w6/1,https://data.mendeley.com/datasets/b4dmjzk8w6/1,https://data.mendeley.com/datasets/b4dmjzk8w6/1
Methane,74-82-8,C,CH4,14.0,0.0,0.0,16.0,-161.1,,,hydrocarbon,,pang2024,https://github.com/jiayunpang/hsp_embedding,https://pubchem.ncbi.nlm.nih.gov/compound/297,https://pubchem.ncbi.nlm.nih.gov/compound/297
Methanol,67-56-1,CO,CH4O,14.7,12.3,22.3,32.04,65,0.791,40.7,alcohol,,handbook,https://hansen-solubility.com (Hansen Handbook 2007),https://hansen-solubility.com (Hansen Handbook 2007),https://hansen-solubility.com (Hansen Handbook 2007)
Methanol Cluster,67-56-1,CO,CH4O,14.7,5.0,10.0,32.0,64.6,,,alcohol,,pang2024,https://github.com/jiayunpang/hsp_embedding,https://pubchem.ncbi.nlm.nih.gov/compound/887,https://pubchem.ncbi.nlm.nih.gov/compound/887
Methoxy Methanol,4461-52-3,COCO,C2H6O2,16.0,9.0,18.5,62.1,,,,alcohol,,pang2024,https://github.com/jiayunpang/hsp_embedding,https://pubchem.ncbi.nlm.nih.gov/compound/62540,
Methoxyhexanone,57134-36-8,CCCCC(=O)COC,C7H14O2,15.3,6.0,5.9,130.2,,,,other,,pang2024,https://github.com/jiayunpang/hsp_embedding,https://pubchem.ncbi.nlm.nih.gov/compound/92679,
Methyl,2229-07-4,,CH3,15.0,4.3,5.7,15.0,,,93.5,other,,hansen_a1,https://hansen-solubility.com (Hansen Handbook Appendix Table A.1),https://pubchem.ncbi.nlm.nih.gov/compound/3034819,
Methyl 1-Propenyl Ether,4188-69-6,COC=CC,C4H8O,15.0,4.3,5.7,72.1,,,,ether,,pang2024,https://github.com/jiayunpang/hsp_embedding,https://pubchem.ncbi.nlm.nih.gov/compound/637914,
Methyl 2-(Methyl Thio) Acetate,16630-66-3,COC(=O)CSC,,17.59,6.88,7.65,120.2,157.4,1.11,108.28828828828829,ester,H226,mendeley,https://data.mendeley.com/datasets/b4dmjzk8w6/1,https://data.mendeley.com/datasets/b4dmjzk8w6/1,https://data.mendeley.com/datasets/b4dmjzk8w6/1
Methyl acetate,79-20-9,CC(OC)=O,C3H6O2,15.5,7.2,7.6,74.08,57,0.934,79.7,ester,H225-H315-H319-H335,handbook,https://hansen-solubility.com (Hansen Handbook 2007),https://hansen-solubility.com (Hansen Handbook 2007),https://hansen-solubility.com (Hansen Handbook 2007)
Methyl Aceto Acetate,105-45-3,COC(=O)CC(C)=O,C5H8O3,16.4,8.6,8.9,116.1,170.0,,,ester,,pang2024,https://github.com/jiayunpang/hsp_embedding,https://pubchem.ncbi.nlm.nih.gov/compound/7757,https://pubchem.ncbi.nlm.nih.gov/compound/7757
Methyl Acetylene,74-99-7,CC#C,C3H4,15.1,3.8,9.2,40.1,-23.3,,59.6,hydrocarbon,,pang2024,https://github.com/jiayunpang/hsp_embedding,https://pubchem.ncbi.nlm.nih.gov/compound/6335,https://pubchem.ncbi.nlm.nih.gov/compound/6335
Methyl acrylate,96-33-3,COC(=O)C=C,,15.3,6.7,9.4,86.09,80.1,,90.3,ester,,solvpred,https://github.com/xueannafang/hsp_toolkit_solv_pred_v_2.0,https://github.com/xueannafang/hsp_toolkit_solv_pred_v_2.0,https://github.com/xueannafang/hsp_toolkit_solv_pred_v_2.0
Methyl Allyl Cyanide,,CC=CCC#N,C5H7N,16.4,11.3,5.1,81.1,147.2,,,nitrile,,pang2024,https://github.com/jiayunpang/hsp_embedding,https://pubchem.ncbi.nlm.nih.gov/compound/20750,https://pubchem.ncbi.nlm.nih.gov/compound/20750
Methyl Amine,74-89-5,CN,CH5N,14.4,7.0,16.0,31.1,-6.5,,44.4,amine,,pang2024,https://github.com/jiayunpang/hsp_embedding,https://pubchem.ncbi.nlm.nih.gov/compound/6329,https://pubchem.ncbi.nlm.nih.gov/compound/6329
Methyl amyl acetate,108-84-9,CC(C)CC(C)OC(=O)C,,15.2,3.1,6.8,144.21,147.5,,167.4,ester,,solvpred,https://github.com/xueannafang/hsp_toolkit_solv_pred_v_2.0,https://github.com/xueannafang/hsp_toolkit_solv_pred_v_2.0,https://github.com/xueannafang/hsp_toolkit_solv_pred_v_2.0
Methyl Benzoate,93-58-3,O=C(OC)C1=CC=CC=C1,,18.9,8.2,4.7,136.15,199.0,1.088,125.13786764705883,ester,H227-H302,mendeley,https://data.mendeley.com/datasets/b4dmjzk8w6/1,https://data.mendeley.com/datasets/b4dmjzk8w6/1,https://data.mendeley.com/datasets/b4dmjzk8w6/1
Methyl Bromide,74-83-9,CBr,CH3Br,17.0,8.8,2.6,94.9,3.6,,56.8,halogenated,,pang2024,https://github.com/jiayunpang/hsp_embedding,https://pubchem.ncbi.nlm.nih.gov/compound/6323,https://pubchem.ncbi.nlm.nih.gov/compound/6323
Methyl Butyl Ketone,591-78-6,CC(CCCC)=O,,15.3,6.1,4.1,100.16,127.0,0.812,123.34975369458127,ketone,H226-H336-H361f-H372,mendeley,https://data.mendeley.com/datasets/b4dmjzk8w6/1,https://data.mendeley.com/datasets/b4dmjzk8w6/1,https://data.mendeley.com/datasets/b4dmjzk8w6/1
Methyl chloride,74-87-3,CCl,,15.3,6.1,3.9,50.49,-23.7,,55.4,halogenated,,solvpred,https://github.com/xueannafang/hsp_toolkit_solv_pred_v_2.0,https://github.com/xueannafang/hsp_toolkit_solv_pred_v_2.0,https://github.com/xueannafang/hsp_toolkit_solv_pred_v_2.0
Methyl Chloroformate,79-22-1,COC(Cl)=O,C2H3ClO2,16.3,9.5,8.5,94.5,71.1,,,ester,,pang2024,https://github.com/jiayunpang/hsp_embedding,https://pubchem.ncbi.nlm.nih.gov/compound/6586,https://pubchem.ncbi.nlm.nih.gov/compound/6586
Methyl Cinnamate,103-26-4,O=C(OC)/C=C/C1=CC=CC=C1,,18.2,4.0,5.7,162.2,261.0,1.042,155.66218809980805,other,H317-H315; H319; H335,mendeley,https://data.mendeley.com/datasets/b4dmjzk8w6/1,https://data.mendeley.com/datasets/b4dmjzk8w6/1,https://data.mendeley.com/datasets/b4dmjzk8w6/1
Methyl Cyanoacetate,105-34-0,COC(=O)CC#N,C4H5NO2,16.9,14.9,9.9,99.1,,,,ester,,pang2024,https://github.com/jiayunpang/hsp_embedding,https://pubchem.ncbi.nlm.nih.gov/compound/7747,
Methyl Cyclopentane,96-37-7,CC1CCCC1,C6H12,16.0,0.0,1.0,84.2,71.8,,,hydrocarbon,,pang2024,https://github.com/jiayunpang/hsp_embedding,https://pubchem.ncbi.nlm.nih.gov/compound/7296,https://pubchem.ncbi.nlm.nih.gov/compound/7296
Methyl Ethyl Ether,540-67-0,CCOC,C3H8O,14.0,4.7,6.0,60.1,7.4,,84.1,ether,,pang2024,https://github.com/jiayunpang/hsp_embedding,https://pubchem.ncbi.nlm.nih.gov/compound/10903,https://pubchem.ncbi.nlm.nih.gov/compound/10903
Methyl ethyl ketone,78-93-3,CC(CC)=O,C4H8O,16.0,9.0,5.1,72.11,80,0.805,90.1,ketone,EUH066-H225-H319-H336,handbook,https://hansen-solubility.com (Hansen Handbook 2007),https://hansen-solubility.com (Hansen Handbook 2007),https://hansen-solubility.com (Hansen Handbook 2007)
Methyl Ethyl Ketoxime,10341-63-6,CC\C(C)=N\O,C4H9NO,14.7,4.9,7.8,87.1,152.2,,,other,,pang2024,https://github.com/jiayunpang/hsp_embedding,https://pubchem.ncbi.nlm.nih.gov/compound/5324275,https://pubchem.ncbi.nlm.nih.gov/compound/5324275
Methyl formate,107-31-3,COC=O,,15.3,8.4,10.2,60.05,32,0.974,62.1,ester,,handbook,https://hansen-solubility.com (Hansen Handbook 2007),https://hansen-solubility.com (Hansen Handbook 2007),https://hansen-solubility.com (Hansen Handbook 2007)
Methyl Furfuryl Disulfide,57500-00-2,CSSCC1=CC=CO1,,18.3,7.4,5.5,160.3,230.0,1.181,135.7324301439458,heterocyclic,H315-H319-H335,mendeley,https://data.mendeley.com/datasets/b4dmjzk8w6/1,https://data.mendeley.com/datasets/b4dmjzk8w6/1,https://data.mendeley.com/datasets/b4dmjzk8w6/1
Methyl Furoate,611-13-2,COC(=O)c1occc1,C6H6O3,17.4,6.9,9.7,126.1,182.0,,,other,,pang2024,https://github.com/jiayunpang/hsp_embedding,https://pubchem.ncbi.nlm.nih.gov/compound/11902,https://pubchem.ncbi.nlm.nih.gov/compound/11902
Methyl Glyoxal,78-98-8,CC(=O)C=O,C3H4O2,15.5,16.1,9.7,72.1,72.2,,68.9,other,,pang2024,https://github.com/jiayunpang/hsp_embedding,https://pubchem.ncbi.nlm.nih.gov/compound/880,https://pubchem.ncbi.nlm.nih.gov/compound/880
Methyl Heptadienone,1604-28-0,CC(=C\C=C\C(=O)C)C,,17.07,5.34,4.39,124.2,221.0,0.89,139.5505617977528,other,H315-H319-H335,mendeley,https://data.mendeley.com/datasets/b4dmjzk8w6/1,https://data.mendeley.com/datasets/b4dmjzk8w6/1,https://data.mendeley.com/datasets/b4dmjzk8w6/1
Methyl Heptenone,110-93-0,CC(=CCCC(=O)C)C,,16.1,4.9,3.7,126.2,173.0,0.85,148.47058823529412,other,H226,mendeley,https://data.mendeley.com/datasets/b4dmjzk8w6/1,https://data.mendeley.com/datasets/b4dmjzk8w6/1,https://data.mendeley.com/datasets/b4dmjzk8w6/1
Methyl Hydrazine,60-34-4,CNN,CH6N2,16.2,8.7,14.8,46.1,87.8,,52.7,other,,pang2024,https://github.com/jiayunpang/hsp_embedding,https://pubchem.ncbi.nlm.nih.gov/compound/6061,https://pubchem.ncbi.nlm.nih.gov/compound/6061
Methyl Hydroperoxide,3031-73-0,COO,CH4O2,15.0,15.0,30.0,48.0,,,24.1,other,,pang2024,https://github.com/jiayunpang/hsp_embedding,https://pubchem.ncbi.nlm.nih.gov/compound/18199,
Methyl Iodide,74-88-4,CI,CH3I,17.5,7.7,5.3,141.9,42.4,,62.3,halogenated,,pang2024,https://github.com/jiayunpang/hsp_embedding,https://pubchem.ncbi.nlm.nih.gov/compound/6328,https://pubchem.ncbi.nlm.nih.gov/compound/6328
Methyl isoamyl ketone,110-12-3,CC(C)CCC(=O)C,,16.0,5.7,4.1,114.19,144.0,,142.8,ketone,,solvpred,https://github.com/xueannafang/hsp_toolkit_solv_pred_v_2.0,https://github.com/xueannafang/hsp_toolkit_solv_pred_v_2.0,https://github.com/xueannafang/hsp_toolkit_solv_pred_v_2.0
Methyl isobutyl carbinol,108-11-2,CC(C)CC(C)O,,15.4,3.3,12.3,102.17,133.0,,127.2,other,,solvpred,https://github.com/xueannafang/hsp_toolkit_solv_pred_v_2.0,https://github.com/xueannafang/hsp_toolkit_solv_pred_v_2.0,https://github.com/xueannafang/hsp_toolkit_solv_pred_v_2.0
Methyl isobutyl ketone,108-10-1,CC(CC(C)C)=O,C6H12O,15.3,6.1,4.1,100.2,117,0.802,125.8,ketone,EUH066-H225-H319-H332-H335,handbook,https://hansen-solubility.com (Hansen Handbook 2007),https://hansen-solubility.com (Hansen Handbook 2007),https://hansen-solubility.com (Hansen Handbook 2007)
Methyl Isocyanate,624-83-9,CN=C=O,C2H3NO,15.6,11.5,2.5,57.0,38.9,,61.8,other,,pang2024,https://github.com/jiayunpang/hsp_embedding,https://pubchem.ncbi.nlm.nih.gov/compound/12228,https://pubchem.ncbi.nlm.nih.gov/compound/12228
Methyl Isopropenyl Ketone,814-78-8,CC(=C)C(C)=O,C5H8O,15.9,12.1,4.5,84.1,97.8,,,ketone,,pang2024,https://github.com/jiayunpang/hsp_embedding,https://pubchem.ncbi.nlm.nih.gov/compound/13143,https://pubchem.ncbi.nlm.nih.gov/compound/13143
Methyl isopropyl ketone,563-80-4,,,15.5,7.5,4.5,86.13,94,0.805,107.5,ketone,,handbook,https://hansen-solubility.com (Hansen Handbook 2007),https://hansen-solubility.com (Hansen Handbook 2007),https://hansen-solubility.com (Hansen Handbook 2007)
Methyl Isothiocyanate,556-61-6,CN=C=S,C2H3NS,17.3,16.2,10.1,73.1,118.9,,68.4,other,,pang2024,https://github.com/jiayunpang/hsp_embedding,https://pubchem.ncbi.nlm.nih.gov/compound/11167,https://pubchem.ncbi.nlm.nih.gov/compound/11167
Methyl Levulinate,624-45-3,CC(=O)CCC(=O)OC,,16.81,8.36,7.45,130.1,195.0,1.051,123.78686964795433,other,H226-H315-H319-H335,mendeley,https://data.mendeley.com/datasets/b4dmjzk8w6/1,https://data.mendeley.com/datasets/b4dmjzk8w6/1,https://data.mendeley.com/datasets/b4dmjzk8w6/1
Methyl Mercaptan,74-93-1,CS,CH4S,16.6,7.7,8.6,48.1,5.9,,54.1,sulfur compound,,pang2024,https://github.com/jiayunpang/hsp_embedding,https://pubchem.ncbi.nlm.nih.gov/compound/878,https://pubchem.ncbi.nlm.nih.gov/compound/878
Methyl Methacrylate,80-62-6,C=C(C)C(OC)=O,C5H8O2,15.8,6.5,5.4,100.12,101.0,0.939,106.62406815761449,ester,H225-H315-H317-H335,mendeley,https://data.mendeley.com/datasets/b4dmjzk8w6/1,https://data.mendeley.com/datasets/b4dmjzk8w6/1,https://data.mendeley.com/datasets/b4dmjzk8w6/1
Methyl n-Amyl Ketone,110-43-0,CC(CCCCC)=O,C7H14O,16.2,5.7,4.1,114.19,151.0,0.81,140.9753086419753,ketone,H226-H302+H332-H336,mendeley,https://data.mendeley.com/datasets/b4dmjzk8w6/1,https://data.mendeley.com/datasets/b4dmjzk8w6/1,https://data.mendeley.com/datasets/b4dmjzk8w6/1
Methyl n-Propyl Ketone,107-87-9,CCCC(C)=O,C5H10O,16.0,7.6,4.7,86.1,101.1,,,ketone,,pang2024,https://github.com/jiayunpang/hsp_embedding,https://pubchem.ncbi.nlm.nih.gov/compound/7895,https://pubchem.ncbi.nlm.nih.gov/compound/7895
Methyl Nitrate,598-58-3,CO[N+]([O-])=O,CH3NO3,15.8,14.0,4.8,77.0,,,63.8,other,,pang2024,https://github.com/jiayunpang/hsp_embedding,https://pubchem.ncbi.nlm.nih.gov/compound/11724,
Methyl oleate,112-62-9,CCCCCCCCC=CCCCCCCCC(=O)OC,,14.5,3.9,3.7,296.5,218.5,,340.0,other,,solvpred,https://github.com/xueannafang/hsp_toolkit_solv_pred_v_2.0,https://github.com/xueannafang/hsp_toolkit_solv_pred_v_2.0,https://github.com/xueannafang/hsp_toolkit_solv_pred_v_2.0
Methyl Phenyl Acetate,101-41-7,COC(=O)CC1=CC=CC=C1,,17.9,4.5,6.1,150.2,218.0,1.066,140.90056285178235,ester,,mendeley,https://data.mendeley.com/datasets/b4dmjzk8w6/1,https://data.mendeley.com/datasets/b4dmjzk8w6/1,https://data.mendeley.com/datasets/b4dmjzk8w6/1
Methyl Phenyl Sulfid,,,,19.6,4.8,4.7,,,,117.4,aromatic,,hansen_a1,https://hansen-solubility.com (Hansen Handbook Appendix Table A.1),,
Methyl Phenyl Sulfide,100-68-5,CSC1=CC=CC=C1,,19.6,4.8,4.7,124.21,193.0,1.05,118.29523809523809,aromatic,H227-H302-H315-H317-H319-H411,mendeley,https://data.mendeley.com/datasets/b4dmjzk8w6/1,https://data.mendeley.com/datasets/b4dmjzk8w6/1,https://data.mendeley.com/datasets/b4dmjzk8w6/1
Methyl Phenyl Sulfone,3112-85-4,C[S](=O)(=O)c1ccccc1,C7H8O2S,20.0,16.9,7.8,156.2,,,,sulfoxide,,pang2024,https://github.com/jiayunpang/hsp_embedding,https://pubchem.ncbi.nlm.nih.gov/compound/18369,
Methyl Phosphonic Difluoride,676-99-3,C[P](F)(F)=O,CH3F2OP,14.0,14.0,8.4,100.0,98.0,,,other,,pang2024,https://github.com/jiayunpang/hsp_embedding,https://pubchem.ncbi.nlm.nih.gov/compound/69610,https://pubchem.ncbi.nlm.nih.gov/compound/69610
Methyl Propionate,554-12-1,CCC(=O)OC,C4H8O2,15.5,6.5,7.7,88.1,79.7,,,ester,,pang2024,https://github.com/jiayunpang/hsp_embedding,https://pubchem.ncbi.nlm.nih.gov/compound/11124,https://pubchem.ncbi.nlm.nih.gov/compound/11124
Methyl salicylate,119-36-8,COC(=O)C1=CC=CC=C1O,,18.1,8.0,13.9,152.15,220.0,,129.6,other,,solvpred,https://github.com/xueannafang/hsp_toolkit_solv_pred_v_2.0,https://github.com/xueannafang/hsp_toolkit_solv_pred_v_2.0,https://github.com/xueannafang/hsp_toolkit_solv_pred_v_2.0
Methyl Silane,992-94-9,C[SiH3],CH6Si,15.5,3.3,0.0,46.1,,,,hydrocarbon,,pang2024,https://github.com/jiayunpang/hsp_embedding,https://pubchem.ncbi.nlm.nih.gov/compound/70434,
Methyl Sulfolane,1003-46-9,CC1CCC[S]1(=O)=O,C5H10O2S,19.0,17.4,5.3,134.2,,,,sulfoxide,,pang2024,https://github.com/jiayunpang/hsp_embedding,https://pubchem.ncbi.nlm.nih.gov/compound/549931,
Methyl tert-butyl ether,1634-04-4,CC(C)(C)OC,,14.8,4.3,5.0,88.15,55,0.741,119.9,ether,H225-H315,handbook,https://hansen-solubility.com (Hansen Handbook 2007),https://hansen-solubility.com (Hansen Handbook 2007),https://hansen-solubility.com (Hansen Handbook 2007)
Methyl Thiobutyrate,2432-51-1,CCCC(=O)SC,,17.3,4.8,4.3,118.2,143.0,0.966,122.36024844720498,ester,H226-H315-H319-H335,mendeley,https://data.mendeley.com/datasets/b4dmjzk8w6/1,https://data.mendeley.com/datasets/b4dmjzk8w6/1,https://data.mendeley.com/datasets/b4dmjzk8w6/1
Methyl Thiocyanate,556-64-9,CSC#N,C2H3NS,17.3,15.0,6.0,73.1,132.8,,68.5,other,,pang2024,https://github.com/jiayunpang/hsp_embedding,https://pubchem.ncbi.nlm.nih.gov/compound/11168,https://pubchem.ncbi.nlm.nih.gov/compound/11168
Methyl Vinyl Ether,107-25-5,COC=C,C3H6O,14.9,5.3,6.3,58.1,5.5,,75.2,ether,,pang2024,https://github.com/jiayunpang/hsp_embedding,https://pubchem.ncbi.nlm.nih.gov/compound/7861,https://pubchem.ncbi.nlm.nih.gov/compound/7861
Methyl Vinyl Ketone,78-94-4,CC(=O)C=C,C4H6O,15.6,12.5,5.0,70.1,81.7,,81.2,ketone,,pang2024,https://github.com/jiayunpang/hsp_embedding,https://pubchem.ncbi.nlm.nih.gov/compound/6570,https://pubchem.ncbi.nlm.nih.gov/compound/6570
Methyl Vinyl Sulfid,,,,16.4,4.9,6.0,,,,82.1,other,,hansen_a1,https://hansen-solubility.com (Hansen Handbook Appendix Table A.1),,
Methyl Vinyl Sulfide,1822-74-8,CSC=C,C3H6S,16.4,4.9,6.0,74.2,,,,sulfur compound,,pang2024,https://github.com/jiayunpang/hsp_embedding,https://pubchem.ncbi.nlm.nih.gov/compound/123131,
Methyl Vinyl Sulfone,3680-02-2,C[S](=O)(=O)C=C,C3H6O2S,16.8,19.6,4.8,106.2,123.9,,87.6,sulfoxide,,pang2024,https://github.com/jiayunpang/hsp_embedding,https://pubchem.ncbi.nlm.nih.gov/compound/19354,https://pubchem.ncbi.nlm.nih.gov/compound/19354
Methyl-1-Propynyl Ether,13169-01-2,COC#CC,C4H6O,15.7,6.3,5.9,70.1,,,85.4,ether,,pang2024,https://github.com/jiayunpang/hsp_embedding,https://pubchem.ncbi.nlm.nih.gov/compound/139404,
Methyl-4-Toluenesulfonate,80-48-8,CO[S](=O)(=O)c1ccc(C)cc1,C8H10O3S,19.6,15.3,3.8,186.2,292.0,,,aromatic,,pang2024,https://github.com/jiayunpang/hsp_embedding,https://pubchem.ncbi.nlm.nih.gov/compound/6645,https://pubchem.ncbi.nlm.nih.gov/compound/6645
Methyl-p-Toluate,99-75-2,COC(=O)c1ccc(C)cc1,C9H10O2,19.0,6.5,3.8,150.2,217.2,,,other,,pang2024,https://github.com/jiayunpang/hsp_embedding,https://pubchem.ncbi.nlm.nih.gov/compound/7455,https://pubchem.ncbi.nlm.nih.gov/compound/7455
Methyl-t-Butyl Ether,1634-04-4,COC(C)(C)C,C5H12O,14.8,4.3,5.0,88.2,55.2,,,ether,,pang2024,https://github.com/jiayunpang/hsp_embedding,https://pubchem.ncbi.nlm.nih.gov/compound/15413,https://pubchem.ncbi.nlm.nih.gov/compound/15413
Methylal,109-87-5,COCOC,C3H8O2,15.0,1.8,8.6,76.09,41.6,,169.4,other,,solvpred,https://github.com/xueannafang/hsp_toolkit_solv_pred_v_2.0,https://github.com/xueannafang/hsp_toolkit_solv_pred_v_2.0,https://github.com/xueannafang/hsp_toolkit_solv_pred_v_2.0
Methylcyclohexane,108-87-2,CC1CCCCC1,,16.0,0.0,1.0,98.19,101,0.769,128.3,hydrocarbon,H225-H304-H315-H336-H410-H411,handbook,https://hansen-solubility.com (Hansen Handbook 2007),https://hansen-solubility.com (Hansen Handbook 2007),https://hansen-solubility.com (Hansen Handbook 2007)
Methylene Dichloride,75-09-2,ClCCl,CH2Cl2,17.0,7.3,7.1,84.9,39.8,,,halogenated,,pang2024,https://github.com/jiayunpang/hsp_embedding,https://pubchem.ncbi.nlm.nih.gov/compound/6344,https://pubchem.ncbi.nlm.nih.gov/compound/6344
Methylene Diiodide (Diiodomethane),75-11-6,[H]C(I)I[H],CH2I2,22.0,3.9,5.5,267.84,181.0,3.32,80.67469879518072,halogenated,H301 + H311-H315-H319-H332-H335,mendeley,https://data.mendeley.com/datasets/b4dmjzk8w6/1,https://data.mendeley.com/datasets/b4dmjzk8w6/1,https://data.mendeley.com/datasets/b4dmjzk8w6/1
MethyleneIodide,75-11-6,,CH2I2,17.8,3.9,5.5,267.8,,,80.5,other,,wolfram,https://datarepository.wolframcloud.com/resources/JoshuaSchrier_Hansen-Solubility-Parameters/,https://pubchem.ncbi.nlm.nih.gov/compound/6346,
Morpholine,110-91-8,C1COCCN1,C4H9NO,18.8,4.9,9.2,87.12,129,1.0,87.1,amine,,handbook,https://hansen-solubility.com (Hansen Handbook 2007),https://hansen-solubility.com (Hansen Handbook 2007),https://hansen-solubility.com (Hansen Handbook 2007)
Myrtenal,564-94-3,CC1(C2CC=C(C1C2)C=O)C,,17.0,5.0,4.1,150.2,220.0,1.006,149.3041749502982,other,,mendeley,https://data.mendeley.com/datasets/b4dmjzk8w6/1,https://data.mendeley.com/datasets/b4dmjzk8w6/1,https://data.mendeley.com/datasets/b4dmjzk8w6/1
Myrtenol,515-00-4,CC1(C2CC=C(C1C2)CO)C,,17.0,3.8,8.9,152.2,222.0,1.01,150.69306930693068,other,,mendeley,https://data.mendeley.com/datasets/b4dmjzk8w6/1,https://data.mendeley.com/datasets/b4dmjzk8w6/1,https://data.mendeley.com/datasets/b4dmjzk8w6/1
Myrtenyl Acetate,1079-01-2,CC(=O)OCC1=CCC2CC1C2(C)C,,16.9,2.8,4.2,194.3,240.0,1.013,191.8065153010859,ester,,mendeley,https://data.mendeley.com/datasets/b4dmjzk8w6/1,https://data.mendeley.com/datasets/b4dmjzk8w6/1,https://data.mendeley.com/datasets/b4dmjzk8w6/1
"N,N'-Dimethylaniline",121-69-7,CN(C)C1=CC=CC=C1,,18.2,3.0,5.6,121.2,193.0,0.956,126.77824267782428,amine,H227-H301+H311+H331-H351-H411,mendeley,https://data.mendeley.com/datasets/b4dmjzk8w6/1,https://data.mendeley.com/datasets/b4dmjzk8w6/1,https://data.mendeley.com/datasets/b4dmjzk8w6/1
"N,N,N,N-Tetramethylthiourea",2782-91-4,,C5H12N2S,17.3,6.0,10.5,132.2,245.0,,132.2,other,,hansen_a1,https://hansen-solubility.com (Hansen Handbook Appendix Table A.1),https://pubchem.ncbi.nlm.nih.gov/compound/17725,https://pubchem.ncbi.nlm.nih.gov/compound/17725
"N,N-Dibutyl Formamide",761-65-9,CCCCN(CCCC)C=O,C9H19NO,15.5,8.9,6.2,157.2,,,182.0,amide,,pang2024,https://github.com/jiayunpang/hsp_embedding,https://pubchem.ncbi.nlm.nih.gov/compound/12975,
"N,N-Dichloroethyl Amine",24948-83-2,CCN(Cl)Cl,C2H5Cl2N,16.8,7.6,7.7,114.0,,,,amine,,pang2024,https://github.com/jiayunpang/hsp_embedding,https://pubchem.ncbi.nlm.nih.gov/compound/13181257,
"N,N-Dichloromethyl Amine",,ClCNCCl,C2H5Cl2N,16.5,7.5,8.0,114.0,,,90.8,amine,,pang2024,https://github.com/jiayunpang/hsp_embedding,https://pubchem.ncbi.nlm.nih.gov/compound/21501495,
"N,N-Diethyl Acetamide",685-91-6,CCN(CC)C(C)=O,C6H13NO,16.4,11.3,7.5,115.2,185.5,,124.5,amide,,pang2024,https://github.com/jiayunpang/hsp_embedding,https://pubchem.ncbi.nlm.nih.gov/compound/12703,https://pubchem.ncbi.nlm.nih.gov/compound/12703
"N,N-Diethyl Formamide",617-84-5,CCN(CC)C=O,C5H11NO,16.4,11.4,9.2,101.2,,,111.4,amide,,pang2024,https://github.com/jiayunpang/hsp_embedding,https://pubchem.ncbi.nlm.nih.gov/compound/12051,
"N,N-Diethylhydroxylamine",3710-84-7,CCN(O)CC,,16.1,1.7,14.1,89.14,130.0,0.867,102.81430219146482,amine,H226-H312+H332-H335-H411,mendeley,https://data.mendeley.com/datasets/b4dmjzk8w6/1,https://data.mendeley.com/datasets/b4dmjzk8w6/1,https://data.mendeley.com/datasets/b4dmjzk8w6/1
"N,N-Dimethyl Butyramide",760-79-2,CCCC(=O)N(C)C,C6H13NO,16.4,10.6,7.4,115.2,,,,other,,pang2024,https://github.com/jiayunpang/hsp_embedding,https://pubchem.ncbi.nlm.nih.gov/compound/12973,
"N,N-Dimethylacetamide",127-19-5,CC(N(C)C)=O,,16.8,11.5,10.2,87.12,166,0.937,93.0,amide,H227-H312+H332-H360D,handbook,https://hansen-solubility.com (Hansen Handbook 2007),https://hansen-solubility.com (Hansen Handbook 2007),https://hansen-solubility.com (Hansen Handbook 2007)
"N,N-Dimethylformamide",68-12-2,[H]C(N(C)C)=O,C3H7NO,17.4,13.7,11.3,73.09,153,0.944,77.0,amide,H226-H312+H332-H319-H360D,handbook,https://hansen-solubility.com (Hansen Handbook 2007),https://hansen-solubility.com (Hansen Handbook 2007),https://hansen-solubility.com (Hansen Handbook 2007)
"N,NDimethylhydrazine",,,,15.3,5.9,11.0,,,,76.0,other,,wolfram,https://datarepository.wolframcloud.com/resources/JoshuaSchrier_Hansen-Solubility-Parameters/,,
N-(2-Hydroxyethyl)-2-Pyrrolidone,3445-11-2,OCCN1CCCC1=O,C6H11NO2,18.0,9.2,15.7,129.2,,,,amide,,pang2024,https://github.com/jiayunpang/hsp_embedding,https://pubchem.ncbi.nlm.nih.gov/compound/76980,
N-Acetyl Caprolactam,1888-91-1,CC(=O)N1CCCCCC1=O,C8H13NO2,18.9,8.7,4.8,155.2,,,155.0,amide,,pang2024,https://github.com/jiayunpang/hsp_embedding,https://pubchem.ncbi.nlm.nih.gov/compound/15904,
N-Acetyl Piperidine,618-42-8,CC(=O)N1CCCCC1,C7H13NO,18.5,10.0,6.5,127.2,,,,amine,,pang2024,https://github.com/jiayunpang/hsp_embedding,https://pubchem.ncbi.nlm.nih.gov/compound/12058,
N-Acetyl Pyrrolidone,932-17-2,CC(=O)N1CCCC1=O,C6H9NO2,17.8,13.1,8.3,127.1,,,,amide,,pang2024,https://github.com/jiayunpang/hsp_embedding,https://pubchem.ncbi.nlm.nih.gov/compound/70266,
N-Acetylmorpholine,1696-20-4,CC(=O)N1CCOCC1,C6H11NO2,18.3,9.8,7.8,129.2,,,,amine,,pang2024,https://github.com/jiayunpang/hsp_embedding,https://pubchem.ncbi.nlm.nih.gov/compound/15543,
N-Benzyl Pyrrolidone,5291-77-0,O=C1CCCN1Cc2ccccc2,C11H13NO,18.2,6.1,5.6,175.2,,,,amide,,pang2024,https://github.com/jiayunpang/hsp_embedding,https://pubchem.ncbi.nlm.nih.gov/compound/79176,
n-Butyl acetate,123-86-4,CC(OCCCC)=O,C6H12O2,15.8,3.7,6.3,116.2,126,0.882,132.5,ester,H226-H336,handbook,https://hansen-solubility.com (Hansen Handbook 2007),https://hansen-solubility.com (Hansen Handbook 2007),https://hansen-solubility.com (Hansen Handbook 2007)
n-Butyl Aceto Acetate,591-60-6,CCCCOC(=O)CC(C)=O,C8H14O3,16.6,5.8,7.3,158.2,103.0,,,ester,,pang2024,https://github.com/jiayunpang/hsp_embedding,https://pubchem.ncbi.nlm.nih.gov/compound/11576,https://pubchem.ncbi.nlm.nih.gov/compound/11576
n-Butyl Acrylate,141-32-2,CCCCOC(=O)C=C,C7H12O2,15.6,6.2,4.9,128.2,147.8,,,ester,,pang2024,https://github.com/jiayunpang/hsp_embedding,https://pubchem.ncbi.nlm.nih.gov/compound/8846,https://pubchem.ncbi.nlm.nih.gov/compound/8846
n-Butyl Amine,109-73-9,CCCCN,C4H11N,16.2,4.5,8.0,73.1,78.0,,99.0,amine,,pang2024,https://github.com/jiayunpang/hsp_embedding,https://pubchem.ncbi.nlm.nih.gov/compound/8007,https://pubchem.ncbi.nlm.nih.gov/compound/8007
n-Butyl Butyrate,109-21-7,CCCCOC(=O)CCC,C8H16O2,15.6,2.9,5.6,144.2,166.7,,166.7,ester,,pang2024,https://github.com/jiayunpang/hsp_embedding,https://pubchem.ncbi.nlm.nih.gov/compound/7983,https://pubchem.ncbi.nlm.nih.gov/compound/7983
n-Butyl Cyclohexane,1678-93-9,CCCCC1CCCCC1,,16.2,0.0,0.6,140.27,180.0,0.799,175.5569461827284,hydrocarbon,H226,mendeley,https://data.mendeley.com/datasets/b4dmjzk8w6/1,https://data.mendeley.com/datasets/b4dmjzk8w6/1,https://data.mendeley.com/datasets/b4dmjzk8w6/1
n-Butyl Cyclopentane,2040-95-1,CCCCC1CCCC1,C9H18,16.4,0.0,1.0,126.2,,,,hydrocarbon,,pang2024,https://github.com/jiayunpang/hsp_embedding,https://pubchem.ncbi.nlm.nih.gov/compound/16269,
n-Butyl Methacrylate,97-88-1,CCCCOC(=O)C(C)=C,C8H14O2,15.4,5.9,5.2,142.2,170.5,,,ester,,pang2024,https://github.com/jiayunpang/hsp_embedding,https://pubchem.ncbi.nlm.nih.gov/compound/7354,https://pubchem.ncbi.nlm.nih.gov/compound/7354
n-Butyl Propionate,590-01-2,CCCCOC(=O)CC,C7H14O2,15.7,5.5,5.9,130.2,146.8,,,ester,,pang2024,https://github.com/jiayunpang/hsp_embedding,https://pubchem.ncbi.nlm.nih.gov/compound/11529,https://pubchem.ncbi.nlm.nih.gov/compound/11529
N-Butyl Pyrrolidone,,,,17.5,9.9,5.8,,,,148.0,amide,,hansen_a1,https://hansen-solubility.com (Hansen Handbook Appendix Table A.1),,
n-Butyl Salicylate,2052-14-4,CCCCOC(=O)c1ccccc1O,C11H14O3,17.9,4.8,11.7,194.2,271.0,,,other,,pang2024,https://github.com/jiayunpang/hsp_embedding,https://pubchem.ncbi.nlm.nih.gov/compound/16330,https://pubchem.ncbi.nlm.nih.gov/compound/16330
n-Butylbenzene,104-51-8,CCCCc1ccccc1,C10H14,17.4,0.1,1.1,134.2,183.3,,157.0,aromatic,,pang2024,https://github.com/jiayunpang/hsp_embedding,https://pubchem.ncbi.nlm.nih.gov/compound/7705,https://pubchem.ncbi.nlm.nih.gov/compound/7705
n-Butyramide,541-35-5,CCCC(N)=O,C4H9NO,16.9,13.7,12.3,87.1,216,,98.4,other,,pang2024,https://github.com/jiayunpang/hsp_embedding,https://pubchem.ncbi.nlm.nih.gov/compound/10927,https://pubchem.ncbi.nlm.nih.gov/compound/10927
N-Chlorodimethylamine,1585-74-6,CN(C)Cl,C2H6ClN,16.0,7.8,7.9,79.5,,,,amine,,pang2024,https://github.com/jiayunpang/hsp_embedding,https://pubchem.ncbi.nlm.nih.gov/compound/123122,
N-Cyclohexyl-2-Pyrrolidone,6837-24-7,O=C1CCCN1C2CCCCC2,C10H17NO,18.2,6.8,6.5,167.2,,,,amide,,pang2024,https://github.com/jiayunpang/hsp_embedding,https://pubchem.ncbi.nlm.nih.gov/compound/81278,
n-Decane,124-18-5,CCCCCCCCCC,,15.7,0.0,0.0,142.3,174,0.73,195.9,hydrocarbon,EUH066-H226-H304,handbook,https://hansen-solubility.com (Hansen Handbook 2007),https://hansen-solubility.com (Hansen Handbook 2007),https://hansen-solubility.com (Hansen Handbook 2007)
N-Ethyl Formamide,627-45-2,CCNC=O,C3H7NO,16.2,10.0,14.0,73.1,,,76.5,amide,,pang2024,https://github.com/jiayunpang/hsp_embedding,https://pubchem.ncbi.nlm.nih.gov/compound/12319,
N-Ethyl-2-Pyrrolidone,2687-91-4,CCN1CCCC1=O,C6H11NO,18.0,12.0,7.0,113.2,,,113.9,amide,,pang2024,https://github.com/jiayunpang/hsp_embedding,https://pubchem.ncbi.nlm.nih.gov/compound/17595,
N-Formyl Hexamethylene Imine,,,,18.5,10.4,7.6,,,,127.0,other,,hansen_a1,https://hansen-solubility.com (Hansen Handbook Appendix Table A.1),,
N-Formyl Piperidine,2591-86-8,O=CN1CCCCC1,C6H11NO,18.7,10.6,7.8,113.2,,,,amine,,pang2024,https://github.com/jiayunpang/hsp_embedding,https://pubchem.ncbi.nlm.nih.gov/compound/17429,
n-Heptane,142-82-5,CCCCCCC,C7H16,15.3,0.0,0.0,100.2,98,0.684,147.4,hydrocarbon,H225-H304-H315-H336-H410,handbook,https://hansen-solubility.com (Hansen Handbook 2007),https://hansen-solubility.com (Hansen Handbook 2007),https://hansen-solubility.com (Hansen Handbook 2007)
n-Heptyl Acetate,112-06-1,CC(OCCCCCCC)=O,,15.8,2.9,5.5,158.24,192.0,0.867,182.51441753171858,ester,,mendeley,https://data.mendeley.com/datasets/b4dmjzk8w6/1,https://data.mendeley.com/datasets/b4dmjzk8w6/1,https://data.mendeley.com/datasets/b4dmjzk8w6/1
n-Hexane,110-54-3,CCCCCC,,14.9,0.0,0.0,86.18,69,0.659,131.6,hydrocarbon,H225-H304-H315-H336-H361f-H373-H411,handbook,https://hansen-solubility.com (Hansen Handbook 2007),https://hansen-solubility.com (Hansen Handbook 2007),https://hansen-solubility.com (Hansen Handbook 2007)
N-Methyl Acetamide,79-16-3,CNC(C)=O,C3H7NO,16.9,17.0,13.0,73.1,205.0,,76.9,amide,,pang2024,https://github.com/jiayunpang/hsp_embedding,https://pubchem.ncbi.nlm.nih.gov/compound/6582,https://pubchem.ncbi.nlm.nih.gov/compound/6582
N-Methyl Formamide,123-39-7,CNC=O,C2H5NO,17.4,18.8,15.9,59.1,185.0,,59.1,amide,,pang2024,https://github.com/jiayunpang/hsp_embedding,https://pubchem.ncbi.nlm.nih.gov/compound/31254,https://pubchem.ncbi.nlm.nih.gov/compound/31254
N-Methyl Morpholine-N-Oxide,7529-22-8,C[N+]1([O-])CCOCC1,C5H11NO2,19.0,16.1,10.2,117.2,,,,amine,,pang2024,https://github.com/jiayunpang/hsp_embedding,https://pubchem.ncbi.nlm.nih.gov/compound/82029,
N-Methyl-2-pyrrolidone,872-50-4,CN1C(CCC1)=O,C5H9NO,18.0,12.3,7.2,99.13,202,1.028,96.5,amide,H227-H315-H319-H335-H360D,handbook,https://hansen-solubility.com (Hansen Handbook 2007),https://hansen-solubility.com (Hansen Handbook 2007),https://hansen-solubility.com (Hansen Handbook 2007)
N-Methylaniline,100-61-8,CNC1=CC=CC=C1,,19.5,6.0,7.8,107.16,196.0,0.989,108.35187057633973,amine,H301-H311-H331-H373-H410,mendeley,https://data.mendeley.com/datasets/b4dmjzk8w6/1,https://data.mendeley.com/datasets/b4dmjzk8w6/1,https://data.mendeley.com/datasets/b4dmjzk8w6/1
N-Methylpyrrole,96-54-8,CN1C=CC=C1,,17.8,5.6,5.6,81.1,113.0,0.914,88.73085339168489,heterocyclic,"H225: Flüssigkeit und Dampf leicht entzündbar.                 H315: Verursacht Hautreizungen.
H319: Verursacht schwere Augenreizung.
H335: Kann die Atemwege reizen.",mendeley,https://data.mendeley.com/datasets/b4dmjzk8w6/1,https://data.mendeley.com/datasets/b4dmjzk8w6/1,https://data.mendeley.com/datasets/b4dmjzk8w6/1
N-n-Butyl Pyrrolidone,3470-98-2,CCCCN1CCCC1=O,C8H15NO,17.5,9.9,5.8,141.2,,,,amide,,pang2024,https://github.com/jiayunpang/hsp_embedding,https://pubchem.ncbi.nlm.nih.gov/compound/18984,
n-Octane,111-65-9,CCCCCCCC,,15.5,0.0,0.0,114.2,126,0.703,163.5,hydrocarbon,H225-H304-H315-H336-H410,handbook,https://hansen-solubility.com (Hansen Handbook 2007),https://hansen-solubility.com (Hansen Handbook 2007),https://hansen-solubility.com (Hansen Handbook 2007)
n-Pentyl Propionate,624-54-4,CCCCCOC(=O)CC,C8H16O2,15.8,5.2,5.7,144.2,169.0,,,ester,,pang2024,https://github.com/jiayunpang/hsp_embedding,https://pubchem.ncbi.nlm.nih.gov/compound/12217,https://pubchem.ncbi.nlm.nih.gov/compound/12217
n-Propyl Acetate,109-60-4,CC(OCCC)=O,C5H10O2,15.3,4.3,7.6,102.13,102.0,0.888,115.01126126126125,ester,H225-H315-H319-H335,mendeley,https://data.mendeley.com/datasets/b4dmjzk8w6/1,https://data.mendeley.com/datasets/b4dmjzk8w6/1,https://data.mendeley.com/datasets/b4dmjzk8w6/1
n-Propyl Nitrate,627-13-4,CCCO[N+]([O-])=O,C3H7NO3,15.8,11.3,4.1,105.1,110.6,,99.7,other,,pang2024,https://github.com/jiayunpang/hsp_embedding,https://pubchem.ncbi.nlm.nih.gov/compound/12307,https://pubchem.ncbi.nlm.nih.gov/compound/12307
n-Propyl Propanoate,106-36-5,CCCOC(=O)CC,C6H12O2,15.5,5.6,5.7,116.2,124.0,,,other,,pang2024,https://github.com/jiayunpang/hsp_embedding,https://pubchem.ncbi.nlm.nih.gov/compound/7803,https://pubchem.ncbi.nlm.nih.gov/compound/7803
N-tert-Butylmaleimide,4144-22-3,CC(C)(C)N1C(=O)C=CC1=O,,17.8,6.9,4.0,153.18,189.0,1.059,144.6458923512748,other,H315-H319-H335,mendeley,https://data.mendeley.com/datasets/b4dmjzk8w6/1,https://data.mendeley.com/datasets/b4dmjzk8w6/1,https://data.mendeley.com/datasets/b4dmjzk8w6/1
n-Tetradecane,629-59-4,CCCCCCCCCCCCCC,C14H30,16.2,0.0,0.0,198.4,253.7,,,hydrocarbon,,pang2024,https://github.com/jiayunpang/hsp_embedding,https://pubchem.ncbi.nlm.nih.gov/compound/12389,https://pubchem.ncbi.nlm.nih.gov/compound/12389
N-Thionylaniline,1122-83-4,C1=CC=C(C=C1)N=S=O,,20.5,14.8,7.4,139.18,200.0,1.236,112.60517799352752,amine,H315-H319-H334-H335,mendeley,https://data.mendeley.com/datasets/b4dmjzk8w6/1,https://data.mendeley.com/datasets/b4dmjzk8w6/1,https://data.mendeley.com/datasets/b4dmjzk8w6/1
"Naphtha,high-flash",64742-95-6,-1,,17.9,0.7,1.8,-1.0,-1.0,,181.8,hydrocarbon,,solvpred,https://github.com/xueannafang/hsp_toolkit_solv_pred_v_2.0,https://github.com/xueannafang/hsp_toolkit_solv_pred_v_2.0,https://github.com/xueannafang/hsp_toolkit_solv_pred_v_2.0
Naphthalene,91-20-3,C1=CC=C2C=CC=CC2=C1,,19.2,2.0,5.9,128.2,218,1.025,125.0,aromatic,,handbook,https://hansen-solubility.com (Hansen Handbook 2007),https://hansen-solubility.com (Hansen Handbook 2007),https://hansen-solubility.com (Hansen Handbook 2007)
Nerolidol,7212-44-4,CC(=CCCC(=CCCC(C)(C=C)O)C)C,,16.9,1.9,5.0,222.4,266.0,0.9,247.11111111111111,other,H315-H319-H335,mendeley,https://data.mendeley.com/datasets/b4dmjzk8w6/1,https://data.mendeley.com/datasets/b4dmjzk8w6/1,https://data.mendeley.com/datasets/b4dmjzk8w6/1
Neryl Acetate,141-12-8,CC(=CCC/C(=C/COC(=O)C)/C)C,,16.7,3.0,4.5,196.3,247.0,0.9,218.11111111111111,ester,-,mendeley,https://data.mendeley.com/datasets/b4dmjzk8w6/1,https://data.mendeley.com/datasets/b4dmjzk8w6/1,https://data.mendeley.com/datasets/b4dmjzk8w6/1
Nicotine,54-11-5,CN1CCCC1c2cccnc2,C10H14N2,18.5,7.8,6.5,162.2,246.7,,,other,,pang2024,https://github.com/jiayunpang/hsp_embedding,https://pubchem.ncbi.nlm.nih.gov/compound/89594,https://pubchem.ncbi.nlm.nih.gov/compound/89594
Nitric Acid,7697-37-2,O[N+]([O-])=O,HNO3,13.5,18.0,18.6,63.0,82.8,,,acid,,pang2024,https://github.com/jiayunpang/hsp_embedding,https://pubchem.ncbi.nlm.nih.gov/compound/944,https://pubchem.ncbi.nlm.nih.gov/compound/944
Nitrobenzene,98-95-3,O=[N+]([O-])C1=CC=CC=C1,,20.0,8.6,4.1,123.1,211,1.204,102.7,nitro,H227-H301+H311+H331-H351-H360F-H372-H412,handbook,https://hansen-solubility.com (Hansen Handbook 2007),https://hansen-solubility.com (Hansen Handbook 2007),https://hansen-solubility.com (Hansen Handbook 2007)
Nitroethane,79-24-3,CC[N+](=O)[O-],,16.0,15.5,4.5,75.07,114.1,,71.5,nitro,,solvpred,https://github.com/xueannafang/hsp_toolkit_solv_pred_v_2.0,https://github.com/xueannafang/hsp_toolkit_solv_pred_v_2.0,https://github.com/xueannafang/hsp_toolkit_solv_pred_v_2.0
Nitroethylene,3638-64-0,[O-][N+](=O)C=C,C2H3NO2,16.3,16.6,5.0,73.0,,,59.9,other,,pang2024,https://github.com/jiayunpang/hsp_embedding,https://pubchem.ncbi.nlm.nih.gov/compound/77197,
Nitroglycerin,55-63-0,[O-][N+](=O)OCC(CO[N+]([O-])=O)O[N+]([O-])=O,C3H5N3O9,16.9,13.0,10.9,227.1,160,,,other,,pang2024,https://github.com/jiayunpang/hsp_embedding,https://pubchem.ncbi.nlm.nih.gov/compound/4510,https://pubchem.ncbi.nlm.nih.gov/compound/4510
Nitromethane,75-52-5,C[N+](=O)[O-],CH3NO2,15.8,18.8,5.1,61.04,101,1.138,54.3,nitro,,handbook,https://hansen-solubility.com (Hansen Handbook 2007),https://hansen-solubility.com (Hansen Handbook 2007),https://hansen-solubility.com (Hansen Handbook 2007)
Nitropropane,108-03-2,,C3H7NO2,16.6,12.3,5.5,89.1,132.2,,89.5,nitro,,wolfram,https://datarepository.wolframcloud.com/resources/JoshuaSchrier_Hansen-Solubility-Parameters/,https://pubchem.ncbi.nlm.nih.gov/compound/7903,https://pubchem.ncbi.nlm.nih.gov/compound/7903
Nitrosobenzene,586-96-9,O=Nc1ccccc1,C6H5NO,20.0,12.7,4.0,107.1,,,89.3,aromatic,,pang2024,https://github.com/jiayunpang/hsp_embedding,https://pubchem.ncbi.nlm.nih.gov/compound/11473,
NMethylpyrrolidine,120-94-5,CN1CCCC1,C5H11N,18.0,12.3,7.2,85.2,,,96.5,other,,wolfram,https://datarepository.wolframcloud.com/resources/JoshuaSchrier_Hansen-Solubility-Parameters/,https://pubchem.ncbi.nlm.nih.gov/compound/8454,
Nonane,111-84-2,CCCCCCCCC,,15.7,0.0,0.0,128.26,152.0,0.718,178.6350974930362,hydrocarbon,H226-H304-H315-H336-H410,mendeley,https://data.mendeley.com/datasets/b4dmjzk8w6/1,https://data.mendeley.com/datasets/b4dmjzk8w6/1,https://data.mendeley.com/datasets/b4dmjzk8w6/1
Nonyl Acetate,143-13-5,CCCCCCCCCOC(=O)C,,16.0,3.2,4.3,186.3,212.0,0.88,211.70454545454547,ester,-,mendeley,https://data.mendeley.com/datasets/b4dmjzk8w6/1,https://data.mendeley.com/datasets/b4dmjzk8w6/1,https://data.mendeley.com/datasets/b4dmjzk8w6/1
Nonyl Mercaptan,1455-21-6,CCCCCCCCCS,,16.5,3.4,3.7,160.32,220.0,0.842,190.40380047505937,sulfur compound,H315-H319-H335,mendeley,https://data.mendeley.com/datasets/b4dmjzk8w6/1,https://data.mendeley.com/datasets/b4dmjzk8w6/1,https://data.mendeley.com/datasets/b4dmjzk8w6/1
Nonyl phenol,104-40-5,CCCCCCCCCC1=CC=C(C=C1)O,,16.5,4.1,9.2,220.35,317.0,,231.0,alcohol,,solvpred,https://github.com/xueannafang/hsp_toolkit_solv_pred_v_2.0,https://github.com/xueannafang/hsp_toolkit_solv_pred_v_2.0,https://github.com/xueannafang/hsp_toolkit_solv_pred_v_2.0
Nonyl phenoxy ethanol,27986-36-3,CCCCCCCCCC1=CC=CC=C1OCCO,,16.7,10.2,8.4,264.4,-1.0,,275.0,alcohol,,solvpred,https://github.com/xueannafang/hsp_toolkit_solv_pred_v_2.0,https://github.com/xueannafang/hsp_toolkit_solv_pred_v_2.0,https://github.com/xueannafang/hsp_toolkit_solv_pred_v_2.0
Nopol,128-50-7,CC1(C2CC=C(C1C2)CCO)C,,16.9,3.6,8.5,166.3,230.0,0.974,170.73921971252568,other,H302-H315-H319-H335,mendeley,https://data.mendeley.com/datasets/b4dmjzk8w6/1,https://data.mendeley.com/datasets/b4dmjzk8w6/1,https://data.mendeley.com/datasets/b4dmjzk8w6/1
Nutty Cyclohexenone,1193-18-6,CC1=CC(=O)CCC1,,18.1,7.2,5.1,110.2,201.0,0.971,113.49124613800207,other,H227-H302,mendeley,https://data.mendeley.com/datasets/b4dmjzk8w6/1,https://data.mendeley.com/datasets/b4dmjzk8w6/1,https://data.mendeley.com/datasets/b4dmjzk8w6/1
Nutty Pyrazine,23747-48-0,CC1CCC2=NC=CN=C12,,18.6,6.2,5.1,134.2,201.0,1.056,127.08333333333331,other,H315-H319-H335,mendeley,https://data.mendeley.com/datasets/b4dmjzk8w6/1,https://data.mendeley.com/datasets/b4dmjzk8w6/1,https://data.mendeley.com/datasets/b4dmjzk8w6/1
o-Bromoanisole,578-57-4,COc1ccccc1Br,C7H7BrO,19.8,8.4,6.7,187.0,,,,ether,,pang2024,https://github.com/jiayunpang/hsp_embedding,https://pubchem.ncbi.nlm.nih.gov/compound/11358,
o-Bromochlorobenzene,694-80-4,Clc1ccccc1Br,C6H4BrCl,20.3,7.7,4.6,191.4,,,,halogenated,,pang2024,https://github.com/jiayunpang/hsp_embedding,https://pubchem.ncbi.nlm.nih.gov/compound/12754,
o-Bromostyrene,2039-88-5,Brc1ccccc1C=C,C8H7Br,19.5,5.2,5.3,183.0,,,,halogenated,,pang2024,https://github.com/jiayunpang/hsp_embedding,https://pubchem.ncbi.nlm.nih.gov/compound/16264,
o-Bromotoluene,95-46-5,Cc1ccccc1Br,C7H7Br,19.3,5.0,4.2,171.0,181.1,,,halogenated,,pang2024,https://github.com/jiayunpang/hsp_embedding,https://pubchem.ncbi.nlm.nih.gov/compound/7236,https://pubchem.ncbi.nlm.nih.gov/compound/7236
o-Chlorobenzaldehyde,89-98-5,O=CC(C=CC=C1)=C1Cl,,19.5,8.9,5.5,140.56,212.0,1.249,112.53803042433947,halogenated,H227-H314,mendeley,https://data.mendeley.com/datasets/b4dmjzk8w6/1,https://data.mendeley.com/datasets/b4dmjzk8w6/1,https://data.mendeley.com/datasets/b4dmjzk8w6/1
o-Chlorofluorobenzene,348-51-6,Fc1ccccc1Cl,C6H4ClF,19.4,8.7,2.0,130.6,,,,halogenated,,pang2024,https://github.com/jiayunpang/hsp_embedding,https://pubchem.ncbi.nlm.nih.gov/compound/9583,
o-Chlorostyrene,2039-87-4,C=CC1=CC=CC=C1Cl,,18.7,4.7,3.9,138.6,189.0,1.091,127.03941338221814,halogenated,H226-H332-H350,mendeley,https://data.mendeley.com/datasets/b4dmjzk8w6/1,https://data.mendeley.com/datasets/b4dmjzk8w6/1,https://data.mendeley.com/datasets/b4dmjzk8w6/1
o-Chlorothiophenol,6320-03-2,Sc1ccccc1Cl,C6H5ClS,20.2,7.0,10.0,144.6,,,113.4,alcohol,,pang2024,https://github.com/jiayunpang/hsp_embedding,https://pubchem.ncbi.nlm.nih.gov/compound/80599,
o-Chlorotoluene,95-49-8,CC(C=CC=C1)=C1Cl,,19.0,4.9,2.3,126.59,159.0,1.0826,116.93146129687788,halogenated,H226-H332-H361d-H410,mendeley,https://data.mendeley.com/datasets/b4dmjzk8w6/1,https://data.mendeley.com/datasets/b4dmjzk8w6/1,https://data.mendeley.com/datasets/b4dmjzk8w6/1
o-Dibromobenzene,583-53-9,Brc1ccccc1Br,C6H4Br2,20.7,6.5,5.3,235.9,,,120.0,halogenated,,pang2024,https://github.com/jiayunpang/hsp_embedding,https://pubchem.ncbi.nlm.nih.gov/compound/11414,
o-Dichlorobenzene,95-50-1,ClC1=C(Cl)C=CC=C1,C6H4Cl2,19.2,6.3,3.3,147.0,180.0,1.306,112.5574272588055,halogenated,H227-H302+H332-H315-H317-H319-H335-H410,mendeley,https://data.mendeley.com/datasets/b4dmjzk8w6/1,https://data.mendeley.com/datasets/b4dmjzk8w6/1,https://data.mendeley.com/datasets/b4dmjzk8w6/1
o-Difluorobenzen,,,,18.0,9.0,1.0,,,,98.5,halogenated,,hansen_a1,https://hansen-solubility.com (Hansen Handbook Appendix Table A.1),,
o-Difluorobenzene,367-11-3,Fc1ccccc1F,C6H4F2,18.0,9.0,1.0,114.1,,,,halogenated,,pang2024,https://github.com/jiayunpang/hsp_embedding,https://pubchem.ncbi.nlm.nih.gov/compound/9706,
o-Ethyltoluene,611-14-3,CCC(C=CC=C1)=C1C,,17.7,2.4,2.6,120.2,165.0,0.887,135.51296505073282,aromatic,H226-H302-H319-H361-H411,mendeley,https://data.mendeley.com/datasets/b4dmjzk8w6/1,https://data.mendeley.com/datasets/b4dmjzk8w6/1,https://data.mendeley.com/datasets/b4dmjzk8w6/1
o-Methoxyphenol,90-05-1,COC1=CC=CC=C1O,,18.0,8.2,13.3,124.14,203.0,,109.5,alcohol,,solvpred,https://github.com/xueannafang/hsp_toolkit_solv_pred_v_2.0,https://github.com/xueannafang/hsp_toolkit_solv_pred_v_2.0,https://github.com/xueannafang/hsp_toolkit_solv_pred_v_2.0
o-Methylacetophenone,577-16-2,CC(C1=CC=CC=C1C)=O,,18.7,6.5,3.9,134.2,214.0,1.026,130.79922027290448,ketone,H227-H312-H332,mendeley,https://data.mendeley.com/datasets/b4dmjzk8w6/1,https://data.mendeley.com/datasets/b4dmjzk8w6/1,https://data.mendeley.com/datasets/b4dmjzk8w6/1
o-Methylanisole,578-58-5,COC1=CC=CC=C1C,,18.3,4.5,4.5,122.2,173.0,0.955,127.95811518324608,ether,H226,mendeley,https://data.mendeley.com/datasets/b4dmjzk8w6/1,https://data.mendeley.com/datasets/b4dmjzk8w6/1,https://data.mendeley.com/datasets/b4dmjzk8w6/1
o-n-Butyltoluene,1595-11-5,CCCCc1ccccc1C,C11H16,17.6,0.1,1.0,148.2,,,,aromatic,,pang2024,https://github.com/jiayunpang/hsp_embedding,https://pubchem.ncbi.nlm.nih.gov/compound/62410,
o-Xylene,95-47-6,CC1=C(C)C=CC=C1,C8H10,17.8,1.0,3.1,106.2,144,0.88,121.2,aromatic,H226-H312+H332-H315,handbook,https://hansen-solubility.com (Hansen Handbook 2007),https://hansen-solubility.com (Hansen Handbook 2007),https://hansen-solubility.com (Hansen Handbook 2007)
Octadecane,593-45-3,CCCCCCCCCCCCCCCCCC,C18H38,16.4,0.0,0.0,254.5,316.1,,,hydrocarbon,,pang2024,https://github.com/jiayunpang/hsp_embedding,https://pubchem.ncbi.nlm.nih.gov/compound/11635,https://pubchem.ncbi.nlm.nih.gov/compound/11635
Octalactone,104-50-7,CCCCC1CCC(=O)O1,,16.5,12.3,5.1,142.2,235.0,1.0,142.2,ester,-,mendeley,https://data.mendeley.com/datasets/b4dmjzk8w6/1,https://data.mendeley.com/datasets/b4dmjzk8w6/1,https://data.mendeley.com/datasets/b4dmjzk8w6/1
Octamethylcyclotetrasiloxane,556-67-2,C[Si]1(C)O[Si](C)(C)O[Si](C)(C)O[Si](C)(C)O1,C8H24O4Si4,12.8,1.3,1.0,296.6,175.0,,,other,,pang2024,https://github.com/jiayunpang/hsp_embedding,https://pubchem.ncbi.nlm.nih.gov/compound/11169,https://pubchem.ncbi.nlm.nih.gov/compound/11169
Octamethyltrisiloxane,107-51-7,C[Si](C)(C)O[Si](C)(C)O[Si](C)(C)C,C8H24O2Si3,12.2,1.8,0.0,236.5,,,,other,,pang2024,https://github.com/jiayunpang/hsp_embedding,https://pubchem.ncbi.nlm.nih.gov/compound/24705,
Octane,111-65-9,CCCCCCCC,C8H18,15.5,0.0,0.0,114.2,125.6,,,hydrocarbon,,pang2024,https://github.com/jiayunpang/hsp_embedding,https://pubchem.ncbi.nlm.nih.gov/compound/356,https://pubchem.ncbi.nlm.nih.gov/compound/356
Octanoic acid,124-07-2,CCCCCCCC(=O)O,C8H16O2,15.1,3.3,8.2,144.21,239.0,,159.0,acid,,solvpred,https://github.com/xueannafang/hsp_toolkit_solv_pred_v_2.0,https://github.com/xueannafang/hsp_toolkit_solv_pred_v_2.0,https://github.com/xueannafang/hsp_toolkit_solv_pred_v_2.0
Octyl Acetate,112-14-1,CCCCCCCCOC(C)=O,C10H20O2,15.8,2.9,5.1,172.3,211.0,,196.0,ester,,pang2024,https://github.com/jiayunpang/hsp_embedding,https://pubchem.ncbi.nlm.nih.gov/compound/8164,https://pubchem.ncbi.nlm.nih.gov/compound/8164
Octyl Mercaptan,111-88-6,CCCCCCCCS,,16.5,3.5,3.7,146.29,199.0,0.843,173.5349940688019,sulfur compound,H227-H317-H410,mendeley,https://data.mendeley.com/datasets/b4dmjzk8w6/1,https://data.mendeley.com/datasets/b4dmjzk8w6/1,https://data.mendeley.com/datasets/b4dmjzk8w6/1
Oleic acid,112-80-1,CCCCCCCCC=CCCCCCCCC(=O)O,,16.0,28.0,6.2,282.5,286.0,,317.0,acid,,solvpred,https://github.com/xueannafang/hsp_toolkit_solv_pred_v_2.0,https://github.com/xueannafang/hsp_toolkit_solv_pred_v_2.0,https://github.com/xueannafang/hsp_toolkit_solv_pred_v_2.0
Oleyl alcohol,143-28-2,CCCCCCCCC=CCCCCCCCCO,,16.0,2.6,8.0,268.5,305.0,,316.0,alcohol,,solvpred,https://github.com/xueannafang/hsp_toolkit_solv_pred_v_2.0,https://github.com/xueannafang/hsp_toolkit_solv_pred_v_2.0,https://github.com/xueannafang/hsp_toolkit_solv_pred_v_2.0
Oxalic Acid,144-62-7,OC(=O)C(O)=O,C2H2O4,17.0,17.0,26.0,90.0,,,47.4,acid,,pang2024,https://github.com/jiayunpang/hsp_embedding,https://pubchem.ncbi.nlm.nih.gov/compound/971,
Oxalylchloride,79-37-8,ClC(=O)C(Cl)=O,C2Cl2O2,16.1,3.8,7.5,126.9,,,85.8,halogenated,,pang2024,https://github.com/jiayunpang/hsp_embedding,https://pubchem.ncbi.nlm.nih.gov/compound/65578,
Oxazole,288-42-6,C1=COC=N1,,18.0,10.3,7.9,69.1,69.5,1.05,65.8095238095238,heterocyclic,H225-H318-H314,mendeley,https://data.mendeley.com/datasets/b4dmjzk8w6/1,https://data.mendeley.com/datasets/b4dmjzk8w6/1,https://data.mendeley.com/datasets/b4dmjzk8w6/1
Oxetane,503-30-0,C1COC1,C3H6O,16.7,10.0,5.4,58.1,50.0,,65.0,other,,pang2024,https://github.com/jiayunpang/hsp_embedding,https://pubchem.ncbi.nlm.nih.gov/compound/10423,https://pubchem.ncbi.nlm.nih.gov/compound/10423
Ozone,10028-15-6,[O-][O+]=O,O3,19.8,4.2,0.0,48.0,-112.0,,,other,,pang2024,https://github.com/jiayunpang/hsp_embedding,https://pubchem.ncbi.nlm.nih.gov/compound/24823,https://pubchem.ncbi.nlm.nih.gov/compound/24823
p-Anisidine,104-94-9,COc1ccc(N)cc1,C7H9NO,19.9,6.5,11.3,123.2,242.8,,113.3,other,,pang2024,https://github.com/jiayunpang/hsp_embedding,https://pubchem.ncbi.nlm.nih.gov/compound/7732,https://pubchem.ncbi.nlm.nih.gov/compound/7732
p-Bromoanisole,104-92-7,COC1=CC=C(Br)C=C1,,19.3,7.1,6.3,187.0,215.0,1.494,125.1673360107095,ether,H304-H403,mendeley,https://data.mendeley.com/datasets/b4dmjzk8w6/1,https://data.mendeley.com/datasets/b4dmjzk8w6/1,https://data.mendeley.com/datasets/b4dmjzk8w6/1
p-Bromobenzonitrile,623-00-7,Brc1ccc(cc1)C#N,C7H4BrN,20.4,9.3,5.8,182.0,,,113.8,nitrile,,pang2024,https://github.com/jiayunpang/hsp_embedding,https://pubchem.ncbi.nlm.nih.gov/compound/12162,
p-Bromobenzoyl Chloride,586-75-4,ClC(=O)c1ccc(Br)cc1,C7H4BrClO,20.2,6.5,5.5,219.5,,,,halogenated,,pang2024,https://github.com/jiayunpang/hsp_embedding,https://pubchem.ncbi.nlm.nih.gov/compound/68515,
p-Bromonitrobenzene,586-78-7,[O-][N+](=O)c1ccc(Br)cc1,C6H4BrNO2,20.9,9.9,5.9,202.0,,,,nitro,,pang2024,https://github.com/jiayunpang/hsp_embedding,https://pubchem.ncbi.nlm.nih.gov/compound/11466,
p-Bromotoluene,106-38-7,Cc1ccc(Br)cc1,C7H7Br,19.3,6.8,4.1,171.0,183.9,,,halogenated,,pang2024,https://github.com/jiayunpang/hsp_embedding,https://pubchem.ncbi.nlm.nih.gov/compound/7805,https://pubchem.ncbi.nlm.nih.gov/compound/7805
p-Chloro Acetophenone,99-91-2,CC(=O)c1ccc(Cl)cc1,C8H7ClO,19.6,7.6,4.0,154.6,237.0,,,ketone,,pang2024,https://github.com/jiayunpang/hsp_embedding,https://pubchem.ncbi.nlm.nih.gov/compound/7467,https://pubchem.ncbi.nlm.nih.gov/compound/7467
p-Chlorobenzoyl Chloride,122-01-0,ClC(=O)c1ccc(Cl)cc1,C7H4Cl2O,19.9,6.7,5.1,175.0,,,,halogenated,,pang2024,https://github.com/jiayunpang/hsp_embedding,https://pubchem.ncbi.nlm.nih.gov/compound/8501,
p-Chloronitrobenzene,100-00-5,[O-][N+](=O)c1ccc(Cl)cc1,C6H4ClNO2,20.2,8.9,3.9,157.6,242.2,,,nitro,,pang2024,https://github.com/jiayunpang/hsp_embedding,https://pubchem.ncbi.nlm.nih.gov/compound/7474,https://pubchem.ncbi.nlm.nih.gov/compound/7474
p-Chlorostyrene,1073-67-2,Clc1ccc(C=C)cc1,C8H7Cl,18.7,4.3,3.9,138.6,192.0,,,halogenated,,pang2024,https://github.com/jiayunpang/hsp_embedding,https://pubchem.ncbi.nlm.nih.gov/compound/14085,https://pubchem.ncbi.nlm.nih.gov/compound/14085
p-Chlorotoluene,106-43-4,Cc1ccc(Cl)cc1,C7H7Cl,19.1,6.2,2.6,126.6,162.4,,,halogenated,,pang2024,https://github.com/jiayunpang/hsp_embedding,https://pubchem.ncbi.nlm.nih.gov/compound/7810,https://pubchem.ncbi.nlm.nih.gov/compound/7810
p-Coumaryl Alcohol,3690-05-9,OC\C=C\c1ccc(O)cc1,C9H10O2,19.1,7.0,17.3,150.2,,,,alcohol,,pang2024,https://github.com/jiayunpang/hsp_embedding,https://pubchem.ncbi.nlm.nih.gov/compound/5280535,
p-Cymene,99-87-6,CC(C1=CC=C(C)C=C1)C,,17.3,1.2,2.0,134.2,177,0.857,156.6,terpene,H226-H315-H319-H335,handbook,https://hansen-solubility.com (Hansen Handbook 2007),https://hansen-solubility.com (Hansen Handbook 2007),https://hansen-solubility.com (Hansen Handbook 2007)
p-Dichlorobenzene,106-46-7,Clc1ccc(Cl)cc1,C6H4Cl2,19.7,5.6,2.7,147.0,173.9,,118.6,halogenated,,pang2024,https://github.com/jiayunpang/hsp_embedding,https://pubchem.ncbi.nlm.nih.gov/compound/4685,https://pubchem.ncbi.nlm.nih.gov/compound/4685
p-Diethyl Benzene,105-05-5,CCc1ccc(CC)cc1,C10H14,18.0,0.0,0.6,134.2,183.7,,,aromatic,,pang2024,https://github.com/jiayunpang/hsp_embedding,https://pubchem.ncbi.nlm.nih.gov/compound/7734,https://pubchem.ncbi.nlm.nih.gov/compound/7734
p-Divinyl Benzene,105-06-6,C=Cc1ccc(C=C)cc1,C10H10,18.6,1.0,7.0,130.2,,,142.8,aromatic,,pang2024,https://github.com/jiayunpang/hsp_embedding,https://pubchem.ncbi.nlm.nih.gov/compound/66041,
p-Fluoroanisole,459-60-9,COc1ccc(F)cc1,C7H7FO,18.7,7.3,6.7,126.1,,,,ether,,pang2024,https://github.com/jiayunpang/hsp_embedding,https://pubchem.ncbi.nlm.nih.gov/compound/9987,
p-Methoxystyrene,637-69-4,C=CC1=CC=C(OC)C=C1,,18.2,4.6,4.8,134.2,205.0,0.97,138.35051546391753,aromatic,,mendeley,https://data.mendeley.com/datasets/b4dmjzk8w6/1,https://data.mendeley.com/datasets/b4dmjzk8w6/1,https://data.mendeley.com/datasets/b4dmjzk8w6/1
p-n-Butyltoluene,1595-05-7,CCCCc1ccc(C)cc1,C11H16,17.4,0.1,1.0,148.2,,,,aromatic,,pang2024,https://github.com/jiayunpang/hsp_embedding,https://pubchem.ncbi.nlm.nih.gov/compound/15328,
p-Nitro Toluene,99-99-0,Cc1ccc(cc1)[N+]([O-])=O,C7H7NO2,19.5,11.0,3.6,137.1,238.3,,,aromatic,,pang2024,https://github.com/jiayunpang/hsp_embedding,https://pubchem.ncbi.nlm.nih.gov/compound/7473,https://pubchem.ncbi.nlm.nih.gov/compound/7473
p-Tolualdehyde,104-87-0,O=CC1=CC=C(C)C=C1,,18.9,8.2,5.9,120.1,205.0,1.019,117.86064769381747,aldehyde,H302-H315-H319,mendeley,https://data.mendeley.com/datasets/b4dmjzk8w6/1,https://data.mendeley.com/datasets/b4dmjzk8w6/1,https://data.mendeley.com/datasets/b4dmjzk8w6/1
p-Tolylacetylene,766-97-2,CC1=CC=C(C=C1)C#C,,18.3,3.9,3.8,116.16,170.0,0.916,126.81222707423579,aromatic,H226-H302+H312+H332-H315-H319-H335,mendeley,https://data.mendeley.com/datasets/b4dmjzk8w6/1,https://data.mendeley.com/datasets/b4dmjzk8w6/1,https://data.mendeley.com/datasets/b4dmjzk8w6/1
p-Xylene,106-42-3,,C8H10,17.6,1.0,3.1,106.2,138,0.861,124.0,aromatic,,handbook,https://hansen-solubility.com (Hansen Handbook 2007),https://hansen-solubility.com (Hansen Handbook 2007),https://hansen-solubility.com (Hansen Handbook 2007)
Para-diethy l benzene,105-05-5,CCC1=CC=C(C=C1)CC,,18.0,0.0,0.6,134.22,183.7,,156.9,aromatic,,solvpred,https://github.com/xueannafang/hsp_toolkit_solv_pred_v_2.0,https://github.com/xueannafang/hsp_toolkit_solv_pred_v_2.0,https://github.com/xueannafang/hsp_toolkit_solv_pred_v_2.0
Para-Ethyl Acetophenone,937-30-4,CCC1=CC=C(C=C1)C(=O)C,,18.3,6.3,3.6,148.2,239.0,0.98,151.22448979591834,ketone,H315-H319-H335,mendeley,https://data.mendeley.com/datasets/b4dmjzk8w6/1,https://data.mendeley.com/datasets/b4dmjzk8w6/1,https://data.mendeley.com/datasets/b4dmjzk8w6/1
Paracetamol,103-90-2,CC(=O)Nc1ccc(O)cc1,C8H9NO2,17.8,10.5,13.9,151.2,500.0,,,other,,pang2024,https://github.com/jiayunpang/hsp_embedding,https://pubchem.ncbi.nlm.nih.gov/compound/1983,https://pubchem.ncbi.nlm.nih.gov/compound/1983
Paraldehyde,123-63-7,CC1OC(C)OC(C)O1,C6H12O3,16.0,5.0,6.0,132.2,127.8,,,aldehyde,,pang2024,https://github.com/jiayunpang/hsp_embedding,https://pubchem.ncbi.nlm.nih.gov/compound/31264,https://pubchem.ncbi.nlm.nih.gov/compound/31264
Paraquat,4685-14-7,C[n+]1ccc(cc1)c2cc[n+](C)cc2,C12H14N2+2,19.5,8.8,5.9,186.2,,,,aromatic,,pang2024,https://github.com/jiayunpang/hsp_embedding,https://pubchem.ncbi.nlm.nih.gov/compound/15939,
Pentachloro Ethane,76-01-7,ClC(Cl)C(Cl)(Cl)Cl,C2HCl5,18.2,3.2,2.4,202.3,162.2,,,halogenated,,pang2024,https://github.com/jiayunpang/hsp_embedding,https://pubchem.ncbi.nlm.nih.gov/compound/6419,https://pubchem.ncbi.nlm.nih.gov/compound/6419
Pentachlorocyclopropane,6262-51-7,ClC1C(Cl)(Cl)C1(Cl)Cl,C3HCl5,18.5,10.5,3.7,214.3,,,,halogenated,,pang2024,https://github.com/jiayunpang/hsp_embedding,https://pubchem.ncbi.nlm.nih.gov/compound/22631,
Pentachlorophenol,87-86-5,Oc1c(Cl)c(Cl)c(Cl)c(Cl)c1Cl,C6HCl5O,21.5,6.9,12.8,266.3,,,,alcohol,,pang2024,https://github.com/jiayunpang/hsp_embedding,https://pubchem.ncbi.nlm.nih.gov/compound/992,
Pentafluorobenzophenone,1536-23-8,Fc1c(F)c(F)c(c(F)c1F)C(=O)c2ccccc2,C13H5F5O,19.3,8.1,5.4,272.2,,,,halogenated,,pang2024,https://github.com/jiayunpang/hsp_embedding,https://pubchem.ncbi.nlm.nih.gov/compound/73755,
Pentamethylene Sulfid,,,,18.5,6.3,8.9,,,,103.6,other,,hansen_a1,https://hansen-solubility.com (Hansen Handbook Appendix Table A.1),,
Pentanal (Valeraldehyde),110-62-3,CCCCC=O,,15.7,9.4,5.8,86.13,103.0,0.81,106.33333333333331,aldehyde,H225-H317-H319-H332-H335,mendeley,https://data.mendeley.com/datasets/b4dmjzk8w6/1,https://data.mendeley.com/datasets/b4dmjzk8w6/1,https://data.mendeley.com/datasets/b4dmjzk8w6/1
Pentane,109-66-0,CCCCC,,14.5,0.0,0.0,72.15,36.0,0.626,115.25559105431311,hydrocarbon,EUH066-H225-H304-H336-H411,mendeley,https://data.mendeley.com/datasets/b4dmjzk8w6/1,https://data.mendeley.com/datasets/b4dmjzk8w6/1,https://data.mendeley.com/datasets/b4dmjzk8w6/1
Pentanoic Acid,109-52-4,CCCCC(O)=O,C5H10O2,15.0,4.1,10.3,102.1,185.0,,109.2,acid,,pang2024,https://github.com/jiayunpang/hsp_embedding,https://pubchem.ncbi.nlm.nih.gov/compound/7991,https://pubchem.ncbi.nlm.nih.gov/compound/7991
Pentyl Mercaptan,110-66-7,CCCCCS,,16.4,4.4,4.8,104.22,126.0,0.84,124.07142857142857,sulfur compound,H225-H302+H332-H315-H319-H332-H335,mendeley,https://data.mendeley.com/datasets/b4dmjzk8w6/1,https://data.mendeley.com/datasets/b4dmjzk8w6/1,https://data.mendeley.com/datasets/b4dmjzk8w6/1
PentylAcetate,,,,15.8,3.3,6.1,,,,148.0,ester,,wolfram,https://datarepository.wolframcloud.com/resources/JoshuaSchrier_Hansen-Solubility-Parameters/,,
Perfluoro Dimethylcyclohexane,26637-68-3,FC(F)(F)C1(C(F)(F)F)C(F)(F)C(F)(F)C(F)(F)C(F)(F)C1(F)F,C8F16,12.4,0.0,0.0,400.1,,,,fluorinated,,pang2024,https://github.com/jiayunpang/hsp_embedding,https://pubchem.ncbi.nlm.nih.gov/compound/161534,
Perfluoro Ethylene,116-14-3,FC(F)=C(F)F,C2F4,15.1,0.0,0.0,100.0,-76.3,,,fluorinated,,pang2024,https://github.com/jiayunpang/hsp_embedding,https://pubchem.ncbi.nlm.nih.gov/compound/8301,https://pubchem.ncbi.nlm.nih.gov/compound/8301
Perfluoro(dimethylcyclohexane),306-98-9,C1(C(C(C(C(C1(F)F)(F)F)(F)F)(F)F)(C(F)(F)F)F)(C(F)(F)F)F,,12.4,0.0,0.0,400.06,-1.0,,217.4,fluorinated,,solvpred,https://github.com/xueannafang/hsp_toolkit_solv_pred_v_2.0,https://github.com/xueannafang/hsp_toolkit_solv_pred_v_2.0,https://github.com/xueannafang/hsp_toolkit_solv_pred_v_2.0
Perfluorobutane,355-25-9,FC(F)(F)C(F)(F)C(F)(F)C(F)(F)F,C4F10,10.6,0.0,0.0,238.0,-2.1,,,fluorinated,,pang2024,https://github.com/jiayunpang/hsp_embedding,https://pubchem.ncbi.nlm.nih.gov/compound/9638,https://pubchem.ncbi.nlm.nih.gov/compound/9638
Perfluoroheptane,335-57-9,C(C(C(C(F)(F)F)(F)F)(F)F)(C(C(C(F)(F)F)(F)F)(F)F)(F)F,,12.0,0.0,0.0,388.05,-1.0,,227.3,fluorinated,,solvpred,https://github.com/xueannafang/hsp_toolkit_solv_pred_v_2.0,https://github.com/xueannafang/hsp_toolkit_solv_pred_v_2.0,https://github.com/xueannafang/hsp_toolkit_solv_pred_v_2.0
Perfluorohexane,355-42-0,FC(F)(F)C(F)(F)C(F)(F)C(F)(F)C(F)(F)C(F)(F)F,,12.0,0.0,0.0,338.0,57,1.672,202.0,fluorinated,,handbook,https://hansen-solubility.com (Hansen Handbook 2007),https://hansen-solubility.com (Hansen Handbook 2007),https://hansen-solubility.com (Hansen Handbook 2007)
Perfluoromethylcyclohexane,355-02-2,C1(C(C(C(C(C1(F)F)(F)F)(F)F)(F)F)(F)F)(C(F)(F)F)F,,12.4,0.0,0.0,350.05,-1.0,,196.0,fluorinated,,solvpred,https://github.com/xueannafang/hsp_toolkit_solv_pred_v_2.0,https://github.com/xueannafang/hsp_toolkit_solv_pred_v_2.0,https://github.com/xueannafang/hsp_toolkit_solv_pred_v_2.0
Perfluoropentane,678-26-2,FC(F)(F)C(F)(F)C(F)(F)C(F)(F)C(F)(F)F,C5F12,11.3,0.0,0.0,288.0,,,,fluorinated,,pang2024,https://github.com/jiayunpang/hsp_embedding,https://pubchem.ncbi.nlm.nih.gov/compound/12675,
Phenetole (Ethyl Phenyl Ether),103-73-1,CCOC1=CC=CC=C1,,18.4,4.5,4.0,122.17,170.0,0.967,126.33919338159257,ether,H226,mendeley,https://data.mendeley.com/datasets/b4dmjzk8w6/1,https://data.mendeley.com/datasets/b4dmjzk8w6/1,https://data.mendeley.com/datasets/b4dmjzk8w6/1
Phenol,108-95-2,C1=CC=C(C=C1)O,,18.0,5.9,14.9,94.11,182.0,,87.5,alcohol,,solvpred,https://github.com/xueannafang/hsp_toolkit_solv_pred_v_2.0,https://github.com/xueannafang/hsp_toolkit_solv_pred_v_2.0,https://github.com/xueannafang/hsp_toolkit_solv_pred_v_2.0
Phenoxyacetone,621-87-4,CC(=O)COC1=CC=CC=C1,,18.4,7.4,6.0,150.17,229.0,1.097,136.8915223336372,ketone,,mendeley,https://data.mendeley.com/datasets/b4dmjzk8w6/1,https://data.mendeley.com/datasets/b4dmjzk8w6/1,https://data.mendeley.com/datasets/b4dmjzk8w6/1
Phenyl Acetaldehyde,122-78-1,C1=CC=C(C=C1)CC=O,,18.5,7.2,5.6,120.1,195.0,1.035,116.03864734299518,aromatic,H227-H302-H317-H315-H319-H335,mendeley,https://data.mendeley.com/datasets/b4dmjzk8w6/1,https://data.mendeley.com/datasets/b4dmjzk8w6/1,https://data.mendeley.com/datasets/b4dmjzk8w6/1
Phenyl Acetate,122-79-2,CC(OC1=CC=CC=C1)=O,,19.8,5.2,6.4,136.15,196.0,1.073,126.88723205964587,ester,H302,mendeley,https://data.mendeley.com/datasets/b4dmjzk8w6/1,https://data.mendeley.com/datasets/b4dmjzk8w6/1,https://data.mendeley.com/datasets/b4dmjzk8w6/1
Phenyl Acetonitrile,140-29-4,N#CCc1ccccc1,C8H7N,19.5,12.3,3.8,117.2,233.0,,114.9,nitrile,,pang2024,https://github.com/jiayunpang/hsp_embedding,https://pubchem.ncbi.nlm.nih.gov/compound/8794,https://pubchem.ncbi.nlm.nih.gov/compound/8794
Phenyl Acetylene,536-74-3,C#CC1=CC=CC=C1,,18.8,2.8,4.0,102.14,143.0,0.93,109.82795698924731,aromatic,H226-H304-H315-H319,mendeley,https://data.mendeley.com/datasets/b4dmjzk8w6/1,https://data.mendeley.com/datasets/b4dmjzk8w6/1,https://data.mendeley.com/datasets/b4dmjzk8w6/1
Phenylhydrazine,100-63-0,NNc1ccccc1,C6H8N2,20.4,6.5,14.0,108.1,,,98.5,aromatic,,pang2024,https://github.com/jiayunpang/hsp_embedding,https://pubchem.ncbi.nlm.nih.gov/compound/7516,
Phosgene,75-44-5,ClC(Cl)=O,CCl2O,16.4,5.3,5.3,98.9,8.3,,71.7,other,,pang2024,https://github.com/jiayunpang/hsp_embedding,https://pubchem.ncbi.nlm.nih.gov/compound/6371,https://pubchem.ncbi.nlm.nih.gov/compound/6371
Phosphoric Acid,7664-38-2,O[P](O)(O)=O,H3O4P,14.7,18.6,28.4,98.0,130.0,,52.8,acid,,pang2024,https://github.com/jiayunpang/hsp_embedding,https://pubchem.ncbi.nlm.nih.gov/compound/1004,https://pubchem.ncbi.nlm.nih.gov/compound/1004
Phosphorous Oxychloride,10025-87-3,Cl[P](Cl)(Cl)=O,Cl3OP,18.1,9.3,0.0,153.3,106.1,,,halogenated,,pang2024,https://github.com/jiayunpang/hsp_embedding,https://pubchem.ncbi.nlm.nih.gov/compound/24813,https://pubchem.ncbi.nlm.nih.gov/compound/24813
Phosphorus Trichloride,7719-12-2,ClP(Cl)Cl,Cl3P,18.4,3.6,0.0,137.3,76.1,,,halogenated,,pang2024,https://github.com/jiayunpang/hsp_embedding,https://pubchem.ncbi.nlm.nih.gov/compound/24387,https://pubchem.ncbi.nlm.nih.gov/compound/24387
Phthalan,496-14-0,C1OCc2ccccc12,,19.4,4.9,4.8,120.1,192.0,1.094,109.78062157221206,other,H227,mendeley,https://data.mendeley.com/datasets/b4dmjzk8w6/1,https://data.mendeley.com/datasets/b4dmjzk8w6/1,https://data.mendeley.com/datasets/b4dmjzk8w6/1
Phthalic Anhydride,85-44-9,O=C1OC(=O)c2ccccc12,C8H4O3,20.0,14.4,4.1,148.1,285.3,,96.8,other,,pang2024,https://github.com/jiayunpang/hsp_embedding,https://pubchem.ncbi.nlm.nih.gov/compound/6811,https://pubchem.ncbi.nlm.nih.gov/compound/6811
Picric Acid,88-89-1,Oc1c(cc(cc1[N+]([O-])=O)[N+]([O-])=O)[N+]([O-])=O,C6H3N3O7,19.2,7.0,6.0,229.1,300.0,,130.0,acid,,pang2024,https://github.com/jiayunpang/hsp_embedding,https://pubchem.ncbi.nlm.nih.gov/compound/6954,https://pubchem.ncbi.nlm.nih.gov/compound/6954
Pine Oil,,,,15.6,3.0,9.8,,,,155.0,other,,hansen_a1,https://hansen-solubility.com (Hansen Handbook Appendix Table A.1),,
Pineapple Pentenoate,53399-81-8,CCOC(=O)C(C)CC=C,,15.92,3.71,4.92,142.2,155.0,0.873,162.88659793814432,other,H226,mendeley,https://data.mendeley.com/datasets/b4dmjzk8w6/1,https://data.mendeley.com/datasets/b4dmjzk8w6/1,https://data.mendeley.com/datasets/b4dmjzk8w6/1
Pinocarveol,5947-36-4,CC1(C2CC1C(=C)C(C2)O)C,,16.9,3.3,8.3,152.2,210.0,0.974,156.26283367556468,other,,mendeley,https://data.mendeley.com/datasets/b4dmjzk8w6/1,https://data.mendeley.com/datasets/b4dmjzk8w6/1,https://data.mendeley.com/datasets/b4dmjzk8w6/1
Piperazine,110-85-0,C1CNCCN1,C4H10N2,17.3,4.8,6.0,86.1,146.1,,97.9,amine,,pang2024,https://github.com/jiayunpang/hsp_embedding,https://pubchem.ncbi.nlm.nih.gov/compound/4837,https://pubchem.ncbi.nlm.nih.gov/compound/4837
Piperidine,110-89-4,C1CCNCC1,C5H11N,17.3,4.5,8.2,85.2,106.1,,98.9,amine,,pang2024,https://github.com/jiayunpang/hsp_embedding,https://pubchem.ncbi.nlm.nih.gov/compound/8082,https://pubchem.ncbi.nlm.nih.gov/compound/8082
Propane,74-98-6,CCC,C3H8,13.1,0.0,0.0,44.1,-42.1,,,hydrocarbon,,pang2024,https://github.com/jiayunpang/hsp_embedding,https://pubchem.ncbi.nlm.nih.gov/compound/6334,https://pubchem.ncbi.nlm.nih.gov/compound/6334
"Propanedioic Acid, Dimethyl Ester",108-59-8,O=C(OC)CC(OC)=O,,16.81,7.27,9.51,132.1,181.0,1.156,114.27335640138409,acid,H315-H319-H335,mendeley,https://data.mendeley.com/datasets/b4dmjzk8w6/1,https://data.mendeley.com/datasets/b4dmjzk8w6/1,https://data.mendeley.com/datasets/b4dmjzk8w6/1
Propargyl Acetate,627-09-8,CC(=O)OCC#C,C5H6O2,16.3,5.2,8.3,98.1,,,,ester,,pang2024,https://github.com/jiayunpang/hsp_embedding,https://pubchem.ncbi.nlm.nih.gov/compound/69388,
Propargylaldehyde,624-67-9,O=CC#C,C3H2O,16.2,11.9,8.7,54.0,,,60.0,aldehyde,,pang2024,https://github.com/jiayunpang/hsp_embedding,https://pubchem.ncbi.nlm.nih.gov/compound/12222,
Propionaldehyde,123-38-6,CCC=O,,15.3,11.1,6.9,58.08,49.0,0.81,71.7037037037037,aldehyde,H225-H302+H332-H315-H318-H335,mendeley,https://data.mendeley.com/datasets/b4dmjzk8w6/1,https://data.mendeley.com/datasets/b4dmjzk8w6/1,https://data.mendeley.com/datasets/b4dmjzk8w6/1
"Propionaldehyde-2,3-Epoxy",,,,17.5,13.4,9.8,,,,63.2,aldehyde,,hansen_a1,https://hansen-solubility.com (Hansen Handbook Appendix Table A.1),,
Propionamide,79-05-0,CCC(N)=O,C3H7NO,16.7,14.6,11.5,73.1,,,78.9,other,,pang2024,https://github.com/jiayunpang/hsp_embedding,https://pubchem.ncbi.nlm.nih.gov/compound/6578,
Propionic Acid,79-09-4,CCC(O)=O,C3H6O2,14.7,5.3,12.4,74.1,140.7,,75.0,acid,,pang2024,https://github.com/jiayunpang/hsp_embedding,https://pubchem.ncbi.nlm.nih.gov/compound/1032,https://pubchem.ncbi.nlm.nih.gov/compound/1032
Propionic Anhydride,123-62-6,CCC(=O)OC(=O)CC,C6H10O3,15.8,9.0,7.7,130.1,168.9,,129.4,other,,pang2024,https://github.com/jiayunpang/hsp_embedding,https://pubchem.ncbi.nlm.nih.gov/compound/31263,https://pubchem.ncbi.nlm.nih.gov/compound/31263
Propionitrile,107-12-0,CCC#N,,15.3,14.3,5.5,55.08,97,0.782,70.9,nitrile,,handbook,https://hansen-solubility.com (Hansen Handbook 2007),https://hansen-solubility.com (Hansen Handbook 2007),https://hansen-solubility.com (Hansen Handbook 2007)
Propionylchloride,79-03-8,CCC(Cl)=O,C3H5ClO,16.1,10.3,5.3,92.5,80.0,,86.9,halogenated,,pang2024,https://github.com/jiayunpang/hsp_embedding,https://pubchem.ncbi.nlm.nih.gov/compound/62324,https://pubchem.ncbi.nlm.nih.gov/compound/62324
Propiophenone,93-55-0,O=C(C1=CC=CC=C1)CC,,18.2,6.3,3.8,134.2,218.0,0.993,135.14602215508557,other,H315-H319-H335,mendeley,https://data.mendeley.com/datasets/b4dmjzk8w6/1,https://data.mendeley.com/datasets/b4dmjzk8w6/1,https://data.mendeley.com/datasets/b4dmjzk8w6/1
Propyl chloride,540-54-5,CCCCl,,16.0,7.8,2.0,78.54,46.6,,88.1,halogenated,,solvpred,https://github.com/xueannafang/hsp_toolkit_solv_pred_v_2.0,https://github.com/xueannafang/hsp_toolkit_solv_pred_v_2.0,https://github.com/xueannafang/hsp_toolkit_solv_pred_v_2.0
Propyl Formate,110-74-7,CCCOC=O,C4H8O2,15.5,7.1,8.6,88.1,82.0,,97.9,ester,,pang2024,https://github.com/jiayunpang/hsp_embedding,https://pubchem.ncbi.nlm.nih.gov/compound/8073,https://pubchem.ncbi.nlm.nih.gov/compound/8073
Propyl Methacrylate,2210-28-8,CCCOC(=O)C(C)=C,C7H12O2,15.5,6.6,7.0,128.2,141.1,,,ester,,pang2024,https://github.com/jiayunpang/hsp_embedding,https://pubchem.ncbi.nlm.nih.gov/compound/16638,https://pubchem.ncbi.nlm.nih.gov/compound/16638
PropylAcetate,109-60-4,,C5H10O2,15.3,4.3,7.6,102.1,101.6,,115.8,ester,,wolfram,https://datarepository.wolframcloud.com/resources/JoshuaSchrier_Hansen-Solubility-Parameters/,https://pubchem.ncbi.nlm.nih.gov/compound/7997,https://pubchem.ncbi.nlm.nih.gov/compound/7997
Propylamine,107-10-8,CCCN,,16.9,4.9,8.6,59.11,49.0,,83.0,amine,,solvpred,https://github.com/xueannafang/hsp_toolkit_solv_pred_v_2.0,https://github.com/xueannafang/hsp_toolkit_solv_pred_v_2.0,https://github.com/xueannafang/hsp_toolkit_solv_pred_v_2.0
Propylcyclohexane,1678-92-8,CCCC1CCCCC1,,16.2,0.0,0.0,126.2,156.0,0.797,158.34378920953574,hydrocarbon,H226,mendeley,https://data.mendeley.com/datasets/b4dmjzk8w6/1,https://data.mendeley.com/datasets/b4dmjzk8w6/1,https://data.mendeley.com/datasets/b4dmjzk8w6/1
Propylene,115-07-1,CC=C,C3H6,13.3,1.6,1.5,42.1,-47.7,,68.8,hydrocarbon,,pang2024,https://github.com/jiayunpang/hsp_embedding,https://pubchem.ncbi.nlm.nih.gov/compound/8252,https://pubchem.ncbi.nlm.nih.gov/compound/8252
Propylene carbonate,108-32-7,O=C1OC(C)CO1,C4H6O3,20.0,18.0,4.1,102.1,242,1.205,85.0,ester,H319,handbook,https://hansen-solubility.com (Hansen Handbook 2007),https://hansen-solubility.com (Hansen Handbook 2007),https://hansen-solubility.com (Hansen Handbook 2007)
Propylene Chlorohydrin,78-89-7,CC(O)CCl,C3H7ClO,16.8,9.8,15.3,94.5,133.9,,85.4,halogenated,,pang2024,https://github.com/jiayunpang/hsp_embedding,https://pubchem.ncbi.nlm.nih.gov/compound/6566,https://pubchem.ncbi.nlm.nih.gov/compound/6566
Propylene glycol,57-55-6,CC(CO)O,C3H8O2,16.8,9.4,23.3,76.09,188,1.036,73.6,alcohol,,handbook,https://hansen-solubility.com (Hansen Handbook 2007),https://hansen-solubility.com (Hansen Handbook 2007),https://hansen-solubility.com (Hansen Handbook 2007)
Propylene Glycol Mono-t-Butyl Ether,57018-52-7,CC(O)COC(C)(C)C,C7H16O2,15.3,6.1,10.8,132.2,151.1,,,alcohol,,pang2024,https://github.com/jiayunpang/hsp_embedding,https://pubchem.ncbi.nlm.nih.gov/compound/92629,https://pubchem.ncbi.nlm.nih.gov/compound/92629
Propylene glycol monobutyl ether,9003-13-8,CCCCOCC(C)OCC(C)O,,15.3,4.5,9.2,190.28,230.0,,132.0,alcohol,,solvpred,https://github.com/xueannafang/hsp_toolkit_solv_pred_v_2.0,https://github.com/xueannafang/hsp_toolkit_solv_pred_v_2.0,https://github.com/xueannafang/hsp_toolkit_solv_pred_v_2.0
Propylene glycol monoethyl ether,1569-02-4,CCOCC(C)O,,15.7,6.5,10.5,104.15,133.0,,115.6,alcohol,,solvpred,https://github.com/xueannafang/hsp_toolkit_solv_pred_v_2.0,https://github.com/xueannafang/hsp_toolkit_solv_pred_v_2.0,https://github.com/xueannafang/hsp_toolkit_solv_pred_v_2.0
Propylene Glycol Monoethyl Ether Acetate,98516-30-4,CCOCC(C)OC(C)=O,C7H14O3,15.6,6.3,7.7,146.2,,,,alcohol,,pang2024,https://github.com/jiayunpang/hsp_embedding,https://pubchem.ncbi.nlm.nih.gov/compound/14847874,
Propylene glycol monoisobutyl ether,23436-19-3,CC(C)COCC(C)O,,15.1,4.7,9.8,132.2,-1.0,,132.2,alcohol,,solvpred,https://github.com/xueannafang/hsp_toolkit_solv_pred_v_2.0,https://github.com/xueannafang/hsp_toolkit_solv_pred_v_2.0,https://github.com/xueannafang/hsp_toolkit_solv_pred_v_2.0
Propylene Glycol Monoisopropyl Ether,110-48-5,CC(C)OCC(C)O,C6H14O2,15.5,6.1,11.0,118.2,,,,alcohol,,pang2024,https://github.com/jiayunpang/hsp_embedding,https://pubchem.ncbi.nlm.nih.gov/compound/99378,
Propylene glycol monomethyl ether,107-98-2,OC(C)COC,,15.6,6.3,11.6,90.12,120,0.919,98.4,glycol ether,H226-H336,handbook,https://hansen-solubility.com (Hansen Handbook 2007),https://hansen-solubility.com (Hansen Handbook 2007),https://hansen-solubility.com (Hansen Handbook 2007)
Propylene Glycol Monomethyl Ether Acetate,108-65-6,CC(COC)OC(=O)C,,15.6,5.6,9.8,132.16,146.0,0.969,136.38802889576883,alcohol,H226,mendeley,https://data.mendeley.com/datasets/b4dmjzk8w6/1,https://data.mendeley.com/datasets/b4dmjzk8w6/1,https://data.mendeley.com/datasets/b4dmjzk8w6/1
Propylene Glycol Monophenyl Ether,770-35-4,CC(COC1=CC=CC=C1)O,,17.4,5.3,11.5,152.19,242.0,1.06,143.5754716981132,alcohol,H319,mendeley,https://data.mendeley.com/datasets/b4dmjzk8w6/1,https://data.mendeley.com/datasets/b4dmjzk8w6/1,https://data.mendeley.com/datasets/b4dmjzk8w6/1
Propylene glycol monopropyl ether,1569-01-3,CCCOCC(C)O,,15.8,7.0,9.2,118.17,150.2,,130.3,alcohol,,solvpred,https://github.com/xueannafang/hsp_toolkit_solv_pred_v_2.0,https://github.com/xueannafang/hsp_toolkit_solv_pred_v_2.0,https://github.com/xueannafang/hsp_toolkit_solv_pred_v_2.0
Propylene Imine,75-55-8,CC1CN1,C3H7N,17.8,8.4,6.5,57.1,67.2,,71.2,other,,pang2024,https://github.com/jiayunpang/hsp_embedding,https://pubchem.ncbi.nlm.nih.gov/compound/6377,https://pubchem.ncbi.nlm.nih.gov/compound/6377
Propylene Oxide,75-56-9,CC1CO1,C3H6O,15.2,8.6,6.7,58.1,34.2,,67.6,other,,pang2024,https://github.com/jiayunpang/hsp_embedding,https://pubchem.ncbi.nlm.nih.gov/compound/6378,https://pubchem.ncbi.nlm.nih.gov/compound/6378
PropylPropionate,,,,15.5,5.6,5.7,,,,132.5,ester,,wolfram,https://datarepository.wolframcloud.com/resources/JoshuaSchrier_Hansen-Solubility-Parameters/,,
Propynonitrile,1070-71-9,C#CC#N,C3HN,15.5,17.0,6.3,51.0,,,62.5,nitrile,,pang2024,https://github.com/jiayunpang/hsp_embedding,https://pubchem.ncbi.nlm.nih.gov/compound/14055,
Pulegone,89-82-7,C[C@@H]1CCC(=C(C)C)C(=O)C1,C10H16O,17.5,8.9,5.5,152.2,224.0,,,other,,pang2024,https://github.com/jiayunpang/hsp_embedding,https://pubchem.ncbi.nlm.nih.gov/compound/442495,https://pubchem.ncbi.nlm.nih.gov/compound/442495
Purine,120-73-0,[nH]1cnc2ncncc12,C5H4N4,20.5,11.7,14.2,120.1,,,,aromatic,,pang2024,https://github.com/jiayunpang/hsp_embedding,https://pubchem.ncbi.nlm.nih.gov/compound/1044,
Pyrazole,288-13-1,[nH]1cccn1,C3H4N2,20.2,10.4,12.4,68.1,187,,68.1,aromatic,,pang2024,https://github.com/jiayunpang/hsp_embedding,https://pubchem.ncbi.nlm.nih.gov/compound/1048,https://pubchem.ncbi.nlm.nih.gov/compound/1048
Pyridazine,289-80-5,c1ccnnc1,C4H4N2,20.2,17.4,11.7,80.1,,,72.6,aromatic,,pang2024,https://github.com/jiayunpang/hsp_embedding,https://pubchem.ncbi.nlm.nih.gov/compound/9259,
Pyridine,110-86-1,C1=CN=CC=C1,C5H5N,19.0,8.8,5.9,79.1,115,0.982,80.9,amine,H225-H302 + H312 + H332-H315-H319,handbook,https://hansen-solubility.com (Hansen Handbook 2007),https://hansen-solubility.com (Hansen Handbook 2007),https://hansen-solubility.com (Hansen Handbook 2007)
Pyrimidine,289-95-2,C1=CC=NC=N1,,20.5,9.4,11.3,80.09,124.0,1.1,72.80909090909091,other,H226,mendeley,https://data.mendeley.com/datasets/b4dmjzk8w6/1,https://data.mendeley.com/datasets/b4dmjzk8w6/1,https://data.mendeley.com/datasets/b4dmjzk8w6/1
Pyrogallol,87-66-1,Oc1cccc(O)c1O,C6H6O3,20.7,10.7,21.1,126.1,309.0,,87.0,other,,pang2024,https://github.com/jiayunpang/hsp_embedding,https://pubchem.ncbi.nlm.nih.gov/compound/1057,https://pubchem.ncbi.nlm.nih.gov/compound/1057
Pyrrole,109-97-7,[nH]1cccc1,C4H5N,19.2,11.0,10.0,67.1,129.7,,69.2,heterocyclic,,pang2024,https://github.com/jiayunpang/hsp_embedding,https://pubchem.ncbi.nlm.nih.gov/compound/8027,https://pubchem.ncbi.nlm.nih.gov/compound/8027
Pyrrolidine,123-75-1,C1CCNC1,C4H9N,17.9,6.5,7.4,71.1,86.6,,83.5,other,,pang2024,https://github.com/jiayunpang/hsp_embedding,https://pubchem.ncbi.nlm.nih.gov/compound/31268,https://pubchem.ncbi.nlm.nih.gov/compound/31268
Pyruvonitrile,631-57-2,CC(=O)C#N,C3H3NO,15.9,18.9,8.0,69.1,,,70.9,nitrile,,pang2024,https://github.com/jiayunpang/hsp_embedding,https://pubchem.ncbi.nlm.nih.gov/compound/69430,
Quinine,130-95-0,COc1ccc2nccc([C@@H](O)[C@@H]3C[C@H]4CCN3C[C@@H]4C=C)c2c1,C20H24N2O2,19.0,6.6,11.0,324.4,,,,other,,pang2024,https://github.com/jiayunpang/hsp_embedding,https://pubchem.ncbi.nlm.nih.gov/compound/3034034,
Quinoline,91-22-5,C1(C=CC=N2)=C2C=CC=C1,,20.5,5.6,5.7,129.16,237.0,1.09,118.49541284403668,heterocyclic,H301-H312-H315-H319-H341-H350-H411,mendeley,https://data.mendeley.com/datasets/b4dmjzk8w6/1,https://data.mendeley.com/datasets/b4dmjzk8w6/1,https://data.mendeley.com/datasets/b4dmjzk8w6/1
Resorcinol,108-46-3,,C6H6O2,18.0,8.4,21.1,110.1,280.0,,87.5,alcohol,,wolfram,https://datarepository.wolframcloud.com/resources/JoshuaSchrier_Hansen-Solubility-Parameters/,https://pubchem.ncbi.nlm.nih.gov/compound/5054,https://pubchem.ncbi.nlm.nih.gov/compound/5054
Saccharin,81-07-2,O=C1N[S](=O)(=O)c2ccccc12,C7H5NO3S,21.1,12.5,9.8,183.2,,,,other,,pang2024,https://github.com/jiayunpang/hsp_embedding,https://pubchem.ncbi.nlm.nih.gov/compound/5143,
Salicylaldehyde,90-02-8,Oc1ccccc1C=O,C7H6O2,19.0,10.5,12.0,122.1,196.7,,,aldehyde,,pang2024,https://github.com/jiayunpang/hsp_embedding,https://pubchem.ncbi.nlm.nih.gov/compound/6998,https://pubchem.ncbi.nlm.nih.gov/compound/6998
Salicylic Acid,69-72-7,OC(=O)c1ccccc1O,C7H6O3,19.0,9.0,13.7,138.1,211,,95.7,acid,,pang2024,https://github.com/jiayunpang/hsp_embedding,https://pubchem.ncbi.nlm.nih.gov/compound/338,https://pubchem.ncbi.nlm.nih.gov/compound/338
Sebacic Acid,111-20-6,OC(=O)CCCCCCCCC(O)=O,C10H18O4,17.1,7.1,11.7,202.2,295.0,,167.6,acid,,pang2024,https://github.com/jiayunpang/hsp_embedding,https://pubchem.ncbi.nlm.nih.gov/compound/5192,https://pubchem.ncbi.nlm.nih.gov/compound/5192
Sec-butyl acetate,105-46-4,CCC(C)OC(=O)C,,15.0,3.7,7.6,116.16,112.0,,133.6,ester,,solvpred,https://github.com/xueannafang/hsp_toolkit_solv_pred_v_2.0,https://github.com/xueannafang/hsp_toolkit_solv_pred_v_2.0,https://github.com/xueannafang/hsp_toolkit_solv_pred_v_2.0
Serotonin,50-67-9,NCCc1c[nH]c2ccc(O)cc12,C10H12N2O,18.0,8.2,14.4,176.2,,,,other,,pang2024,https://github.com/jiayunpang/hsp_embedding,https://pubchem.ncbi.nlm.nih.gov/compound/5202,
Sinapyl Alcohol,537-33-7,COc1cc(/C=C/CO)cc(OC)c1O,C11H14O4,19.2,7.3,16.1,210.2,,,,alcohol,,pang2024,https://github.com/jiayunpang/hsp_embedding,https://pubchem.ncbi.nlm.nih.gov/compound/5280507,
Skatole,83-34-1,Cc1c[nH]c2ccccc12,C9H9N,20.0,7.1,6.2,131.2,265.5,,122.6,aromatic,,pang2024,https://github.com/jiayunpang/hsp_embedding,https://pubchem.ncbi.nlm.nih.gov/compound/6736,https://pubchem.ncbi.nlm.nih.gov/compound/6736
Spermidin,124-20-9,NCCCCNCCCN,C7H19N3,16.7,11.2,12.0,145.2,129,,,other,,pang2024,https://github.com/jiayunpang/hsp_embedding,https://pubchem.ncbi.nlm.nih.gov/compound/1102,https://pubchem.ncbi.nlm.nih.gov/compound/1102
Stearic acid,57-11-4,CCCCCCCCCCCCCCCCCC(=O)O,,16.3,3.3,5.5,284.5,383.0,,326.0,acid,,solvpred,https://github.com/xueannafang/hsp_toolkit_solv_pred_v_2.0,https://github.com/xueannafang/hsp_toolkit_solv_pred_v_2.0,https://github.com/xueannafang/hsp_toolkit_solv_pred_v_2.0
Styralyl Acetate,93-92-5,CC(C1=CC=CC=C1)OC(=O)C,,17.6,3.6,5.2,164.2,288.0,1.028,159.72762645914395,ester,,mendeley,https://data.mendeley.com/datasets/b4dmjzk8w6/1,https://data.mendeley.com/datasets/b4dmjzk8w6/1,https://data.mendeley.com/datasets/b4dmjzk8w6/1
Styrene,100-42-5,C=CC1=CC=CC=C1,C8H8,18.6,1.0,4.1,104.1,145,0.906,115.6,aromatic,H226 - H315 - H319 - H332 - H361d - H372,handbook,https://hansen-solubility.com (Hansen Handbook 2007),https://hansen-solubility.com (Hansen Handbook 2007),https://hansen-solubility.com (Hansen Handbook 2007)
Styrene Oxide,96-09-3,C1OC1c2ccccc2,C8H8O,19.4,5.8,6.6,120.2,193.9,,114.2,aromatic,,pang2024,https://github.com/jiayunpang/hsp_embedding,https://pubchem.ncbi.nlm.nih.gov/compound/7276,https://pubchem.ncbi.nlm.nih.gov/compound/7276
Succinaldehyde,638-37-9,O=CCCC=O,C4H6O2,16.8,9.8,10.5,86.1,,,81.2,aldehyde,,pang2024,https://github.com/jiayunpang/hsp_embedding,https://pubchem.ncbi.nlm.nih.gov/compound/12524,
Succinic anhydride,108-30-5,C1CC(=O)OC1=O,,18.6,19.2,16.6,100.07,261.0,,66.8,other,,solvpred,https://github.com/xueannafang/hsp_toolkit_solv_pred_v_2.0,https://github.com/xueannafang/hsp_toolkit_solv_pred_v_2.0,https://github.com/xueannafang/hsp_toolkit_solv_pred_v_2.0
Succinonitrile,110-61-2,N#CCCC#N,C4H4N2,18.2,17.0,7.9,80.1,267.2,,81.2,nitrile,,pang2024,https://github.com/jiayunpang/hsp_embedding,https://pubchem.ncbi.nlm.nih.gov/compound/8062,https://pubchem.ncbi.nlm.nih.gov/compound/8062
Sulfanilamide,63-74-1,Nc1ccc(cc1)[S](N)(=O)=O,C6H8N2O2S,20.0,19.5,10.7,172.2,,,,other,,pang2024,https://github.com/jiayunpang/hsp_embedding,https://pubchem.ncbi.nlm.nih.gov/compound/5333,
Sulfolane (Tetramethylene Sulfone),126-33-0,O=[S]1(CCCC1)=O,,17.8,17.4,8.7,120.17,285.0,1.26,95.37301587301587,sulfoxide,H302,mendeley,https://data.mendeley.com/datasets/b4dmjzk8w6/1,https://data.mendeley.com/datasets/b4dmjzk8w6/1,https://data.mendeley.com/datasets/b4dmjzk8w6/1
Sulfur Dicyanide,627-52-1,N#CSC#N,C2N2S,18.1,13.5,0.0,84.1,,,,nitrile,,pang2024,https://github.com/jiayunpang/hsp_embedding,https://pubchem.ncbi.nlm.nih.gov/compound/136447,
Sulfur Dioxide,7446-09-5,O=[S]=O,O2S,15.8,8.4,10.0,64.1,-10.0,,44.0,other,,pang2024,https://github.com/jiayunpang/hsp_embedding,https://pubchem.ncbi.nlm.nih.gov/compound/1119,https://pubchem.ncbi.nlm.nih.gov/compound/1119
Sulfuryl Chloride,7791-25-5,Cl[S](Cl)(=O)=O,Cl2O2S,17.6,7.2,0.0,135.0,69.1,,,halogenated,,pang2024,https://github.com/jiayunpang/hsp_embedding,https://pubchem.ncbi.nlm.nih.gov/compound/24648,https://pubchem.ncbi.nlm.nih.gov/compound/24648
t-Butyl Acetate,540-88-5,CC(C)(C)OC(C)=O,,15.0,3.7,6.0,116.16,98.0,0.866,134.1339491916859,ester,EUH066-H225-H332-H335-H336,mendeley,https://data.mendeley.com/datasets/b4dmjzk8w6/1,https://data.mendeley.com/datasets/b4dmjzk8w6/1,https://data.mendeley.com/datasets/b4dmjzk8w6/1
t-Butyl Alcohol,75-65-0,CC(C)(C)O,C4H10O,15.2,5.1,14.7,74.1,82.2,,,alcohol,,pang2024,https://github.com/jiayunpang/hsp_embedding,https://pubchem.ncbi.nlm.nih.gov/compound/6386,https://pubchem.ncbi.nlm.nih.gov/compound/6386
Terephthalic Acid,100-21-0,OC(=O)c1ccc(cc1)C(O)=O,C8H6O4,20.0,7.4,12.8,166.1,,,166.0,acid,,pang2024,https://github.com/jiayunpang/hsp_embedding,https://pubchem.ncbi.nlm.nih.gov/compound/7489,
Terpineol,10482-56-1,CC1=CCC(CC1)C(C)(C)O,,17.1,3.6,7.6,154.2,218.0,0.93,165.8064516129032,alcohol,H315-H319,mendeley,https://data.mendeley.com/datasets/b4dmjzk8w6/1,https://data.mendeley.com/datasets/b4dmjzk8w6/1,https://data.mendeley.com/datasets/b4dmjzk8w6/1
tert-Butanol,75-65-0,O[C@](C)(C)C,,15.2,5.1,14.7,74.12,82,0.786,94.3,alcohol,H225-H319-H332-H335-H336,handbook,https://hansen-solubility.com (Hansen Handbook 2007),https://hansen-solubility.com (Hansen Handbook 2007),https://hansen-solubility.com (Hansen Handbook 2007)
tert-Butyl 1-pyrrolecarboxylate,5176-27-2,O=C(N1C=CC=C1)OC(C)(C)C,,17.0,5.0,5.6,167.21,223.0,1.0,167.21,heterocyclic,H315 - H319 - H335,mendeley,https://data.mendeley.com/datasets/b4dmjzk8w6/1,https://data.mendeley.com/datasets/b4dmjzk8w6/1,https://data.mendeley.com/datasets/b4dmjzk8w6/1
Tert-Butyl Mercaptan,75-66-1,S[C@](C)(C)C,,15.4,3.9,4.1,90.19,65.0,0.8,112.7375,sulfur compound,H225-H304-H317-H319-H411,mendeley,https://data.mendeley.com/datasets/b4dmjzk8w6/1,https://data.mendeley.com/datasets/b4dmjzk8w6/1,https://data.mendeley.com/datasets/b4dmjzk8w6/1
Tert-Butylbenzene,98-06-6,CC(C)(C1=CC=CC=C1)C,,16.5,1.2,1.9,134.22,169.0,0.867,154.80968858131487,aromatic,H226 - H319,mendeley,https://data.mendeley.com/datasets/b4dmjzk8w6/1,https://data.mendeley.com/datasets/b4dmjzk8w6/1,https://data.mendeley.com/datasets/b4dmjzk8w6/1
TertButylAcetate,,,,15.0,3.7,6.0,,,,134.8,ester,,wolfram,https://datarepository.wolframcloud.com/resources/JoshuaSchrier_Hansen-Solubility-Parameters/,,
Tetrabromobisphenol A,79-94-7,CC(C)(c1ccc(O)cc1)c2c(Br)cc(OBr)c(Br)c2Br,C15H12Br4O2,20.2,9.1,13.8,543.9,,,,alcohol,,pang2024,https://github.com/jiayunpang/hsp_embedding,https://pubchem.ncbi.nlm.nih.gov/compound/6618,
Tetrachloroethylene,127-18-4,C(=C(Cl)Cl)(Cl)Cl,,18.3,5.7,0.0,165.8,121.2,,101.2,halogenated,,solvpred,https://github.com/xueannafang/hsp_toolkit_solv_pred_v_2.0,https://github.com/xueannafang/hsp_toolkit_solv_pred_v_2.0,https://github.com/xueannafang/hsp_toolkit_solv_pred_v_2.0
Tetraethylorthosilicate,78-10-4,CCO[Si](OCC)(OCC)OCC,,13.9,4.3,0.6,208.33,168.0,0.933,223.2904608788853,other,H226-H319-H331-H332-H335,mendeley,https://data.mendeley.com/datasets/b4dmjzk8w6/1,https://data.mendeley.com/datasets/b4dmjzk8w6/1,https://data.mendeley.com/datasets/b4dmjzk8w6/1
Tetraethylsilane,631-36-7,CC[Si](CC)(CC)CC,,14.4,1.2,1.0,144.33,155.0,0.767,188.17470664928294,hydrocarbon,H226-H315-H319-H335,mendeley,https://data.mendeley.com/datasets/b4dmjzk8w6/1,https://data.mendeley.com/datasets/b4dmjzk8w6/1,https://data.mendeley.com/datasets/b4dmjzk8w6/1
Tetrahydro-2H-Pyran-2-Ylmethanol,100-72-1,OCC1OCCCC1,,17.2,6.5,12.1,116.2,189.0,1.0,116.2,alcohol,H315-H319,mendeley,https://data.mendeley.com/datasets/b4dmjzk8w6/1,https://data.mendeley.com/datasets/b4dmjzk8w6/1,https://data.mendeley.com/datasets/b4dmjzk8w6/1
Tetrahydrofuran,109-99-9,C1CCOC1,C4H8O,16.8,5.7,8.0,72.11,66,0.889,81.7,ether,H225-H302-H319-H335-H351,handbook,https://hansen-solubility.com (Hansen Handbook 2007),https://hansen-solubility.com (Hansen Handbook 2007),https://hansen-solubility.com (Hansen Handbook 2007)
Tetrahydrofurfuryl alcohol,97-99-4,OCC1CCCO1,,17.8,8.2,14.8,102.1,178,1.054,97.1,heterocyclic,H227-H319-H360Df,handbook,https://hansen-solubility.com (Hansen Handbook 2007),https://hansen-solubility.com (Hansen Handbook 2007),https://hansen-solubility.com (Hansen Handbook 2007)
Tetrahydrofurfuryl Chloride,3003-84-7,C1CC(OC1)CCl,,17.4,7.1,5.1,120.58,150.0,1.11,108.63063063063062,halogenated,H226-H315-H319-H335,mendeley,https://data.mendeley.com/datasets/b4dmjzk8w6/1,https://data.mendeley.com/datasets/b4dmjzk8w6/1,https://data.mendeley.com/datasets/b4dmjzk8w6/1
Tetrahydrofurfuryl Methacrylate,2455-24-5,CC(=C)C(=O)OCC1CCCO1,,16.8,5.1,5.5,170.21,178.0,1.04,163.66346153846155,ester,H227-H315-H319-H335,mendeley,https://data.mendeley.com/datasets/b4dmjzk8w6/1,https://data.mendeley.com/datasets/b4dmjzk8w6/1,https://data.mendeley.com/datasets/b4dmjzk8w6/1
Tetrahydrofurfuryl Propionate,637-65-0,CCC(=O)OCC1CCCO1,,16.7,5.8,6.2,158.2,178.0,1.054,150.09487666034153,ester,H227-H319-H360Df,mendeley,https://data.mendeley.com/datasets/b4dmjzk8w6/1,https://data.mendeley.com/datasets/b4dmjzk8w6/1,https://data.mendeley.com/datasets/b4dmjzk8w6/1
Tetrahydrofurfurylamine,4795-29-3,C1CC(OC1)CN,,17.3,6.4,8.2,101.15,154.0,0.98,103.21428571428572,amine,H226-H315-H319,mendeley,https://data.mendeley.com/datasets/b4dmjzk8w6/1,https://data.mendeley.com/datasets/b4dmjzk8w6/1,https://data.mendeley.com/datasets/b4dmjzk8w6/1
Tetrahydronaphthalene,119-64-2,C1CCc2ccccc2C1,C10H12,19.6,2.0,2.9,132.2,207.8,,,aromatic,,pang2024,https://github.com/jiayunpang/hsp_embedding,https://pubchem.ncbi.nlm.nih.gov/compound/8404,https://pubchem.ncbi.nlm.nih.gov/compound/8404
Tetrahydropyran,142-68-7,C1CCOCC1,,16.4,6.3,6.0,86.13,88.0,0.8,107.6625,ether,H225-H315-H319-H335,mendeley,https://data.mendeley.com/datasets/b4dmjzk8w6/1,https://data.mendeley.com/datasets/b4dmjzk8w6/1,https://data.mendeley.com/datasets/b4dmjzk8w6/1
Tetrahydrothiapyran,1613-51-0,C1CCSCC1,,18.5,6.3,8.9,102.2,142.0,0.98,104.28571428571429,aromatic,H226,mendeley,https://data.mendeley.com/datasets/b4dmjzk8w6/1,https://data.mendeley.com/datasets/b4dmjzk8w6/1,https://data.mendeley.com/datasets/b4dmjzk8w6/1
Tetralin,119-64-2,C12=CC=CC=C1CCCC2,,19.6,2.0,2.9,132.2,208,0.97,136.8,aromatic,EUH019-H227-H315-H319-H351-H411,handbook,https://hansen-solubility.com (Hansen Handbook 2007),https://hansen-solubility.com (Hansen Handbook 2007),https://hansen-solubility.com (Hansen Handbook 2007)
Tetramethylene Sulfid,,,,18.6,6.7,9.1,,,,88.3,other,,hansen_a1,https://hansen-solubility.com (Hansen Handbook Appendix Table A.1),,
Tetramethylene Sulfide,110-01-0,C1CCSC1,,18.6,6.7,6.0,88.17,121.0,0.9987,88.28477020126164,sulfur compound,H225-H302-H312-H315-H319-H332-H412,mendeley,https://data.mendeley.com/datasets/b4dmjzk8w6/1,https://data.mendeley.com/datasets/b4dmjzk8w6/1,https://data.mendeley.com/datasets/b4dmjzk8w6/1
Tetramethylene Sulfoxide,1600-44-8,C1CCS(=O)C1,,18.2,11.0,9.1,104.17,237.0,1.17,89.03418803418803,sulfoxide,H315-H319-H335,mendeley,https://data.mendeley.com/datasets/b4dmjzk8w6/1,https://data.mendeley.com/datasets/b4dmjzk8w6/1,https://data.mendeley.com/datasets/b4dmjzk8w6/1
Tetramethylurea,632-22-4,CN(C)C(=O)N(C)C,,16.7,8.2,11.0,116.16,176.5,,120.4,other,,solvpred,https://github.com/xueannafang/hsp_toolkit_solv_pred_v_2.0,https://github.com/xueannafang/hsp_toolkit_solv_pred_v_2.0,https://github.com/xueannafang/hsp_toolkit_solv_pred_v_2.0
Tetranitromethane,509-14-8,[O-][N+](=O)C([N+]([O-])=O)([N+]([O-])=O)[N+]([O-])=O,CN4O8,15.5,8.5,7.0,196.0,126.1,,119.7,nitro,,pang2024,https://github.com/jiayunpang/hsp_embedding,https://pubchem.ncbi.nlm.nih.gov/compound/10509,https://pubchem.ncbi.nlm.nih.gov/compound/10509
Thenaldehyde,98-03-3,C1=CSC(=C1)C=O,,19.5,14.4,9.4,112.15,198.0,1.22,91.92622950819673,aldehyde,H227-H302-H315-H317-H319,mendeley,https://data.mendeley.com/datasets/b4dmjzk8w6/1,https://data.mendeley.com/datasets/b4dmjzk8w6/1,https://data.mendeley.com/datasets/b4dmjzk8w6/1
Thiacyclopropane,420-12-2,,C2H4S,19.3,9.1,5.0,60.1,,,58.0,hydrocarbon,,hansen_a1,https://hansen-solubility.com (Hansen Handbook Appendix Table A.1),https://pubchem.ncbi.nlm.nih.gov/compound/9865,
Thiazole,288-47-1,C1=CN=CS1,,20.5,18.8,10.8,85.13,118.0,1.2,70.94166666666666,heterocyclic,H226-H302-H315-H318-H335,mendeley,https://data.mendeley.com/datasets/b4dmjzk8w6/1,https://data.mendeley.com/datasets/b4dmjzk8w6/1,https://data.mendeley.com/datasets/b4dmjzk8w6/1
Thiazolidine,504-78-9,C1CSCN1,,19.4,9.4,9.1,89.16,165.0,1.131,78.83289124668434,other,H226-H314,mendeley,https://data.mendeley.com/datasets/b4dmjzk8w6/1,https://data.mendeley.com/datasets/b4dmjzk8w6/1,https://data.mendeley.com/datasets/b4dmjzk8w6/1
Thioacetamide,62-55-5,CC(N)=S,C2H5NS,17.5,20.6,20.2,75.1,,,75.0,amide,,pang2024,https://github.com/jiayunpang/hsp_embedding,https://pubchem.ncbi.nlm.nih.gov/compound/2723949,
Thioacetic Acid,507-09-5,CC(O)=S,C2H4OS,17.0,6.7,8.9,76.1,88.0,,71.5,acid,,pang2024,https://github.com/jiayunpang/hsp_embedding,https://pubchem.ncbi.nlm.nih.gov/compound/10484,https://pubchem.ncbi.nlm.nih.gov/compound/10484
Thiocyanic Acid,463-56-9,SC#N,CHNS,16.8,8.9,10.9,59.1,,,51.7,acid,,pang2024,https://github.com/jiayunpang/hsp_embedding,https://pubchem.ncbi.nlm.nih.gov/compound/781,
Thiodiethylenglycol,111-48-8,OCCSCCO,C4H10O2S,17.3,8.8,19.8,122.2,282.0,,,alcohol,,pang2024,https://github.com/jiayunpang/hsp_embedding,https://pubchem.ncbi.nlm.nih.gov/compound/5447,https://pubchem.ncbi.nlm.nih.gov/compound/5447
Thioglycolic Acid,68-11-1,OC(=O)CS,C2H4O2S,16.0,13.5,20.0,92.1,120.0,,,alcohol,,pang2024,https://github.com/jiayunpang/hsp_embedding,https://pubchem.ncbi.nlm.nih.gov/compound/1133,https://pubchem.ncbi.nlm.nih.gov/compound/1133
Thiomorpholine,123-90-0,C1CSCCN1,,18.8,8.2,8.3,103.19,175.0,1.086,95.0184162062615,amine,H227-H314,mendeley,https://data.mendeley.com/datasets/b4dmjzk8w6/1,https://data.mendeley.com/datasets/b4dmjzk8w6/1,https://data.mendeley.com/datasets/b4dmjzk8w6/1
Thionyl Chloride,7719-09-7,Cl[S](Cl)=O,Cl2OS,16.9,6.4,6.1,119.0,76.1,,79.0,halogenated,,pang2024,https://github.com/jiayunpang/hsp_embedding,https://pubchem.ncbi.nlm.nih.gov/compound/24386,https://pubchem.ncbi.nlm.nih.gov/compound/24386
Thiophene,110-02-1,C1=CC=CS1,,18.9,2.4,7.8,84.14,84.0,1.065,79.00469483568075,heterocyclic,H225-H302-H315-H318-H319-H331-H335-H412,mendeley,https://data.mendeley.com/datasets/b4dmjzk8w6/1,https://data.mendeley.com/datasets/b4dmjzk8w6/1,https://data.mendeley.com/datasets/b4dmjzk8w6/1
Thiophenol,108-98-5,C1=CC=C(C=C1)S,,20.0,4.5,10.3,110.18,168.0,1.075,102.49302325581397,alcohol,H226-H300+H310+H330-H315-H319-H335-H361-H371-H372-H410,mendeley,https://data.mendeley.com/datasets/b4dmjzk8w6/1,https://data.mendeley.com/datasets/b4dmjzk8w6/1,https://data.mendeley.com/datasets/b4dmjzk8w6/1
Thiourea,62-56-6,NC(N)=S,CH4N2S,20.0,19.4,14.8,76.1,,,72.8,other,,pang2024,https://github.com/jiayunpang/hsp_embedding,https://pubchem.ncbi.nlm.nih.gov/compound/2723790,
Thymine,65-71-4,CC1=CNC(=O)NC1=O,C5H6N2O2,19.0,20.5,13.0,126.1,,,,other,,pang2024,https://github.com/jiayunpang/hsp_embedding,https://pubchem.ncbi.nlm.nih.gov/compound/1135,
Thymol,89-83-8,CC(C)c1ccc(C)cc1O,C10H14O,19.0,4.5,10.8,150.2,232.5,,,terpene,,pang2024,https://github.com/jiayunpang/hsp_embedding,https://pubchem.ncbi.nlm.nih.gov/compound/6989,https://pubchem.ncbi.nlm.nih.gov/compound/6989
Thymyl Methyl Ether,1076-56-8,CC1=CC(=C(C=C1)C(C)C)OC,,17.47,3.65,3.73,164.2,216.0,0.94,174.68085106382978,ether,H226-H315-H319-H335,mendeley,https://data.mendeley.com/datasets/b4dmjzk8w6/1,https://data.mendeley.com/datasets/b4dmjzk8w6/1,https://data.mendeley.com/datasets/b4dmjzk8w6/1
Tigaldehyde,,,,16.2,12.9,6.8,,,,96.6,aldehyde,,hansen_a1,https://hansen-solubility.com (Hansen Handbook Appendix Table A.1),,
Toluene,108-88-3,CC1=CC=CC=C1,C7H81,18.0,1.4,2.0,92.14,111,0.867,106.8,aromatic,H225-H304-H315-H336-H361d-H373,handbook,https://hansen-solubility.com (Hansen Handbook 2007),https://hansen-solubility.com (Hansen Handbook 2007),https://hansen-solubility.com (Hansen Handbook 2007)
Tolylene Diisocyanate,584-84-9,Cc1ccc(cc1N=C=O)N=C=O,C9H6N2O2,19.3,7.9,6.1,174.2,251.1,,,other,,pang2024,https://github.com/jiayunpang/hsp_embedding,https://pubchem.ncbi.nlm.nih.gov/compound/11443,https://pubchem.ncbi.nlm.nih.gov/compound/11443
Trans-Cinnamaldehyde,104-55-2,O=C\C=C\c1ccccc1,C9H8O,19.4,12.4,6.2,132.2,248.0,,125.9,aldehyde,,pang2024,https://github.com/jiayunpang/hsp_embedding,https://pubchem.ncbi.nlm.nih.gov/compound/637511,https://pubchem.ncbi.nlm.nih.gov/compound/637511
Trans-Crotononitrile,4786-20-3,C/C=C/C#N,C4H5N,16.4,18.8,5.5,67.1,,,81.4,nitrile,,pang2024,https://github.com/jiayunpang/hsp_embedding,https://pubchem.ncbi.nlm.nih.gov/compound/637921,
Trans-decahydronaphthalene,493-02-7,C1CCC2CCCCC2C1,,18.0,0.0,0.0,138.25,155.5,,156.9,aromatic,,solvpred,https://github.com/xueannafang/hsp_toolkit_solv_pred_v_2.0,https://github.com/xueannafang/hsp_toolkit_solv_pred_v_2.0,https://github.com/xueannafang/hsp_toolkit_solv_pred_v_2.0
Tri-n-Butyl Borate,688-74-4,CCCCOB(OCCCC)OCCCC,C12H27BO3,16.7,1.8,4.6,230.2,231.1,,269.7,other,,pang2024,https://github.com/jiayunpang/hsp_embedding,https://pubchem.ncbi.nlm.nih.gov/compound/12712,https://pubchem.ncbi.nlm.nih.gov/compound/12712
Tri-n-Butyl Citrate,77-94-1,CCCCOC(=O)CC(O)(CC(=O)OCCCC)C(=O)OCCCC,C18H32O7,16.6,3.8,10.1,360.4,,,,ester,,pang2024,https://github.com/jiayunpang/hsp_embedding,https://pubchem.ncbi.nlm.nih.gov/compound/6507,
Tri-n-Butyl Phosphate,126-73-8,CCCCO[P](=O)(OCCCC)OCCCC,C12H27O4P,16.3,6.3,4.3,266.3,288.9,,,other,,pang2024,https://github.com/jiayunpang/hsp_embedding,https://pubchem.ncbi.nlm.nih.gov/compound/31357,https://pubchem.ncbi.nlm.nih.gov/compound/31357
Tribromo Ethylene,,,,18.3,9.4,8.0,,,,97.8,halogenated,,hansen_a1,https://hansen-solubility.com (Hansen Handbook Appendix Table A.1),,
Tributyl phosphate,126-73-8,CCCCOP(=O)(OCCCC)OCCCC,,16.3,6.3,4.3,266.31,289.0,,345.0,other,,solvpred,https://github.com/xueannafang/hsp_toolkit_solv_pred_v_2.0,https://github.com/xueannafang/hsp_toolkit_solv_pred_v_2.0,https://github.com/xueannafang/hsp_toolkit_solv_pred_v_2.0
Trichloroacetic Acid,76-03-9,OC(=O)C(Cl)(Cl)Cl,C2HCl3O2,18.3,7.0,13.0,163.4,197.2,,100.2,acid,,pang2024,https://github.com/jiayunpang/hsp_embedding,https://pubchem.ncbi.nlm.nih.gov/compound/6421,https://pubchem.ncbi.nlm.nih.gov/compound/6421
Trichloroacetonitrile,545-06-2,ClC(Cl)(Cl)C#N,C2Cl3N,16.4,7.4,6.1,144.4,83.9,,100.0,nitrile,,pang2024,https://github.com/jiayunpang/hsp_embedding,https://pubchem.ncbi.nlm.nih.gov/compound/11011,https://pubchem.ncbi.nlm.nih.gov/compound/11011
Trichlorobiphenyl,35693-92-6,C1=CC=C(C=C1)C2=C(C=C(C=C2Cl)Cl)Cl,,19.2,5.3,4.1,257.5,-1.0,,187.0,halogenated,,solvpred,https://github.com/xueannafang/hsp_toolkit_solv_pred_v_2.0,https://github.com/xueannafang/hsp_toolkit_solv_pred_v_2.0,https://github.com/xueannafang/hsp_toolkit_solv_pred_v_2.0
Trichloroethylene,79-01-6,[H]/C(Cl)=C(Cl)\Cl,C2HCl3,18.0,3.1,5.3,131.39,87.0,1.46,89.99315068493149,halogenated,H315-H317-H319-H336-H341-H350-H412,mendeley,https://data.mendeley.com/datasets/b4dmjzk8w6/1,https://data.mendeley.com/datasets/b4dmjzk8w6/1,https://data.mendeley.com/datasets/b4dmjzk8w6/1
Trichlorofluoromethane,75-69-4,C(F)(Cl)(Cl)Cl,,15.3,2.0,0.0,137.36,23.7,,92.8,halogenated,,solvpred,https://github.com/xueannafang/hsp_toolkit_solv_pred_v_2.0,https://github.com/xueannafang/hsp_toolkit_solv_pred_v_2.0,https://github.com/xueannafang/hsp_toolkit_solv_pred_v_2.0
Trichloromethylsilane,75-79-6,[SiH3]C(Cl)(Cl)Cl,CH3Cl3Si,16.5,6.6,3.5,149.5,66.7,,117.4,halogenated,,pang2024,https://github.com/jiayunpang/hsp_embedding,https://pubchem.ncbi.nlm.nih.gov/compound/6399,https://pubchem.ncbi.nlm.nih.gov/compound/6399
Trichlorosilane,10025-78-2,Cl[SiH](Cl)Cl,Cl3HSi,14.2,3.6,3.8,135.4,32.2,,101.1,halogenated,,pang2024,https://github.com/jiayunpang/hsp_embedding,https://pubchem.ncbi.nlm.nih.gov/compound/24811,https://pubchem.ncbi.nlm.nih.gov/compound/24811
Triclosan,3380-34-5,Oc1cc(Cl)ccc1Oc2ccc(Cl)cc2Cl,C12H7Cl3O2,20.0,7.7,10.0,289.5,120,,,other,,pang2024,https://github.com/jiayunpang/hsp_embedding,https://pubchem.ncbi.nlm.nih.gov/compound/5564,https://pubchem.ncbi.nlm.nih.gov/compound/5564
Tricresyl phosphate,1330-78-5,CC1=CC=C(C=C1)OP(=O)(OC2=CC=C(C=C2)C)OC3=CC=C(C=C3)C,,19.0,12.3,4.5,368.4,224.0,,316.0,other,,solvpred,https://github.com/xueannafang/hsp_toolkit_solv_pred_v_2.0,https://github.com/xueannafang/hsp_toolkit_solv_pred_v_2.0,https://github.com/xueannafang/hsp_toolkit_solv_pred_v_2.0
Tricyclene,508-32-7,CC1(C)C2CC3C(C2)C13C,C10H16,16.9,0.0,0.0,136.2,153.0,,,aromatic,,pang2024,https://github.com/jiayunpang/hsp_embedding,https://pubchem.ncbi.nlm.nih.gov/compound/79035,https://pubchem.ncbi.nlm.nih.gov/compound/79035
Tridecyl alcohol,112-70-9,CCCCCCCCCCCCCO,,16.2,3.1,9.0,200.36,273.0,,242.0,alcohol,,solvpred,https://github.com/xueannafang/hsp_toolkit_solv_pred_v_2.0,https://github.com/xueannafang/hsp_toolkit_solv_pred_v_2.0,https://github.com/xueannafang/hsp_toolkit_solv_pred_v_2.0
Triethanolamine,102-71-6,C(CO)N(CCO)CCO,C6H15NO3,17.3,22.4,23.3,149.19,335.4,,133.2,alcohol,,solvpred,https://github.com/xueannafang/hsp_toolkit_solv_pred_v_2.0,https://github.com/xueannafang/hsp_toolkit_solv_pred_v_2.0,https://github.com/xueannafang/hsp_toolkit_solv_pred_v_2.0
Triethyl Citrate,77-93-0,CCOC(=O)CC(O)(CC(=O)OCC)C(=O)OCC,C12H20O7,16.5,4.9,12.0,276.3,294.0,,,ester,,pang2024,https://github.com/jiayunpang/hsp_embedding,https://pubchem.ncbi.nlm.nih.gov/compound/6506,https://pubchem.ncbi.nlm.nih.gov/compound/6506
Triethylamine,121-44-8,CCN(CC)CC,,15.5,0.4,1.0,101.2,89,0.726,139.0,amine,,handbook,https://hansen-solubility.com (Hansen Handbook 2007),https://hansen-solubility.com (Hansen Handbook 2007),https://hansen-solubility.com (Hansen Handbook 2007)
Triethylene glycol,112-27-6,OCCOCCOCCO,,16.0,12.5,18.6,150.2,285,1.125,114.0,glycol,H335,handbook,https://hansen-solubility.com (Hansen Handbook 2007),https://hansen-solubility.com (Hansen Handbook 2007),https://hansen-solubility.com (Hansen Handbook 2007)
Triethylene Glycol Monomethyl Ether,112-35-6,COCCOCCOCCO,C7H16O4,16.2,7.6,12.5,164.2,246.0,,,alcohol,,pang2024,https://github.com/jiayunpang/hsp_embedding,https://pubchem.ncbi.nlm.nih.gov/compound/8178,https://pubchem.ncbi.nlm.nih.gov/compound/8178
Triethylene glycol monooleyl ether,112-35-6,COCCOCCOCCO,,16.0,3.1,8.4,164.2,249.0,,418.5,alcohol,,solvpred,https://github.com/xueannafang/hsp_toolkit_solv_pred_v_2.0,https://github.com/xueannafang/hsp_toolkit_solv_pred_v_2.0,https://github.com/xueannafang/hsp_toolkit_solv_pred_v_2.0
Triethylphosphate,78-40-0,CCOP(=O)(OCC)OCC,,16.7,11.4,9.2,182.15,215.5,,171.0,other,,solvpred,https://github.com/xueannafang/hsp_toolkit_solv_pred_v_2.0,https://github.com/xueannafang/hsp_toolkit_solv_pred_v_2.0,https://github.com/xueannafang/hsp_toolkit_solv_pred_v_2.0
Trifluoro Toluene,193533-92-5,Cc1ccc(F)c(F)c1F,C7H5F3,17.5,8.8,0.0,146.1,,,,halogenated,,pang2024,https://github.com/jiayunpang/hsp_embedding,https://pubchem.ncbi.nlm.nih.gov/compound/2777991,
Trifluoroacetic Aci,,,,15.6,9.9,11.6,,,,74.2,acid,,hansen_a1,https://hansen-solubility.com (Hansen Handbook Appendix Table A.1),,
Trifluoroacetic acid,76-05-1,C(=O)(C(F)(F)F)O,,15.6,9.9,11.6,114.02,72.4,,74.2,acid,,solvpred,https://github.com/xueannafang/hsp_toolkit_solv_pred_v_2.0,https://github.com/xueannafang/hsp_toolkit_solv_pred_v_2.0,https://github.com/xueannafang/hsp_toolkit_solv_pred_v_2.0
Trifluoromethane,75-46-7,FC(F)F,CHF3,14.4,8.7,6.3,70.0,-82.0,,46.1,halogenated,,pang2024,https://github.com/jiayunpang/hsp_embedding,https://pubchem.ncbi.nlm.nih.gov/compound/6373,https://pubchem.ncbi.nlm.nih.gov/compound/6373
TrifluoromethylUndecafluorocyclohexane,,,,12.5,0.0,0.0,,,,196.0,halogenated,,wolfram,https://datarepository.wolframcloud.com/resources/JoshuaSchrier_Hansen-Solubility-Parameters/,,
Trimethyl Amine,75-50-3,CN(C)C,C3H9N,14.6,3.4,1.8,59.1,2.9,,90.3,amine,,pang2024,https://github.com/jiayunpang/hsp_embedding,https://pubchem.ncbi.nlm.nih.gov/compound/1146,https://pubchem.ncbi.nlm.nih.gov/compound/1146
Trimethyl phosphate,512-56-1,COP(=O)(OC)OC,,16.7,15.9,10.2,140.07,197.2,,115.8,other,,solvpred,https://github.com/xueannafang/hsp_toolkit_solv_pred_v_2.0,https://github.com/xueannafang/hsp_toolkit_solv_pred_v_2.0,https://github.com/xueannafang/hsp_toolkit_solv_pred_v_2.0
Trimethylbenzene,95-63-6,CC1=CC(=C(C=C1)C)C,,18.0,1.0,1.0,120.19,168.89,,137.3,aromatic,,solvpred,https://github.com/xueannafang/hsp_toolkit_solv_pred_v_2.0,https://github.com/xueannafang/hsp_toolkit_solv_pred_v_2.0,https://github.com/xueannafang/hsp_toolkit_solv_pred_v_2.0
Trimethylene Sulfide,287-27-4,C1CSC1,C3H6S,18.8,7.8,9.4,74.2,,,,sulfur compound,,pang2024,https://github.com/jiayunpang/hsp_embedding,https://pubchem.ncbi.nlm.nih.gov/compound/9251,
Trimethylenesulfid,,,,18.8,7.8,9.4,,,,72.8,other,,hansen_a1,https://hansen-solubility.com (Hansen Handbook Appendix Table A.1),,
Trinitomethane,,,,15.5,10.3,7.3,,,,94.6,other,,hansen_a1,https://hansen-solubility.com (Hansen Handbook Appendix Table A.1),,
Trinitromethane,517-25-9,[O-][N+](=O)C([N+]([O-])=O)[N+]([O-])=O,CHN3O6,15.5,10.3,7.3,151.0,,,,nitro,,pang2024,https://github.com/jiayunpang/hsp_embedding,https://pubchem.ncbi.nlm.nih.gov/compound/10602,
Trinitrotoluene,118-96-7,Cc1ccc(c(c1[N+]([O-])=O)[N+]([O-])=O)[N+]([O-])=O,C7H5N3O6,19.5,3.5,4.4,227.1,240.0,,,nitro,,pang2024,https://github.com/jiayunpang/hsp_embedding,https://pubchem.ncbi.nlm.nih.gov/compound/8376,https://pubchem.ncbi.nlm.nih.gov/compound/8376
Trioctyl Phosphate,1806-54-8,CCCCCCCCO[P](=O)(OCCCCCCCC)OCCCCCCCC,C24H51O4P,16.2,5.9,4.2,434.6,230.0,,,other,,pang2024,https://github.com/jiayunpang/hsp_embedding,https://pubchem.ncbi.nlm.nih.gov/compound/15733,https://pubchem.ncbi.nlm.nih.gov/compound/15733
Triphenyl Phosphate,115-86-6,O=[P](Oc1ccccc1)(Oc2ccccc2)Oc3ccccc3,C18H15O4P,20.1,6.4,6.8,326.3,245.0,,,aromatic,,pang2024,https://github.com/jiayunpang/hsp_embedding,https://pubchem.ncbi.nlm.nih.gov/compound/8289,https://pubchem.ncbi.nlm.nih.gov/compound/8289
Tripropylene Glycol Monomethyl Ether,20324-33-8,COC(C)COC(C)COC(C)CO,C10H22O4,15.3,5.5,10.4,206.3,,,,alcohol,,pang2024,https://github.com/jiayunpang/hsp_embedding,https://pubchem.ncbi.nlm.nih.gov/compound/30111,
Tropical Oxathiane,67715-80-4,CCCC1CCOC(S1)C,,17.0,4.2,3.9,160.3,220.0,0.975,164.41025641025644,other,H226,mendeley,https://data.mendeley.com/datasets/b4dmjzk8w6/1,https://data.mendeley.com/datasets/b4dmjzk8w6/1,https://data.mendeley.com/datasets/b4dmjzk8w6/1
Turpentine,8006-64-2,,,16.2,1.4,2.8,136.0,160,0.87,156.3,terpene,,handbook,https://hansen-solubility.com (Hansen Handbook 2007),https://hansen-solubility.com (Hansen Handbook 2007),https://hansen-solubility.com (Hansen Handbook 2007)
Undecane,1120-21-4,CCCCCCCCCCC,C11H24,16.0,0.0,0.0,156.3,195.9,,,hydrocarbon,,pang2024,https://github.com/jiayunpang/hsp_embedding,https://pubchem.ncbi.nlm.nih.gov/compound/14257,https://pubchem.ncbi.nlm.nih.gov/compound/14257
Valeronitrile,110-59-8,CCCCC#N,C5H9N,15.3,11.0,4.8,83.1,141.1,,103.8,nitrile,,pang2024,https://github.com/jiayunpang/hsp_embedding,https://pubchem.ncbi.nlm.nih.gov/compound/8061,https://pubchem.ncbi.nlm.nih.gov/compound/8061
Vanilla Carboxylate,4630-82-4,COC(=O)C1CCCCC1,,16.95,3.92,5.38,142.2,183.0,0.995,142.9145728643216,other,H226,mendeley,https://data.mendeley.com/datasets/b4dmjzk8w6/1,https://data.mendeley.com/datasets/b4dmjzk8w6/1,https://data.mendeley.com/datasets/b4dmjzk8w6/1
Vanillin,121-33-5,COc1cc(C=O)ccc1O,C8H8O3,19.4,9.8,11.2,152.2,285.0,,,other,,pang2024,https://github.com/jiayunpang/hsp_embedding,https://pubchem.ncbi.nlm.nih.gov/compound/1183,https://pubchem.ncbi.nlm.nih.gov/compound/1183
Vinyl 2-Ethylhexyl Ether,103-44-6,CCCCC(CC)COC=C,C10H20O,15.6,3.4,4.2,156.3,,,,ether,,pang2024,https://github.com/jiayunpang/hsp_embedding,https://pubchem.ncbi.nlm.nih.gov/compound/61004,
Vinyl Acetate,108-05-4,CC(=O)OC=C,C4H6O2,16.0,7.2,5.9,86.1,72.8,,92.6,ester,,pang2024,https://github.com/jiayunpang/hsp_embedding,https://pubchem.ncbi.nlm.nih.gov/compound/7904,https://pubchem.ncbi.nlm.nih.gov/compound/7904
Vinyl Acetic Acid,625-38-7,,C4H6O2,16.8,5.2,12.3,86.1,,,85.3,acid,,hansen_a1,https://hansen-solubility.com (Hansen Handbook Appendix Table A.1),https://pubchem.ncbi.nlm.nih.gov/compound/32743,
Vinyl Acetylene,689-97-4,C=CC#C,C4H4,16.0,1.7,8.0,52.1,5.1,,74.3,hydrocarbon,,pang2024,https://github.com/jiayunpang/hsp_embedding,https://pubchem.ncbi.nlm.nih.gov/compound/12720,https://pubchem.ncbi.nlm.nih.gov/compound/12720
Vinyl Allyl Ether,3917-15-5,C=CCOC=C,C5H8O,14.9,6.5,5.3,84.1,,,105.4,ether,,pang2024,https://github.com/jiayunpang/hsp_embedding,https://pubchem.ncbi.nlm.nih.gov/compound/221523,
Vinyl Amine,593-67-9,NC=C,C2H5N,15.7,7.2,11.8,43.1,,,51.8,amine,,pang2024,https://github.com/jiayunpang/hsp_embedding,https://pubchem.ncbi.nlm.nih.gov/compound/11642,
Vinyl Bromide,593-60-2,,C2H3Br,15.9,6.3,5.4,107.0,15.8,,71.6,halogenated,,hansen_a1,https://hansen-solubility.com (Hansen Handbook Appendix Table A.1),https://pubchem.ncbi.nlm.nih.gov/compound/11641,https://pubchem.ncbi.nlm.nih.gov/compound/11641
Vinyl Butyl Ether,111-34-2,CCCCOC=C,C6H12O,15.2,4.1,5.1,100.2,94.0,,129.4,ether,,pang2024,https://github.com/jiayunpang/hsp_embedding,https://pubchem.ncbi.nlm.nih.gov/compound/8108,https://pubchem.ncbi.nlm.nih.gov/compound/8108
Vinyl Butyl Sulfid,,,,16.0,5.0,5.4,,,,136.7,other,,hansen_a1,https://hansen-solubility.com (Hansen Handbook Appendix Table A.1),,
Vinyl Butyl Sulfide,4789-70-2,CCCCSC=C,C6H12S,16.0,5.0,5.4,116.2,,,,sulfur compound,,pang2024,https://github.com/jiayunpang/hsp_embedding,https://pubchem.ncbi.nlm.nih.gov/compound/138353,
Vinyl Butyrate,123-20-6,CCCC(=O)OC=C,C6H10O2,15.6,3.9,6.9,114.1,,,126.5,ester,,pang2024,https://github.com/jiayunpang/hsp_embedding,https://pubchem.ncbi.nlm.nih.gov/compound/31247,
Vinyl Chloride,75-01-4,ClC=C,C2H3Cl,16.0,6.5,2.4,62.5,-13.9,,68.7,halogenated,,pang2024,https://github.com/jiayunpang/hsp_embedding,https://pubchem.ncbi.nlm.nih.gov/compound/6338,https://pubchem.ncbi.nlm.nih.gov/compound/6338
Vinyl Crotonate,14861-06-4,C/C=C/C(=O)OC=C,C6H8O2,15.9,5.0,9.0,112.1,,,,other,,pang2024,https://github.com/jiayunpang/hsp_embedding,https://pubchem.ncbi.nlm.nih.gov/compound/5365800,
Vinyl Ether,109-93-3,C=COC=C,C4H6O,14.8,4.2,5.8,70.1,,,90.7,ether,,pang2024,https://github.com/jiayunpang/hsp_embedding,https://pubchem.ncbi.nlm.nih.gov/compound/8024,
Vinyl Ethyl Carbitol,929-72-6,OCCOCCOCCOC=C,C8H16O4,15.9,6.0,6.6,176.2,,,,glycol ether,,pang2024,https://github.com/jiayunpang/hsp_embedding,https://pubchem.ncbi.nlm.nih.gov/compound/575880,
Vinyl Ethyl Ether,109-92-2,,C4H8O,14.5,4.9,6.0,72.1,35.6,,95.0,ether,,hansen_a1,https://hansen-solubility.com (Hansen Handbook Appendix Table A.1),https://pubchem.ncbi.nlm.nih.gov/compound/8023,https://pubchem.ncbi.nlm.nih.gov/compound/8023
Vinyl Ethyl Sulfid,,,,16.4,5.8,6.3,,,,101.3,other,,hansen_a1,https://hansen-solubility.com (Hansen Handbook Appendix Table A.1),,
Vinyl Ethyl Sulfide,627-50-9,CCSC=C,C4H8S,16.4,5.8,6.3,88.2,,,,sulfur compound,,pang2024,https://github.com/jiayunpang/hsp_embedding,https://pubchem.ncbi.nlm.nih.gov/compound/12320,
Vinyl Formate,692-45-5,C=COC=O,C3H4O2,15.3,6.5,9.7,72.1,,,74.7,ester,,pang2024,https://github.com/jiayunpang/hsp_embedding,https://pubchem.ncbi.nlm.nih.gov/compound/222465,
Vinyl Iodide,593-66-8,IC=C,C2H3I,18.0,5.5,7.3,153.9,,,75.6,halogenated,,pang2024,https://github.com/jiayunpang/hsp_embedding,https://pubchem.ncbi.nlm.nih.gov/compound/68976,
Vinyl Isobutyl Ether,109-53-5,CC(C)COC=C,C6H12O,15.1,4.1,5.1,100.2,,,,ether,,pang2024,https://github.com/jiayunpang/hsp_embedding,https://pubchem.ncbi.nlm.nih.gov/compound/7992,
Vinyl Isopropyl Ether,926-65-8,CC(C)OC=C,C5H10O,14.7,3.5,5.2,86.1,,,115.3,ether,,pang2024,https://github.com/jiayunpang/hsp_embedding,https://pubchem.ncbi.nlm.nih.gov/compound/13557,
Vinyl Propionate,105-38-4,CCC(=O)OC=C,C5H8O2,15.6,8.0,4.7,100.1,,,,ester,,pang2024,https://github.com/jiayunpang/hsp_embedding,https://pubchem.ncbi.nlm.nih.gov/compound/7750,
Vinyl Propyl Ether,764-47-6,CCCOC=C,C5H10O,14.9,3.5,5.2,86.1,,,113.0,ether,,pang2024,https://github.com/jiayunpang/hsp_embedding,https://pubchem.ncbi.nlm.nih.gov/compound/69815,
Vinyl Pyrrolidone,88-12-0,C=CN1CCCC1=O,C6H9NO,16.4,9.3,5.9,111.1,96.0,,106.9,amide,,pang2024,https://github.com/jiayunpang/hsp_embedding,https://pubchem.ncbi.nlm.nih.gov/compound/6917,https://pubchem.ncbi.nlm.nih.gov/compound/6917
Vinyl S-Butyl Mercapto Ethyl Ether,,CCCC[S](OCC)C=C,,16.5,5.0,5.8,,,,,ether,,pang2024,https://github.com/jiayunpang/hsp_embedding,,
Vinyl S-Ethyl Mercapto Ethyl Ether,,CCO[S](CC)C=C,,16.4,7.0,6.0,,,,,ether,,pang2024,https://github.com/jiayunpang/hsp_embedding,,
Vinyl Silane,7291-09-0,[SiH3]C=C,C2H6Si,15.5,2.6,4.0,58.1,,,89.4,hydrocarbon,,pang2024,https://github.com/jiayunpang/hsp_embedding,https://pubchem.ncbi.nlm.nih.gov/compound/81714,
Vinyl Trimethyl Silane,754-05-2,,C5H12Si,14.5,1.0,2.5,100.2,,,145.3,other,,hansen_a1,https://hansen-solubility.com (Hansen Handbook Appendix Table A.1),https://pubchem.ncbi.nlm.nih.gov/compound/79102,
Vinyl-2-Ethyl Hexanoate,,CCCCCC(=O)OC(C)C=C,C10H18O2,15.6,2.7,5.8,170.2,,,,other,,pang2024,https://github.com/jiayunpang/hsp_embedding,https://pubchem.ncbi.nlm.nih.gov/compound/23045345,
Vinylcyclohexane,695-12-5,C=CC1CCCCC1,,16.4,1.5,2.6,110.2,128.0,0.805,136.89440993788818,hydrocarbon,H225,mendeley,https://data.mendeley.com/datasets/b4dmjzk8w6/1,https://data.mendeley.com/datasets/b4dmjzk8w6/1,https://data.mendeley.com/datasets/b4dmjzk8w6/1
Vinylcyclopentane,3742-34-5,C=CC1CCCC1,,16.3,1.4,2.6,96.17,97.0,0.704,136.60511363636365,hydrocarbon,H225,mendeley,https://data.mendeley.com/datasets/b4dmjzk8w6/1,https://data.mendeley.com/datasets/b4dmjzk8w6/1,https://data.mendeley.com/datasets/b4dmjzk8w6/1
Vinylenecarbonate,,,,17.3,18.1,9.6,,,,86.0,ester,,hansen_a1,https://hansen-solubility.com (Hansen Handbook Appendix Table A.1),,
W321818 Trans-2-Pentenal,1576-87-0,O=C/C=C/CC,,16.51,8.06,6.15,84.1,125.0,0.86,97.7906976744186,other,H226-H315-H319-H335,mendeley,https://data.mendeley.com/datasets/b4dmjzk8w6/1,https://data.mendeley.com/datasets/b4dmjzk8w6/1,https://data.mendeley.com/datasets/b4dmjzk8w6/1
Water,7732-18-5,[H]O[H],H2O,15.5,16.0,42.3,18.02,100,1.0,18.0,inorganic,-,handbook,https://hansen-solubility.com (Hansen Handbook 2007),https://hansen-solubility.com (Hansen Handbook 2007),https://hansen-solubility.com (Hansen Handbook 2007)
Xylene,95-47-6,Cc1ccccc1C,C8H10,17.8,1.0,3.1,106.2,145.0,,,aromatic,,pang2024,https://github.com/jiayunpang/hsp_embedding,https://pubchem.ncbi.nlm.nih.gov/compound/7237,https://pubchem.ncbi.nlm.nih.gov/compound/7237
ß-Propiolactone,57-57-8,O=C1CCO1,C3H4O2,17.0,18.2,9.0,72.1,61.0,,,ester,,pang2024,https://github.com/jiayunpang/hsp_embedding,https://pubchem.ncbi.nlm.nih.gov/compound/2365,https://pubchem.ncbi.nlm.nih.gov/compound/2365
α-Angelica Lactone,591-12-8,CC1=CCC(=O)O1,,17.6,12.1,7.6,98.1,188.0,1.07,91.68224299065419,ester,-,mendeley,https://data.mendeley.com/datasets/b4dmjzk8w6/1,https://data.mendeley.com/datasets/b4dmjzk8w6/1,https://data.mendeley.com/datasets/b4dmjzk8w6/1
α-Chloro Acetophenone,532-27-4,ClCC(=O)c1ccccc1,C8H7ClO,20.0,9.6,5.7,154.6,227.8,,,ketone,,pang2024,https://github.com/jiayunpang/hsp_embedding,https://pubchem.ncbi.nlm.nih.gov/compound/10757,https://pubchem.ncbi.nlm.nih.gov/compound/10757
α-Terpinene,99-86-5,CC1=CC=C(C(C)C)CC1,,16.7,1.6,3.7,136.2,175.0,0.837,162.72401433691755,terpene,H226-H302-H304-H317-H319-H335-H411,mendeley,https://data.mendeley.com/datasets/b4dmjzk8w6/1,https://data.mendeley.com/datasets/b4dmjzk8w6/1,https://data.mendeley.com/datasets/b4dmjzk8w6/1
α-Terpinyl Acetate,8007-35-0,CC1=CCC(CC1)C(C)(C)OC(=O)C,,16.6,2.9,3.6,196.3,220.0,0.94,208.82978723404258,ester,H315-H319,mendeley,https://data.mendeley.com/datasets/b4dmjzk8w6/1,https://data.mendeley.com/datasets/b4dmjzk8w6/1,https://data.mendeley.com/datasets/b4dmjzk8w6/1
β-Ionone,79-77-6,O=C(C)/C=C/C1=C(C)CCCC1(C)C,,17.0,3.6,3.5,192.3,254.0,0.95,202.42105263157896,other,H315,mendeley,https://data.mendeley.com/datasets/b4dmjzk8w6/1,https://data.mendeley.com/datasets/b4dmjzk8w6/1,https://data.mendeley.com/datasets/b4dmjzk8w6/1
β-Ocimene,13877-91-3,CC(=CCC=C(C)C=C)C,,16.4,1.5,2.5,136.2,175.0,0.8,170.24999999999997,hydrocarbon,H226,mendeley,https://data.mendeley.com/datasets/b4dmjzk8w6/1,https://data.mendeley.com/datasets/b4dmjzk8w6/1,https://data.mendeley.com/datasets/b4dmjzk8w6/1
β-Pinene,127-91-3,C=C(CC2)C1C(C)(C)C2C1,,16.2,1.0,1.8,136.2,165.0,0.872,156.1926605504587,terpene,H226-H315-H319-H335,mendeley,https://data.mendeley.com/datasets/b4dmjzk8w6/1,https://data.mendeley.com/datasets/b4dmjzk8w6/1,https://data.mendeley.com/datasets/b4dmjzk8w6/1
β-Tetralone,530-93-8,C1CC2=CC=CC=C2CC1=O,,19.7,6.9,4.2,146.19,240.0,1.106,132.17902350813742,other,H315-H319-H335,mendeley,https://data.mendeley.com/datasets/b4dmjzk8w6/1,https://data.mendeley.com/datasets/b4dmjzk8w6/1,https://data.mendeley.com/datasets/b4dmjzk8w6/1
γ-Butyrolactone,96-48-0,O=C1CCCO1,C4H6O2,18.0,16.6,7.4,86.1,205.0,,,ester,,pang2024,https://github.com/jiayunpang/hsp_embedding,https://pubchem.ncbi.nlm.nih.gov/compound/7302,https://pubchem.ncbi.nlm.nih.gov/compound/7302
γ-Heptalactone,105-21-5,CCCC1CCC(=O)O1,,16.6,11.5,5.0,128.2,223.0,0.96,133.54166666666666,ester,H315,mendeley,https://data.mendeley.com/datasets/b4dmjzk8w6/1,https://data.mendeley.com/datasets/b4dmjzk8w6/1,https://data.mendeley.com/datasets/b4dmjzk8w6/1
γ-Hexalactone,695-06-7,CCC1CCC(=O)O1,,16.7,12.7,5.7,114.1,219.0,1.0,114.1,ester,H319,mendeley,https://data.mendeley.com/datasets/b4dmjzk8w6/1,https://data.mendeley.com/datasets/b4dmjzk8w6/1,https://data.mendeley.com/datasets/b4dmjzk8w6/1
γ-Nonalactone,104-61-0,CCCCCC1CCC(=O)O1,,16.5,10.3,4.8,156.2,243.0,0.96,162.70833333333331,ester,-,mendeley,https://data.mendeley.com/datasets/b4dmjzk8w6/1,https://data.mendeley.com/datasets/b4dmjzk8w6/1,https://data.mendeley.com/datasets/b4dmjzk8w6/1
γ-Thiobutyrolactone,1003-10-7,C1CC(=O)SC1,,19.0,6.9,6.2,102.15,233.0,1.18,86.5677966101695,ester,H302,mendeley,https://data.mendeley.com/datasets/b4dmjzk8w6/1,https://data.mendeley.com/datasets/b4dmjzk8w6/1,https://data.mendeley.com/datasets/b4dmjzk8w6/1
γ-Valerolactone,108-29-2,CC(CC1)OC1=O,,16.9,11.5,6.3,100.1,208.0,1.05,95.33333333333333,ester,H319,mendeley,https://data.mendeley.com/datasets/b4dmjzk8w6/1,https://data.mendeley.com/datasets/b4dmjzk8w6/1,https://data.mendeley.com/datasets/b4dmjzk8w6/1
