Name,dD,dP,dH,R0,duplicate,hsp_flag_dd_low,hsp_flag_dd_high,hsp_flag_dp_negative,hsp_flag_dh_negative,hsp_flag_r_large,hsp_flag_nonpolar_check,name_clean,name_type,name_synonyms,source_uncertainty,CAS,cas_final,cas_valid,cas_source,pubchem_cid,inchikey,smiles_canonical,smiles_isomeric,smiles_valid,mol_formula,mw,name_iupac,xlogp,hbd_count,hba_count,bp_c,mp_c,density_g_ml,flash_point_c,vapor_pressure_mmhg,dielectric_constant,ghs_hazard_statements,ghs_pictograms,ghs_signal_word,flag_carcinogen,flag_reproductive_toxin,flag_flammable,flag_acutely_toxic,ich_q3c_class,ich_q3c_pde_mg_day,cf_kingdom,cf_superclass,cf_class,cf_subclass,cf_direct_parent,cf_alternative_parents,cf_classification_type,url_primary,url_source,score_cas,score_name_match,score_pubchem,score_smiles,score_crossref,score_properties,confidence_score,confidence_label,verify_inchikey_mismatch,verify_cas_conflict,verify_name_inconsistency,verify_formula_mismatch,verify_hsp_outlier,verify_classyfire_consistent,already_in_database,lookup_failed,needs_manual_review,processing_notes
"1,1,1,2-Tetrachloroethane",18.0,4.4,4.2,,False,False,False,False,False,False,False,"1,1,1,2-Tetrachloroethane",systematic_chemical,,False,630-20-6,630-20-6,True,original,12418.0,QVLAWKAXOMEXPM-UHFFFAOYSA-N,ClCC(Cl)(Cl)Cl,,True,C2H2Cl4,167.8,"1,1,1,2-tetrachloroethane",2.7,0.0,0.0,130.6,,,,,,H302; H310; H318; H319; H331; H332; H351; H412; H320; H335; H341; H373; H402,Corrosive; Acute Toxic; Irritant; Health Hazard,Danger,True,False,False,True,Not listed,,Organic compounds,Organohalogen compounds,Organochlorides,,Organochlorides,Hydrocarbon derivatives; Alkyl chlorides,full_molecule,https://pubchem.ncbi.nlm.nih.gov/compound/12418,pubchem,1.0,1.0,1.0,1.0,1.0,0.75,0.988,HIGH,False,False,False,False,False,False,False,False,False,[SMILES] SMILES from CIR fallback.
"1,1,1-Trichloroethane",16.8,4.3,2.0,,False,False,False,False,False,False,False,"1,1,1-Trichloroethane",systematic_chemical,,False,71-55-6,71-55-6,True,original,6278.0,UOCLXMDMGBRAIB-UHFFFAOYSA-N,CC(Cl)(Cl)Cl,,True,C2H3Cl3,133.4,"1,1,1-trichloroethane",2.4,0.0,0.0,,,,,,,H332; H420; H225; H315; H319; H290; H320; H336; H350; H360; H370; H372; H400; H410; H335; H351; H361; H373,Irritant; Flammable; Corrosive; Health Hazard; Environmental Hazard,Warning,True,True,True,False,1,,Organic compounds,Organohalogen compounds,Organochlorides,,Organochlorides,Hydrocarbon derivatives; Alkyl chlorides,full_molecule,https://pubchem.ncbi.nlm.nih.gov/compound/6278,pubchem,1.0,1.0,1.0,1.0,1.0,0.5,0.975,HIGH,False,False,False,False,False,False,False,False,False,[SMILES] SMILES from CIR fallback.
"1,1,1-Trifluoroethane",14.6,10.0,0.0,,False,False,False,False,False,False,False,"1,1,1-Trifluoroethane",systematic_chemical,,False,420-46-2,420-46-2,True,original,9868.0,UJPMYEOUBPIPHQ-UHFFFAOYSA-N,CC(F)(F)F,,True,C2H3F3,84.04,"1,1,1-trifluoroethane",1.7,0.0,3.0,-46.7,,,,,,H220; H224; H280; H420,Flammable; Compressed Gas; Irritant,Danger,False,False,True,False,Not listed,,Organic compounds,Organohalogen compounds,Organofluorides,,Organofluorides,Hydrofluorocarbons; Hydrocarbon derivatives; Alkyl fluorides,full_molecule,https://pubchem.ncbi.nlm.nih.gov/compound/9868,pubchem,1.0,1.0,1.0,1.0,1.0,0.75,0.988,HIGH,False,False,False,False,False,False,False,False,False,[SMILES] SMILES from CIR fallback.
"1,1,2,2-Tetrabromoethane",21.0,7.0,8.2,,False,False,False,False,False,False,False,"1,1,2,2-Tetrabromoethane",systematic_chemical,,False,79-27-6,79-27-6,True,original,6588.0,QXSZNDIIPUOQMB-UHFFFAOYSA-N,BrC(Br)C(Br)Br,,True,C2H2Br4,345.65,"1,1,2,2-tetrabromoethane",3.6,0.0,0.0,243.6,-0.9,,,,,H319; H330; H412; H302; H315; H331; H335; H370; H372; H373; H320; H371,Acute Toxic; Irritant; Health Hazard,Danger,False,False,False,True,Not listed,,Organic compounds,Organohalogen compounds,Organobromides,,Organobromides,Hydrocarbon derivatives; Alkyl bromides,full_molecule,https://pubchem.ncbi.nlm.nih.gov/compound/6588,pubchem,1.0,1.0,1.0,1.0,1.0,1.0,1.0,HIGH,False,False,False,False,False,False,False,False,False,[SMILES] SMILES from CIR fallback.
"1,1,2,2-Tetrachloroethane",18.8,5.1,5.3,,False,False,False,False,False,False,False,"1,1,2,2-Tetrachloroethane",systematic_chemical,,False,79-34-5,79-34-5,True,original,6591.0,QPFMBZIOSGYJDE-UHFFFAOYSA-N,ClC(Cl)C(Cl)Cl,,True,C2H2Cl4,167.8,"1,1,2,2-tetrachloroethane",2.4,0.0,0.0,,-43.4,,,,,H310; H330; H411; H302; H350; H315; H319; H331; H335; H336; H341; H351; H370; H372; H227; H301; H401,Acute Toxic; Environmental Hazard; Irritant; Health Hazard,Danger,True,False,False,True,1,,Organic compounds,Organohalogen compounds,Organochlorides,,Organochlorides,Hydrocarbon derivatives; Alkyl chlorides,full_molecule,https://pubchem.ncbi.nlm.nih.gov/compound/6591,pubchem,1.0,1.0,1.0,1.0,1.0,0.75,0.988,HIGH,False,False,False,False,False,False,False,False,False,[SMILES] SMILES from CIR fallback.
"1,1,2,2-Tetrachloropropane",17.9,6.7,3.3,,False,False,False,False,False,False,False,"1,1,2,2-Tetrachloropropane",systematic_chemical,,False,13116-60-4,13116-60-4,True,original,83154.0,MDCBRXYTSHYYJE-UHFFFAOYSA-N,CC(Cl)(Cl)C(Cl)Cl,,True,C3H4Cl4,181.9,"1,1,2,2-tetrachloropropane",3.1,0.0,0.0,153.0,,,,,,,,,False,False,False,False,Not listed,,Organic compounds,Organohalogen compounds,Organochlorides,,Organochlorides,Hydrocarbon derivatives; Alkyl chlorides,full_molecule,https://pubchem.ncbi.nlm.nih.gov/compound/83154,pubchem,1.0,1.0,1.0,1.0,1.0,0.75,0.988,HIGH,False,False,False,False,False,False,False,False,False,[SMILES] SMILES from CIR fallback.
"1,1,2-Tribromo Ethylene",18.3,9.4,8.0,,False,False,False,False,False,False,False,"1,1,2-Tribromo Ethylene",systematic_chemical,,False,598-16-3,598-16-3,True,original,11712.0,OZVJKTHTULCNHB-UHFFFAOYSA-N,BrC=C(Br)Br,,True,C2HBr3,264.74,"1,1,2-tribromoethene",3.2,0.0,0.0,164.1,,,,,,H302; H312; H315; H319; H332; H335,Irritant,Warning,False,False,False,False,Not listed,,Organic compounds,Organohalogen compounds,Vinyl halides,Vinyl bromides,Vinyl bromides,Bromoalkenes; Organobromides; Hydrocarbon derivatives,full_molecule,https://pubchem.ncbi.nlm.nih.gov/compound/11712,pubchem,1.0,0.85,1.0,1.0,1.0,0.75,0.958,HIGH,False,False,False,False,False,False,False,False,False,[SMILES] SMILES from CIR fallback.
"1,1,2-Trichloro Propene",17.7,15.7,3.4,,False,False,False,False,False,False,False,"1,1,2-Trichloro Propene",systematic_chemical,,False,21400-25-9,21400-25-9,True,original,30616.0,LIPPKMMVZOHCIF-UHFFFAOYSA-N,CC(Cl)=C(Cl)Cl,,True,C3H3Cl3,145.41,"1,1,2-trichloroprop-1-ene",3.0,0.0,0.0,,,,,,,,,,False,False,False,False,Not listed,,Organic compounds,Organohalogen compounds,Vinyl halides,Vinyl chlorides,Vinyl chlorides,Chloroalkenes; Organochlorides; Hydrocarbon derivatives,full_molecule,https://pubchem.ncbi.nlm.nih.gov/compound/30616,pubchem,1.0,0.85,1.0,1.0,1.0,0.5,0.945,HIGH,False,False,False,False,False,False,False,False,False,[SMILES] SMILES from CIR fallback.
"1,1,2-Trichloroethane",18.2,5.3,6.8,,False,False,False,False,False,False,False,"1,1,2-Trichloroethane",systematic_chemical,,False,79-00-5,79-00-5,True,original,6574.0,UBOXGVDOUJQMTN-UHFFFAOYSA-N,ClCC(Cl)Cl,,True,C2H3Cl3,133.4,"1,1,2-trichloroethane",1.9,0.0,0.0,,-36.5,,,,,H302; H312; H332; H351; H331; H412; H315; H320; H335; H336; H370; H372; H402; H373,Irritant; Health Hazard; Acute Toxic,Warning,True,False,False,True,1,,Organic compounds,Organohalogen compounds,Organochlorides,,Organochlorides,Hydrocarbon derivatives; Alkyl chlorides,full_molecule,https://pubchem.ncbi.nlm.nih.gov/compound/6574,pubchem,1.0,1.0,1.0,1.0,1.0,0.75,0.988,HIGH,False,False,False,False,False,False,False,False,False,[SMILES] SMILES from CIR fallback.
"1,1,2-Trichlorotrifluoroethane (Freon113)",14.7,1.6,0.0,,False,False,False,False,False,False,False,"1,1,2-Trichlorotrifluoroethane",systematic_chemical,Freon113,False,76-13-1,76-13-1,True,original,6428.0,AJDIZQLSFPQPEY-UHFFFAOYSA-N,FC(F)(Cl)C(F)(Cl)Cl,,True,C2Cl3F3,187.37,"1,1,2-trichloro-1,2,2-trifluoroethane",3.2,0.0,3.0,47.8,,,,,,H319; H411; H420; H320; H336; H370; H401; H412; H335; H372; H316,Irritant; Environmental Hazard; Health Hazard,Warning,False,False,False,False,Not listed,,Organic compounds,Organohalogen compounds,Alkyl halides,Alkyl chlorides,Chlorofluorocarbons,Organofluorides; Organochlorides; Hydrocarbon derivatives; Alkyl fluorides,full_molecule,https://pubchem.ncbi.nlm.nih.gov/compound/6428,pubchem,1.0,0.85,1.0,1.0,1.0,0.75,0.958,HIGH,False,False,False,False,False,False,False,False,False,[SMILES] SMILES from CIR fallback.
"1,1,3,3-Tetramethoxypropane",15.0,7.1,6.8,,False,False,False,False,False,False,False,"1,1,3,3-Tetramethoxypropane",trivial_name,,False,102-52-3,102-52-3,True,original,66019.0,XHTYQFMRBQUCPX-UHFFFAOYSA-N,COC(CC(OC)OC)OC,,True,C7H16O4,164.2,"1,1,3,3-tetramethoxypropane",0.3,0.0,4.0,183.1,,,,,,H226; H315,Flammable; Irritant,Warning,False,False,True,False,Not listed,,Organic compounds,Organic oxygen compounds,Organooxygen compounds,Ethers,Acetals,Hydrocarbon derivatives,full_molecule,https://pubchem.ncbi.nlm.nih.gov/compound/66019,pubchem,1.0,1.0,1.0,1.0,1.0,0.75,0.988,HIGH,False,False,False,False,False,False,False,False,False,[SMILES] SMILES from CIR fallback.
"1,1-Diallyloxyethane",15.4,5.1,4.8,,False,False,False,False,False,False,False,"1,1-Diallyloxyethane",trivial_name,,False,20682-69-3,20682-69-3,True,original,225379.0,XFJWHICSGRNOKN-UHFFFAOYSA-N,CC(OCC=C)OCC=C,,True,C8H14O2,142.2,3-(1-prop-2-enoxyethoxy)prop-1-ene,1.7,0.0,2.0,,,,,,,,,,False,False,False,False,Not listed,,Organic compounds,Organic oxygen compounds,Organooxygen compounds,Ethers,Acetals,Hydrocarbon derivatives,full_molecule,https://pubchem.ncbi.nlm.nih.gov/compound/225379,pubchem,1.0,0.85,1.0,1.0,1.0,0.5,0.945,HIGH,False,False,False,False,False,False,False,False,False,[SMILES] SMILES from CIR fallback.
"1,1-Dibromoethane",18.5,8.4,8.8,,False,False,False,False,False,False,False,"1,1-Dibromoethane",systematic_chemical,,False,557-91-5,557-91-5,True,original,11201.0,APQIUTYORBAGEZ-UHFFFAOYSA-N,CC(Br)Br,,True,C2H4Br2,187.86,"1,1-dibromoethane",2.3,0.0,0.0,109.5,,,,,,H301; H302; H311; H312; H315; H319; H331; H332; H335; H351,Acute Toxic; Irritant; Health Hazard,Danger,True,False,False,True,Not listed,,Organic compounds,Organohalogen compounds,Organobromides,,Organobromides,Hydrocarbon derivatives; Alkyl bromides,full_molecule,https://pubchem.ncbi.nlm.nih.gov/compound/11201,pubchem,1.0,1.0,1.0,1.0,1.0,0.75,0.988,HIGH,False,False,False,False,False,False,False,False,False,[SMILES] SMILES from CIR fallback.
"1,1-Dibromoethylene",16.2,4.8,7.0,,False,False,False,False,False,False,False,"1,1-Dibromoethylene",systematic_chemical,,False,593-92-0,593-92-0,True,original,11652.0,IWHJPYXAFGKABF-UHFFFAOYSA-N,BrC(Br)=C,,True,C2H2Br2,185.85,"1,1-dibromoethene",2.4,0.0,0.0,92.1,,,,,,,,,False,False,False,False,Not listed,,Organic compounds,Organic oxygen compounds,Organooxygen compounds,Ketene acetals,Ketene acetals,Vinyl bromides; Bromoalkenes; Organobromides; Hydrocarbon derivatives,full_molecule,https://pubchem.ncbi.nlm.nih.gov/compound/11652,pubchem,1.0,0.85,1.0,1.0,1.0,0.75,0.958,HIGH,False,False,False,False,False,False,False,False,False,[SMILES] SMILES from CIR fallback.
"1,1-Dichloro-1-Nitroethane",16.8,12.1,4.3,,False,False,False,False,False,False,False,"1,1-Dichloro-1-Nitroethane",systematic_chemical,,False,594-72-9,594-72-9,True,original,11674.0,OQOGEOLRYAOSKO-UHFFFAOYSA-N,CC(Cl)(Cl)[N+]([O-])=O,,True,C2H3Cl2NO2,143.95,"1,1-dichloro-1-nitroethane",1.6,0.0,2.0,123.6,,,,,,H301; H311; H331; H226; H302; H315; H370,Acute Toxic; Flammable; Irritant; Health Hazard,Danger,False,False,True,True,Not listed,,Organic compounds,"Organic 1,3-dipolar compounds","Allyl-type 1,3-dipolar organic compounds",Organic nitro compounds,C-nitro compounds,"Propargyl-type 1,3-dipolar organic compounds; Organic oxoazanium compounds; Organopnictogen compounds; Organonitrogen compounds; Organochlorides; Organic oxides; Hydrocarbon derivatives; Alkyl chlorides",full_molecule,https://pubchem.ncbi.nlm.nih.gov/compound/11674,pubchem,1.0,1.0,1.0,1.0,1.0,0.75,0.988,HIGH,False,False,False,False,False,False,False,False,False,[SMILES] SMILES from CIR fallback.
"1,1-Dichloroacetone",17.1,7.6,5.4,,False,False,False,False,False,False,False,"1,1-Dichloroacetone",systematic_chemical,,False,513-88-2,513-88-2,True,original,10567.0,CSVFWMMPUJDVKH-UHFFFAOYSA-N,CC(=O)C(Cl)Cl,,True,C3H4Cl2O,126.97,"1,1-dichloropropan-2-one",1.3,0.0,1.0,120.1,,,,,,H226; H301; H302; H314; H318; H319; H400; H410,Flammable; Corrosive; Acute Toxic; Irritant; Environmental Hazard,Danger,False,False,True,True,Not listed,,Organic compounds,Organic oxygen compounds,Organooxygen compounds,Carbonyl compounds,Alpha-chloroketones,Organochlorides; Organic oxides; Hydrocarbon derivatives; Alkyl chlorides,full_molecule,https://pubchem.ncbi.nlm.nih.gov/compound/10567,pubchem,1.0,0.85,1.0,1.0,1.0,0.75,0.958,HIGH,False,False,False,False,False,False,False,False,False,[SMILES] SMILES from CIR fallback.
"1,1-Dichloroethane",16.5,7.8,3.0,,False,False,False,False,False,False,False,"1,1-Dichloroethane",systematic_chemical,,False,75-34-3,75-34-3,True,original,6365.0,SCYULBFZEHDVBN-UHFFFAOYSA-N,CC(Cl)Cl,,True,C2H4Cl2,98.96,"1,1-dichloroethane",1.9,0.0,0.0,,-96.6,,,,,H225; H302; H319; H335; H412; H332; H315; H336; H341; H370; H402; H411; H333; H373,Flammable; Irritant; Health Hazard; Environmental Hazard,Danger,False,False,True,False,Not listed,,Organic compounds,Organohalogen compounds,Organochlorides,,Organochlorides,Hydrocarbon derivatives; Alkyl chlorides,full_molecule,https://pubchem.ncbi.nlm.nih.gov/compound/6365,pubchem,1.0,1.0,1.0,1.0,1.0,0.75,0.988,HIGH,False,False,False,False,False,False,False,False,False,[SMILES] SMILES from CIR fallback.
"1,1-Dichloroethylene",16.4,5.2,2.4,,False,False,False,False,False,False,False,"1,1-Dichloroethylene",systematic_chemical,,False,75-35-4,75-35-4,True,original,6366.0,LGXVIGDEPROXKC-UHFFFAOYSA-N,ClC(Cl)=C,,True,C2H2Cl2,96.94,"1,1-dichloroethene",2.3,0.0,0.0,31.4,,,,,,H224; H332; H351; H302; H319; H372; H412; H341; H350; H401; H336; H361; H370; H305; H331; H373; H301; H315,Flammable; Irritant; Health Hazard; Acute Toxic,Danger,True,True,True,True,1,,Organic compounds,Organic oxygen compounds,Organooxygen compounds,Ketene acetals,Ketene acetals,Vinyl chlorides; Chloroalkenes; Organochlorides; Hydrocarbon derivatives,full_molecule,https://pubchem.ncbi.nlm.nih.gov/compound/6366,pubchem,1.0,0.85,1.0,1.0,1.0,0.75,0.958,HIGH,False,False,False,False,False,False,False,False,False,[SMILES] SMILES from CIR fallback.
"1,1-Dichloropropane",16.1,7.8,3.5,,False,False,False,False,False,False,False,"1,1-Dichloropropane",systematic_chemical,,False,78-99-9,78-99-9,True,original,6573.0,WIHMGGWNMISDNJ-UHFFFAOYSA-N,CCC(Cl)Cl,,True,C3H6Cl2,112.98,"1,1-dichloropropane",2.5,0.0,0.0,88.1,,,,,,H225; H315; H319; H332; H335; H351; H402; H412,Flammable; Irritant; Health Hazard,Danger,True,False,True,False,Not listed,,Organic compounds,Organohalogen compounds,Organochlorides,,Organochlorides,Hydrocarbon derivatives; Alkyl chlorides,full_molecule,https://pubchem.ncbi.nlm.nih.gov/compound/6573,pubchem,1.0,1.0,1.0,1.0,1.0,0.75,0.988,HIGH,False,False,False,False,False,False,False,False,False,[SMILES] SMILES from CIR fallback.
"1,1-Dichloropropene",16.9,6.7,2.9,,False,False,False,False,False,False,False,"1,1-Dichloropropene",systematic_chemical,,False,563-58-6,563-58-6,True,original,11245.0,ZAIDIVBQUMFXEC-UHFFFAOYSA-N,CC=C(Cl)Cl,,True,C3H4Cl2,110.97,"1,1-dichloroprop-1-ene",2.6,0.0,0.0,76.6,,,,,,H225; H301; H412,Flammable; Acute Toxic,Danger,False,False,True,True,Not listed,,Organic compounds,Organic oxygen compounds,Organooxygen compounds,Ketene acetals,Ketene acetals,Vinyl chlorides; Chloroalkenes; Organochlorides; Hydrocarbon derivatives,full_molecule,https://pubchem.ncbi.nlm.nih.gov/compound/11245,pubchem,1.0,0.85,1.0,1.0,1.0,0.75,0.958,HIGH,False,False,False,False,False,False,False,False,False,[SMILES] SMILES from CIR fallback.
"1,1-Diethoxy Butane",15.4,4.9,4.6,,False,False,False,False,False,False,False,"1,1-Diethoxy Butane",trivial_name,,False,3658-95-5,3658-95-5,True,original,77225.0,UVHXZFGCCJLFMX-UHFFFAOYSA-N,CCCC(OCC)OCC,,True,C8H18O2,146.23,"1,1-diethoxybutane",2.1,0.0,2.0,143.1,,,,,,H225; H226; H315; H317; H319,Flammable; Irritant,Danger,False,False,True,False,Not listed,,Organic compounds,Organic oxygen compounds,Organooxygen compounds,Ethers,Acetals,Hydrocarbon derivatives,full_molecule,https://pubchem.ncbi.nlm.nih.gov/compound/77225,pubchem,1.0,0.85,1.0,1.0,1.0,0.75,0.958,HIGH,False,False,False,False,False,False,False,False,False,[SMILES] SMILES from CIR fallback.
"1,1-Diethoxy Ethane",15.0,3.4,4.0,,False,False,False,False,False,False,False,"1,1-Diethoxy Ethane",trivial_name,,False,105-57-7,105-57-7,True,original,7765.0,DHKHKXVYLBGOIT-UHFFFAOYSA-N,CCOC(C)OCC,,True,C6H14O2,118.17,"1,1-diethoxyethane",0.8,0.0,2.0,,,,,,,H225; H315; H319; H318; H320; H335; H336,Flammable; Irritant; Corrosive,Danger,False,False,True,False,Not listed,,Organic compounds,Organic oxygen compounds,Organooxygen compounds,Ethers,Acetals,Hydrocarbon derivatives,full_molecule,https://pubchem.ncbi.nlm.nih.gov/compound/7765,pubchem,1.0,0.85,1.0,1.0,1.0,0.5,0.945,HIGH,False,False,False,False,False,False,False,False,False,[SMILES] SMILES from CIR fallback.
"1,1-Difluoroethane",14.9,9.3,2.9,,False,False,False,False,False,False,False,"1,1-Difluoroethane",systematic_chemical,,False,75-37-6,75-37-6,True,original,6368.0,NPNPZTNLOVBDOC-UHFFFAOYSA-N,CC(F)F,,True,C2H4F2,66.05,"1,1-difluoroethane",1.4,0.0,2.0,-24.7,,,,,,H220; H280; H336,Flammable; Compressed Gas; Irritant,Danger,False,False,False,False,Not listed,,Organic compounds,Organohalogen compounds,Organofluorides,,Organofluorides,Hydrofluorocarbons; Hydrocarbon derivatives; Alkyl fluorides,full_molecule,https://pubchem.ncbi.nlm.nih.gov/compound/6368,pubchem,1.0,1.0,1.0,1.0,1.0,0.75,0.988,HIGH,False,False,False,False,False,False,False,False,False,[SMILES] SMILES from CIR fallback.
"1,1-Difluoroethylene",15.0,5.7,3.6,,False,False,False,False,False,False,False,"1,1-Difluoroethylene",systematic_chemical,,False,75-38-7,75-38-7,True,original,6369.0,BQCIDUSAKPWEOX-UHFFFAOYSA-N,FC(F)=C,,True,C2H2F2,64.03,"1,1-difluoroethene",1.3,0.0,2.0,-82.9,,,,,,H220; H230; H280; H340; H350; H336,Flammable; Compressed Gas; Health Hazard; Irritant,Danger,True,False,False,False,Not listed,,Organic compounds,Organic oxygen compounds,Organooxygen compounds,Ketene acetals,Ketene acetals,Vinyl fluorides; Fluoroalkenes; Organofluorides; Hydrofluorocarbons; Hydrocarbon derivatives,full_molecule,https://pubchem.ncbi.nlm.nih.gov/compound/6369,pubchem,1.0,0.85,1.0,1.0,1.0,0.75,0.958,HIGH,False,False,False,False,False,False,False,False,False,[SMILES] SMILES from CIR fallback.
"1,1-Dimethoxy Ethane",15.1,4.9,4.9,,False,False,False,False,False,False,False,"1,1-Dimethoxy Ethane",trivial_name,,False,534-15-6,534-15-6,True,original,10795.0,SPEUIVXLLWOEMJ-UHFFFAOYSA-N,COC(C)OC,,True,C4H10O2,90.12,"1,1-dimethoxyethane",0.5,0.0,2.0,62.9,,,,,,H225,Flammable,Danger,False,False,True,False,Not listed,,Organic compounds,Organic oxygen compounds,Organooxygen compounds,Ethers,Acetals,Hydrocarbon derivatives,full_molecule,https://pubchem.ncbi.nlm.nih.gov/compound/10795,pubchem,1.0,0.85,1.0,1.0,1.0,0.75,0.958,HIGH,False,False,False,False,False,False,False,False,False,[SMILES] SMILES from CIR fallback.
"1,1-Dimethyl Hydrazine",15.3,5.9,11.0,,False,False,False,False,False,False,False,"1,1-Dimethyl Hydrazine",systematic_chemical,,False,57-14-7,57-14-7,True,original,5976.0,RHUYHJGZWVXEHW-UHFFFAOYSA-N,CN(C)N,,True,C2H8N2,60.1,"1,1-dimethylhydrazine",-0.5,1.0,2.0,64.0,-57.1,,,,,H225; H301; H314; H331; H350; H411; H311; H335; H317; H312; H315; H319; H330; H341; H351; H370; H372; H340; H361,Flammable; Corrosive; Acute Toxic; Health Hazard; Environmental Hazard; Irritant,Danger,True,True,True,True,Not listed,,Organic compounds,Organic nitrogen compounds,Organonitrogen compounds,Hydrazines and derivatives,Alkylhydrazines,Organopnictogen compounds; Hydrocarbon derivatives,full_molecule,https://pubchem.ncbi.nlm.nih.gov/compound/5976,pubchem,1.0,0.85,1.0,1.0,1.0,1.0,0.97,HIGH,False,False,False,False,False,False,False,False,False,[SMILES] SMILES from CIR fallback.
"1,2,3,4-Tetramethylbenzene",18.8,0.5,0.5,,False,False,False,False,False,False,True,"1,2,3,4-Tetramethylbenzene",systematic_chemical,,False,488-23-3,488-23-3,True,original,10263.0,UOHMMEJUHBCKEE-UHFFFAOYSA-N,Cc1ccc(C)c(C)c1C,,True,C10H14,134.22,"1,2,3,4-tetramethylbenzene",4.0,0.0,0.0,,-6.4,,,,,H315; H319; H335,Irritant,Warning,False,False,False,False,Not listed,,Organic compounds,Benzenoids,Benzene and substituted derivatives,,Benzene and substituted derivatives,Aromatic hydrocarbons; Unsaturated hydrocarbons,full_molecule,https://pubchem.ncbi.nlm.nih.gov/compound/10263,pubchem,1.0,1.0,1.0,1.0,1.0,0.75,0.988,HIGH,False,False,False,False,False,False,False,False,False,[SMILES] SMILES from CIR fallback.
"1,2,3,5-Tetramethylbenzene",18.6,0.5,0.5,,False,False,False,False,False,False,True,"1,2,3,5-Tetramethylbenzene",systematic_chemical,,False,527-53-7,527-53-7,True,original,10695.0,BFIMMTCNYPIMRN-UHFFFAOYSA-N,Cc1cc(C)c(C)c(C)c1,,True,C10H14,134.22,"1,2,3,5-tetramethylbenzene",4.0,0.0,0.0,,,,,,,H315; H319,Irritant,Warning,False,False,False,False,Not listed,,Organic compounds,Benzenoids,Benzene and substituted derivatives,,Benzene and substituted derivatives,Aromatic hydrocarbons; Unsaturated hydrocarbons,full_molecule,https://pubchem.ncbi.nlm.nih.gov/compound/10695,pubchem,1.0,1.0,1.0,1.0,1.0,0.5,0.975,HIGH,False,False,False,False,False,False,False,False,False,[SMILES] SMILES from CIR fallback.
"1,2,3-Benzotriazole",18.7,15.6,12.4,,False,False,False,False,False,False,False,"1,2,3-Benzotriazole",trivial_name,,False,95-14-7,95-14-7,True,original,7220.0,QRUDEWIWKLJBPS-UHFFFAOYSA-N,[nH]1nnc2ccccc12,,True,C6H5N3,119.12,2H-benzotriazole,1.0,1.0,2.0,,,,,,,H411; H302; H319; H332; H412; H336; H371; H402,Environmental Hazard; Irritant; Health Hazard,Warning,False,False,False,False,Not listed,,Organic compounds,Organoheterocyclic compounds,Benzotriazoles,,Benzotriazoles,Benzenoids; Triazoles; Heteroaromatic compounds; Azacyclic compounds; Organopnictogen compounds; Organonitrogen compounds; Hydrocarbon derivatives,full_molecule,https://pubchem.ncbi.nlm.nih.gov/compound/7220,pubchem,1.0,0.85,1.0,1.0,1.0,0.5,0.945,HIGH,False,False,False,False,False,False,False,False,False,[SMILES] SMILES from CIR fallback.
"1,2,3-Triazole",20.7,8.8,15.0,,False,False,False,False,False,False,False,"1,2,3-Triazole",trivial_name,,False,288-36-8,288-36-8,True,original,67516.0,QWENRTYMTSOGBR-UHFFFAOYSA-N,[nH]1ccnn1,,True,C2H3N3,69.07,2H-triazole,-0.3,1.0,2.0,,,,,,,H315; H319; H335,Irritant,Warning,False,False,False,False,Not listed,,Organic compounds,Organoheterocyclic compounds,Azoles,Triazoles,Triazoles,Heteroaromatic compounds; Azacyclic compounds; Organopnictogen compounds; Organonitrogen compounds; Hydrocarbon derivatives,full_molecule,https://pubchem.ncbi.nlm.nih.gov/compound/67516,pubchem,1.0,0.85,1.0,1.0,1.0,0.5,0.945,HIGH,False,False,False,False,False,False,False,False,False,[SMILES] SMILES from CIR fallback.
"1,2,3-Trichloro Propene",17.8,7.8,3.4,,False,False,False,False,False,False,False,"1,2,3-Trichloro Propene",systematic_chemical,,False,96-19-5,96-19-5,True,original,7286.0,HIILBTHBHCLUER-UHFFFAOYSA-N,ClCC(Cl)=CCl,,True,C3H3Cl3,145.41,"1,2,3-trichloroprop-1-ene",2.2,0.0,0.0,,,,,,,H227; H301; H302; H311; H315; H319; H330; H331; H335,Acute Toxic; Irritant,Danger,False,False,False,True,Not listed,,Organic compounds,Organohalogen compounds,Vinyl halides,Vinyl chlorides,Vinyl chlorides,Chloroalkenes; Organochlorides; Hydrocarbon derivatives; Alkyl chlorides,full_molecule,https://pubchem.ncbi.nlm.nih.gov/compound/7286,pubchem,1.0,0.85,1.0,1.0,1.0,0.5,0.945,HIGH,False,False,False,False,False,False,False,False,False,[SMILES] SMILES from CIR fallback.
"1,2,3-Trichloropropane",17.8,12.3,3.4,,False,False,False,False,False,False,False,"1,2,3-Trichloropropane",systematic_chemical,,False,96-18-4,96-18-4,True,original,7285.0,CFXQEHVMCRXUSD-UHFFFAOYSA-N,ClCC(Cl)CCl,,True,C3H5Cl3,147.43,"1,2,3-trichloropropane",1.8,0.0,0.0,,-13.8,,,,,H302; H312; H332; H350; H360; H301; H311; H319; H331; H341; H372; H373; H411; H227; H330; H335; H370; H401; H336; H371,Irritant; Health Hazard; Acute Toxic; Environmental Hazard,Danger,True,True,False,True,Not listed,,Organic compounds,Organohalogen compounds,Organochlorides,,Organochlorides,Hydrocarbon derivatives; Alkyl chlorides,full_molecule,https://pubchem.ncbi.nlm.nih.gov/compound/7285,pubchem,1.0,1.0,1.0,1.0,1.0,0.75,0.988,HIGH,False,False,False,False,False,False,False,False,False,[SMILES] SMILES from CIR fallback.
"1,2,4,5-Tetrachlorobenzene",21.2,10.7,3.4,,False,False,False,False,False,False,False,"1,2,4,5-Tetrachlorobenzene",systematic_chemical,,False,95-94-3,95-94-3,True,original,7270.0,JHBKHLUZVFWLAG-UHFFFAOYSA-N,Clc1cc(Cl)c(Cl)cc1Cl,,True,C6H2Cl4,215.9,"1,2,4,5-tetrachlorobenzene",4.6,0.0,0.0,243.1,139.1,,,,,H302; H315; H319; H335; H400; H410; H336; H361; H362; H372; H373,Irritant; Environmental Hazard; Health Hazard,Warning,False,True,False,False,Not listed,,Organic compounds,Benzenoids,Benzene and substituted derivatives,Halobenzenes,Chlorobenzenes,Aryl chlorides; Organochlorides; Hydrocarbon derivatives,full_molecule,https://pubchem.ncbi.nlm.nih.gov/compound/7270,pubchem,1.0,1.0,1.0,1.0,1.0,1.0,1.0,HIGH,False,False,False,False,False,False,False,False,False,[SMILES] SMILES from CIR fallback.
"1,2,4-Trichlorobenzene",20.2,4.2,3.2,,False,False,False,False,False,False,False,"1,2,4-Trichlorobenzene",systematic_chemical,,False,120-82-1,120-82-1,True,original,13.0,PBKONEOXTCPAFI-UHFFFAOYSA-N,Clc1ccc(Cl)c(Cl)c1,,True,C6H3Cl3,181.4,"1,2,4-trichlorobenzene",4.0,0.0,0.0,213.6,16.6,,,,,H302; H315; H400; H410; H319; H335; H336; H351; H373; H316,Irritant; Environmental Hazard; Health Hazard,Warning,True,False,False,False,Not listed,,Organic compounds,Benzenoids,Benzene and substituted derivatives,Halobenzenes,Chlorobenzenes,Aryl chlorides; Organochlorides; Hydrocarbon derivatives,full_molecule,https://pubchem.ncbi.nlm.nih.gov/compound/13,pubchem,1.0,1.0,1.0,1.0,1.0,1.0,1.0,HIGH,False,False,False,False,False,False,False,False,False,[SMILES] SMILES from CIR fallback.
"1,2-Butadiene",15.0,1.7,6.2,,False,False,False,False,False,False,False,"1,2-Butadiene",trivial_name,,False,590-19-2,590-19-2,True,original,11535.0,QNRMTGGDHLBXQZ-UHFFFAOYSA-N,C[CH]=[C]=[CH2],,True,C4H6,54.09,"buta-1,2-diene",1.0,0.0,0.0,10.9,-136.2,,,,,H220; H224; H280; H411,Flammable; Compressed Gas; Environmental Hazard,Danger,False,False,True,False,Not listed,,Organic compounds,Allenes,Acyclic allenes,,Acyclic allenes,Unsaturated aliphatic hydrocarbons,full_molecule,https://pubchem.ncbi.nlm.nih.gov/compound/11535,pubchem,1.0,0.85,1.0,1.0,1.0,1.0,0.97,HIGH,False,False,False,False,False,False,False,False,False,[SMILES] SMILES from CIR fallback.
"1,2-Chlorobromoethylene",17.2,6.6,2.3,,False,False,False,False,False,False,False,"1,2-Chlorobromoethylene",systematic_chemical,,False,,,False,,,,,,False,,,,,,,,,,,,,,,,False,False,False,False,Not listed,,,,,,,,,,,0.0,0.3,0.0,0.0,0.0,0.0,0.06,LOW,False,False,False,False,False,False,False,True,True,[CAS] Excel parsed CAS as date: '3018-09-05 00:00:00' — treating as missing. | [CAS] Not found by any method.
"1,2-Cyclohexanediol",17.4,9.8,18.3,,False,False,False,False,False,False,False,"1,2-Cyclohexanediol",trivial_name,,False,931-17-9,931-17-9,True,original,13601.0,PFURGBBHAOXLIO-UHFFFAOYSA-N,OC1CCCCC1O,,True,C6H12O2,116.16,"cyclohexane-1,2-diol",0.2,2.0,2.0,,,,,,,H315; H319; H335,Irritant,Warning,False,False,False,False,Not listed,,Organic compounds,Organic oxygen compounds,Organooxygen compounds,Alcohols and polyols,Cyclohexanols,"Cyclic alcohols and derivatives; 1,2-diols; Hydrocarbon derivatives",full_molecule,https://pubchem.ncbi.nlm.nih.gov/compound/13601,pubchem,1.0,0.85,1.0,1.0,1.0,0.5,0.945,HIGH,False,False,False,False,False,False,False,False,False,[SMILES] SMILES from CIR fallback.
"1,2-Cyclohexanedione",18.6,10.3,8.0,,False,False,False,False,False,False,False,"1,2-Cyclohexanedione",trivial_name,,False,765-87-7,765-87-7,True,original,13006.0,OILAIQUEIWYQPH-UHFFFAOYSA-N,O=C1CCCCC1=O,,True,C6H8O2,112.13,"cyclohexane-1,2-dione",-0.1,0.0,2.0,194.1,,,,,,H302; H315; H319; H335,Irritant,Warning,False,False,False,False,Not listed,,Organic compounds,Organic oxygen compounds,Organooxygen compounds,Carbonyl compounds,Cyclic ketones,Organic oxides; Hydrocarbon derivatives,full_molecule,https://pubchem.ncbi.nlm.nih.gov/compound/13006,pubchem,1.0,0.85,1.0,1.0,1.0,0.75,0.958,HIGH,False,False,False,False,False,False,False,False,False,[SMILES] SMILES from CIR fallback.
"1,2-Dibromoethylene",17.0,4.9,3.0,,False,False,False,False,False,False,False,"1,2-Dibromoethylene",systematic_chemical,,False,540-49-8,540-49-8,True,original,10897.0,UWTUEMKLYAGTNQ-UHFFFAOYSA-N,BrC=CBr,,True,C2H2Br2,185.85,"1,2-dibromoethene",1.9,0.0,0.0,111.9,9.9,,,,,H301; H315; H319; H335,Acute Toxic; Irritant,Danger,False,False,False,True,Not listed,,Organic compounds,Organohalogen compounds,Vinyl halides,Vinyl bromides,Vinyl bromides,Bromoalkenes; Organobromides; Hydrocarbon derivatives,full_molecule,https://pubchem.ncbi.nlm.nih.gov/compound/10897,pubchem,1.0,0.85,1.0,1.0,1.0,1.0,0.97,HIGH,False,False,False,False,False,False,False,False,False,[SMILES] SMILES from CIR fallback.
"1,2-Dichloroethylene (Cis)",17.0,8.0,3.2,,False,False,False,False,False,False,False,"1,2-Dichloroethylene",systematic_chemical,Cis,False,156-59-2,156-59-2,True,original,643833.0,KFUSEUYYWQURPO-UPHRSURJSA-N,ClC=CCl,,True,C2H2Cl2,96.94,"(Z)-1,2-dichloroethene",1.9,0.0,0.0,60.4,-80.1,,,,,H225; H332; H412; H315; H319; H336; H402; H341; H373,Flammable; Irritant; Health Hazard,Danger,False,False,True,False,Not listed,,Organic compounds,Organohalogen compounds,Vinyl halides,Vinyl chlorides,Vinyl chlorides,Chloroalkenes; Organochlorides; Hydrocarbon derivatives,full_molecule,https://pubchem.ncbi.nlm.nih.gov/compound/643833,pubchem,1.0,0.85,1.0,1.0,1.0,1.0,0.97,HIGH,True,False,False,False,False,False,False,False,False,[SMILES] SMILES from CIR fallback.
"1,2-Dichloropropane",17.3,7.1,2.9,,False,False,False,False,False,False,False,"1,2-Dichloropropane",systematic_chemical,,False,78-87-5,78-87-5,True,original,6564.0,KNKRKFALVUDBJE-UHFFFAOYSA-N,CC(Cl)CCl,,True,C3H6Cl2,112.98,"1,2-dichloropropane",1.8,0.0,0.0,,-100.4,,,,,H225; H302; H332; H350; H331; H317; H319; H336; H341; H361; H370; H372; H373; H401; H411; H315; H335; H351; H316,Flammable; Irritant; Health Hazard; Acute Toxic; Environmental Hazard,Danger,True,True,True,True,Not listed,,Organic compounds,Organohalogen compounds,Organochlorides,,Organochlorides,Hydrocarbon derivatives; Alkyl chlorides,full_molecule,https://pubchem.ncbi.nlm.nih.gov/compound/6564,pubchem,1.0,1.0,1.0,1.0,1.0,0.75,0.988,HIGH,False,False,False,False,False,False,False,False,False,[SMILES] SMILES from CIR fallback.
"1,2-Dichloropropene (Cis)",17.0,8.5,2.9,,False,False,False,False,False,False,False,"1,2-Dichloropropene",systematic_chemical,Cis,False,6923-20-2,6923-20-2,True,original,5463459.0,PPKPKFIWDXDAGC-IHWYPQMZSA-N,CC(Cl)=CCl,,True,C3H4Cl2,110.97,"(Z)-1,2-dichloroprop-1-ene",2.1,0.0,0.0,,,,,,,,,,False,False,False,False,Not listed,,Organic compounds,Organohalogen compounds,Vinyl halides,Vinyl chlorides,Vinyl chlorides,Chloroalkenes; Organochlorides; Hydrocarbon derivatives,full_molecule,https://pubchem.ncbi.nlm.nih.gov/compound/5463459,pubchem,1.0,0.85,1.0,1.0,1.0,0.5,0.945,HIGH,True,False,False,False,False,False,False,False,False,[SMILES] SMILES from CIR fallback.
"1,2-Dichlorotetrafluoroethane (Freon 114)",12.6,1.8,0.0,,False,False,False,False,False,False,False,"1,2-Dichlorotetrafluoroethane",systematic_chemical,Freon 114,False,76-14-2,76-14-2,True,original,6429.0,DDMOUSALMHHKOS-UHFFFAOYSA-N,FC(F)(Cl)C(F)(F)Cl,,True,C2Cl2F4,170.92,"1,2-dichloro-1,1,2,2-tetrafluoroethane",2.8,0.0,4.0,3.8,,,,,,H280; H420; H335; H336; H370,Compressed Gas; Irritant; Health Hazard,Warning,False,False,False,False,Not listed,,Organic compounds,Organohalogen compounds,Alkyl halides,Alkyl chlorides,Chlorofluorocarbons,Organofluorides; Organochlorides; Hydrocarbon derivatives; Alkyl fluorides,full_molecule,https://pubchem.ncbi.nlm.nih.gov/compound/6429,pubchem,1.0,0.85,1.0,1.0,1.0,0.75,0.958,HIGH,False,False,False,False,False,False,False,False,False,[SMILES] SMILES from CIR fallback.
"1,2-Dichlorovinyl Ethyl Ether",16.9,10.5,6.0,,False,False,False,False,False,False,False,"1,2-Dichlorovinyl Ethyl Ether",systematic_chemical,,False,42345-82-4,42345-82-4,True,original,53440473.0,CIVPSPVLMYVHNC-UHFFFAOYSA-N,CCOC(Cl)=CCl,,True,C4H6Cl2O,140.99,"1,2-dichloro-1-ethoxyethene",2.3,0.0,1.0,,,,,,,,,,False,False,False,False,Not listed,,Organic compounds,Organohalogen compounds,Vinyl halides,Vinyl chlorides,Vinyl chlorides,Chloroalkenes; Organooxygen compounds; Organochlorides; Hydrocarbon derivatives,full_molecule,https://pubchem.ncbi.nlm.nih.gov/compound/53440473,pubchem,1.0,0.85,1.0,1.0,1.0,0.5,0.945,HIGH,False,False,False,False,False,False,False,False,False,[SMILES] SMILES from CIR fallback.
"1,2-Diethyl Benzene",17.7,0.1,1.0,,False,False,False,False,False,False,False,"1,2-Diethyl Benzene",systematic_chemical,,False,135-01-3,135-01-3,True,original,8657.0,KVNYFPKFSJIPBJ-UHFFFAOYSA-N,CCc1ccccc1CC,,True,C10H14,134.22,"1,2-diethylbenzene",3.7,0.0,0.0,,-31.4,,,,,H226; H304; H315; H319; H335; H411; H412; H373,Flammable; Irritant; Health Hazard; Environmental Hazard,Danger,False,False,True,False,Not listed,,Organic compounds,Benzenoids,Benzene and substituted derivatives,,Benzene and substituted derivatives,Aromatic hydrocarbons; Unsaturated hydrocarbons,full_molecule,https://pubchem.ncbi.nlm.nih.gov/compound/8657,pubchem,1.0,0.85,1.0,1.0,1.0,0.75,0.958,HIGH,False,False,False,False,False,False,False,False,False,[SMILES] SMILES from CIR fallback.
"1,2-Dihydroxybenzene (Catechol)",20.0,11.3,21.8,,False,False,False,False,False,False,False,"1,2-Dihydroxybenzene",systematic_chemical,Catechol,False,120-80-9,120-80-9,True,original,289.0,YCIMNLLNPGFGHC-UHFFFAOYSA-N,Oc1ccccc1O,,True,C6H6O2,110.11,"benzene-1,2-diol",0.9,2.0,2.0,245.6,,,,,,H301; H311; H315; H319; H341; H350; H302; H312; H317; H412; H318; H335; H351; H361; H370; H401; H314; H372; H373; H332,Acute Toxic; Health Hazard; Irritant; Corrosive,Danger,True,True,False,True,Not listed,,Organic compounds,Benzenoids,Phenols,Benzenediols,Catechols,1-hydroxy-4-unsubstituted benzenoids; 1-hydroxy-2-unsubstituted benzenoids; Benzene and substituted derivatives; Organooxygen compounds; Hydrocarbon derivatives,full_molecule,https://pubchem.ncbi.nlm.nih.gov/compound/289,pubchem,1.0,0.85,1.0,1.0,1.0,0.75,0.958,HIGH,False,False,False,False,False,False,False,False,False,[SMILES] SMILES from CIR fallback.
"1,2-Dimethoxybenzene",19.2,4.4,9.4,,False,False,False,False,False,False,False,"1,2-Dimethoxybenzene",systematic_chemical,,False,91-16-7,91-16-7,True,original,7043.0,ABDKAPXRBAPSQN-UHFFFAOYSA-N,COc1ccccc1OC,,True,C8H10O2,138.16,"1,2-dimethoxybenzene",1.6,0.0,2.0,206.1,22.5,,,,,H302; H371,Irritant; Health Hazard,Warning,False,False,False,False,Not listed,,Organic compounds,Benzenoids,Benzene and substituted derivatives,Methoxybenzenes,Dimethoxybenzenes,Phenoxy compounds; Anisoles; Alkyl aryl ethers; Hydrocarbon derivatives,full_molecule,https://pubchem.ncbi.nlm.nih.gov/compound/7043,pubchem,1.0,1.0,1.0,1.0,1.0,1.0,1.0,HIGH,False,False,False,False,False,False,False,False,False,[SMILES] SMILES from CIR fallback.
"1,2-Dinitrobenzene",20.6,11.6,3.9,,False,False,False,False,False,False,False,"1,2-Dinitrobenzene",systematic_chemical,,False,528-29-0,528-29-0,True,original,10707.0,IZUKQUVSCNEFMJ-UHFFFAOYSA-N,[O-][N+](=O)c1ccccc1[N+]([O-])=O,,True,C6H4N2O4,168.11,"1,2-dinitrobenzene",1.7,0.0,4.0,,116.9,,,,,H300; H310; H330; H373; H400; H410; H370; H372; H317; H319; H361; H316; H335,Acute Toxic; Health Hazard; Environmental Hazard; Irritant,Danger,False,True,False,True,Not listed,,Organic compounds,Benzenoids,Benzene and substituted derivatives,Nitrobenzenes,Nitrobenzenes,"Nitroaromatic compounds; Propargyl-type 1,3-dipolar organic compounds; Organic oxoazanium compounds; Organopnictogen compounds; Organonitrogen compounds; Organic oxides; Hydrocarbon derivatives",full_molecule,https://pubchem.ncbi.nlm.nih.gov/compound/10707,pubchem,1.0,1.0,1.0,1.0,1.0,0.75,0.988,HIGH,False,False,False,False,False,False,False,False,False,[SMILES] SMILES from CIR fallback.
"1,2-Epoxy-2-Propene",16.5,8.6,6.7,,False,False,False,False,False,False,False,"1,2-Epoxy-2-Propene",systematic_chemical,,False,40079-14-9,40079-14-9,True,original,3029326.0,AAEZMHSWRQVQEK-UHFFFAOYSA-N,C=C1CO1,,True,C3H4O,56.06,2-methylideneoxirane,0.4,0.0,1.0,,,,,,,,,,False,False,False,False,Not listed,,Organic compounds,Organoheterocyclic compounds,Epoxides,,Epoxides,Oxacyclic compounds; Organooxygen compounds; Hydrocarbon derivatives,full_molecule,https://pubchem.ncbi.nlm.nih.gov/compound/3029326,pubchem,1.0,0.85,1.0,1.0,1.0,0.5,0.945,HIGH,False,False,False,False,False,False,False,False,False,[SMILES] SMILES from CIR fallback.
"1,2-Ethane Dithiol",17.9,7.2,8.7,,False,False,False,False,False,False,False,"1,2-Ethane Dithiol",trivial_name,,False,540-63-6,540-63-6,True,original,10902.0,VYMPLPIFKRHAAC-UHFFFAOYSA-N,,,False,C2H6S2,94.2,"ethane-1,2-dithiol",0.8,2.0,2.0,146.1,,,,,,H226; H301; H302; H310; H312; H319; H330,Flammable; Acute Toxic; Irritant,Danger,False,False,True,True,Not listed,,,,,,,,,https://pubchem.ncbi.nlm.nih.gov/compound/10902,pubchem,1.0,0.85,1.0,0.0,1.0,0.75,0.808,MEDIUM,False,False,False,False,False,False,False,False,False,
"1,2-Methylenedioxybenzene (G.C.)",19.0,6.7,5.9,,False,False,False,False,False,False,False,"1,2-Methylenedioxybenzene",systematic_chemical,G.C.,False,274-09-9,274-09-9,True,original,9229.0,FTNJQNQLEGKTGD-UHFFFAOYSA-N,C1Oc2ccccc2O1,,True,C7H6O2,122.12,"1,3-benzodioxole",2.1,0.0,2.0,172.6,,,,,,H226; H302; H332,Flammable; Irritant,Warning,False,False,True,False,Not listed,,Organic compounds,Organoheterocyclic compounds,Benzodioxoles,,Benzodioxoles,Benzenoids; Oxacyclic compounds; Acetals; Hydrocarbon derivatives,full_molecule,https://pubchem.ncbi.nlm.nih.gov/compound/9229,pubchem,1.0,0.85,1.0,1.0,1.0,0.75,0.958,HIGH,False,False,False,False,False,False,False,False,False,[SMILES] SMILES from CIR fallback.
"1,2-Propadiene (Allene)",15.3,3.0,6.8,,False,False,False,False,False,False,False,"1,2-Propadiene",trivial_name,Allene,False,463-49-0,463-49-0,True,original,10037.0,IYABWNGZIDDRAK-UHFFFAOYSA-N,[CH2]=[C]=[CH2],,True,C3H4,40.06,"propa-1,2-diene",0.8,0.0,0.0,,-136.0,,,,,H220; H280,Flammable; Compressed Gas,Danger,False,False,False,False,Not listed,,Organic compounds,Allenes,Acyclic allenes,,Acyclic allenes,Unsaturated aliphatic hydrocarbons,full_molecule,https://pubchem.ncbi.nlm.nih.gov/compound/10037,pubchem,1.0,0.85,1.0,1.0,1.0,0.75,0.958,HIGH,False,False,False,False,False,False,False,False,False,[SMILES] SMILES from CIR fallback.
"1,3,5-Trioxane",18.7,9.2,8.6,,False,False,False,False,False,False,False,"1,3,5-Trioxane",trivial_name,,False,110-88-3,110-88-3,True,original,8081.0,BGJSXRVXTHVRSN-UHFFFAOYSA-N,C1OCOCO1,,True,C3H6O3,90.08,"1,3,5-trioxane",-0.4,0.0,3.0,,62.5,,,,,H228; H335; H361; H370; H372; H336; H360; H373,Flammable; Irritant; Health Hazard,Danger,False,True,False,False,Not listed,,Organic compounds,Organoheterocyclic compounds,Trioxanes,,Trioxanes,Oxacyclic compounds; Acetals; Hydrocarbon derivatives,full_molecule,https://pubchem.ncbi.nlm.nih.gov/compound/8081,pubchem,1.0,1.0,1.0,1.0,1.0,0.75,0.988,HIGH,False,False,False,False,False,False,False,False,False,[SMILES] SMILES from CIR fallback.
"1,3-Benzenediol",18.6,8.1,20.3,,False,False,False,False,False,False,False,"1,3-Benzenediol",systematic_chemical,,False,108-46-3,108-46-3,True,original,5054.0,GHMLBKRAJCXXBS-UHFFFAOYSA-N,Oc1cccc(O)c1,,True,C6H6O2,110.11,"benzene-1,3-diol",0.8,2.0,2.0,276.9,,,,,,H302; H315; H317; H319; H370; H400; H371; H318; H372; H313; H333; H410,Irritant; Health Hazard; Environmental Hazard; Corrosive,Danger,False,False,False,False,Not listed,,Organic compounds,Benzenoids,Phenols,Benzenediols,Resorcinols,1-hydroxy-4-unsubstituted benzenoids; 1-hydroxy-2-unsubstituted benzenoids; Benzene and substituted derivatives; Organooxygen compounds; Hydrocarbon derivatives,full_molecule,https://pubchem.ncbi.nlm.nih.gov/compound/5054,pubchem,1.0,0.85,1.0,1.0,1.0,0.75,0.958,HIGH,False,False,False,False,False,False,False,False,False,[SMILES] SMILES from CIR fallback.
"1,3-Bis(Trifluoromethyl)Benzene",17.0,6.8,0.0,,False,False,False,False,False,False,False,"1,3-BisBenzene",systematic_chemical,Trifluoromethyl,False,402-31-3,402-31-3,True,original,223106.0,SJBBXFLOLUTGCW-UHFFFAOYSA-N,,,False,C8H4F6,214.11,"1,3-bis(trifluoromethyl)benzene",3.8,0.0,6.0,116.1,,,,,,H226; H315; H319; H335; H411,Flammable; Irritant; Environmental Hazard,Warning,False,False,True,False,Not listed,,,,,,,,,https://pubchem.ncbi.nlm.nih.gov/compound/223106,pubchem,1.0,0.85,1.0,0.0,1.0,0.75,0.808,MEDIUM,False,False,False,False,False,False,False,False,False,
"1,3-Butadiene",14.8,2.8,5.6,,False,False,False,False,False,False,False,"1,3-Butadiene",trivial_name,,False,106-99-0,106-99-0,True,original,7845.0,KAKZBPTYRLMSJV-UHFFFAOYSA-N,C=CC=C,,True,C4H6,54.09,"buta-1,3-diene",2.0,0.0,0.0,,,,,,,H220; H340; H350; H280; H361; H412; H319; H335; H336; H360; H372; H373,Flammable; Compressed Gas; Health Hazard; Irritant,Danger,True,True,False,False,Not listed,,Organic compounds,Hydrocarbons,Unsaturated hydrocarbons,Olefins,Alkadienes,Unsaturated aliphatic hydrocarbons,full_molecule,https://pubchem.ncbi.nlm.nih.gov/compound/7845,pubchem,1.0,0.85,1.0,1.0,1.0,0.5,0.945,HIGH,False,False,False,False,False,False,False,False,False,[SMILES] SMILES from CIR fallback.
"1,3-Butadiene-1,2-Di-Chloro",17.0,10.7,2.8,,False,False,False,False,False,False,False,"1,3-Butadiene-1,2-Di-Chloro",systematic_chemical,,False,3574-40-1,3574-40-1,True,original,5463151.0,CRNSOGJNJXTEQG-ARJAWSKDSA-N,,,False,C4H4Cl2,122.98,"(1Z)-1,2-dichlorobuta-1,3-diene",2.5,0.0,0.0,,,,,,,,,,False,False,False,False,Not listed,,,,,,,,,https://pubchem.ncbi.nlm.nih.gov/compound/5463151,pubchem,1.0,0.85,1.0,0.0,1.0,0.5,0.795,MEDIUM,False,False,False,False,False,False,False,False,False,
"1,3-Butadiene-1-Chloro",15.6,8.5,2.0,,False,False,False,False,False,False,False,"1,3-Butadiene-1-Chloro",systematic_chemical,,False,627-22-5,627-22-5,True,original,12311.0,PCPYTNCQOSFKGG-UHFFFAOYSA-N,,,False,C4H5Cl,88.53,"1-chlorobuta-1,3-diene",2.1,0.0,0.0,,,,,,,H225; H315; H319; H335; H373,Flammable; Irritant; Health Hazard,Danger,False,False,True,False,Not listed,,,,,,,,,https://pubchem.ncbi.nlm.nih.gov/compound/12311,pubchem,1.0,0.85,1.0,0.0,1.0,0.5,0.795,MEDIUM,False,False,False,False,False,False,False,False,False,
"1,3-Butanediol",16.5,8.1,20.9,,False,False,False,False,False,False,False,"1,3-Butanediol",trivial_name,,False,107-88-0,107-88-0,True,original,7896.0,PUPZLCDOIYMWBV-UHFFFAOYSA-N,CC(O)CCO,,True,C4H10O2,90.12,"butane-1,3-diol",-0.4,2.0,2.0,,,,,,,H226,Flammable,Warning,False,False,True,False,Not listed,,Organic compounds,Organic oxygen compounds,Organooxygen compounds,Alcohols and polyols,Secondary alcohols,Primary alcohols; Hydrocarbon derivatives,full_molecule,https://pubchem.ncbi.nlm.nih.gov/compound/7896,pubchem,1.0,0.85,1.0,1.0,1.0,0.5,0.945,HIGH,False,False,False,False,False,False,False,False,False,[SMILES] SMILES from CIR fallback.
"1,3-Dichloro Propane",18.0,8.2,3.0,,False,False,False,False,False,False,False,"1,3-Dichloro Propane",systematic_chemical,,False,142-28-9,142-28-9,True,original,8881.0,YHRUOJUYPBUZOS-UHFFFAOYSA-N,ClCCCCl,,True,C3H6Cl2,112.98,"1,3-dichloropropane",2.0,0.0,0.0,,-34.1,,,,,H225; H226; H317; H319; H412; H315; H336; H371,Flammable; Irritant; Health Hazard,Danger,False,False,True,False,Not listed,,Organic compounds,Organohalogen compounds,Organochlorides,,Organochlorides,Hydrocarbon derivatives; Alkyl chlorides,full_molecule,https://pubchem.ncbi.nlm.nih.gov/compound/8881,pubchem,1.0,0.85,1.0,1.0,1.0,0.75,0.958,HIGH,False,False,False,False,False,False,False,False,False,[SMILES] SMILES from CIR fallback.
"1,3-Dichloro-2-Butene",16.9,7.8,2.7,,False,False,False,False,False,False,False,"1,3-Dichloro-2-Butene",systematic_chemical,,False,926-57-8,926-57-8,True,original,13556.0,WLIADPFXSACYLS-UHFFFAOYSA-N,CC(Cl)=CCCl,,True,C4H6Cl2,124.99,"1,3-dichlorobut-2-ene",2.1,0.0,0.0,127.1,,,,,,H226; H301; H302; H312; H315; H319; H331; H335,Flammable; Acute Toxic; Irritant,Danger,False,False,True,True,Not listed,,Organic compounds,Organohalogen compounds,Vinyl halides,Vinyl chlorides,Vinyl chlorides,Chloroalkenes; Organochlorides; Hydrocarbon derivatives; Alkyl chlorides,full_molecule,https://pubchem.ncbi.nlm.nih.gov/compound/13556,pubchem,1.0,0.85,1.0,1.0,1.0,0.75,0.958,HIGH,False,False,False,False,False,False,False,False,False,[SMILES] SMILES from CIR fallback.
"1,3-Dichloro-2-Fluorobenzene",19.4,9.1,2.7,,False,False,False,False,False,False,False,"1,3-Dichloro-2-Fluorobenzene",systematic_chemical,,False,,2268-05-5,True,pubchem_name_lookup,137520.0,JORVCRLRRRRLFI-UHFFFAOYSA-N,Fc1c(Cl)cccc1Cl,,True,C6H3Cl2F,164.99,"1,3-dichloro-2-fluorobenzene",3.3,0.0,1.0,168.6,,,,,,H228; H315; H319; H335,Flammable; Irritant,Danger,False,False,False,False,Not listed,,Organic compounds,Benzenoids,Benzene and substituted derivatives,Halobenzenes,Dichlorobenzenes,Fluorobenzenes; Aryl fluorides; Aryl chlorides; Organofluorides; Organochlorides; Hydrocarbon derivatives,full_molecule,https://pubchem.ncbi.nlm.nih.gov/compound/137520,pubchem,0.75,1.0,1.0,1.0,1.0,0.75,0.925,HIGH,False,False,False,False,False,False,False,False,False,[CAS] Excel parsed CAS as date: '2268-05-05 00:00:00' — treating as missing. | [CAS] Resolved via PubChem: 2268-05-5 | [SMILES] SMILES from CIR fallback.
"1,3-Dichloro-2-Propanol",17.5,9.9,14.6,,False,False,False,False,False,False,False,"1,3-Dichloro-2-Propanol",systematic_chemical,,False,96-23-1,96-23-1,True,original,7289.0,DEWLEGDTCGBNGU-UHFFFAOYSA-N,OC(CCl)CCl,,True,C3H6Cl2O,128.98,"1,3-dichloropropan-2-ol",0.8,1.0,1.0,175.2,,,,,,H301; H312; H350; H311; H314; H318; H330; H335; H336; H341; H370; H373; H227; H315; H319; H351; H372,Acute Toxic; Health Hazard; Corrosive; Irritant,Danger,True,False,False,True,Not listed,,Organic compounds,Organohalogen compounds,Halohydrins,Chlorohydrins,Chlorohydrins,Secondary alcohols; Organochlorides; Hydrocarbon derivatives; Alkyl chlorides,full_molecule,https://pubchem.ncbi.nlm.nih.gov/compound/7289,pubchem,1.0,0.85,1.0,1.0,1.0,0.75,0.958,HIGH,False,False,False,False,False,False,False,False,False,[SMILES] SMILES from CIR fallback.
"1,3-Dimethoxy Butane",15.6,5.5,5.2,,False,False,False,False,False,False,False,"1,3-Dimethoxy Butane",trivial_name,,False,10143-66-5,10143-66-5,True,original,25011.0,JCRQEORWPZVZJP-UHFFFAOYSA-N,COCCC(C)OC,,True,C6H14O2,118.17,"1,3-dimethoxybutane",0.7,0.0,2.0,,,,,,,,,,False,False,False,False,Not listed,,Organic compounds,Organic oxygen compounds,Organooxygen compounds,Ethers,Dialkyl ethers,Hydrocarbon derivatives,full_molecule,https://pubchem.ncbi.nlm.nih.gov/compound/25011,pubchem,1.0,0.85,1.0,1.0,1.0,0.5,0.945,HIGH,False,False,False,False,False,False,False,False,False,[SMILES] SMILES from CIR fallback.
"1,3-Dioxolane",18.1,6.6,9.3,,False,False,False,False,False,False,False,"1,3-Dioxolane",trivial_name,,False,646-06-0,646-06-0,True,original,12586.0,WNXJIVFYUVYPPR-UHFFFAOYSA-N,C1COCO1,,True,C3H6O2,74.08,"1,3-dioxolane",-0.4,0.0,2.0,74.6,-97.2,,,,,H225; H319; H360; H318; H361; H303; H316; H341,Flammable; Irritant; Health Hazard; Corrosive,Danger,False,True,True,False,Not listed,,Organic compounds,Organoheterocyclic compounds,Dioxolanes,"1,3-dioxolanes","1,3-dioxolanes",Oxacyclic compounds; Acetals; Hydrocarbon derivatives,full_molecule,https://pubchem.ncbi.nlm.nih.gov/compound/12586,pubchem,1.0,1.0,1.0,1.0,1.0,1.0,1.0,HIGH,False,False,False,False,False,False,False,False,False,[SMILES] SMILES from CIR fallback.
"1,3-Pentadiene (Trans)",15.0,2.5,4.0,,False,False,False,False,False,False,False,"1,3-Pentadiene",trivial_name,Trans,False,2004-70-8,2004-70-8,True,original,62204.0,PMJHHCWVYXUKFD-SNAWJCMRSA-N,CC=CC=C,,True,C5H8,68.12,"(3E)-penta-1,3-diene",2.4,0.0,0.0,,,,,,,H225; H304; H315; H319; H335,Flammable; Health Hazard; Irritant,Danger,False,False,True,False,Not listed,,Organic compounds,Hydrocarbons,Unsaturated hydrocarbons,Olefins,Alkadienes,Unsaturated aliphatic hydrocarbons,full_molecule,https://pubchem.ncbi.nlm.nih.gov/compound/62204,pubchem,1.0,0.85,1.0,1.0,1.0,0.5,0.945,HIGH,True,False,False,False,False,False,False,False,False,[SMILES] SMILES from CIR fallback.
"1,3-Propane Sultone",18.4,16.0,9.0,,False,False,False,False,False,False,False,"1,3-Propane Sultone",trivial_name,,False,1120-71-4,1120-71-4,True,original,14264.0,FSSPGSAQUIYDCN-UHFFFAOYSA-N,O=[S]1(=O)CCCO1,,True,C3H6O3S,122.15,"oxathiolane 2,2-dioxide",-0.2,0.0,3.0,,31.2,,,,,H302; H312; H350; H301; H311; H315; H318; H319; H332; H341; H412; H370; H402; H316; H320; H335; H351; H330,Irritant; Health Hazard; Corrosive; Acute Toxic,Danger,True,False,False,True,Not listed,,Organic compounds,Organoheterocyclic compounds,Oxathiolanes,Gamma sultones,Gamma sultones,Sulfonic acid esters; Organosulfonic acid esters; Oxacyclic compounds; Organooxygen compounds; Organic oxides; Hydrocarbon derivatives,full_molecule,https://pubchem.ncbi.nlm.nih.gov/compound/14264,pubchem,1.0,0.85,1.0,1.0,1.0,0.75,0.958,HIGH,False,False,False,False,False,False,False,False,False,[SMILES] SMILES from CIR fallback.
"1,3-Propanediol (Trimethyleneglycol)",16.8,13.5,23.2,,False,False,False,False,False,False,False,"1,3-Propanediol",trivial_name,Trimethyleneglycol,False,504-63-2,504-63-2,True,original,10442.0,YPFDHNVEDLHUCE-UHFFFAOYSA-N,OCCCO,,True,C3H8O2,76.09,"propane-1,3-diol",-1.0,2.0,2.0,,-26.6,,,,,H315,Irritant,Warning,False,False,False,False,Not listed,,Organic compounds,Organic oxygen compounds,Organooxygen compounds,Alcohols and polyols,Primary alcohols,Hydrocarbon derivatives,full_molecule,https://pubchem.ncbi.nlm.nih.gov/compound/10442,pubchem,1.0,0.85,1.0,1.0,1.0,0.75,0.958,HIGH,False,False,False,False,False,False,False,False,False,[SMILES] SMILES from CIR fallback.
"1,4-Butandiol Diacrylate",16.8,9.1,4.2,,False,False,False,False,False,False,False,"1,4-Butandiol Diacrylate",trivial_name,,False,1070-70-8,1070-70-8,True,original,70613.0,JHWGFJBTMHEZME-UHFFFAOYSA-N,OCCCCO.OC(=O)C=C.OC(=O)C=C,,True,C10H14O4,198.22,4-prop-2-enoyloxybutyl prop-2-enoate,1.9,0.0,4.0,,,,,,,H312; H314; H317; H302; H311; H318; H319; H332; H412; H315,Corrosive; Irritant; Acute Toxic,Danger,False,False,False,True,Not listed,,Organic compounds,Organic acids and derivatives,Carboxylic acids and derivatives,Acrylic acids and derivatives,Acrylic acids,Monocarboxylic acids and derivatives; Carboxylic acids; Primary alcohols; Organic oxides; Hydrocarbon derivatives; Carbonyl compounds,full_molecule,https://pubchem.ncbi.nlm.nih.gov/compound/70613,pubchem,1.0,0.85,1.0,1.0,1.0,0.5,0.945,HIGH,True,False,False,False,False,False,False,False,False,[SMILES] SMILES from CIR fallback.
"1,4-Butanediol",16.6,11.0,20.9,,False,False,False,False,False,False,False,"1,4-Butanediol",trivial_name,,False,110-63-4,110-63-4,True,original,8064.0,WERYXYBDKMZEQL-UHFFFAOYSA-N,OCCCCO,,True,C4H10O2,90.12,"butane-1,4-diol",-0.8,2.0,2.0,229.7,,,,,,H302; H336,Irritant,Warning,False,False,False,False,Not listed,,Organic compounds,Organic oxygen compounds,Organooxygen compounds,Alcohols and polyols,Primary alcohols,Hydrocarbon derivatives,full_molecule,https://pubchem.ncbi.nlm.nih.gov/compound/8064,pubchem,1.0,0.85,1.0,1.0,1.0,0.75,0.958,HIGH,False,False,False,False,False,False,False,False,False,[SMILES] SMILES from CIR fallback.
"1,4-Dichloro-2-Butene",17.8,7.6,2.0,,False,False,False,False,False,False,False,"1,4-Dichloro-2-Butene",systematic_chemical,,False,764-41-0,764-41-0,True,original,15122.0,FQDIANVAWVHZIR-UHFFFAOYSA-N,ClCC=CCCl,,True,C4H6Cl2,124.99,"1,4-dichlorobut-2-ene",1.7,0.0,0.0,,,,,,,H301; H311; H314; H330; H350; H400; H410; H226; H318; H336; H341; H370; H372; H340; H361,Corrosive; Acute Toxic; Health Hazard; Environmental Hazard; Flammable; Irritant,Danger,True,True,True,True,Not listed,,Organic compounds,Organohalogen compounds,Organochlorides,,Organochlorides,Hydrocarbon derivatives; Alkyl chlorides,full_molecule,https://pubchem.ncbi.nlm.nih.gov/compound/15122,pubchem,1.0,0.85,1.0,1.0,1.0,0.5,0.945,HIGH,False,False,False,False,False,False,False,False,False,[SMILES] SMILES from CIR fallback.
"1,4-Dichlorobutane",18.3,7.7,2.8,,False,False,False,False,False,False,False,"1,4-Dichlorobutane",systematic_chemical,,False,110-56-5,110-56-5,True,original,8059.0,KJDRSWPQXHESDQ-UHFFFAOYSA-N,ClCCCCCl,,True,C4H8Cl2,127.01,"1,4-dichlorobutane",2.1,0.0,0.0,,-38.6,,,,,H226; H315; H319; H335; H412,Flammable; Irritant,Warning,False,False,True,False,Not listed,,Organic compounds,Organohalogen compounds,Organochlorides,,Organochlorides,Hydrocarbon derivatives; Alkyl chlorides,full_molecule,https://pubchem.ncbi.nlm.nih.gov/compound/8059,pubchem,1.0,1.0,1.0,1.0,1.0,0.75,0.988,HIGH,False,False,False,False,False,False,False,False,False,[SMILES] SMILES from CIR fallback.
"1,4-Dihydroxybenzene (1,4-Benzenediol)",21.0,10.2,27.2,,False,False,False,False,False,False,False,"1,4-Dihydroxybenzene",systematic_chemical,"1,4-Benzenediol",False,123-31-9,123-31-9,True,original,785.0,QIGBRXMKCJKVMJ-UHFFFAOYSA-N,Oc1ccc(O)cc1,,True,C6H6O2,110.11,"benzene-1,4-diol",0.6,2.0,2.0,285.1,171.9,,,,,H302; H317; H318; H341; H351; H400; H312; H410; H340; H370; H373; H316; H336; H315; H319; H360; H372,Corrosive; Irritant; Health Hazard; Environmental Hazard,Danger,True,True,False,False,Not listed,,Organic compounds,Benzenoids,Phenols,Benzenediols,Hydroquinones,1-hydroxy-2-unsubstituted benzenoids; Benzene and substituted derivatives; Organooxygen compounds; Hydrocarbon derivatives,full_molecule,https://pubchem.ncbi.nlm.nih.gov/compound/785,pubchem,1.0,0.85,1.0,1.0,1.0,1.0,0.97,HIGH,False,False,False,False,False,False,False,False,False,[SMILES] SMILES from CIR fallback.
"1,4-Dioxane",17.5,1.8,9.0,,False,False,False,False,False,False,False,"1,4-Dioxane",trivial_name,,False,123-91-1,123-91-1,True,original,31275.0,RYHBNJHYFVUHQT-UHFFFAOYSA-N,C1COCCO1,,True,C4H8O2,88.11,"1,4-dioxane",-0.3,0.0,2.0,,,,,,,H225; H319; H335; H350; H351; H332; H336; H372; H315; H370; H373; H313; H331,Flammable; Irritant; Health Hazard; Acute Toxic,Danger,True,False,True,True,2,3.84,Organic compounds,Organoheterocyclic compounds,Dioxanes,"1,4-dioxanes","1,4-dioxanes",Oxacyclic compounds; Dialkyl ethers; Hydrocarbon derivatives,full_molecule,https://pubchem.ncbi.nlm.nih.gov/compound/31275,pubchem,1.0,1.0,1.0,1.0,1.0,0.5,0.975,HIGH,False,False,False,False,False,False,False,False,False,[SMILES] SMILES from CIR fallback.
"1,4-Dioxane (High P)",17.1,6.8,7.8,,False,False,False,False,False,False,False,"1,4-Dioxane",trivial_name,High P,False,123-91-1,123-91-1,True,original,31275.0,RYHBNJHYFVUHQT-UHFFFAOYSA-N,C1COCCO1,,True,C4H8O2,88.11,"1,4-dioxane",-0.3,0.0,2.0,,,,,,,H225; H319; H335; H350; H351; H332; H336; H372; H315; H370; H373; H313; H331,Flammable; Irritant; Health Hazard; Acute Toxic,Danger,True,False,True,True,2,3.84,Organic compounds,Organoheterocyclic compounds,Dioxanes,"1,4-dioxanes","1,4-dioxanes",Oxacyclic compounds; Dialkyl ethers; Hydrocarbon derivatives,full_molecule,https://pubchem.ncbi.nlm.nih.gov/compound/31275,pubchem,1.0,1.0,1.0,1.0,1.0,0.5,0.975,HIGH,False,False,False,False,False,False,False,False,False,[SMILES] SMILES from CIR fallback.
"1,4-Thioxane",19.0,6.6,7.7,,False,False,False,False,False,False,False,"1,4-Thioxane",trivial_name,,False,15980-15-1,15980-15-1,True,original,27596.0,JBYHSSAVUBIJMK-UHFFFAOYSA-N,C1CSCCO1,,True,C4H8OS,104.17,"1,4-oxathiane",0.5,0.0,2.0,,-21.6,,,,,H226; H315; H319; H335,Flammable; Irritant,Warning,False,False,True,False,Not listed,,Organic compounds,Organoheterocyclic compounds,Oxathianes,,Oxathianes,Oxacyclic compounds; Dialkylthioethers; Dialkyl ethers; Hydrocarbon derivatives,full_molecule,https://pubchem.ncbi.nlm.nih.gov/compound/27596,pubchem,1.0,0.85,1.0,1.0,1.0,0.75,0.958,HIGH,False,False,False,False,False,False,False,False,False,[SMILES] SMILES from CIR fallback.
"1,5-Dichloropentane",18.0,7.8,1.5,,False,False,False,False,False,False,False,"1,5-Dichloropentane",systematic_chemical,,False,628-76-2,628-76-2,True,original,12353.0,LBKDGROORAKTLC-UHFFFAOYSA-N,ClCCCCCCl,,True,C5H10Cl2,141.04,"1,5-dichloropentane",2.5,0.0,0.0,180.1,,,,,,H226; H301; H315; H319; H335,Flammable; Acute Toxic; Irritant,Danger,False,False,True,True,Not listed,,Organic compounds,Organohalogen compounds,Organochlorides,,Organochlorides,Hydrocarbon derivatives; Alkyl chlorides,full_molecule,https://pubchem.ncbi.nlm.nih.gov/compound/12353,pubchem,1.0,1.0,1.0,1.0,1.0,0.75,0.988,HIGH,False,False,False,False,False,False,False,False,False,[SMILES] SMILES from CIR fallback.
"1,8-Cineole (Eucalyptol)",16.7,4.6,3.4,,False,False,False,False,False,False,False,"1,8-Cineole",trivial_name,Eucalyptol,False,470-82-6,470-82-6,True,original,2758.0,WEEGYLXZBRQIMU-UHFFFAOYSA-N,CC12CCC(CC1)C(C)(C)O2,,True,C10H18O,154.25,"1,3,3-trimethyl-2-oxabicyclo[2.2.2]octane",2.5,0.0,1.0,,1.5,,,,,H226; H317,Flammable; Irritant,Warning,False,False,True,False,Not listed,,Organic compounds,Organoheterocyclic compounds,Oxanes,,Oxanes,Oxacyclic compounds; Dialkyl ethers; Hydrocarbon derivatives,full_molecule,https://pubchem.ncbi.nlm.nih.gov/compound/2758,pubchem,1.0,0.85,1.0,1.0,1.0,0.75,0.958,HIGH,False,False,False,False,False,False,False,False,False,[SMILES] SMILES from CIR fallback.
"1,9-Nonanediol",15.7,7.0,15.1,,False,False,False,False,False,False,False,"1,9-Nonanediol",trivial_name,,False,3937-56-2,3937-56-2,True,original,19835.0,ALVZNPYWJMLXKV-UHFFFAOYSA-N,OCCCCCCCCCO,,True,C9H20O2,160.25,"nonane-1,9-diol",2.2,2.0,2.0,,,,,,,H315; H319; H335; H412,Irritant,Warning,False,False,False,False,Not listed,,Organic compounds,Lipids and lipid-like molecules,Fatty Acyls,Fatty alcohols,Fatty alcohols,Primary alcohols; Hydrocarbon derivatives,full_molecule,https://pubchem.ncbi.nlm.nih.gov/compound/19835,pubchem,1.0,0.85,1.0,1.0,1.0,0.5,0.945,HIGH,False,False,False,False,False,False,False,False,False,[SMILES] SMILES from CIR fallback.
"1-Acetoxy-1,3-Butadiene",16.1,4.4,8.3,,False,False,False,False,False,False,False,"1-Acetoxy-1,3-Butadiene",systematic_chemical,,False,1515-76-0,1515-76-0,True,original,5363433.0,NMQQBXHZBNUXGJ-SNAWJCMRSA-N,CC(=O)OC=CC=C,,True,C6H8O2,112.13,"[(1E)-buta-1,3-dienyl] acetate",1.2,0.0,2.0,,-44.0,,,,,H226; H302; H311; H315; H319; H335,Flammable; Acute Toxic; Irritant,Danger,False,False,True,True,Not listed,,Organic compounds,Organic acids and derivatives,Carboxylic acids and derivatives,Carboxylic acid derivatives,Enol esters,Monocarboxylic acids and derivatives; Organic oxides; Hydrocarbon derivatives; Carbonyl compounds,full_molecule,https://pubchem.ncbi.nlm.nih.gov/compound/5363433,pubchem,1.0,0.85,1.0,1.0,1.0,0.75,0.958,HIGH,True,False,False,False,False,False,False,False,False,[SMILES] SMILES from CIR fallback.
1-Aminocyclopropane Carboxylic Acid,17.0,6.3,13.6,,False,False,False,False,False,False,False,1-Aminocyclopropane Carboxylic Acid,systematic_chemical,,False,22059-21-8,22059-21-8,True,original,535.0,PAJPWUMXBYXFCZ-UHFFFAOYSA-N,NC1(CC1)C(O)=O,,True,C4H7NO2,101.1,1-aminocyclopropane-1-carboxylic acid,-2.8,2.0,3.0,,,,,,,H315; H319; H335,Irritant,Warning,False,False,False,False,Not listed,,Organic compounds,Organic acids and derivatives,Carboxylic acids and derivatives,"Amino acids, peptides, and analogues",Alpha amino acids,1-aminocyclopropane-1-carboxylic acids and derivatives; Cyclopropanecarboxylic acids; Amino acids; Monocarboxylic acids and derivatives; Carboxylic acids; Organopnictogen compounds; Organic oxides; Monoalkylamines; Hydrocarbon derivatives; Carbonyl compounds,full_molecule,https://pubchem.ncbi.nlm.nih.gov/compound/535,pubchem,1.0,0.85,1.0,1.0,1.0,0.5,0.945,HIGH,False,False,False,False,False,False,False,False,False,[SMILES] SMILES from CIR fallback.
1-Bromo Propene (Cis),16.3,6.4,5.0,,False,False,False,False,False,False,False,1-Bromo Propene,systematic_chemical,Cis,False,590-13-6,590-13-6,True,original,643834.0,NNQDMQVWOWCVEM-IHWYPQMZSA-N,CC=CBr,,True,C3H5Br,120.98,(Z)-1-bromoprop-1-ene,1.8,0.0,0.0,57.9,,,,,,H225; H315; H319; H335,Flammable; Irritant,Danger,False,False,True,False,Not listed,,Organic compounds,Organohalogen compounds,Vinyl halides,Vinyl bromides,Vinyl bromides,Bromoalkenes; Organobromides; Hydrocarbon derivatives,full_molecule,https://pubchem.ncbi.nlm.nih.gov/compound/643834,pubchem,1.0,0.85,1.0,1.0,1.0,0.75,0.958,HIGH,True,False,False,False,False,False,False,False,False,[SMILES] SMILES from CIR fallback.
1-Bromo-4-Ethoxy Benzene,19.5,7.7,5.3,,False,False,False,False,False,False,False,1-Bromo-4-Ethoxy Benzene,systematic_chemical,,False,588-96-5,588-96-5,True,original,68523.0,WVUYYXUATWMVIT-UHFFFAOYSA-N,CCOc1ccc(Br)cc1,,True,C8H9BrO,201.06,1-bromo-4-ethoxybenzene,2.9,0.0,1.0,233.1,,,,,,H315; H319; H335,Irritant,Warning,False,False,False,False,Not listed,,Organic compounds,Benzenoids,Phenol ethers,,Phenol ethers,Phenoxy compounds; Bromobenzenes; Alkyl aryl ethers; Aryl bromides; Organobromides; Hydrocarbon derivatives,full_molecule,https://pubchem.ncbi.nlm.nih.gov/compound/68523,pubchem,1.0,0.85,1.0,1.0,1.0,0.75,0.958,HIGH,False,False,False,False,False,False,False,False,False,[SMILES] SMILES from CIR fallback.
1-Bromonaphthalene,20.6,3.1,4.1,,False,False,False,False,False,False,False,1-Bromonaphthalene,systematic_chemical,,False,90-11-9,90-11-9,True,original,7001.0,DLKQHBOKULLWDQ-UHFFFAOYSA-N,Brc1cccc2ccccc12,,True,C10H7Br,207.07,1-bromonaphthalene,4.3,0.0,0.0,281.1,6.1,,,,,H302; H319,Irritant,Warning,False,False,False,False,Not listed,,Organic compounds,Benzenoids,Naphthalenes,,Naphthalenes,Aryl bromides; Organobromides; Hydrocarbon derivatives,full_molecule,https://pubchem.ncbi.nlm.nih.gov/compound/7001,pubchem,1.0,1.0,1.0,1.0,1.0,1.0,1.0,HIGH,False,False,False,False,False,False,False,False,False,[SMILES] SMILES from CIR fallback.
1-Bromopropane,16.4,7.9,4.8,,False,False,False,False,False,False,False,1-Bromopropane,systematic_chemical,,False,106-94-5,106-94-5,True,original,7840.0,CYNYIHKIEHGYOZ-UHFFFAOYSA-N,CCCBr,,True,C3H7Br,122.99,1-bromopropane,2.1,0.0,0.0,,-110.0,,,,,H225; H315; H319; H335; H336; H360; H373; H332; H351; H372; H402; H412; H361,Flammable; Irritant; Health Hazard,Danger,True,True,True,False,Not listed,,Organic compounds,Organohalogen compounds,Organobromides,,Organobromides,Hydrocarbon derivatives; Alkyl bromides,full_molecule,https://pubchem.ncbi.nlm.nih.gov/compound/7840,pubchem,1.0,1.0,1.0,1.0,1.0,0.75,0.988,HIGH,False,False,False,False,False,False,False,False,False,[SMILES] SMILES from CIR fallback.
1-Butanethiol,16.3,5.3,4.5,,False,False,False,False,False,False,False,1-Butanethiol,systematic_chemical,,False,109-79-5,109-79-5,True,original,8012.0,WQAQPCDUOCURKW-UHFFFAOYSA-N,CCCCS,,True,C4H10S,90.19,butane-1-thiol,2.3,1.0,1.0,,-115.8,,,,,H225; H302; H319; H332; H317; H335; H336; H370; H316; H320; H361; H371,Flammable; Irritant; Health Hazard,Danger,False,True,True,False,Not listed,,Organic compounds,Organosulfur compounds,Thiols,Alkylthiols,Alkylthiols,Hydrocarbon derivatives,full_molecule,https://pubchem.ncbi.nlm.nih.gov/compound/8012,pubchem,1.0,0.85,1.0,1.0,1.0,0.75,0.958,HIGH,False,False,False,False,False,False,False,False,False,[SMILES] SMILES from CIR fallback.
1-Butanol,16.0,5.7,15.8,,False,False,False,False,False,False,False,1-Butanol,systematic_chemical,,False,71-36-3,71-36-3,True,original,263.0,LRHPLDYGYMQRHN-UHFFFAOYSA-N,CCCCO,,True,C4H10O,74.12,butan-1-ol,0.9,1.0,1.0,,,,,,,H226; H302; H315; H318; H335; H336; H319; H372; H305; H313,Flammable; Corrosive; Irritant; Health Hazard,Danger,False,False,True,False,3,,Organic compounds,Organic oxygen compounds,Organooxygen compounds,Alcohols and polyols,Primary alcohols,Hydrocarbon derivatives,full_molecule,https://pubchem.ncbi.nlm.nih.gov/compound/263,pubchem,1.0,0.85,1.0,1.0,1.0,0.5,0.945,HIGH,False,False,False,False,False,False,False,False,False,[SMILES] SMILES from CIR fallback.
1-Butene,13.2,1.3,3.9,,False,False,False,False,False,False,False,1-Butene,systematic_chemical,,False,106-98-9,106-98-9,True,original,7844.0,VXNZUUAINFGPBY-UHFFFAOYSA-N,CCC=C,,True,C4H8,56.11,but-1-ene,2.4,0.0,0.0,,,,,,,H220; H280; H320; H336,Flammable; Compressed Gas; Irritant,Danger,False,False,False,False,Not listed,,Organic compounds,Hydrocarbons,Unsaturated hydrocarbons,Unsaturated aliphatic hydrocarbons,Unsaturated aliphatic hydrocarbons,Alkenes,full_molecule,https://pubchem.ncbi.nlm.nih.gov/compound/7844,pubchem,1.0,0.85,1.0,1.0,1.0,0.5,0.945,HIGH,False,False,False,False,False,False,False,False,False,[SMILES] SMILES from CIR fallback.
1-Butenyl Methyl Ether,15.1,5.3,5.2,,False,False,False,False,False,False,False,1-Butenyl Methyl Ether,systematic_chemical,,False,4696-30-4,4696-30-4,True,original,317680.0,VDTUJQCSPFYIKZ-UHFFFAOYSA-N,CCC=COC,,True,C5H10O,86.13,4-methoxybut-1-ene,1.2,0.0,1.0,,,,,,,H225; H315; H319; H335,Flammable; Irritant,Danger,False,False,True,False,Not listed,,Organic compounds,Organic oxygen compounds,Organooxygen compounds,,Organooxygen compounds,Hydrocarbon derivatives,full_molecule,https://pubchem.ncbi.nlm.nih.gov/compound/317680,pubchem,1.0,0.85,1.0,1.0,1.0,0.5,0.945,HIGH,True,False,False,False,False,False,False,False,False,[SMILES] SMILES from CIR fallback.
1-Chloro Pentane,16.0,6.9,1.9,,False,False,False,False,False,False,False,1-Chloro Pentane,systematic_chemical,,False,543-59-9,543-59-9,True,original,10977.0,SQCZQTSHSZLZIQ-UHFFFAOYSA-N,CCCCCCl,,True,C5H11Cl,106.59,1-chloropentane,2.6,0.0,0.0,,,,,,,H225; H302; H312; H332,Flammable; Irritant,Danger,False,False,True,False,Not listed,,Organic compounds,Organohalogen compounds,Organochlorides,,Organochlorides,Hydrocarbon derivatives; Alkyl chlorides,full_molecule,https://pubchem.ncbi.nlm.nih.gov/compound/10977,pubchem,1.0,0.85,1.0,1.0,1.0,0.5,0.945,HIGH,False,False,False,False,False,False,False,False,False,[SMILES] SMILES from CIR fallback.
1-Chloro Vinyl Ethyl Ether,16.8,6.5,5.7,,False,False,False,False,False,False,False,1-Chloro Vinyl Ethyl Ether,systematic_chemical,,False,54722-81-5,54722-81-5,True,original,,HAZSOXTUZRFCEW-UHFFFAOYSA-N,CCOC(Cl)=C,,True,,,,,,,,,,,,,,,,False,False,False,False,Not listed,,Organic compounds,Organic oxygen compounds,Organooxygen compounds,Ketene acetals,Ketene acetals,Vinyl chlorides; Chloroalkenes; Organochlorides; Hydrocarbon derivatives,full_molecule,https://webbook.nist.gov/cgi/cbook.cgi?ID=54722-81-5,nist,0.85,0.7,0.0,1.0,0.0,0.0,0.502,LOW,False,False,False,False,False,False,False,False,False,[SMILES] SMILES from CIR fallback.
1-Chloro-1-Fluoro Ethylene,16.0,6.9,4.0,,False,False,False,False,False,False,False,1-Chloro-1-Fluoro Ethylene,systematic_chemical,,False,2317-91-1,2317-91-1,True,original,75344.0,FPBWSPZHCJXUBL-UHFFFAOYSA-N,FC(Cl)=C,,True,C2H2ClF,80.49,1-chloro-1-fluoroethene,1.8,0.0,1.0,-24.1,,,,,,,,,False,False,False,False,Not listed,,Organic compounds,Organic oxygen compounds,Organooxygen compounds,Ketene acetals,Ketene acetals,Vinyl fluorides; Vinyl chlorides; Fluoroalkenes; Chloroalkenes; Organofluorides; Organochlorides; Hydrocarbon derivatives,full_molecule,https://pubchem.ncbi.nlm.nih.gov/compound/75344,pubchem,1.0,0.85,1.0,1.0,1.0,0.75,0.958,HIGH,False,False,False,False,False,False,False,False,False,[SMILES] SMILES from CIR fallback.
1-Chloro-1-Nitroethane,16.8,13.5,4.7,,False,False,False,False,False,False,False,1-Chloro-1-Nitroethane,systematic_chemical,,False,598-92-5,598-92-5,True,original,61149.0,LPIWIOBGUAPNQW-UHFFFAOYSA-N,CC(Cl)[N+]([O-])=O,,True,C2H4ClNO2,109.51,1-chloro-1-nitroethane,1.1,0.0,2.0,,,,,,,,,,False,False,False,False,Not listed,,Organic compounds,"Organic 1,3-dipolar compounds","Allyl-type 1,3-dipolar organic compounds",Organic nitro compounds,C-nitro compounds,"Propargyl-type 1,3-dipolar organic compounds; Organic oxoazanium compounds; Organopnictogen compounds; Organonitrogen compounds; Organochlorides; Organic oxides; Hydrocarbon derivatives; Alkyl chlorides",full_molecule,https://pubchem.ncbi.nlm.nih.gov/compound/61149,pubchem,1.0,1.0,1.0,1.0,1.0,0.5,0.975,HIGH,False,False,False,False,False,False,False,False,False,[SMILES] SMILES from CIR fallback.
1-Chloro-1-Nitropropane,16.8,13.0,4.5,,False,False,False,False,False,False,False,1-Chloro-1-Nitropropane,systematic_chemical,,False,600-25-9,600-25-9,True,original,11750.0,XEKUXTMJEFPWCG-UHFFFAOYSA-N,CCC(Cl)[N+]([O-])=O,,True,C3H6ClNO2,123.54,1-chloro-1-nitropropane,1.6,0.0,2.0,,,,,,,H302; H332; H227; H319; H335; H316; H371,Irritant; Health Hazard,Warning,False,False,False,False,Not listed,,Organic compounds,"Organic 1,3-dipolar compounds","Allyl-type 1,3-dipolar organic compounds",Organic nitro compounds,C-nitro compounds,"Propargyl-type 1,3-dipolar organic compounds; Organic oxoazanium compounds; Organopnictogen compounds; Organonitrogen compounds; Organochlorides; Organic oxides; Hydrocarbon derivatives; Alkyl chlorides",full_molecule,https://pubchem.ncbi.nlm.nih.gov/compound/11750,pubchem,1.0,1.0,1.0,1.0,1.0,0.5,0.975,HIGH,False,False,False,False,False,False,False,False,False,[SMILES] SMILES from CIR fallback.
1-Chloro-2-Butene,16.2,7.7,2.0,,False,False,False,False,False,False,False,1-Chloro-2-Butene,systematic_chemical,,False,591-97-9,591-97-9,True,original,11589.0,YTKRILODNOEEPX-UHFFFAOYSA-N,CC=CCCl,,True,C4H7Cl,90.55,1-chlorobut-2-ene,1.7,0.0,0.0,84.0,,,,,,H225; H302; H314; H315; H317; H318; H332; H412,Flammable; Corrosive; Irritant,Danger,False,False,True,False,Not listed,,Organic compounds,Organohalogen compounds,Organochlorides,,Organochlorides,Hydrocarbon derivatives; Alkyl chlorides,full_molecule,https://pubchem.ncbi.nlm.nih.gov/compound/11589,pubchem,1.0,0.85,1.0,1.0,1.0,0.75,0.958,HIGH,False,False,False,False,False,False,False,False,False,[SMILES] SMILES from CIR fallback.
1-Chloro-2-Ethoxy Benzene,19.2,8.1,4.4,,False,False,False,False,False,False,False,1-Chloro-2-Ethoxy Benzene,systematic_chemical,,False,614-72-2,614-72-2,True,original,69197.0,IRYSAAMKXPLGAM-UHFFFAOYSA-N,CCOc1ccccc1Cl,,True,C8H9ClO,156.61,1-chloro-2-ethoxybenzene,3.0,0.0,1.0,,,,,,,,,,False,False,False,False,Not listed,,Organic compounds,Benzenoids,Phenol ethers,,Phenol ethers,Phenoxy compounds; Chlorobenzenes; Alkyl aryl ethers; Aryl chlorides; Organochlorides; Hydrocarbon derivatives,full_molecule,https://pubchem.ncbi.nlm.nih.gov/compound/69197,pubchem,1.0,0.85,1.0,1.0,1.0,0.5,0.945,HIGH,False,False,False,False,False,False,False,False,False,[SMILES] SMILES from CIR fallback.
1-Chloro-2-Ethyl Benzene,18.9,4.9,2.2,,False,False,False,False,False,False,False,1-Chloro-2-Ethyl Benzene,systematic_chemical,,False,89-96-3,89-96-3,True,original,6995.0,CVGAWKYSRYXQOI-UHFFFAOYSA-N,CCc1ccccc1Cl,,True,C8H9Cl,140.61,1-chloro-2-ethylbenzene,3.5,0.0,0.0,178.5,-83.3,,,,,H302; H312; H315; H319; H332; H335,Irritant,Warning,False,False,False,False,Not listed,,Organic compounds,Benzenoids,Benzene and substituted derivatives,Halobenzenes,Chlorobenzenes,Aryl chlorides; Organochlorides; Hydrocarbon derivatives,full_molecule,https://pubchem.ncbi.nlm.nih.gov/compound/6995,pubchem,1.0,0.85,1.0,1.0,1.0,1.0,0.97,HIGH,False,False,False,False,False,False,False,False,False,[SMILES] SMILES from CIR fallback.
1-Chloro-2-Methyl Propene,16.1,7.1,4.2,,False,False,False,False,False,False,False,1-Chloro-2-Methyl Propene,systematic_chemical,,False,513-37-1,513-37-1,True,original,10555.0,KWISWUFGPUHDRY-UHFFFAOYSA-N,CC(C)=CCl,,True,C4H7Cl,90.55,1-chloro-2-methylprop-1-ene,2.3,0.0,0.0,68.1,,,,,,H225; H311; H315; H319; H330; H335; H350; H301; H341; H351; H373,Flammable; Acute Toxic; Irritant; Health Hazard,Danger,True,False,True,True,Not listed,,Organic compounds,Organohalogen compounds,Vinyl halides,Vinyl chlorides,Vinyl chlorides,Chloroalkenes; Organochlorides; Hydrocarbon derivatives,full_molecule,https://pubchem.ncbi.nlm.nih.gov/compound/10555,pubchem,1.0,0.85,1.0,1.0,1.0,0.75,0.958,HIGH,False,False,False,False,False,False,False,False,False,[SMILES] SMILES from CIR fallback.
1-Chloro-4-Ethoxy Benzene,19.3,6.3,4.4,,False,False,False,False,False,False,False,1-Chloro-4-Ethoxy Benzene,systematic_chemical,,False,622-61-7,622-61-7,True,original,69326.0,IXLSVQMYQRAMEW-UHFFFAOYSA-N,CCOc1ccc(Cl)cc1,,True,C8H9ClO,156.61,1-chloro-4-ethoxybenzene,2.8,0.0,1.0,211.9,17.1,,,,,H227; H302; H312; H315; H319; H332; H335,Irritant,Warning,False,False,False,False,Not listed,,Organic compounds,Benzenoids,Phenol ethers,,Phenol ethers,Phenoxy compounds; Chlorobenzenes; Alkyl aryl ethers; Aryl chlorides; Organochlorides; Hydrocarbon derivatives,full_molecule,https://pubchem.ncbi.nlm.nih.gov/compound/69326,pubchem,1.0,0.85,1.0,1.0,1.0,1.0,0.97,HIGH,False,False,False,False,False,False,False,False,False,[SMILES] SMILES from CIR fallback.
1-Chlorobutane,16.2,5.5,2.0,,False,False,False,False,False,False,False,1-Chlorobutane,systematic_chemical,,False,109-69-3,109-69-3,True,original,8005.0,VFWCMGCRMGJXDK-UHFFFAOYSA-N,CCCCCl,,True,C4H9Cl,92.57,1-chlorobutane,2.6,0.0,0.0,,-123.1,,,,,H225; H412; H315; H320; H361,Flammable; Irritant; Health Hazard,Danger,False,True,True,False,Not listed,,Organic compounds,Organohalogen compounds,Organochlorides,,Organochlorides,Hydrocarbon derivatives; Alkyl chlorides,full_molecule,https://pubchem.ncbi.nlm.nih.gov/compound/8005,pubchem,1.0,1.0,1.0,1.0,1.0,0.75,0.988,HIGH,False,False,False,False,False,False,False,False,False,[SMILES] SMILES from CIR fallback.
1-Chlorohexane,16.1,6.2,1.7,,False,False,False,False,False,False,False,1-Chlorohexane,systematic_chemical,,False,544-10-5,544-10-5,True,original,10992.0,MLRVZFYXUZQSRU-UHFFFAOYSA-N,CCCCCCCl,,True,C6H13Cl,120.62,1-chlorohexane,3.6,0.0,0.0,135.0,-94.0,,,,,H226; H412,Flammable,Warning,False,False,True,False,Not listed,,Organic compounds,Organohalogen compounds,Organochlorides,,Organochlorides,Hydrocarbon derivatives; Alkyl chlorides,full_molecule,https://pubchem.ncbi.nlm.nih.gov/compound/10992,pubchem,1.0,1.0,1.0,1.0,1.0,1.0,1.0,HIGH,False,False,False,False,False,False,False,False,False,[SMILES] SMILES from CIR fallback.
1-Chloronaphthalene,20.5,4.9,2.5,,False,False,False,False,False,False,False,1-Chloronaphthalene,systematic_chemical,,False,90-13-1,90-13-1,True,original,7003.0,JTPNRXUCIXHOKM-UHFFFAOYSA-N,Clc1cccc2ccccc12,,True,C10H7Cl,162.61,1-chloronaphthalene,4.2,0.0,0.0,,-2.4,,,,,H302; H315; H319; H335; H400; H320; H373; H410; H371,Irritant; Environmental Hazard; Health Hazard,Warning,False,False,False,False,Not listed,,Organic compounds,Benzenoids,Naphthalenes,Chloronaphthalenes,Chloronaphthalenes,Aryl chlorides; Organochlorides; Hydrocarbon derivatives,full_molecule,https://pubchem.ncbi.nlm.nih.gov/compound/7003,pubchem,1.0,1.0,1.0,1.0,1.0,0.75,0.988,HIGH,False,False,False,False,False,False,False,False,False,[SMILES] SMILES from CIR fallback.
1-Chloropropene,15.3,6.9,2.2,,False,False,False,False,False,False,False,1-Chloropropene,systematic_chemical,,False,590-21-6,590-21-6,True,original,11536.0,OWXJKYNZGFSVRC-UHFFFAOYSA-N,CC=CCl,,True,C3H5Cl,76.52,1-chloroprop-1-ene,1.7,0.0,0.0,,,,,,,H224; H225; H302; H315; H319; H336,Flammable; Irritant,Danger,False,False,True,False,Not listed,,Organic compounds,Organohalogen compounds,Vinyl halides,Vinyl chlorides,Vinyl chlorides,Chloroalkenes; Organochlorides; Hydrocarbon derivatives,full_molecule,https://pubchem.ncbi.nlm.nih.gov/compound/11536,pubchem,1.0,0.85,1.0,1.0,1.0,0.5,0.945,HIGH,False,False,False,False,False,False,False,False,False,[SMILES] SMILES from CIR fallback.
1-Decanol,16.0,4.7,10.5,,False,False,False,False,False,False,False,1-Decanol,systematic_chemical,,False,112-30-1,112-30-1,True,original,8174.0,MWKFXSUHUHTGQN-UHFFFAOYSA-N,CCCCCCCCCCO,,True,C10H22O,158.28,decan-1-ol,4.6,1.0,1.0,,6.5,,,,,H315; H319; H411; H412; H335; H400; H304; H332; H361; H227; H402,Irritant; Environmental Hazard; Health Hazard,Warning,False,True,False,False,Not listed,,Organic compounds,Lipids and lipid-like molecules,Fatty Acyls,Fatty alcohols,Fatty alcohols,Primary alcohols; Hydrocarbon derivatives,full_molecule,https://pubchem.ncbi.nlm.nih.gov/compound/8174,pubchem,1.0,0.85,1.0,1.0,1.0,0.75,0.958,HIGH,False,False,False,False,False,False,False,False,False,[SMILES] SMILES from CIR fallback.
1-Decene,15.6,1.0,2.2,,False,False,False,False,False,False,False,1-Decene,systematic_chemical,,False,872-05-9,872-05-9,True,original,13381.0,AFFLGGQVNFXPEV-UHFFFAOYSA-N,CCCCCCCCC=C,,True,C10H20,140.27,dec-1-ene,5.7,0.0,0.0,,,,,,,H226; H304; H400; H410; H411; H315,Flammable; Health Hazard; Environmental Hazard; Irritant,Danger,False,False,True,False,Not listed,,Organic compounds,Hydrocarbons,Unsaturated hydrocarbons,Unsaturated aliphatic hydrocarbons,Unsaturated aliphatic hydrocarbons,Alkenes,full_molecule,https://pubchem.ncbi.nlm.nih.gov/compound/13381,pubchem,1.0,0.85,1.0,1.0,1.0,0.5,0.945,HIGH,False,False,False,False,False,False,False,False,False,[SMILES] SMILES from CIR fallback.
1-Ethoxy Ethoxy-2-Propanol,15.4,6.3,6.0,,False,False,False,False,False,False,False,1-Ethoxy Ethoxy-2-Propanol,systematic_chemical,,False,4043-59-8,4043-59-8,True,original,77664.0,WIHIUTUAHOZVLE-UHFFFAOYSA-N,CCOC(C)OCC(C)O,,True,C7H16O3,148.2,"1,3-diethoxypropan-2-ol",0.0,1.0,3.0,,,,,,,H319,Irritant,Warning,False,False,False,False,Not listed,,Organic compounds,Organic oxygen compounds,Organooxygen compounds,Alcohols and polyols,Secondary alcohols,Acetals; Hydrocarbon derivatives,full_molecule,https://pubchem.ncbi.nlm.nih.gov/compound/77664,pubchem,1.0,0.85,1.0,1.0,1.0,0.5,0.945,HIGH,True,False,False,False,False,False,False,False,False,[SMILES] SMILES from CIR fallback.
1-Ethyl Vinyl Ethyl Ether,15.3,4.2,4.6,,False,False,False,False,False,False,False,1-Ethyl Vinyl Ethyl Ether,systematic_chemical,,False,1528-20-7,1528-20-7,True,original,5364930.0,AQTYNINXYJFSHD-AATRIKPKSA-N,CCOC(=C)CC,,True,C6H12O,100.16,(E)-1-ethoxybut-1-ene,1.9,0.0,1.0,,,,,,,,,,False,False,False,False,Not listed,,Organic compounds,Organic oxygen compounds,Organooxygen compounds,,Organooxygen compounds,Hydrocarbon derivatives,full_molecule,https://pubchem.ncbi.nlm.nih.gov/compound/5364930,pubchem,1.0,0.85,1.0,1.0,1.0,0.5,0.945,HIGH,True,False,False,False,False,False,False,False,False,[SMILES] SMILES from CIR fallback.
1-Fluoro Acrylic Acid,16.0,8.7,13.0,,False,False,False,False,False,False,False,1-Fluoro Acrylic Acid,systematic_chemical,,False,430-99-9,430-99-9,True,original,2782523.0,TYCFGHUTYSLISP-UHFFFAOYSA-N,,,False,C3H3FO2,90.05,2-fluoroprop-2-enoic acid,0.7,1.0,3.0,,,,,,,H314; H318,Corrosive,Danger,False,False,False,False,Not listed,,,,,,,,,https://pubchem.ncbi.nlm.nih.gov/compound/2782523,pubchem,1.0,0.85,1.0,0.0,1.0,0.5,0.795,MEDIUM,False,False,False,False,False,False,False,False,False,
1-Fluoro Acrylonitrile,14.1,15.4,5.7,,False,False,False,False,False,False,False,1-Fluoro Acrylonitrile,systematic_chemical,,False,430-49-9,430-49-9,True,original,15576991.0,DDXZFLFMKZXQOT-UHFFFAOYSA-N,,,False,C3H2FN,71.05,2-fluoroprop-2-enenitrile,0.9,0.0,2.0,,,,,,,,,,False,False,False,False,Not listed,,,,,,,,,https://pubchem.ncbi.nlm.nih.gov/compound/15576991,pubchem,1.0,0.85,1.0,0.0,1.0,0.5,0.795,MEDIUM,False,False,False,False,False,False,False,False,False,
1-Heptanol,16.0,5.3,11.7,,False,False,False,False,False,False,False,1-Heptanol,systematic_chemical,,False,111-70-6,111-70-6,True,original,8129.0,BBMCTIGTTCKYKF-UHFFFAOYSA-N,CCCCCCCO,,True,C7H16O,116.2,heptan-1-ol,2.7,1.0,1.0,,-34.5,,,,,H319; H227; H315,Irritant,Warning,False,False,False,False,Not listed,,Organic compounds,Lipids and lipid-like molecules,Fatty Acyls,Fatty alcohols,Fatty alcohols,Primary alcohols; Hydrocarbon derivatives,full_molecule,https://pubchem.ncbi.nlm.nih.gov/compound/8129,pubchem,1.0,0.85,1.0,1.0,1.0,0.75,0.958,HIGH,False,False,False,False,False,False,False,False,False,[SMILES] SMILES from CIR fallback.
1-Heptene,15.0,1.1,2.6,,False,False,False,False,False,False,False,1-Heptene,systematic_chemical,,False,592-76-7,592-76-7,True,original,11610.0,ZGEGCLOFRBLKSE-UHFFFAOYSA-N,CCCCCC=C,,True,C7H14,98.19,hept-1-ene,4.0,0.0,0.0,,,,,,,H225; H304; H400; H410; H315; H319; H335; H320,Flammable; Health Hazard; Environmental Hazard; Irritant,Danger,False,False,True,False,Not listed,,Organic compounds,Hydrocarbons,Unsaturated hydrocarbons,Unsaturated aliphatic hydrocarbons,Unsaturated aliphatic hydrocarbons,Alkenes,full_molecule,https://pubchem.ncbi.nlm.nih.gov/compound/11610,pubchem,1.0,0.85,1.0,1.0,1.0,0.5,0.945,HIGH,False,False,False,False,False,False,False,False,False,[SMILES] SMILES from CIR fallback.
1-Hexanol,15.9,5.8,12.5,,False,False,False,False,False,False,False,1-Hexanol,systematic_chemical,,False,111-27-3,111-27-3,True,original,8103.0,ZSIAUFGUXNUGDI-UHFFFAOYSA-N,CCCCCCO,,True,C6H14O,102.17,hexan-1-ol,2.0,1.0,1.0,,,,,,,H302; H226; H312; H319; H315,Irritant; Flammable,Warning,False,False,True,False,3,,Organic compounds,Lipids and lipid-like molecules,Fatty Acyls,Fatty alcohols,Fatty alcohols,Primary alcohols; Hydrocarbon derivatives,full_molecule,https://pubchem.ncbi.nlm.nih.gov/compound/8103,pubchem,1.0,0.85,1.0,1.0,1.0,0.5,0.945,HIGH,False,False,False,False,False,False,False,False,False,[SMILES] SMILES from CIR fallback.
1-Hexene,14.7,1.1,3.0,,False,False,False,False,False,False,False,1-Hexene,systematic_chemical,,False,592-41-6,592-41-6,True,original,11597.0,LIKMAJRDDDTEIG-UHFFFAOYSA-N,CCCCC=C,,True,C6H12,84.16,hex-1-ene,3.4,0.0,0.0,,,,,,,H225; H304; H319; H401; H335; H336,Flammable; Irritant; Health Hazard,Danger,False,False,True,False,Not listed,,Organic compounds,Hydrocarbons,Unsaturated hydrocarbons,Unsaturated aliphatic hydrocarbons,Unsaturated aliphatic hydrocarbons,Alkenes,full_molecule,https://pubchem.ncbi.nlm.nih.gov/compound/11597,pubchem,1.0,0.85,1.0,1.0,1.0,0.5,0.945,HIGH,False,False,False,False,False,False,False,False,False,[SMILES] SMILES from CIR fallback.
"1-Methoxy-1,3-Butadiene",15.5,8.3,5.4,,False,False,False,False,False,False,False,"1-Methoxy-1,3-Butadiene",systematic_chemical,,False,3036-66-6,3036-66-6,True,original,5462719.0,KOCUMXQOUWPSLK-SNAWJCMRSA-N,COC=CC=C,,True,C5H8O,84.12,"(1E)-1-methoxybuta-1,3-diene",1.5,0.0,1.0,91.6,-58.7,,,,,H225; H302,Flammable; Irritant,Danger,False,False,True,False,Not listed,,Organic compounds,Organic oxygen compounds,Organooxygen compounds,,Organooxygen compounds,Hydrocarbon derivatives,full_molecule,https://pubchem.ncbi.nlm.nih.gov/compound/5462719,pubchem,1.0,0.85,1.0,1.0,1.0,1.0,0.97,HIGH,True,False,False,False,False,False,False,False,False,[SMILES] SMILES from CIR fallback.
1-Methoxy-2-Nitrobenzene,19.6,12.7,5.5,,False,False,False,False,False,False,False,1-Methoxy-2-Nitrobenzene,systematic_chemical,,False,91-23-6,91-23-6,True,original,7048.0,CFBYEGUGFPZCNF-UHFFFAOYSA-N,COc1ccccc1[N+]([O-])=O,,True,C7H7NO3,153.14,1-methoxy-2-nitrobenzene,1.7,0.0,3.0,273.1,9.2,,,,,H302; H350; H341; H361; H371; H373; H351,Irritant; Health Hazard,Danger,True,True,False,False,Not listed,,Organic compounds,Benzenoids,Benzene and substituted derivatives,Nitrobenzenes,Nitrophenyl ethers,"Methoxyanilines; Phenoxy compounds; Nitroaromatic compounds; Methoxybenzenes; Anisoles; Alkyl aryl ethers; Propargyl-type 1,3-dipolar organic compounds; Organic oxoazanium compounds; Organopnictogen compounds; Organonitrogen compounds; Organic oxides; Hydrocarbon derivatives",full_molecule,https://pubchem.ncbi.nlm.nih.gov/compound/7048,pubchem,1.0,1.0,1.0,1.0,1.0,1.0,1.0,HIGH,False,False,False,False,False,False,False,False,False,[SMILES] SMILES from CIR fallback.
1-Methyl Cyclohexanol,17.1,4.0,12.0,,False,False,False,False,False,False,False,1-Methyl Cyclohexanol,systematic_chemical,,False,590-67-0,590-67-0,True,original,11550.0,VTBOTOBFGSVRMA-UHFFFAOYSA-N,CC1(O)CCCCC1,,True,C7H14O,114.19,1-methylcyclohexan-1-ol,1.3,1.0,1.0,155.1,26.0,,,,,H228; H302; H312; H315; H319; H332; H335,Flammable; Irritant,Danger,False,False,False,False,Not listed,,Organic compounds,Organic oxygen compounds,Organooxygen compounds,Alcohols and polyols,Cyclohexanols,Tertiary alcohols; Cyclic alcohols and derivatives; Hydrocarbon derivatives,full_molecule,https://pubchem.ncbi.nlm.nih.gov/compound/11550,pubchem,1.0,0.85,1.0,1.0,1.0,1.0,0.97,HIGH,False,False,False,False,False,False,False,False,False,[SMILES] SMILES from CIR fallback.
1-Methyl Imidazole,19.7,15.6,11.2,,False,False,False,False,False,False,False,1-Methyl Imidazole,systematic_chemical,,False,616-47-7,616-47-7,True,original,1390.0,MCTWTZJPVLRJOU-UHFFFAOYSA-N,Cn1ccnc1,,True,C4H6N2,82.1,1-methylimidazole,-0.1,0.0,1.0,198.1,,,,,,H302; H312; H314; H311; H318; H361,Corrosive; Irritant; Acute Toxic; Health Hazard,Danger,False,True,False,True,Not listed,,Organic compounds,Organoheterocyclic compounds,Azoles,Imidazoles,N-substituted imidazoles,Heteroaromatic compounds; Azacyclic compounds; Organopnictogen compounds; Organonitrogen compounds; Hydrocarbon derivatives,full_molecule,https://pubchem.ncbi.nlm.nih.gov/compound/1390,pubchem,1.0,0.85,1.0,1.0,1.0,0.75,0.958,HIGH,False,False,False,False,False,False,False,False,False,[SMILES] SMILES from CIR fallback.
1-Methyl Naphthalene,19.7,0.8,4.7,,False,False,False,False,False,False,False,1-Methyl Naphthalene,systematic_chemical,,False,90-12-0,90-12-0,True,original,7002.0,QPUYECUOLPXSFR-UHFFFAOYSA-N,Cc1cccc2ccccc12,,True,C11H10,142.2,1-methylnaphthalene,3.9,0.0,0.0,,,,,,,H302; H304; H411; H319; H335; H336; H373; H400; H410; H227; H401; H315; H334,Irritant; Health Hazard; Environmental Hazard,Danger,False,False,False,False,Not listed,,Organic compounds,Benzenoids,Naphthalenes,,Naphthalenes,Aromatic hydrocarbons; Polycyclic hydrocarbons; Unsaturated hydrocarbons,full_molecule,https://pubchem.ncbi.nlm.nih.gov/compound/7002,pubchem,1.0,0.85,1.0,1.0,1.0,0.5,0.945,HIGH,False,False,False,False,False,False,False,False,False,[SMILES] SMILES from CIR fallback.
1-Methyl Vinyl Methyl Ether,14.8,4.2,5.6,,False,False,False,False,False,False,False,1-Methyl Vinyl Methyl Ether,systematic_chemical,,False,116-11-0,116-11-0,True,original,8300.0,YOWQWFMSQCOSBA-UHFFFAOYSA-N,COC(C)=C,,True,C4H8O,72.11,2-methoxyprop-1-ene,1.2,0.0,1.0,35.1,,,,,,H224; H302; H412,Flammable; Irritant,Danger,False,False,True,False,Not listed,,Organic compounds,Organic oxygen compounds,Organooxygen compounds,,Organooxygen compounds,Hydrocarbon derivatives,full_molecule,https://pubchem.ncbi.nlm.nih.gov/compound/8300,pubchem,1.0,0.85,1.0,1.0,1.0,0.75,0.958,HIGH,False,False,False,False,False,False,False,False,False,[SMILES] SMILES from CIR fallback.
1-Naphthol,19.7,6.3,12.3,,False,False,False,False,False,False,False,1-Naphthol,systematic_chemical,,False,90-15-3,90-15-3,True,original,7005.0,KJCVRFUGPWSIIH-UHFFFAOYSA-N,Oc1cccc2ccccc12,,True,C10H8O,144.17,naphthalen-1-ol,2.8,1.0,1.0,288.0,,,,,,H302; H312; H315; H318; H335; H311; H317; H400; H410; H412; H411; H314; H371,Corrosive; Irritant; Acute Toxic; Environmental Hazard; Health Hazard,Danger,False,False,False,True,Not listed,,Organic compounds,Benzenoids,Naphthalenes,Naphthols and derivatives,Naphthols and derivatives,1-hydroxy-4-unsubstituted benzenoids; 1-hydroxy-2-unsubstituted benzenoids; Organooxygen compounds; Hydrocarbon derivatives,full_molecule,https://pubchem.ncbi.nlm.nih.gov/compound/7005,pubchem,1.0,0.85,1.0,1.0,1.0,0.75,0.958,HIGH,False,False,False,False,False,False,False,False,False,[SMILES] SMILES from CIR fallback.
1-Nitropropane,16.6,12.3,5.5,,False,False,False,False,False,False,False,1-Nitropropane,systematic_chemical,,False,108-03-2,108-03-2,True,original,7903.0,JSZOAYXJRCEYSX-UHFFFAOYSA-N,CCC[N+]([O-])=O,,True,C3H7NO2,89.09,1-nitropropane,0.9,0.0,2.0,,-104.0,,,,,H226; H302; H312; H332; H331; H319; H335; H336; H370; H351,Flammable; Irritant; Acute Toxic; Health Hazard,Warning,True,False,True,True,Not listed,,Organic compounds,"Organic 1,3-dipolar compounds","Allyl-type 1,3-dipolar organic compounds",Organic nitro compounds,C-nitro compounds,"Propargyl-type 1,3-dipolar organic compounds; Organic oxoazanium compounds; Organopnictogen compounds; Organonitrogen compounds; Organic oxides; Hydrocarbon derivatives",full_molecule,https://pubchem.ncbi.nlm.nih.gov/compound/7903,pubchem,1.0,1.0,1.0,1.0,1.0,0.75,0.988,HIGH,False,False,False,False,False,False,False,False,False,[SMILES] SMILES from CIR fallback.
1-Nonanol,16.0,4.8,11.0,,False,False,False,False,False,False,False,1-Nonanol,systematic_chemical,,False,143-08-8,143-08-8,True,original,8914.0,ZWRUINPWMLAQRD-UHFFFAOYSA-N,CCCCCCCCCO,,True,C9H20O,144.25,nonan-1-ol,4.3,1.0,1.0,,,,,,,H315; H319; H411; H227; H332; H335; H373,Irritant; Environmental Hazard; Health Hazard,Warning,False,False,False,False,Not listed,,Organic compounds,Lipids and lipid-like molecules,Fatty Acyls,Fatty alcohols,Fatty alcohols,Primary alcohols; Hydrocarbon derivatives,full_molecule,https://pubchem.ncbi.nlm.nih.gov/compound/8914,pubchem,1.0,0.85,1.0,1.0,1.0,0.5,0.945,HIGH,False,False,False,False,False,False,False,False,False,[SMILES] SMILES from CIR fallback.
1-Nonene,15.4,1.0,2.2,,False,False,False,False,False,False,False,1-Nonene,systematic_chemical,,False,124-11-8,124-11-8,True,original,31285.0,JRZJOMJEPLMPRA-UHFFFAOYSA-N,CCCCCCCC=C,,True,C9H18,126.24,non-1-ene,5.2,0.0,0.0,,,,,,,H226; H304; H315; H319; H335; H336,Flammable; Irritant; Health Hazard,Danger,False,False,True,False,Not listed,,Organic compounds,Hydrocarbons,Unsaturated hydrocarbons,Unsaturated aliphatic hydrocarbons,Unsaturated aliphatic hydrocarbons,Alkenes,full_molecule,https://pubchem.ncbi.nlm.nih.gov/compound/31285,pubchem,1.0,0.85,1.0,1.0,1.0,0.5,0.945,HIGH,False,False,False,False,False,False,False,False,False,[SMILES] SMILES from CIR fallback.
1-Octanol,16.0,5.0,11.2,,False,False,False,False,False,False,False,1-Octanol,systematic_chemical,,False,111-87-5,111-87-5,True,original,957.0,KBPLFHHGFOOTCA-UHFFFAOYSA-N,CCCCCCCCO,,True,C8H18O,130.23,octan-1-ol,3.0,1.0,1.0,,,,,,,H302; H312; H315; H319; H412; H227; H370; H371; H401; H305; H316; H335; H341; H402,Irritant; Health Hazard,Warning,False,False,False,False,Not listed,,Organic compounds,Lipids and lipid-like molecules,Fatty Acyls,Fatty alcohols,Fatty alcohols,Primary alcohols; Hydrocarbon derivatives,full_molecule,https://pubchem.ncbi.nlm.nih.gov/compound/957,pubchem,1.0,0.85,1.0,1.0,1.0,0.5,0.945,HIGH,False,False,False,False,False,False,False,False,False,[SMILES] SMILES from CIR fallback.
1-Octene,15.3,1.0,2.4,,False,False,False,False,False,False,False,1-Octene,systematic_chemical,,False,111-66-0,111-66-0,True,original,8125.0,KWKAKUADMBZCLK-UHFFFAOYSA-N,CCCCCCC=C,,True,C8H16,112.21,oct-1-ene,4.6,0.0,0.0,,,,,,,H225; H304; H315; H411; H400; H410; H332; H336,Flammable; Irritant; Health Hazard; Environmental Hazard,Danger,False,False,True,False,Not listed,,Organic compounds,Hydrocarbons,Unsaturated hydrocarbons,Unsaturated aliphatic hydrocarbons,Unsaturated aliphatic hydrocarbons,Alkenes,full_molecule,https://pubchem.ncbi.nlm.nih.gov/compound/8125,pubchem,1.0,0.85,1.0,1.0,1.0,0.5,0.945,HIGH,False,False,False,False,False,False,False,False,False,[SMILES] SMILES from CIR fallback.
1-Pentanol,15.9,5.9,13.9,,False,False,False,False,False,False,False,1-Pentanol,systematic_chemical,,False,71-41-0,71-41-0,True,original,6276.0,AMQJEAYHLZJPGS-UHFFFAOYSA-N,CCCCCO,,True,C5H12O,88.15,pentan-1-ol,1.6,1.0,1.0,,-78.5,,,,,H226; H315; H332; H335; H314; H318; H319; H371,Flammable; Irritant; Corrosive; Health Hazard,Warning,False,False,True,False,Not listed,,Organic compounds,Organic oxygen compounds,Organooxygen compounds,Alcohols and polyols,Primary alcohols,Hydrocarbon derivatives,full_molecule,https://pubchem.ncbi.nlm.nih.gov/compound/6276,pubchem,1.0,0.85,1.0,1.0,1.0,0.75,0.958,HIGH,False,False,False,False,False,False,False,False,False,[SMILES] SMILES from CIR fallback.
1-Pentene,13.9,1.4,3.8,,False,False,False,False,False,False,False,1-Pentene,systematic_chemical,,False,109-67-1,109-67-1,True,original,8004.0,YWAKXRMUMFPDSH-UHFFFAOYSA-N,CCCC=C,,True,C5H10,70.13,pent-1-ene,2.4,0.0,0.0,,-165.4,,,,,H224; H304; H315; H319; H412,Flammable; Irritant; Health Hazard,Danger,False,False,True,False,Not listed,,Organic compounds,Hydrocarbons,Unsaturated hydrocarbons,Unsaturated aliphatic hydrocarbons,Unsaturated aliphatic hydrocarbons,Alkenes,full_molecule,https://pubchem.ncbi.nlm.nih.gov/compound/8004,pubchem,1.0,0.85,1.0,1.0,1.0,0.75,0.958,HIGH,False,False,False,False,False,False,False,False,False,[SMILES] SMILES from CIR fallback.
1-Propanethiol,16.1,5.8,5.7,,False,False,False,False,False,False,False,1-Propanethiol,systematic_chemical,,False,107-03-9,107-03-9,True,original,7848.0,SUVIGLJNEAMWEG-UHFFFAOYSA-N,CCCS,,True,C3H8S,76.16,propane-1-thiol,1.8,1.0,1.0,,,,,,,H225; H302; H319; H317; H400; H332; H335,Flammable; Irritant; Environmental Hazard,Danger,False,False,True,False,Not listed,,Organic compounds,Organosulfur compounds,Thiols,Alkylthiols,Alkylthiols,Hydrocarbon derivatives,full_molecule,https://pubchem.ncbi.nlm.nih.gov/compound/7848,pubchem,1.0,0.85,1.0,1.0,1.0,0.5,0.945,HIGH,False,False,False,False,False,False,False,False,False,[SMILES] SMILES from CIR fallback.
1-Propanol,16.0,6.8,17.4,,False,False,False,False,False,False,False,1-Propanol,systematic_chemical,,False,71-23-8,71-23-8,True,original,1031.0,BDERNNFJNOPAEC-UHFFFAOYSA-N,CCCO,,True,C3H8O,60.1,propan-1-ol,0.3,1.0,1.0,,-126.1,,,,,H225; H318; H336; H302; H361; H303; H305; H313; H315; H319; H335; H351,Flammable; Corrosive; Irritant; Health Hazard,Danger,True,True,True,False,3,,Organic compounds,Organic oxygen compounds,Organooxygen compounds,Alcohols and polyols,Primary alcohols,Hydrocarbon derivatives,full_molecule,https://pubchem.ncbi.nlm.nih.gov/compound/1031,pubchem,1.0,0.85,1.0,1.0,1.0,0.75,0.958,HIGH,False,False,False,False,False,False,False,False,False,[SMILES] SMILES from CIR fallback.
1-Tetradecene,16.1,0.5,1.9,,False,False,False,False,False,False,False,1-Tetradecene,systematic_chemical,,False,1120-36-1,1120-36-1,True,original,14260.0,HFDVRLIODXPAHB-UHFFFAOYSA-N,CCCCCCCCCCCCC=C,,True,C14H28,196.37,tetradec-1-ene,7.9,0.0,0.0,251.1,-12.9,,,,,H304; H315,Irritant; Health Hazard,Danger,False,False,False,False,Not listed,,Organic compounds,Hydrocarbons,Unsaturated hydrocarbons,Unsaturated aliphatic hydrocarbons,Unsaturated aliphatic hydrocarbons,Alkenes,full_molecule,https://pubchem.ncbi.nlm.nih.gov/compound/14260,pubchem,1.0,0.85,1.0,1.0,1.0,1.0,0.97,HIGH,False,False,False,False,False,False,False,False,False,[SMILES] SMILES from CIR fallback.
"2,2',5,5'-Tetrathiafulvalen",21.0,8.2,8.4,,False,False,False,False,False,False,False,"2,2',5,5'-Tetrathiafulvalen",trivial_name,,False,31366-25-3,31366-25-3,True,original,99451.0,FHCPAXDKURNIOZ-UHFFFAOYSA-N,,,False,C6H4S4,204.4,"2-(1,3-dithiol-2-ylidene)-1,3-dithiole",2.5,0.0,4.0,,,,,,,H317,Irritant,Warning,False,False,False,False,Not listed,,,,,,,,,https://pubchem.ncbi.nlm.nih.gov/compound/99451,pubchem,1.0,0.85,1.0,0.0,1.0,0.5,0.795,MEDIUM,False,False,False,False,False,False,False,False,False,
"2,2,2-Trifluoro Ethanol",15.4,8.3,16.4,,False,False,False,False,False,False,False,"2,2,2-Trifluoro Ethanol",systematic_chemical,,False,75-89-8,75-89-8,True,original,6409.0,RHQDFWAXVIIEBN-UHFFFAOYSA-N,OCC(F)(F)F,,True,C2H3F3O,100.04,"2,2,2-trifluoroethanol",0.4,1.0,4.0,,-43.5,,,,,H226; H301; H312; H315; H318; H331; H332; H335; H360; H373,Flammable; Corrosive; Acute Toxic; Irritant; Health Hazard,Danger,False,True,True,True,Not listed,,Organic compounds,Organohalogen compounds,Halohydrins,Fluorohydrins,Fluorohydrins,Primary alcohols; Organofluorides; Hydrocarbon derivatives; Alkyl fluorides,full_molecule,https://pubchem.ncbi.nlm.nih.gov/compound/6409,pubchem,1.0,0.85,1.0,1.0,1.0,0.75,0.958,HIGH,False,False,False,False,False,False,False,False,False,[SMILES] SMILES from CIR fallback.
"2,2,4-Trimethyl-1,3-Pentanediol Monoisobutyrate (Texanol)",15.1,6.1,9.8,,False,False,False,False,False,False,False,"2,2,4-Trimethyl-1,3-Pentanediol Monoisobutyrate",systematic_chemical,Texanol,False,25265-77-4,25265-77-4,True,original,6490.0,DAFHKNAQFPVRKR-UHFFFAOYSA-N,CC(C)C(O)C(C)(C)CO.CC(C)C(O)=O,,True,C12H24O3,216.32,"(3-hydroxy-2,2,4-trimethylpentyl) 2-methylpropanoate",3.1,1.0,3.0,,,,,,,H320; H402,,Warning,False,False,False,False,Not listed,,Organic compounds,Organic oxygen compounds,Organooxygen compounds,Alcohols and polyols,Secondary alcohols,Monocarboxylic acids and derivatives; Carboxylic acids; Primary alcohols; Organic oxides; Hydrocarbon derivatives; Carbonyl compounds,full_molecule,https://pubchem.ncbi.nlm.nih.gov/compound/6490,pubchem,1.0,0.85,1.0,1.0,1.0,0.5,0.945,HIGH,True,False,False,False,False,False,False,False,False,[SMILES] SMILES from CIR fallback.
"2,2,4-Trimethylpentane",14.1,0.0,0.0,,False,False,False,False,False,False,True,"2,2,4-Trimethylpentane",systematic_chemical,,False,540-84-1,540-84-1,True,original,10907.0,NHTMVDHEPJAVLT-UHFFFAOYSA-N,CC(C)CC(C)(C)C,,True,C8H18,114.23,"2,2,4-trimethylpentane",3.8,0.0,0.0,,,,,,,H225; H304; H315; H336; H400; H410; H224; H302; H335,Flammable; Irritant; Health Hazard; Environmental Hazard; Oxidizer,Danger,False,False,True,False,Not listed,,Organic compounds,Hydrocarbons,Saturated hydrocarbons,Alkanes,Branched alkanes,,full_molecule,https://pubchem.ncbi.nlm.nih.gov/compound/10907,pubchem,1.0,1.0,1.0,1.0,1.0,0.5,0.975,HIGH,False,False,False,False,False,False,False,False,False,[SMILES] SMILES from CIR fallback.
"2,2,6,6-Tetrachlorocyclohexanone",19.5,14.0,6.3,,False,False,False,False,False,False,False,"2,2,6,6-Tetrachlorocyclohexanone",systematic_chemical,,False,3776-30-5,3776-30-5,True,original,77407.0,QCAHVKJGHYVLIS-UHFFFAOYSA-N,ClC1(Cl)CCCC(Cl)(Cl)C1=O,,True,C6H6Cl4O,235.9,"2,2,6,6-tetrachlorocyclohexan-1-one",3.2,0.0,1.0,,,,,,,H302,Irritant,Warning,False,False,False,False,Not listed,,Organic compounds,Organic oxygen compounds,Organooxygen compounds,Carbonyl compounds,Alpha-chloroketones,Cyclic ketones; Organochlorides; Organic oxides; Hydrocarbon derivatives; Alkyl chlorides,full_molecule,https://pubchem.ncbi.nlm.nih.gov/compound/77407,pubchem,1.0,0.85,1.0,1.0,1.0,0.5,0.945,HIGH,False,False,False,False,False,False,False,False,False,[SMILES] SMILES from CIR fallback.
"2,2-Dimethyl-1-Propanol (Neopentyl Alc.)",15.6,6.5,13.5,,False,False,False,False,False,False,False,"2,2-Dimethyl-1-Propanol",systematic_chemical,Neopentyl Alc.,False,75-84-3,75-84-3,True,original,6404.0,KPSSIOMAKSHJJG-UHFFFAOYSA-N,CC(C)(C)CO,,True,C5H12O,88.15,"2,2-dimethylpropan-1-ol",1.3,1.0,1.0,,52.6,,,,,H226; H228; H319; H332; H335,Flammable; Irritant,Danger,False,False,True,False,Not listed,,Organic compounds,Organic oxygen compounds,Organooxygen compounds,Alcohols and polyols,Primary alcohols,Hydrocarbon derivatives,full_molecule,https://pubchem.ncbi.nlm.nih.gov/compound/6404,pubchem,1.0,0.85,1.0,1.0,1.0,0.75,0.958,HIGH,False,False,False,False,False,False,False,False,False,[SMILES] SMILES from CIR fallback.
"2,3,4-Trifluoro Nitrobenzene",19.5,7.7,3.5,,False,False,False,False,False,False,False,"2,3,4-Trifluoro Nitrobenzene",systematic_chemical,,False,771-69-7,771-69-7,True,original,69871.0,ARCACZWMYGILNI-UHFFFAOYSA-N,[O-][N+](=O)c1ccc(F)c(F)c1F,,True,C6H2F3NO2,177.08,"1,2,3-trifluoro-4-nitrobenzene",2.1,0.0,5.0,,,,,,,H302; H311; H312; H315; H317; H319; H332; H335; H373,Acute Toxic; Irritant; Health Hazard,Danger,False,False,False,True,Not listed,,Organic compounds,Benzenoids,Benzene and substituted derivatives,Nitrobenzenes,Nitrobenzenes,"Nitroaromatic compounds; Fluorobenzenes; Aryl fluorides; Propargyl-type 1,3-dipolar organic compounds; Organic oxoazanium compounds; Organopnictogen compounds; Organonitrogen compounds; Organofluorides; Organic oxides; Hydrocarbon derivatives",full_molecule,https://pubchem.ncbi.nlm.nih.gov/compound/69871,pubchem,1.0,0.85,1.0,1.0,1.0,0.5,0.945,HIGH,False,False,False,False,False,False,False,False,False,[SMILES] SMILES from CIR fallback.
"2,3-Benzofuran (Cumaron)",18.7,5.1,5.7,,False,False,False,False,False,False,False,"2,3-Benzofuran",trivial_name,Cumaron,False,271-89-6,271-89-6,True,original,9223.0,IANQTJSKSUMEQM-UHFFFAOYSA-N,o1ccc2ccccc12,,True,C8H6O,118.13,1-benzofuran,2.7,0.0,1.0,174.0,,,,,,H226; H351; H412; H350; H402; H373,Flammable; Health Hazard,Warning,True,False,True,False,Not listed,,Organic compounds,Organoheterocyclic compounds,Benzofurans,,Benzofurans,Benzenoids; Heteroaromatic compounds; Furans; Oxacyclic compounds; Organooxygen compounds; Hydrocarbon derivatives,full_molecule,https://pubchem.ncbi.nlm.nih.gov/compound/9223,pubchem,1.0,0.85,1.0,1.0,1.0,0.75,0.958,HIGH,False,False,False,False,False,False,False,False,False,[SMILES] SMILES from CIR fallback.
"2,3-Butadiene-1-ol",16.2,6.6,16.8,,False,False,False,False,False,False,False,"2,3-Butadiene-1-ol",trivial_name,,False,18913-31-0,18913-31-0,True,original,140447.0,JXKCVRNKAPHWJG-UHFFFAOYSA-N,OC[CH]=[C]=[CH2],,True,C4H6O,70.09,"buta-2,3-dien-1-ol",-0.2,1.0,1.0,,,,,,,H226; H315; H319; H335,Flammable; Irritant,Warning,False,False,True,False,Not listed,,Organic compounds,Organic oxygen compounds,Organooxygen compounds,Alcohols and polyols,Primary alcohols,Hydrocarbon derivatives,full_molecule,https://pubchem.ncbi.nlm.nih.gov/compound/140447,pubchem,1.0,0.85,1.0,1.0,1.0,0.5,0.945,HIGH,False,False,False,False,False,False,False,False,False,[SMILES] SMILES from CIR fallback.
"2,3-Butylene Carbonate",18.0,16.8,3.1,,False,False,False,False,False,False,False,"2,3-Butylene Carbonate",systematic_chemical,,False,4437-70-1,4437-70-1,True,original,536113.0,LWLOKSXSAUHTJO-UHFFFAOYSA-N,CC1OC(=O)OC1C,,True,C5H8O3,116.11,"4,5-dimethyl-1,3-dioxolan-2-one",1.2,0.0,3.0,,,,,,,,,,False,False,False,False,Not listed,,Organic compounds,Organic acids and derivatives,Organic carbonic acids and derivatives,Carbonic acid diesters,Carbonic acid diesters,"1,3-dioxolanes; Oxacyclic compounds; Organic oxides; Hydrocarbon derivatives; Carbonyl compounds",full_molecule,https://pubchem.ncbi.nlm.nih.gov/compound/536113,pubchem,1.0,0.85,1.0,1.0,1.0,0.5,0.945,HIGH,False,False,False,False,False,False,False,False,False,[SMILES] SMILES from CIR fallback.
"2,3-Dibromoprene",17.7,11.8,6.4,,False,False,False,False,False,False,False,"2,3-Dibromoprene",systematic_chemical,,False,34994-48-4,34994-48-4,True,original,21863425.0,GVTJVTFUVRQJKK-UHFFFAOYSA-N,,,False,C4H4Br2,211.88,"2,3-dibromobuta-1,3-diene",2.8,0.0,0.0,,-21.4,,,,,,,,False,False,False,False,Not listed,,,,,,,,,https://pubchem.ncbi.nlm.nih.gov/compound/21863425,pubchem,1.0,0.85,1.0,0.0,1.0,0.75,0.808,MEDIUM,False,False,False,False,False,False,False,False,False,
"2,3-Dichloro-1,3-Butadiene",17.1,2.3,2.8,,False,False,False,False,False,False,False,"2,3-Dichloro-1,3-Butadiene",systematic_chemical,,False,1653-19-6,1653-19-6,True,original,15447.0,LIFLRQVHKGGNSG-UHFFFAOYSA-N,ClC(=C)C(Cl)=C,,True,C4H4Cl2,122.98,"2,3-dichlorobuta-1,3-diene",2.7,0.0,0.0,98.1,,,,,,H302; H315; H319; H335; H411,Irritant; Environmental Hazard,Warning,False,False,False,False,Not listed,,Organic compounds,Organohalogen compounds,Vinyl halides,Vinyl chlorides,Vinyl chlorides,Chloroalkenes; Organochlorides; Hydrocarbon derivatives,full_molecule,https://pubchem.ncbi.nlm.nih.gov/compound/15447,pubchem,1.0,0.85,1.0,1.0,1.0,0.75,0.958,HIGH,False,False,False,False,False,False,False,False,False,[SMILES] SMILES from CIR fallback.
"2,3-Dichloronitrobenzene",19.7,12.6,4.4,,False,False,False,False,False,False,False,"2,3-Dichloronitrobenzene",systematic_chemical,,False,3209-22-1,3209-22-1,True,original,18555.0,CMVQZRLQEOAYSW-UHFFFAOYSA-N,[O-][N+](=O)c1cccc(Cl)c1Cl,,True,C6H3Cl2NO2,192.0,"1,2-dichloro-3-nitrobenzene",3.0,0.0,2.0,257.6,60.4,,,,,H301; H302; H373; H411; H401; H315; H370,Acute Toxic; Irritant; Health Hazard; Environmental Hazard,Danger,False,False,False,True,Not listed,,Organic compounds,Benzenoids,Benzene and substituted derivatives,Nitrobenzenes,Nitrobenzenes,"Nitroaromatic compounds; Dichlorobenzenes; Aryl chlorides; Propargyl-type 1,3-dipolar organic compounds; Organic oxoazanium compounds; Organopnictogen compounds; Organonitrogen compounds; Organochlorides; Organic oxides; Hydrocarbon derivatives",full_molecule,https://pubchem.ncbi.nlm.nih.gov/compound/18555,pubchem,1.0,0.85,1.0,1.0,1.0,1.0,0.97,HIGH,False,False,False,False,False,False,False,False,False,[SMILES] SMILES from CIR fallback.
"2,3-Dichloropropanol",17.5,9.2,14.6,,False,False,False,False,False,False,False,"2,3-Dichloropropanol",systematic_chemical,,False,616-23-9,616-23-9,True,original,12018.0,ZXCYIJGIGSDJQQ-UHFFFAOYSA-N,OCC(Cl)CCl,,True,C3H6Cl2O,128.98,"2,3-dichloropropan-1-ol",0.8,1.0,1.0,182.9,,,,,,H301; H310; H315; H318; H319; H332; H227; H371; H373,Corrosive; Acute Toxic; Irritant; Health Hazard,Danger,False,False,False,True,Not listed,,Organic compounds,Organohalogen compounds,Halohydrins,Chlorohydrins,Chlorohydrins,Primary alcohols; Organochlorides; Hydrocarbon derivatives; Alkyl chlorides,full_molecule,https://pubchem.ncbi.nlm.nih.gov/compound/12018,pubchem,1.0,0.85,1.0,1.0,1.0,0.75,0.958,HIGH,False,False,False,False,False,False,False,False,False,[SMILES] SMILES from CIR fallback.
"2,3-Dichloropropene",16.2,7.8,3.0,,False,False,False,False,False,False,False,"2,3-Dichloropropene",systematic_chemical,,False,78-88-6,78-88-6,True,original,6565.0,FALCMQXTWHPRIH-UHFFFAOYSA-N,ClCC(Cl)=C,,True,C3H4Cl2,110.97,"2,3-dichloroprop-1-ene",1.9,0.0,0.0,94.1,,,,,,H225; H302; H312; H315; H318; H332; H335; H341; H412; H319; H336,Flammable; Corrosive; Irritant; Health Hazard,Danger,False,False,True,False,Not listed,,Organic compounds,Organohalogen compounds,Vinyl halides,Vinyl chlorides,Vinyl chlorides,Chloroalkenes; Organochlorides; Hydrocarbon derivatives; Alkyl chlorides,full_molecule,https://pubchem.ncbi.nlm.nih.gov/compound/6565,pubchem,1.0,0.85,1.0,1.0,1.0,0.75,0.958,HIGH,False,False,False,False,False,False,False,False,False,[SMILES] SMILES from CIR fallback.
"2,4,5-Trichlorothiophenol",21.0,4.5,9.1,,False,False,False,False,False,False,False,"2,4,5-Trichlorothiophenol",systematic_chemical,,False,3773-14-6,3773-14-6,True,original,19597.0,JARIALSGFXECCH-UHFFFAOYSA-N,Sc1cc(Cl)c(Cl)cc1Cl,,True,C6H3Cl3S,213.5,"2,4,5-trichlorobenzenethiol",4.0,1.0,1.0,,,,,,,H315; H318; H319; H335; H413,Corrosive; Irritant,Danger,False,False,False,False,Not listed,,Organic compounds,Benzenoids,Thiophenols,,Thiophenols,Chlorobenzenes; Aryl chlorides; Thiols; Organochlorides; Hydrocarbon derivatives,full_molecule,https://pubchem.ncbi.nlm.nih.gov/compound/19597,pubchem,1.0,0.85,1.0,1.0,1.0,0.5,0.945,HIGH,False,False,False,False,False,False,False,False,False,[SMILES] SMILES from CIR fallback.
"2,4,6-Tribromo Phenol",20.6,10.2,14.1,,False,False,False,False,False,False,False,"2,4,6-Tribromo Phenol",systematic_chemical,,False,118-79-6,118-79-6,True,original,1483.0,BSWWXRFVMJHFBN-UHFFFAOYSA-N,Oc1c(Br)cc(Br)cc1Br,,True,C6H3Br3O,330.8,"2,4,6-tribromophenol",4.4,1.0,1.0,,94.9,,,,,H317; H319; H400; H410; H302; H361; H371; H373,Irritant; Environmental Hazard; Health Hazard,Warning,False,True,False,False,Not listed,,Organic compounds,Benzenoids,Phenols,Halophenols,P-bromophenols,O-bromophenols; Bromobenzenes; Aryl bromides; Organooxygen compounds; Organobromides; Hydrocarbon derivatives,full_molecule,https://pubchem.ncbi.nlm.nih.gov/compound/1483,pubchem,1.0,0.85,1.0,1.0,1.0,0.75,0.958,HIGH,False,False,False,False,False,False,False,False,False,[SMILES] SMILES from CIR fallback.
"2,4,6-Trichloroanisol",21.0,3.9,7.0,,False,False,False,False,False,False,False,"2,4,6-Trichloroanisol",systematic_chemical,,False,87-40-1,87-40-1,True,original,6884.0,WCVOGSZTONGSQY-UHFFFAOYSA-N,COc1c(Cl)cc(Cl)cc1Cl,,True,C7H5Cl3O,211.5,"1,3,5-trichloro-2-methoxybenzene",4.0,0.0,1.0,,,,,,,H302; H319; H413,Irritant,Warning,False,False,False,False,Not listed,,Organic compounds,Benzenoids,Phenol ethers,Anisoles,Anisoles,Phenoxy compounds; Methoxybenzenes; Chlorobenzenes; Alkyl aryl ethers; Aryl chlorides; Organochlorides; Hydrocarbon derivatives,full_molecule,https://pubchem.ncbi.nlm.nih.gov/compound/6884,pubchem,1.0,0.85,1.0,1.0,1.0,0.5,0.945,HIGH,False,False,False,False,False,False,False,False,False,[SMILES] SMILES from CIR fallback.
"2,4,6-Trichlorophenol",20.3,5.1,10.8,,False,False,False,False,False,False,False,"2,4,6-Trichlorophenol",systematic_chemical,,False,88-06-2,88-06-2,True,original,6914.0,LINPIYWFGCPVIE-UHFFFAOYSA-N,Oc1c(Cl)cc(Cl)cc1Cl,,True,C6H3Cl3O,197.4,"2,4,6-trichlorophenol",3.7,1.0,1.0,246.1,,,,,,H302; H315; H319; H351; H400; H410; H335; H361; H370; H372; H411,Irritant; Health Hazard; Environmental Hazard,Warning,True,True,False,False,Not listed,,Organic compounds,Benzenoids,Phenols,Halophenols,P-chlorophenols,O-chlorophenols; Chlorobenzenes; Aryl chlorides; Organooxygen compounds; Organochlorides; Hydrocarbon derivatives,full_molecule,https://pubchem.ncbi.nlm.nih.gov/compound/6914,pubchem,1.0,1.0,1.0,1.0,1.0,0.75,0.988,HIGH,False,False,False,False,False,False,False,False,False,[SMILES] SMILES from CIR fallback.
"2,4-Dichloro-3-Fluoronitrobenzene",19.9,7.2,4.2,,False,False,False,False,False,False,False,"2,4-Dichloro-3-Fluoronitrobenzene",systematic_chemical,,False,393-79-3,393-79-3,True,original,223081.0,JSEVUBOYVADSHX-UHFFFAOYSA-N,[O-][N+](=O)c1ccc(Cl)c(F)c1Cl,,True,C6H2Cl2FNO2,209.99,"1,3-dichloro-2-fluoro-4-nitrobenzene",3.1,0.0,3.0,,,,,,,H302; H312; H332,Irritant,Warning,False,False,False,False,Not listed,,Organic compounds,Benzenoids,Benzene and substituted derivatives,Nitrobenzenes,Nitrobenzenes,"Nitroaromatic compounds; Dichlorobenzenes; Fluorobenzenes; Aryl fluorides; Aryl chlorides; Propargyl-type 1,3-dipolar organic compounds; Organic oxoazanium compounds; Organopnictogen compounds; Organonitrogen compounds; Organofluorides; Organochlorides; Organic oxides; Hydrocarbon derivatives",full_molecule,https://pubchem.ncbi.nlm.nih.gov/compound/223081,pubchem,1.0,0.85,1.0,1.0,1.0,0.5,0.945,HIGH,False,False,False,False,False,False,False,False,False,[SMILES] SMILES from CIR fallback.
"2,4-Dichloro-5-Nitrobenzotrifluoride",19.9,7.6,3.7,,False,False,False,False,False,False,False,"2,4-Dichloro-5-Nitrobenzotrifluoride",systematic_chemical,,False,400-70-4,400-70-4,True,original,621179.0,VLVNHMVSVDVAOA-UHFFFAOYSA-N,[O-][N+](=O)c1cc(c(Cl)cc1Cl)C(F)(F)F,,True,C7H2Cl2F3NO2,259.99,"1,5-dichloro-2-nitro-4-(trifluoromethyl)benzene",3.9,0.0,5.0,,,,,,,H302; H315; H319; H335,Irritant,Warning,False,False,False,False,Not listed,,Organic compounds,Benzenoids,Benzene and substituted derivatives,Trifluoromethylbenzenes,Trifluoromethylbenzenes,"Nitrobenzenes; Nitroaromatic compounds; Dichlorobenzenes; Aryl chlorides; Propargyl-type 1,3-dipolar organic compounds; Organic oxoazanium compounds; Organopnictogen compounds; Organonitrogen compounds; Organofluorides; Organochlorides; Organic oxides; Hydrocarbon derivatives; Alkyl fluorides",full_molecule,https://pubchem.ncbi.nlm.nih.gov/compound/621179,pubchem,1.0,0.85,1.0,1.0,1.0,0.5,0.945,HIGH,False,False,False,False,False,False,False,False,False,[SMILES] SMILES from CIR fallback.
"2,4-Dichloroaniline",20.9,6.2,10.0,,False,False,False,False,False,False,False,"2,4-Dichloroaniline",systematic_chemical,,False,554-00-7,554-00-7,True,original,11123.0,KQCMTOWTPBNWDB-UHFFFAOYSA-N,Nc1ccc(Cl)cc1Cl,,True,C6H5Cl2N,162.01,"2,4-dichloroaniline",2.9,1.0,1.0,245.1,62.9,,,,,H301; H311; H331; H373; H400; H410; H302; H370; H372; H317; H318,Acute Toxic; Health Hazard; Environmental Hazard; Irritant; Corrosive,Danger,False,False,False,True,Not listed,,Organic compounds,Benzenoids,Benzene and substituted derivatives,Halobenzenes,Dichlorobenzenes,Aniline and substituted anilines; Aryl chlorides; Primary amines; Organopnictogen compounds; Organochlorides; Hydrocarbon derivatives,full_molecule,https://pubchem.ncbi.nlm.nih.gov/compound/11123,pubchem,1.0,1.0,1.0,1.0,1.0,1.0,1.0,HIGH,False,False,False,False,False,False,False,False,False,[SMILES] SMILES from CIR fallback.
"2,4-Dichlorobenzaldehyde",19.7,8.8,5.4,,False,False,False,False,False,False,False,"2,4-Dichlorobenzaldehyde",systematic_chemical,,False,874-42-0,874-42-0,True,original,13404.0,YSFBEAASFUWWHU-UHFFFAOYSA-N,Clc1ccc(C=O)c(Cl)c1,,True,C7H4Cl2O,175.01,"2,4-dichlorobenzaldehyde",3.0,0.0,1.0,233.1,71.9,,,,,H314; H318; H411,Corrosive; Environmental Hazard,Danger,False,False,False,False,Not listed,,Organic compounds,Benzenoids,Benzene and substituted derivatives,Halobenzenes,Dichlorobenzenes,Benzoyl derivatives; Benzaldehydes; Aryl chlorides; Vinylogous halides; Organochlorides; Organic oxides; Hydrocarbon derivatives,full_molecule,https://pubchem.ncbi.nlm.nih.gov/compound/13404,pubchem,1.0,1.0,1.0,1.0,1.0,1.0,1.0,HIGH,False,False,False,False,False,False,False,False,False,[SMILES] SMILES from CIR fallback.
"2,4-Dichloronitrobenzene",20.4,8.7,4.2,,False,False,False,False,False,False,False,"2,4-Dichloronitrobenzene",systematic_chemical,,False,611-06-3,611-06-3,True,original,11899.0,QUIMTLZDMCNYGY-UHFFFAOYSA-N,[O-][N+](=O)c1ccc(Cl)cc1Cl,,True,C6H3Cl2NO2,192.0,"2,4-dichloro-1-nitrobenzene",3.1,0.0,2.0,258.6,31.9,,,,,H302; H311; H315; H317; H319; H335; H341; H350; H411; H351; H361; H373; H312,Acute Toxic; Irritant; Health Hazard; Environmental Hazard,Danger,True,True,False,True,Not listed,,Organic compounds,Benzenoids,Benzene and substituted derivatives,Nitrobenzenes,Nitrobenzenes,"Nitroaromatic compounds; Dichlorobenzenes; Aryl chlorides; Propargyl-type 1,3-dipolar organic compounds; Organic oxoazanium compounds; Organopnictogen compounds; Organonitrogen compounds; Organochlorides; Organic oxides; Hydrocarbon derivatives",full_molecule,https://pubchem.ncbi.nlm.nih.gov/compound/11899,pubchem,1.0,0.85,1.0,1.0,1.0,1.0,0.97,HIGH,False,False,False,False,False,False,False,False,False,[SMILES] SMILES from CIR fallback.
"2,4-Dichlorophenol",20.0,7.2,13.1,,False,False,False,False,False,False,False,"2,4-Dichlorophenol",systematic_chemical,,False,120-83-2,120-83-2,True,original,8449.0,HFZWRUODUSTPEG-UHFFFAOYSA-N,Oc1ccc(Cl)cc1Cl,,True,C6H4Cl2O,163.0,"2,4-dichlorophenol",3.1,1.0,1.0,210.1,44.9,,,,,H302; H311; H314; H411; H300; H318; H331; H335; H336; H370; H401; H410,Corrosive; Acute Toxic; Environmental Hazard; Irritant; Health Hazard,Danger,False,False,False,True,Not listed,,Organic compounds,Benzenoids,Benzene and substituted derivatives,Halobenzenes,Dichlorobenzenes,P-chlorophenols; O-chlorophenols; 1-hydroxy-2-unsubstituted benzenoids; Aryl chlorides; Organooxygen compounds; Organochlorides; Hydrocarbon derivatives,full_molecule,https://pubchem.ncbi.nlm.nih.gov/compound/8449,pubchem,1.0,1.0,1.0,1.0,1.0,1.0,1.0,HIGH,False,False,False,False,False,False,False,False,False,[SMILES] SMILES from CIR fallback.
"2,4-Difluoronitrobenzene",19.4,11.0,3.7,,False,False,False,False,False,False,False,"2,4-Difluoronitrobenzene",systematic_chemical,,False,446-35-5,446-35-5,True,original,67967.0,RJXOVESYJFXCGI-UHFFFAOYSA-N,[O-][N+](=O)c1ccc(F)cc1F,,True,C6H3F2NO2,159.09,"2,4-difluoro-1-nitrobenzene",1.8,0.0,4.0,207.1,,,,,,H301; H311; H315; H319; H330; H335; H227; H310; H371; H401; H411,Acute Toxic; Irritant; Health Hazard; Environmental Hazard,Danger,False,False,False,True,Not listed,,Organic compounds,Benzenoids,Benzene and substituted derivatives,Nitrobenzenes,Nitrobenzenes,"Nitroaromatic compounds; Fluorobenzenes; Aryl fluorides; Propargyl-type 1,3-dipolar organic compounds; Organic oxoazanium compounds; Organopnictogen compounds; Organonitrogen compounds; Organofluorides; Organic oxides; Hydrocarbon derivatives",full_molecule,https://pubchem.ncbi.nlm.nih.gov/compound/67967,pubchem,1.0,0.85,1.0,1.0,1.0,0.75,0.958,HIGH,False,False,False,False,False,False,False,False,False,[SMILES] SMILES from CIR fallback.
"2,4-Dimethylaniline",19.2,5.2,8.7,,False,False,False,False,False,False,False,"2,4-Dimethylaniline",systematic_chemical,,False,95-68-1,95-68-1,True,original,7250.0,CZZZABOKJQXEBO-UHFFFAOYSA-N,Cc1ccc(N)c(C)c1,,True,C8H11N,121.18,"2,4-dimethylaniline",1.7,1.0,1.0,218.1,-13.8,,,,,H301; H311; H319; H330; H331; H373; H411; H227; H302; H332; H370; H372; H312; H315; H335; H341; H351,Acute Toxic; Irritant; Health Hazard; Environmental Hazard,Danger,True,False,False,True,Not listed,,Organic compounds,Benzenoids,Benzene and substituted derivatives,Xylenes,m-Xylenes,Aniline and substituted anilines; Primary amines; Organopnictogen compounds; Hydrocarbon derivatives,full_molecule,https://pubchem.ncbi.nlm.nih.gov/compound/7250,pubchem,1.0,1.0,1.0,1.0,1.0,1.0,1.0,HIGH,False,False,False,False,False,False,False,False,False,[SMILES] SMILES from CIR fallback.
"2,4-Dinitrotoluene",20.0,13.1,4.9,,False,False,False,False,False,False,False,"2,4-Dinitrotoluene",systematic_chemical,,False,121-14-2,121-14-2,True,original,8461.0,RMBFBMJGBANMMK-UHFFFAOYSA-N,Cc1ccc(cc1[N+]([O-])=O)[N+]([O-])=O,,True,C7H6N2O4,182.13,"1-methyl-2,4-dinitrobenzene",2.0,0.0,4.0,,69.9,,,,,H301; H311; H331; H341; H350; H361; H373; H400; H410; H330; H336; H370; H372; H302; H316; H351,Acute Toxic; Health Hazard; Environmental Hazard; Irritant,Danger,True,True,False,True,Not listed,,Organic compounds,Benzenoids,Benzene and substituted derivatives,Toluenes,Dinitrotoluenes,"Nitrobenzenes; Nitroaromatic compounds; Propargyl-type 1,3-dipolar organic compounds; Organic oxoazanium compounds; Organopnictogen compounds; Organonitrogen compounds; Organic oxides; Hydrocarbon derivatives",full_molecule,https://pubchem.ncbi.nlm.nih.gov/compound/8461,pubchem,1.0,0.85,1.0,1.0,1.0,0.75,0.958,HIGH,False,False,False,False,False,False,False,False,False,[SMILES] SMILES from CIR fallback.
"2,5-Dichlorobenzotrifluoride",20.0,4.7,2.4,,False,False,False,False,False,False,False,"2,5-Dichlorobenzotrifluoride",systematic_chemical,,False,320-50-3,320-50-3,True,original,35360.0,DYBYUWVMLBBEMA-UHFFFAOYSA-N,FC(F)(F)c1cc(Cl)ccc1Cl,,True,C7H3Cl2F3,215.0,"1,4-dichloro-2-(trifluoromethyl)benzene",4.8,0.0,3.0,,,,,,,H314,Corrosive,Danger,False,False,False,False,Not listed,,Organic compounds,Benzenoids,Benzene and substituted derivatives,Trifluoromethylbenzenes,Trifluoromethylbenzenes,Dichlorobenzenes; Aryl chlorides; Organofluorides; Organochlorides; Hydrocarbon derivatives; Alkyl fluorides,full_molecule,https://pubchem.ncbi.nlm.nih.gov/compound/35360,pubchem,1.0,0.85,1.0,1.0,1.0,0.5,0.945,HIGH,False,False,False,False,False,False,False,False,False,[SMILES] SMILES from CIR fallback.
"2,5-Dichlorophenol",20.0,6.3,12.1,,False,False,False,False,False,False,False,"2,5-Dichlorophenol",systematic_chemical,,False,583-78-8,583-78-8,True,original,66.0,RANCECPPZPIPNO-UHFFFAOYSA-N,Oc1cc(Cl)ccc1Cl,,True,C6H4Cl2O,163.0,"2,5-dichlorophenol",3.1,1.0,1.0,211.1,58.9,,,,,H302; H314; H315; H318; H319; H411; H335; H371; H372; H401,Corrosive; Irritant; Environmental Hazard; Health Hazard,Danger,False,False,False,False,Not listed,,Organic compounds,Benzenoids,Benzene and substituted derivatives,Halobenzenes,Dichlorobenzenes,O-chlorophenols; M-chlorophenols; 1-hydroxy-4-unsubstituted benzenoids; 1-hydroxy-2-unsubstituted benzenoids; Aryl chlorides; Organooxygen compounds; Organochlorides; Hydrocarbon derivatives,full_molecule,https://pubchem.ncbi.nlm.nih.gov/compound/66,pubchem,1.0,1.0,1.0,1.0,1.0,1.0,1.0,HIGH,False,False,False,False,False,False,False,False,False,[SMILES] SMILES from CIR fallback.
"2,5-Diethoxy Tetrahydrofuran",16.6,6.4,7.3,,False,False,False,False,False,False,False,"2,5-Diethoxy Tetrahydrofuran",trivial_name,,False,3320-90-9,3320-90-9,True,original,95500.0,ZLKHNURELCONBB-UHFFFAOYSA-N,CCOC1CCC(OCC)O1,,True,C8H16O3,160.21,"2,5-diethoxyoxolane",1.3,0.0,3.0,170.6,,,,,,H226,Flammable,Warning,False,False,True,False,Not listed,,Organic compounds,Organoheterocyclic compounds,Tetrahydrofurans,,Tetrahydrofurans,Oxacyclic compounds; Acetals; Hydrocarbon derivatives,full_molecule,https://pubchem.ncbi.nlm.nih.gov/compound/95500,pubchem,1.0,0.85,1.0,1.0,1.0,0.75,0.958,HIGH,False,False,False,False,False,False,False,False,False,[SMILES] SMILES from CIR fallback.
"2,5-Dimethoxytetrahydrofuran",16.8,7.2,8.2,,False,False,False,False,False,False,False,"2,5-Dimethoxytetrahydrofuran",trivial_name,,False,696-59-3,696-59-3,True,original,79098.0,GFISDBXSWQMOND-UHFFFAOYSA-N,COC1CCC(OC)O1,,True,C6H12O3,132.16,"2,5-dimethoxyoxolane",0.6,0.0,3.0,145.8,,,,,,H226; H315; H318; H319; H335,Flammable; Corrosive; Irritant,Danger,False,False,True,False,Not listed,,Organic compounds,Organoheterocyclic compounds,Tetrahydrofurans,,Tetrahydrofurans,Oxacyclic compounds; Acetals; Hydrocarbon derivatives,full_molecule,https://pubchem.ncbi.nlm.nih.gov/compound/79098,pubchem,1.0,0.85,1.0,1.0,1.0,0.75,0.958,HIGH,False,False,False,False,False,False,False,False,False,[SMILES] SMILES from CIR fallback.
"2,5-Dimethyl Pyrrole",18.3,7.6,6.8,,False,False,False,False,False,False,False,"2,5-Dimethyl Pyrrole",systematic_chemical,,False,625-84-3,625-84-3,True,original,12265.0,PAPNRQCYSFBWDI-UHFFFAOYSA-N,Cc1[nH]c(C)cc1,,True,C6H9N,95.14,"2,5-dimethyl-1H-pyrrole",1.5,1.0,0.0,,7.8,,,,,H226; H301,Flammable; Acute Toxic,Danger,False,False,True,True,Not listed,,Organic compounds,Organoheterocyclic compounds,Pyrroles,Substituted pyrroles,Substituted pyrroles,Heteroaromatic compounds; Azacyclic compounds; Organopnictogen compounds; Organonitrogen compounds; Hydrocarbon derivatives,full_molecule,https://pubchem.ncbi.nlm.nih.gov/compound/12265,pubchem,1.0,0.85,1.0,1.0,1.0,0.75,0.958,HIGH,False,False,False,False,False,False,False,False,False,[SMILES] SMILES from CIR fallback.
"2,5-Tetrahydrofuran Dimethanol",17.9,8.5,18.9,,False,False,False,False,False,False,False,"2,5-Tetrahydrofuran Dimethanol",trivial_name,,False,104-80-3,104-80-3,True,original,97792.0,YCZZQSFWHFBKMU-UHFFFAOYSA-N,,,False,C6H12O3,132.16,[5-(hydroxymethyl)oxolan-2-yl]methanol,-0.7,2.0,3.0,,,,,,,H315; H319; H335,Irritant,Warning,False,False,False,False,Not listed,,,,,,,,,https://pubchem.ncbi.nlm.nih.gov/compound/97792,pubchem,1.0,0.85,1.0,0.0,1.0,0.5,0.795,MEDIUM,False,False,False,False,False,False,False,False,False,
"2,6-Dichloro-7-Methyl Purine",20.5,11.7,14.2,,False,False,False,False,False,False,False,"2,6-Dichloro-7-Methyl Purine",systematic_chemical,,False,2273-93-0,2273-93-0,True,original,75281.0,HVMUWHZAZGTMJK-UHFFFAOYSA-N,Cn1cnc2nc(Cl)nc(Cl)c12,,True,C6H4Cl2N4,203.03,"2,6-dichloro-7-methylpurine",2.0,0.0,3.0,,,,,,,H302; H315; H319; H335,Irritant,Warning,False,False,False,False,Not listed,,Organic compounds,Organoheterocyclic compounds,Imidazopyrimidines,Purines and purine derivatives,Purines and purine derivatives,2-halopyrimidines; N-substituted imidazoles; Aryl chlorides; Heteroaromatic compounds; Azacyclic compounds; Organopnictogen compounds; Organonitrogen compounds; Organochlorides; Hydrocarbon derivatives,full_molecule,https://pubchem.ncbi.nlm.nih.gov/compound/75281,pubchem,1.0,0.85,1.0,1.0,1.0,0.5,0.945,HIGH,False,False,False,False,False,False,False,False,False,[SMILES] SMILES from CIR fallback.
"2,6-Dichloroanisole",19.8,8.4,6.5,,False,False,False,False,False,False,False,"2,6-Dichloroanisole",systematic_chemical,,False,1984-65-2,1984-65-2,True,original,16127.0,KZLMCDNAVVJKPX-UHFFFAOYSA-N,COc1c(Cl)cccc1Cl,,True,C7H6Cl2O,177.02,"1,3-dichloro-2-methoxybenzene",3.2,0.0,1.0,,,,,,,H302; H315; H319; H335,Irritant,Warning,False,False,False,False,Not listed,,Organic compounds,Benzenoids,Benzene and substituted derivatives,Halobenzenes,Dichlorobenzenes,Phenoxy compounds; Methoxybenzenes; Anisoles; Alkyl aryl ethers; Aryl chlorides; Organochlorides; Hydrocarbon derivatives,full_molecule,https://pubchem.ncbi.nlm.nih.gov/compound/16127,pubchem,1.0,0.85,1.0,1.0,1.0,0.5,0.945,HIGH,False,False,False,False,False,False,False,False,False,[SMILES] SMILES from CIR fallback.
"2,6-Dichlorophenol",20.1,7.5,10.9,,False,False,False,False,False,False,False,"2,6-Dichlorophenol",systematic_chemical,,False,87-65-0,87-65-0,True,original,6899.0,HOLHYSJJBXSLMV-UHFFFAOYSA-N,Oc1c(Cl)cccc1Cl,,True,C6H4Cl2O,163.0,"2,6-dichlorophenol",2.7,1.0,1.0,219.1,66.9,,,,,H314; H411; H315; H319; H371; H401,Corrosive; Environmental Hazard; Irritant; Health Hazard,Danger,False,False,False,False,Not listed,,Organic compounds,Benzenoids,Benzene and substituted derivatives,Halobenzenes,Dichlorobenzenes,O-chlorophenols; 1-hydroxy-4-unsubstituted benzenoids; Aryl chlorides; Organooxygen compounds; Organochlorides; Hydrocarbon derivatives,full_molecule,https://pubchem.ncbi.nlm.nih.gov/compound/6899,pubchem,1.0,1.0,1.0,1.0,1.0,1.0,1.0,HIGH,False,False,False,False,False,False,False,False,False,[SMILES] SMILES from CIR fallback.
"2,6-Difluorobenzonitrile",18.8,11.2,3.2,,False,False,False,False,False,False,False,"2,6-Difluorobenzonitrile",systematic_chemical,,False,1897-52-5,1897-52-5,True,original,74695.0,BNBRIFIJRKJGEI-UHFFFAOYSA-N,Fc1cccc(F)c1C#N,,True,C7H3F2N,139.1,"2,6-difluorobenzonitrile",1.8,0.0,3.0,,,,,,,H302; H312; H315; H319; H332; H335,Irritant,Warning,False,False,False,False,Not listed,,Organic compounds,Benzenoids,Benzene and substituted derivatives,Benzonitriles,Benzonitriles,Fluorobenzenes; Aryl fluorides; Nitriles; Organopnictogen compounds; Organofluorides; Hydrocarbon derivatives,full_molecule,https://pubchem.ncbi.nlm.nih.gov/compound/74695,pubchem,1.0,1.0,1.0,1.0,1.0,0.5,0.975,HIGH,False,False,False,False,False,False,False,False,False,[SMILES] SMILES from CIR fallback.
"2,6-Dimethoxy Phenol",19.3,7.6,13.7,,False,False,False,False,False,False,False,"2,6-Dimethoxy Phenol",systematic_chemical,,False,91-10-1,91-10-1,True,original,7041.0,KLIDCXVFHGNTTM-UHFFFAOYSA-N,COc1cccc(OC)c1O,,True,C8H10O3,154.16,"2,6-dimethoxyphenol",1.1,1.0,3.0,264.6,,,,,,H302,Irritant,Warning,False,False,False,False,Not listed,,Organic compounds,Benzenoids,Phenols,Methoxyphenols,Methoxyphenols,Dimethoxybenzenes; Phenoxy compounds; Anisoles; Alkyl aryl ethers; 1-hydroxy-4-unsubstituted benzenoids; Hydrocarbon derivatives,full_molecule,https://pubchem.ncbi.nlm.nih.gov/compound/7041,pubchem,1.0,0.85,1.0,1.0,1.0,0.75,0.958,HIGH,False,False,False,False,False,False,False,False,False,[SMILES] SMILES from CIR fallback.
"2,6-Dimethyl Phenol",19.1,4.9,12.9,,False,False,False,False,False,False,False,"2,6-Dimethyl Phenol",systematic_chemical,,False,576-26-1,576-26-1,True,original,11335.0,NXXYKOUNUYWIHA-UHFFFAOYSA-N,Cc1cccc(C)c1O,,True,C8H10O,122.16,"2,6-dimethylphenol",2.4,1.0,1.0,,,,,,,H301; H311; H314; H411; H318; H335; H336; H370; H372; H373; H401,Corrosive; Acute Toxic; Environmental Hazard; Irritant; Health Hazard,Danger,False,False,False,True,Not listed,,Organic compounds,Benzenoids,Phenols,Cresols,Ortho cresols,m-Xylenes; 1-hydroxy-4-unsubstituted benzenoids; Organooxygen compounds; Hydrocarbon derivatives,full_molecule,https://pubchem.ncbi.nlm.nih.gov/compound/11335,pubchem,1.0,0.85,1.0,1.0,1.0,0.5,0.945,HIGH,False,False,False,False,False,False,False,False,False,[SMILES] SMILES from CIR fallback.
2-(Diethylamino)Ethanol,15.7,5.8,12.0,,False,False,False,False,False,False,False,2-Ethanol,systematic_chemical,Diethylamino,False,100-37-8,100-37-8,True,original,7497.0,BFSVOASYOCHEOV-UHFFFAOYSA-N,CCO,,True,C6H15NO,117.19,2-(diethylamino)ethanol,0.3,1.0,2.0,162.9,,,,,,H226; H302; H312; H314; H332; H290; H311; H318; H331; H335; H370; H373,Flammable; Corrosive; Irritant; Environmental Hazard; Acute Toxic; Health Hazard,Danger,False,False,True,True,Not listed,,Organic compounds,Organic oxygen compounds,Organooxygen compounds,Alcohols and polyols,Primary alcohols,Hydrocarbon derivatives,full_molecule,https://pubchem.ncbi.nlm.nih.gov/compound/7497,pubchem,1.0,0.85,1.0,1.0,1.0,0.75,0.958,HIGH,True,False,False,False,False,False,False,False,False,[SMILES] SMILES from CIR fallback.
2-Acetyl Thiophene,19.1,12.2,9.3,,False,False,False,False,False,False,False,2-Acetyl Thiophene,systematic_chemical,,False,88-15-3,88-15-3,True,original,6920.0,WYJOVVXUZNRJQY-UHFFFAOYSA-N,CC(=O)c1sccc1,,True,C6H6OS,126.18,1-thiophen-2-ylethanone,1.2,0.0,2.0,213.6,10.5,,,,,H302; H311; H312; H332,Acute Toxic; Irritant,Danger,False,False,False,True,Not listed,,Organic compounds,Organic oxygen compounds,Organooxygen compounds,Carbonyl compounds,Aryl alkyl ketones,Thiophenes; Heteroaromatic compounds; Organic oxides; Hydrocarbon derivatives,full_molecule,https://pubchem.ncbi.nlm.nih.gov/compound/6920,pubchem,1.0,0.85,1.0,1.0,1.0,1.0,0.97,HIGH,False,False,False,False,False,False,False,False,False,[SMILES] SMILES from CIR fallback.
2-Amino Pyridine,20.4,8.1,12.2,,False,False,False,False,False,False,False,2-Amino Pyridine,systematic_chemical,,False,504-29-0,504-29-0,True,original,10439.0,ICSNLGPSRYBMBD-UHFFFAOYSA-N,Nc1ccccn1,,True,C5H6N2,94.11,pyridin-2-amine,0.5,1.0,2.0,207.1,57.5,,,,,H301; H311; H312; H315; H319; H331; H335; H411; H318; H402; H412; H320; H370; H316,Acute Toxic; Irritant; Environmental Hazard; Corrosive; Health Hazard,Danger,False,False,False,True,Not listed,,Organic compounds,Organoheterocyclic compounds,Pyridines and derivatives,Aminopyridines and derivatives,Aminopyridines and derivatives,Imidolactams; Heteroaromatic compounds; Azacyclic compounds; Primary amines; Organopnictogen compounds; Hydrocarbon derivatives,full_molecule,https://pubchem.ncbi.nlm.nih.gov/compound/10439,pubchem,1.0,0.85,1.0,1.0,1.0,1.0,0.97,HIGH,False,False,False,False,False,False,False,False,False,[SMILES] SMILES from CIR fallback.
2-Bromo Allyl Alcohol,17.1,9.9,16.2,,False,False,False,False,False,False,False,2-Bromo Allyl Alcohol,systematic_chemical,,False,598-19-6,598-19-6,True,original,446627.0,MDFFZNIQPLKQSG-UHFFFAOYSA-N,OCC(Br)=C,,True,C3H5BrO,136.98,2-bromoprop-2-en-1-ol,0.7,1.0,1.0,,,,,,,H302; H315; H318; H335,Corrosive; Irritant,Danger,False,False,False,False,Not listed,,Organic compounds,Organohalogen compounds,Halohydrins,Bromohydrins,Bromohydrins,Vinyl bromides; Bromoalkenes; Primary alcohols; Organobromides; Hydrocarbon derivatives,full_molecule,https://pubchem.ncbi.nlm.nih.gov/compound/446627,pubchem,1.0,0.85,1.0,1.0,1.0,0.5,0.945,HIGH,False,False,False,False,False,False,False,False,False,[SMILES] SMILES from CIR fallback.
2-Bromo Propene,16.1,6.0,4.9,,False,False,False,False,False,False,False,2-Bromo Propene,systematic_chemical,,False,557-93-7,557-93-7,True,original,11202.0,PHMRPWPDDRGGGF-UHFFFAOYSA-N,CC(Br)=C,,True,C3H5Br,120.98,2-bromoprop-1-ene,1.9,0.0,0.0,48.5,,,,,,H225; H315; H319; H335,Flammable; Irritant,Danger,False,False,True,False,Not listed,,Organic compounds,Organohalogen compounds,Vinyl halides,Vinyl bromides,Vinyl bromides,Bromoalkenes; Organobromides; Hydrocarbon derivatives,full_molecule,https://pubchem.ncbi.nlm.nih.gov/compound/11202,pubchem,1.0,0.85,1.0,1.0,1.0,0.75,0.958,HIGH,False,False,False,False,False,False,False,False,False,[SMILES] SMILES from CIR fallback.
2-Bromobutane,16.3,7.7,4.4,,False,False,False,False,False,False,False,2-Bromobutane,systematic_chemical,,False,78-76-2,78-76-2,True,original,6554.0,UPSXAPQYNGXVBF-UHFFFAOYSA-N,CCC(C)Br,,True,C4H9Br,137.02,2-bromobutane,2.3,0.0,0.0,,-112.6,,,,,H225; H412,Flammable,Danger,False,False,True,False,Not listed,,Organic compounds,Organohalogen compounds,Organobromides,,Organobromides,Hydrocarbon derivatives; Alkyl bromides,full_molecule,https://pubchem.ncbi.nlm.nih.gov/compound/6554,pubchem,1.0,1.0,1.0,1.0,1.0,0.75,0.988,HIGH,False,False,False,False,False,False,False,False,False,[SMILES] SMILES from CIR fallback.
2-Bromopropane,15.5,8.3,4.7,,False,False,False,False,False,False,False,2-Bromopropane,systematic_chemical,,False,75-26-3,75-26-3,True,original,6358.0,NAMYKGVDVNBCFQ-UHFFFAOYSA-N,CC(C)Br,,True,C3H7Br,122.99,2-bromopropane,1.8,0.0,0.0,,-88.9,,,,,H225; H360; H373; H350; H371; H372; H402; H320; H316,Flammable; Health Hazard,Danger,True,True,True,False,Not listed,,Organic compounds,Organohalogen compounds,Organobromides,,Organobromides,Hydrocarbon derivatives; Alkyl bromides,full_molecule,https://pubchem.ncbi.nlm.nih.gov/compound/6358,pubchem,1.0,1.0,1.0,1.0,1.0,0.75,0.988,HIGH,False,False,False,False,False,False,False,False,False,[SMILES] SMILES from CIR fallback.
2-Bromothiophene,20.1,5.2,4.6,,False,False,False,False,False,False,False,2-Bromothiophene,systematic_chemical,,False,1003-09-4,1003-09-4,True,original,13851.0,TUCRZHGAIRVWTI-UHFFFAOYSA-N,Brc1sccc1,,True,C4H3BrS,163.04,2-bromothiophene,2.8,0.0,1.0,150.1,-69.2,,,,,H226; H300; H301; H310; H315; H318; H319; H330,Flammable; Corrosive; Acute Toxic; Irritant,Danger,False,False,True,True,Not listed,,Organic compounds,Organohalogen compounds,Aryl halides,Aryl bromides,Aryl bromides,Thiophenes; Heteroaromatic compounds; Organobromides; Hydrocarbon derivatives,full_molecule,https://pubchem.ncbi.nlm.nih.gov/compound/13851,pubchem,1.0,1.0,1.0,1.0,1.0,1.0,1.0,HIGH,False,False,False,False,False,False,False,False,False,[SMILES] SMILES from CIR fallback.
2-Butanol,15.8,5.7,14.5,,False,False,False,False,False,False,False,2-Butanol,systematic_chemical,,False,78-92-2,78-92-2,True,original,6568.0,BTANRVKWQNVYAZ-UHFFFAOYSA-N,CCC(C)O,,True,C4H10O,74.12,butan-2-ol,0.6,1.0,1.0,,,,,,,H226; H319; H335; H336; H332; H361; H303,Flammable; Irritant; Health Hazard,Warning,False,True,True,False,3,,Organic compounds,Organic oxygen compounds,Organooxygen compounds,Alcohols and polyols,Secondary alcohols,Hydrocarbon derivatives,full_molecule,https://pubchem.ncbi.nlm.nih.gov/compound/6568,pubchem,1.0,0.85,1.0,1.0,1.0,0.5,0.945,HIGH,False,False,False,False,False,False,False,False,False,[SMILES] SMILES from CIR fallback.
2-Butene (Cis),14.7,1.3,4.1,,False,False,False,False,False,False,False,2-Butene,systematic_chemical,Cis,False,590-18-1,590-18-1,True,original,5287573.0,IAQRGUVFOMOMEM-ARJAWSKDSA-N,CC=CC,,True,C4H8,56.11,(Z)-but-2-ene,2.3,0.0,0.0,,-139.3,,,,,H220; H280; H336,Flammable; Compressed Gas; Irritant,Danger,False,False,False,False,Not listed,,Organic compounds,Hydrocarbons,Unsaturated hydrocarbons,Unsaturated aliphatic hydrocarbons,Unsaturated aliphatic hydrocarbons,Alkenes,full_molecule,https://pubchem.ncbi.nlm.nih.gov/compound/5287573,pubchem,1.0,0.85,1.0,1.0,1.0,0.75,0.958,HIGH,True,False,False,False,False,False,False,False,False,[SMILES] SMILES from CIR fallback.
2-Butene (Trans),14.6,0.0,2.9,,False,False,False,False,False,False,False,2-Butene,systematic_chemical,Trans,False,624-64-6,624-64-6,True,original,62695.0,IAQRGUVFOMOMEM-ONEGZZNKSA-N,CC=CC,,True,C4H8,56.11,(E)-but-2-ene,2.3,0.0,0.0,,-105.8,,,,,H220; H280; H412; H270,Flammable; Compressed Gas; Oxidizer,Danger,False,False,False,False,Not listed,,Organic compounds,Hydrocarbons,Unsaturated hydrocarbons,Unsaturated aliphatic hydrocarbons,Unsaturated aliphatic hydrocarbons,Alkenes,full_molecule,https://pubchem.ncbi.nlm.nih.gov/compound/62695,pubchem,1.0,0.85,1.0,1.0,1.0,0.75,0.958,HIGH,True,False,False,False,False,False,False,False,False,[SMILES] SMILES from CIR fallback.
2-Butenyl Methyl Ether (Cis),15.2,3.4,5.0,,False,False,False,False,False,False,False,2-Butenyl Methyl Ether,systematic_chemical,Cis,False,25125-85-3,25125-85-3,True,original,111206.0,JWBPCSXRWORRAI-UHFFFAOYSA-N,COCC=CC,,True,C5H10O,86.13,2-methoxybut-2-ene,1.4,0.0,1.0,,,,,,,H225; H319; H335; H361; H412,Flammable; Irritant; Health Hazard,Danger,False,True,True,False,Not listed,,Organic compounds,Organic oxygen compounds,Organooxygen compounds,Ethers,Dialkyl ethers,Hydrocarbon derivatives,full_molecule,https://pubchem.ncbi.nlm.nih.gov/compound/111206,pubchem,1.0,0.85,1.0,1.0,1.0,0.5,0.945,HIGH,True,False,False,False,False,False,False,False,False,[SMILES] SMILES from CIR fallback.
2-Butenyl Methyl Ether (Trans),15.3,4.4,4.3,,False,False,False,False,False,False,False,2-Butenyl Methyl Ether,systematic_chemical,Trans,False,10034-14-7,10034-14-7,True,original,551174.0,LQBZMLRJLRSDNW-UHFFFAOYSA-N,COCC=CC,,True,C5H10O,86.13,1-methoxybut-2-ene,1.0,0.0,1.0,,,,,,,,,,False,False,False,False,Not listed,,Organic compounds,Organic oxygen compounds,Organooxygen compounds,Ethers,Dialkyl ethers,Hydrocarbon derivatives,full_molecule,https://pubchem.ncbi.nlm.nih.gov/compound/551174,pubchem,1.0,0.85,1.0,1.0,1.0,0.5,0.945,HIGH,False,False,False,False,False,False,False,False,False,[SMILES] SMILES from CIR fallback.
2-Butynedinitrile,15.2,16.2,8.0,,False,False,False,False,False,False,False,2-Butynedinitrile,systematic_chemical,,False,1071-98-3,1071-98-3,True,original,14068.0,ZEHZNAXXOOYTJM-UHFFFAOYSA-N,N#CC#CC#N,,True,C4N2,76.06,but-2-ynedinitrile,0.5,0.0,2.0,76.6,,,,,,,,,False,False,False,False,Not listed,,Organic compounds,Organic nitrogen compounds,Organonitrogen compounds,Organic cyanides,Nitriles,Organopnictogen compounds; Hydrocarbon derivatives,full_molecule,https://pubchem.ncbi.nlm.nih.gov/compound/14068,pubchem,1.0,0.85,1.0,1.0,1.0,0.75,0.958,HIGH,False,False,False,False,False,False,False,False,False,[SMILES] SMILES from CIR fallback.
2-Chloro Allyl Alcohol,17.1,10.2,16.4,,False,False,False,False,False,False,False,2-Chloro Allyl Alcohol,systematic_chemical,,False,5976-47-6,5976-47-6,True,original,80076.0,OSCXYTRISGREIM-UHFFFAOYSA-N,OCC(Cl)=C,,True,C3H5ClO,92.52,2-chloroprop-2-en-1-ol,0.6,1.0,1.0,138.1,,,,,,H226; H302; H312; H332,Flammable; Irritant,Warning,False,False,True,False,Not listed,,Organic compounds,Organohalogen compounds,Halohydrins,Chlorohydrins,Chlorohydrins,Vinyl chlorides; Chloroalkenes; Primary alcohols; Organochlorides; Hydrocarbon derivatives,full_molecule,https://pubchem.ncbi.nlm.nih.gov/compound/80076,pubchem,1.0,0.85,1.0,1.0,1.0,0.75,0.958,HIGH,False,False,False,False,False,False,False,False,False,[SMILES] SMILES from CIR fallback.
2-Chloro Propene (Isopropenyl Chloride),15.5,6.7,2.2,,False,False,False,False,False,False,False,2-Chloro Propene,systematic_chemical,Isopropenyl Chloride,False,557-98-2,557-98-2,True,original,11203.0,PNLQPWWBHXMFCA-UHFFFAOYSA-N,CC(Cl)=C,,True,C3H5Cl,76.52,2-chloroprop-1-ene,1.9,0.0,0.0,,-137.3,,,,,H224; H301; H311; H315; H319; H335; H336,Flammable; Acute Toxic; Irritant,Danger,False,False,True,True,Not listed,,Organic compounds,Organohalogen compounds,Vinyl halides,Vinyl chlorides,Vinyl chlorides,Chloroalkenes; Organochlorides; Hydrocarbon derivatives,full_molecule,https://pubchem.ncbi.nlm.nih.gov/compound/11203,pubchem,1.0,0.85,1.0,1.0,1.0,0.75,0.958,HIGH,False,False,False,False,False,False,False,False,False,[SMILES] SMILES from CIR fallback.
2-Chloro-2-Methyl Propane,15.6,7.6,2.0,,False,False,False,False,False,False,False,2-Chloro-2-Methyl Propane,systematic_chemical,,False,507-20-0,507-20-0,True,original,10486.0,NBRKLOOSMBRFMH-UHFFFAOYSA-N,CC(C)(C)Cl,,True,C4H9Cl,92.57,2-chloro-2-methylpropane,1.8,0.0,0.0,,,,,,,H225,Flammable,Danger,False,False,True,False,Not listed,,Organic compounds,Organohalogen compounds,Organochlorides,,Organochlorides,Hydrocarbon derivatives; Alkyl chlorides,full_molecule,https://pubchem.ncbi.nlm.nih.gov/compound/10486,pubchem,1.0,0.85,1.0,1.0,1.0,0.5,0.945,HIGH,False,False,False,False,False,False,False,False,False,[SMILES] SMILES from CIR fallback.
2-Chloro-4-Methylaniline,19.7,7.4,8.9,,False,False,False,False,False,False,False,2-Chloro-4-Methylaniline,systematic_chemical,,False,615-65-6,615-65-6,True,original,12007.0,XGYLSRFSXKAYCR-UHFFFAOYSA-N,Cc1ccc(N)c(Cl)c1,,True,C7H8ClN,141.6,2-chloro-4-methylaniline,1.9,1.0,1.0,224.1,,,,,,H302; H312; H315; H318; H319; H332; H412,Corrosive; Irritant,Danger,False,False,False,False,Not listed,,Organic compounds,Benzenoids,Benzene and substituted derivatives,Toluenes,Aminotoluenes,Aniline and substituted anilines; Chlorobenzenes; Aryl chlorides; Primary amines; Organopnictogen compounds; Organochlorides; Hydrocarbon derivatives,full_molecule,https://pubchem.ncbi.nlm.nih.gov/compound/12007,pubchem,1.0,1.0,1.0,1.0,1.0,0.75,0.988,HIGH,False,False,False,False,False,False,False,False,False,[SMILES] SMILES from CIR fallback.
2-Chloro-5-Methyl Phenol,19.0,7.7,13.1,,False,False,False,False,False,False,False,2-Chloro-5-Methyl Phenol,systematic_chemical,,False,615-74-7,615-74-7,True,original,12008.0,SMFHPCZZAAMJJO-UHFFFAOYSA-N,Cc1ccc(Cl)c(O)c1,,True,C7H7ClO,142.58,2-chloro-5-methylphenol,2.4,1.0,1.0,197.9,46.1,,,,,H302; H312; H315; H317; H318; H319; H335; H400,Corrosive; Irritant; Environmental Hazard,Danger,False,False,False,False,Not listed,,Organic compounds,Benzenoids,Phenols,Cresols,Meta cresols,O-chlorophenols; Toluenes; Chlorobenzenes; 1-hydroxy-4-unsubstituted benzenoids; 1-hydroxy-2-unsubstituted benzenoids; Aryl chlorides; Organooxygen compounds; Organochlorides; Hydrocarbon derivatives,full_molecule,https://pubchem.ncbi.nlm.nih.gov/compound/12008,pubchem,1.0,0.85,1.0,1.0,1.0,1.0,0.97,HIGH,False,False,False,False,False,False,False,False,False,[SMILES] SMILES from CIR fallback.
2-Chloroacetamide,17.6,12.4,12.8,,False,False,False,False,False,False,False,2-Chloroacetamide,systematic_chemical,,False,79-07-2,79-07-2,True,original,6580.0,VXIVSQZSERGHQP-UHFFFAOYSA-N,NC(=O)CCl,,True,C2H4ClNO,93.51,2-chloroacetamide,-0.5,1.0,1.0,,,,,,,H301; H317; H361; H319; H315; H360,Acute Toxic; Health Hazard; Irritant,Danger,False,True,False,True,Not listed,,Organic compounds,Organic acids and derivatives,Carboxylic acids and derivatives,Carboxylic acid derivatives,Chloroacetamides,Primary carboxylic acid amides; Organopnictogen compounds; Organonitrogen compounds; Organochlorides; Organic oxides; Hydrocarbon derivatives; Carbonyl compounds; Alkyl chlorides,full_molecule,https://pubchem.ncbi.nlm.nih.gov/compound/6580,pubchem,1.0,1.0,1.0,1.0,1.0,0.5,0.975,HIGH,False,False,False,False,False,False,False,False,False,[SMILES] SMILES from CIR fallback.
2-Chloroallylidene Diacetate,16.7,7.3,8.8,,False,False,False,False,False,False,False,2-Chloroallylidene Diacetate,systematic_chemical,,False,5459-90-5,5459-90-5,True,original,79576.0,PPHOKWJFQIHKNR-UHFFFAOYSA-N,CC(=O)OC(OC(C)=O)C(Cl)=C,,True,C7H9ClO4,192.6,(1-acetyloxy-2-chloroprop-2-enyl) acetate,1.2,0.0,4.0,,,,,,,,,,False,False,False,False,Not listed,,Organic compounds,Organic acids and derivatives,Carboxylic acids and derivatives,Carboxylic acid derivatives,Acylals,Dicarboxylic acids and derivatives; Vinyl chlorides; Chloroalkenes; Acetals; Organochlorides; Organic oxides; Hydrocarbon derivatives; Carbonyl compounds,full_molecule,https://pubchem.ncbi.nlm.nih.gov/compound/79576,pubchem,1.0,0.85,1.0,1.0,1.0,0.5,0.945,HIGH,False,False,False,False,False,False,False,False,False,[SMILES] SMILES from CIR fallback.
2-Chlorobutane,15.8,7.6,2.0,,False,False,False,False,False,False,False,2-Chlorobutane,systematic_chemical,,False,78-86-4,78-86-4,True,original,6563.0,BSPCSKHALVHRSR-UHFFFAOYSA-N,CCC(C)Cl,,True,C4H9Cl,92.57,2-chlorobutane,2.3,0.0,0.0,,-131.3,,,,,H225; H290; H315; H319; H335; H412,Flammable; Corrosive; Irritant,Danger,False,False,True,False,Not listed,,Organic compounds,Organohalogen compounds,Organochlorides,,Organochlorides,Hydrocarbon derivatives; Alkyl chlorides,full_molecule,https://pubchem.ncbi.nlm.nih.gov/compound/6563,pubchem,1.0,1.0,1.0,1.0,1.0,0.75,0.988,HIGH,False,False,False,False,False,False,False,False,False,[SMILES] SMILES from CIR fallback.
2-Chlorocyclohexanone,18.5,13.0,5.1,,False,False,False,False,False,False,False,2-Chlorocyclohexanone,systematic_chemical,,False,822-87-7,822-87-7,True,original,13203.0,CCHNWURRBFGQCD-UHFFFAOYSA-N,ClC1CCCCC1=O,,True,C6H9ClO,132.59,2-chlorocyclohexan-1-one,1.5,0.0,1.0,,,,,,,H315; H317; H319; H335,Irritant,Warning,False,False,False,False,Not listed,,Organic compounds,Organic oxygen compounds,Organooxygen compounds,Carbonyl compounds,Alpha-chloroketones,Cyclic ketones; Organochlorides; Organic oxides; Hydrocarbon derivatives; Alkyl chlorides,full_molecule,https://pubchem.ncbi.nlm.nih.gov/compound/13203,pubchem,1.0,0.85,1.0,1.0,1.0,0.5,0.945,HIGH,False,False,False,False,False,False,False,False,False,[SMILES] SMILES from CIR fallback.
2-Chloroethyl Acetate,16.7,9.6,8.8,,False,False,False,False,False,False,False,2-Chloroethyl Acetate,systematic_chemical,,False,542-58-5,542-58-5,True,original,10959.0,VIRWKAJWTKAIMA-UHFFFAOYSA-N,CC(=O)OCCCl,,True,C4H7ClO2,122.55,2-chloroethyl acetate,0.7,0.0,2.0,145.1,,,,,,H226; H300; H310; H330,Flammable; Acute Toxic,Danger,False,False,True,True,Not listed,,Organic compounds,Organic acids and derivatives,Carboxylic acids and derivatives,Carboxylic acid derivatives,Carboxylic acid esters,Monocarboxylic acids and derivatives; Organochlorides; Organic oxides; Hydrocarbon derivatives; Carbonyl compounds; Alkyl chlorides,full_molecule,https://pubchem.ncbi.nlm.nih.gov/compound/10959,pubchem,1.0,1.0,1.0,1.0,1.0,0.75,0.988,HIGH,False,False,False,False,False,False,False,False,False,[SMILES] SMILES from CIR fallback.
2-Chloroethyl Benzene,19.3,6.3,2.2,,False,False,False,False,False,False,False,2-Chloroethyl Benzene,systematic_chemical,,False,622-24-2,622-24-2,True,original,231496.0,MNNZINNZIQVULG-UHFFFAOYSA-N,ClCCc1ccccc1,,True,C8H9Cl,140.61,2-chloroethylbenzene,3.0,0.0,0.0,,,,,,,H315; H319; H412; H413; H227,Irritant,Warning,False,False,False,False,Not listed,,Organic compounds,Benzenoids,Benzene and substituted derivatives,,Benzene and substituted derivatives,Organochlorides; Hydrocarbon derivatives; Alkyl chlorides,full_molecule,https://pubchem.ncbi.nlm.nih.gov/compound/231496,pubchem,1.0,0.85,1.0,1.0,1.0,0.5,0.945,HIGH,False,False,False,False,False,False,False,False,False,[SMILES] SMILES from CIR fallback.
2-Chloroethyl Ethyl Ether,16.3,7.9,4.6,,False,False,False,False,False,False,False,2-Chloroethyl Ethyl Ether,systematic_chemical,,False,628-34-2,628-34-2,True,original,12341.0,GPTVQTPMFOLLOA-UHFFFAOYSA-N,CCOCCCl,,True,C4H9ClO,108.57,1-chloro-2-ethoxyethane,1.0,0.0,1.0,107.6,,,,,,H225; H301; H315; H319; H331; H332; H335,Flammable; Acute Toxic; Irritant,Danger,False,False,True,True,Not listed,,Organic compounds,Organic oxygen compounds,Organooxygen compounds,Ethers,Dialkyl ethers,Organochlorides; Hydrocarbon derivatives; Alkyl chlorides,full_molecule,https://pubchem.ncbi.nlm.nih.gov/compound/12341,pubchem,1.0,0.85,1.0,1.0,1.0,0.75,0.958,HIGH,False,False,False,False,False,False,False,False,False,[SMILES] SMILES from CIR fallback.
2-Chloroethyl Ethyl Sulfide,17.2,5.0,6.1,,False,False,False,False,False,False,False,2-Chloroethyl Ethyl Sulfide,systematic_chemical,,False,693-07-2,693-07-2,True,original,12733.0,GBNVXYXIRHSYEG-UHFFFAOYSA-N,CCSCCCl,,True,C4H9ClS,124.63,1-chloro-2-ethylsulfanylethane,1.8,0.0,1.0,157.1,,,,,,H226; H301; H311; H314; H331; H350,Flammable; Corrosive; Acute Toxic; Health Hazard,Danger,True,False,True,True,Not listed,,Organic compounds,Organosulfur compounds,Thioethers,Dialkylthioethers,Dialkylthioethers,Sulfenyl compounds; Organochlorides; Hydrocarbon derivatives; Alkyl chlorides,full_molecule,https://pubchem.ncbi.nlm.nih.gov/compound/12733,pubchem,1.0,0.85,1.0,1.0,1.0,0.75,0.958,HIGH,False,False,False,False,False,False,False,False,False,[SMILES] SMILES from CIR fallback.
2-Chlorophenol,19.0,5.5,13.9,,False,False,False,False,False,False,False,2-Chlorophenol,systematic_chemical,,False,95-57-8,95-57-8,True,original,7245.0,ISPYQTSUDJAMAB-UHFFFAOYSA-N,Oc1ccccc1Cl,,True,C6H5ClO,128.55,2-chlorophenol,2.1,1.0,1.0,175.8,8.9,,,,,H302; H312; H332; H411; H300; H227; H314; H318; H330; H360; H370; H301; H335; H351; H361; H373,Irritant; Environmental Hazard; Acute Toxic; Corrosive; Health Hazard,Warning,True,True,False,True,Not listed,,Organic compounds,Benzenoids,Phenols,Halophenols,O-chlorophenols,Chlorobenzenes; 1-hydroxy-4-unsubstituted benzenoids; 1-hydroxy-2-unsubstituted benzenoids; Aryl chlorides; Organooxygen compounds; Organochlorides; Hydrocarbon derivatives,full_molecule,https://pubchem.ncbi.nlm.nih.gov/compound/7245,pubchem,1.0,1.0,1.0,1.0,1.0,1.0,1.0,HIGH,False,False,False,False,False,False,False,False,False,[SMILES] SMILES from CIR fallback.
2-Chloropropenal,17.1,12.9,8.1,,False,False,False,False,False,False,False,2-Chloropropenal,systematic_chemical,,False,683-51-2,683-51-2,True,original,560790.0,ZWHANXMMZRUTAY-UHFFFAOYSA-N,ClC(=C)C=O,,True,C3H3ClO,90.51,2-chloroprop-2-enal,1.2,0.0,1.0,,,,,,,,,,False,False,False,False,Not listed,,Organic compounds,Organic oxygen compounds,Organooxygen compounds,Carbonyl compounds,Enals,Vinyl chlorides; Chloroalkenes; Organochlorides; Organic oxides; Hydrocarbon derivatives; Aldehydes,full_molecule,https://pubchem.ncbi.nlm.nih.gov/compound/560790,pubchem,1.0,0.85,1.0,1.0,1.0,0.5,0.945,HIGH,False,False,False,False,False,False,False,False,False,[SMILES] SMILES from CIR fallback.
2-Chloropropenoic Acid,19.1,9.4,12.4,,False,False,False,False,False,False,False,2-Chloropropenoic Acid,systematic_chemical,,False,598-79-8,598-79-8,True,original,11735.0,SZTBMYHIYNGYIA-UHFFFAOYSA-N,OC(=O)C(Cl)=C,,True,C3H3ClO2,106.51,2-chloroprop-2-enoic acid,1.2,1.0,2.0,,,,,,,H314,Corrosive,Danger,False,False,False,False,Not listed,,Organic compounds,Organic acids and derivatives,Carboxylic acids and derivatives,Alpha-halocarboxylic acids and derivatives,Alpha-halocarboxylic acids,Vinyl chlorides; Monocarboxylic acids and derivatives; Chloroalkenes; Carboxylic acids; Organochlorides; Organic oxides; Hydrocarbon derivatives; Carbonyl compounds,full_molecule,https://pubchem.ncbi.nlm.nih.gov/compound/11735,pubchem,1.0,0.85,1.0,1.0,1.0,0.5,0.945,HIGH,False,False,False,False,False,False,False,False,False,[SMILES] SMILES from CIR fallback.
2-Chlorothiophene,19.2,6.2,8.0,,False,False,False,False,False,False,False,2-Chlorothiophene,systematic_chemical,,False,96-43-5,96-43-5,True,original,7299.0,GSFNQBFZFXUTBN-UHFFFAOYSA-N,Clc1sccc1,,True,C4H3ClS,118.59,2-chlorothiophene,2.5,0.0,1.0,128.5,,,,,,H225; H226; H301; H311; H315; H319; H330; H335,Flammable; Acute Toxic; Irritant,Danger,False,False,True,True,Not listed,,Organic compounds,Organohalogen compounds,Aryl halides,Aryl chlorides,Aryl chlorides,Thiophenes; Heteroaromatic compounds; Organochlorides; Hydrocarbon derivatives,full_molecule,https://pubchem.ncbi.nlm.nih.gov/compound/7299,pubchem,1.0,1.0,1.0,1.0,1.0,0.75,0.988,HIGH,False,False,False,False,False,False,False,False,False,[SMILES] SMILES from CIR fallback.
2-Cyclopentenyl Alcohol,18.1,7.6,15.6,,False,False,False,False,False,False,False,2-Cyclopentenyl Alcohol,systematic_chemical,,False,3212-60-0,3212-60-0,True,original,220164.0,PSBABBDEUFNFKJ-UHFFFAOYSA-N,OC1CCC=C1,,True,C5H8O,84.12,cyclopent-2-en-1-ol,0.6,1.0,1.0,,-57.5,,,,,H225; H226; H315; H319; H332; H335,Flammable; Irritant,Danger,False,False,True,False,Not listed,,Organic compounds,Organic oxygen compounds,Organooxygen compounds,Alcohols and polyols,Secondary alcohols,Hydrocarbon derivatives,full_molecule,https://pubchem.ncbi.nlm.nih.gov/compound/220164,pubchem,1.0,0.85,1.0,1.0,1.0,0.75,0.958,HIGH,False,False,False,False,False,False,False,False,False,[SMILES] SMILES from CIR fallback.
2-Decanol,15.8,3.9,10.0,,False,False,False,False,False,False,False,2-Decanol,systematic_chemical,,False,1120-06-5,1120-06-5,True,original,14254.0,ACUZDYFTRHEKOS-UHFFFAOYSA-N,CCCCCCCCC(C)O,,True,C10H22O,158.28,decan-2-ol,4.0,1.0,1.0,210.5,-2.3,,,,,H319,Irritant,Warning,False,False,False,False,Not listed,,Organic compounds,Lipids and lipid-like molecules,Fatty Acyls,Fatty alcohols,Fatty alcohols,Secondary alcohols; Hydrocarbon derivatives,full_molecule,https://pubchem.ncbi.nlm.nih.gov/compound/14254,pubchem,1.0,0.85,1.0,1.0,1.0,1.0,0.97,HIGH,False,False,False,False,False,False,False,False,False,[SMILES] SMILES from CIR fallback.
2-Ethyl Croton Aldehyde,16.1,8.0,5.5,,False,False,False,False,False,False,False,2-Ethyl Croton Aldehyde,systematic_chemical,,False,19780-25-7,19780-25-7,True,original,5362897.0,IQGZCSXWIRBTRW-ZZXKWVIFSA-N,CC\C(=C/C)C=O,,True,C6H10O,98.14,(E)-2-ethylbut-2-enal,1.4,0.0,1.0,,,,,,,H226; H311; H315; H319; H335,Flammable; Acute Toxic; Irritant,Danger,False,False,True,True,Not listed,,Organic compounds,Organic oxygen compounds,Organooxygen compounds,Carbonyl compounds,Enals,Organic oxides; Hydrocarbon derivatives; Aldehydes,full_molecule,https://pubchem.ncbi.nlm.nih.gov/compound/5362897,pubchem,1.0,0.85,1.0,1.0,1.0,0.5,0.945,HIGH,False,False,False,False,False,False,False,False,False,[SMILES] SMILES from CIR fallback.
2-Ethyl Hexyl Acetate,15.8,2.9,5.1,,False,False,False,False,False,False,False,2-Ethyl Hexyl Acetate,systematic_chemical,,False,103-09-3,103-09-3,True,original,7635.0,WOYWLLHHWAMFCB-UHFFFAOYSA-N,,,False,C10H20O2,172.26,2-ethylhexyl acetate,3.2,0.0,2.0,199.9,,,,,,H315,Irritant,Warning,False,False,False,False,Not listed,,,,,,,,,https://pubchem.ncbi.nlm.nih.gov/compound/7635,pubchem,1.0,0.85,1.0,0.0,1.0,0.75,0.808,MEDIUM,False,False,False,False,False,False,False,False,False,
2-Ethyl Hexyl Acrylate,15.3,4.3,3.0,,False,False,False,False,False,False,False,2-Ethyl Hexyl Acrylate,systematic_chemical,,False,103-11-7,103-11-7,True,original,7636.0,GOXQRTZXKQZDDN-UHFFFAOYSA-N,,,False,C11H20O2,184.27,2-ethylhexyl prop-2-enoate,3.8,0.0,2.0,217.1,,,,,,H315; H317; H335; H412; H319; H227; H336; H351; H373; H401; H411,Irritant; Health Hazard; Environmental Hazard,Warning,True,False,False,False,Not listed,,,,,,,,,https://pubchem.ncbi.nlm.nih.gov/compound/7636,pubchem,1.0,0.85,1.0,0.0,1.0,0.75,0.808,MEDIUM,False,False,False,False,False,False,False,False,False,
2-Ethyl Hexyl Phthalate (Mono),17.3,6.2,6.8,,False,False,False,False,False,False,False,2-Ethyl Hexyl Phthalate,systematic_chemical,Mono,False,4376-20-9,4376-20-9,True,original,20393.0,DJDSLBVSSOQSLW-UHFFFAOYSA-N,CCCCCCOC(=O)c1ccccc1C(=O)OCC,,True,C16H22O4,278.34,2-(2-ethylhexoxycarbonyl)benzoic acid,4.0,1.0,4.0,,,,,,,H315; H319; H302; H361; H360,Irritant; Health Hazard,Warning,False,True,False,False,Not listed,,Organic compounds,Benzenoids,Benzene and substituted derivatives,Benzoic acids and derivatives,Benzoic acid esters,Benzoyl derivatives; Carboxylic acid esters; Organooxygen compounds; Organic oxides; Hydrocarbon derivatives,full_molecule,https://pubchem.ncbi.nlm.nih.gov/compound/20393,pubchem,1.0,0.85,1.0,1.0,1.0,0.5,0.945,HIGH,True,False,False,False,False,False,False,False,False,[SMILES] SMILES from CIR fallback.
"2-Ethyl-1,3-Butadiene",15.3,1.6,3.8,,False,False,False,False,False,False,False,"2-Ethyl-1,3-Butadiene",systematic_chemical,,False,3404-63-5,3404-63-5,True,original,18850.0,IGLWCQMNTGCUBB-UHFFFAOYSA-N,CCC(=C)C=C,,True,C6H10,82.14,3-methylidenepent-1-ene,2.9,0.0,0.0,72.9,,,,,,,,,False,False,False,False,Not listed,,Organic compounds,Hydrocarbons,Unsaturated hydrocarbons,Branched unsaturated hydrocarbons,Branched unsaturated hydrocarbons,Alkadienes; Unsaturated aliphatic hydrocarbons,full_molecule,https://pubchem.ncbi.nlm.nih.gov/compound/18850,pubchem,1.0,0.85,1.0,1.0,1.0,0.75,0.958,HIGH,False,False,False,False,False,False,False,False,False,[SMILES] SMILES from CIR fallback.
2-Ethyl-1-Butanol,15.8,4.3,13.5,,False,False,False,False,False,False,False,2-Ethyl-1-Butanol,systematic_chemical,,False,97-95-0,97-95-0,True,original,7358.0,TZYRSLHNPKPEFV-UHFFFAOYSA-N,CCC(CC)CO,,True,C6H14O,102.17,2-ethylbutan-1-ol,1.6,1.0,1.0,,,,,,,H302; H312; H226,Irritant; Flammable,Warning,False,False,True,False,Not listed,,Organic compounds,Organic oxygen compounds,Organooxygen compounds,Alcohols and polyols,Primary alcohols,Hydrocarbon derivatives,full_molecule,https://pubchem.ncbi.nlm.nih.gov/compound/7358,pubchem,1.0,0.85,1.0,1.0,1.0,0.5,0.945,HIGH,False,False,False,False,False,False,False,False,False,[SMILES] SMILES from CIR fallback.
2-Ethyl-1-Butene,14.9,1.7,3.5,,False,False,False,False,False,False,False,2-Ethyl-1-Butene,systematic_chemical,,False,760-21-4,760-21-4,True,original,12970.0,RYKZRKKEYSRDNF-UHFFFAOYSA-N,CCC(=C)CC,,True,C6H12,84.16,3-methylidenepentane,2.9,0.0,0.0,,-132.0,,,,,H225; H304; H317; H319; H336,Flammable; Irritant; Health Hazard,Danger,False,False,True,False,Not listed,,Organic compounds,Hydrocarbons,Unsaturated hydrocarbons,Branched unsaturated hydrocarbons,Branched unsaturated hydrocarbons,Unsaturated aliphatic hydrocarbons; Alkenes,full_molecule,https://pubchem.ncbi.nlm.nih.gov/compound/12970,pubchem,1.0,0.85,1.0,1.0,1.0,0.75,0.958,HIGH,False,False,False,False,False,False,False,False,False,[SMILES] SMILES from CIR fallback.
2-Ethyl-Hexanol,15.9,3.3,11.8,,False,False,False,False,False,False,False,2-Ethyl-Hexanol,systematic_chemical,,False,104-76-7,104-76-7,True,original,7720.0,YIWUKEYIRIRTPP-UHFFFAOYSA-N,CCCCC(CC)CO,,True,C8H18O,130.23,2-ethylhexan-1-ol,3.1,1.0,1.0,,,,,,,H315; H319; H332; H335; H402; H227; H336; H361; H371; H401; H312; H314,Irritant; Health Hazard; Corrosive,Warning,False,True,False,False,Not listed,,Organic compounds,Lipids and lipid-like molecules,Fatty Acyls,Fatty alcohols,Fatty alcohols,Primary alcohols; Hydrocarbon derivatives,full_molecule,https://pubchem.ncbi.nlm.nih.gov/compound/7720,pubchem,1.0,0.85,1.0,1.0,1.0,0.5,0.945,HIGH,False,False,False,False,False,False,False,False,False,[SMILES] SMILES from CIR fallback.
2-Ethylhexyl Amine,15.7,4.2,6.1,,False,False,False,False,False,False,False,2-Ethylhexyl Amine,systematic_chemical,,False,20352-67-4,20352-67-4,True,original,546879.0,WSTNFGAKGUERTC-UHFFFAOYSA-N,CCCCC(CC)CN,,True,C8H19N,129.24,N-ethylhexan-1-amine,2.5,1.0,1.0,,,,,,,,,,False,False,False,False,Not listed,,Organic compounds,Organic nitrogen compounds,Organonitrogen compounds,Amines,Monoalkylamines,Organopnictogen compounds; Hydrocarbon derivatives,full_molecule,https://pubchem.ncbi.nlm.nih.gov/compound/546879,pubchem,1.0,0.85,1.0,1.0,1.0,0.5,0.945,HIGH,True,False,False,False,False,False,False,False,False,[SMILES] SMILES from CIR fallback.
2-Furonitrile,18.4,15.0,8.2,,False,False,False,False,False,False,False,2-Furonitrile,systematic_chemical,,False,617-90-3,617-90-3,True,original,69245.0,YXDXXGXWFJCXEB-UHFFFAOYSA-N,N#Cc1occc1,,True,C5H3NO,93.08,furan-2-carbonitrile,1.0,0.0,2.0,147.1,,,,,,H226; H302; H312; H318; H332,Flammable; Corrosive; Irritant,Danger,False,False,True,False,Not listed,,Organic compounds,Organoheterocyclic compounds,Heteroaromatic compounds,,Heteroaromatic compounds,Furans; Oxacyclic compounds; Nitriles; Organopnictogen compounds; Organooxygen compounds; Hydrocarbon derivatives,full_molecule,https://pubchem.ncbi.nlm.nih.gov/compound/69245,pubchem,1.0,0.85,1.0,1.0,1.0,0.75,0.958,HIGH,False,False,False,False,False,False,False,False,False,[SMILES] SMILES from CIR fallback.
2-Heptanol,15.7,5.4,11.7,,False,False,False,False,False,False,False,2-Heptanol,systematic_chemical,,False,543-49-7,543-49-7,True,original,10976.0,CETWDUZRCINIHU-UHFFFAOYSA-N,CCCCCC(C)O,,True,C7H16O,116.2,heptan-2-ol,2.3,1.0,1.0,,,,,,,H226; H312; H315; H319,Flammable; Irritant,Warning,False,False,True,False,Not listed,,Organic compounds,Lipids and lipid-like molecules,Fatty Acyls,Fatty alcohols,Fatty alcohols,Secondary alcohols; Hydrocarbon derivatives,full_molecule,https://pubchem.ncbi.nlm.nih.gov/compound/10976,pubchem,1.0,0.85,1.0,1.0,1.0,0.5,0.945,HIGH,False,False,False,False,False,False,False,False,False,[SMILES] SMILES from CIR fallback.
2-Methoxy Tetrahydropyrane,17.2,6.6,6.0,,False,False,False,False,False,False,False,2-Methoxy Tetrahydropyrane,systematic_chemical,,False,6581-66-4,6581-66-4,True,original,23057.0,XTDKZSUYCXHXJM-UHFFFAOYSA-N,COC1CCCCO1,,True,C6H12O2,116.16,2-methoxyoxane,0.9,0.0,2.0,128.6,,,,,,H226,Flammable,Warning,False,False,True,False,Not listed,,Organic compounds,Organoheterocyclic compounds,Oxanes,,Oxanes,Oxacyclic compounds; Acetals; Hydrocarbon derivatives,full_molecule,https://pubchem.ncbi.nlm.nih.gov/compound/23057,pubchem,1.0,0.85,1.0,1.0,1.0,0.75,0.958,HIGH,False,False,False,False,False,False,False,False,False,[SMILES] SMILES from CIR fallback.
"2-Methoxy-1,3-Dioxolane",17.8,8.4,7.7,,False,False,False,False,False,False,False,"2-Methoxy-1,3-Dioxolane",systematic_chemical,,False,19693-75-5,19693-75-5,True,original,29744.0,VRAYTNFBRROPJU-UHFFFAOYSA-N,COC1OCCO1,,True,C4H8O3,104.1,"2-methoxy-1,3-dioxolane",-0.2,0.0,3.0,129.6,,,,,,H226,Flammable,Warning,False,False,True,False,Not listed,,Organic compounds,Organic oxygen compounds,Organooxygen compounds,Ortho esters,Ortho esters,"Carboxylic acid orthoesters; 1,3-dioxolanes; Oxacyclic compounds; Hydrocarbon derivatives",full_molecule,https://pubchem.ncbi.nlm.nih.gov/compound/29744,pubchem,1.0,1.0,1.0,1.0,1.0,0.75,0.988,HIGH,False,False,False,False,False,False,False,False,False,[SMILES] SMILES from CIR fallback.
2-Methyl (Cis) Acrylic Acid,16.8,5.2,12.4,,False,False,False,False,False,False,False,2-Methyl Acrylic Acid,systematic_chemical,Cis,False,503-64-0,503-64-0,True,original,643792.0,LDHQCZJRKDOVOX-IHWYPQMZSA-N,CC(=C)C(O)=O,,True,C4H6O2,86.09,(Z)-but-2-enoic acid,0.7,1.0,2.0,169.4,,,,,,H315; H318; H335,Corrosive; Irritant,Danger,False,False,False,False,Not listed,,Organic compounds,Organic acids and derivatives,Carboxylic acids and derivatives,Carboxylic acids,Carboxylic acids,Monocarboxylic acids and derivatives; Organic oxides; Hydrocarbon derivatives; Carbonyl compounds,full_molecule,https://pubchem.ncbi.nlm.nih.gov/compound/643792,pubchem,1.0,0.85,1.0,1.0,1.0,0.75,0.958,HIGH,True,False,False,False,False,False,False,False,False,[SMILES] SMILES from CIR fallback.
2-Methyl Cyclohexanol (Mix),17.1,6.5,12.5,,False,False,False,False,False,False,False,2-Methyl Cyclohexanol,systematic_chemical,Mix,False,583-59-5,583-59-5,True,original,11418.0,NDVWOBYBJYUSMF-UHFFFAOYSA-N,CC1CCCCC1O,,True,C7H14O,114.19,2-methylcyclohexan-1-ol,1.8,1.0,1.0,167.6,,,,,,H226; H318; H332,Flammable; Corrosive; Irritant,Danger,False,False,True,False,Not listed,,Organic compounds,Organic oxygen compounds,Organooxygen compounds,Alcohols and polyols,Cyclohexanols,Cyclic alcohols and derivatives; Hydrocarbon derivatives,full_molecule,https://pubchem.ncbi.nlm.nih.gov/compound/11418,pubchem,1.0,0.85,1.0,1.0,1.0,0.75,0.958,HIGH,False,False,False,False,False,False,False,False,False,[SMILES] SMILES from CIR fallback.
2-Methyl Cyclohexanone,17.6,7.8,4.7,,False,False,False,False,False,False,False,2-Methyl Cyclohexanone,systematic_chemical,,False,583-60-8,583-60-8,True,original,11419.0,LFSAPCRASZRSKS-UHFFFAOYSA-N,CC1CCCCC1=O,,True,C7H12O,112.17,2-methylcyclohexan-1-one,1.5,0.0,1.0,162.6,-13.9,,,,,H226; H332; H302; H312; H319; H335; H336,Flammable; Irritant,Warning,False,False,True,False,Not listed,,Organic compounds,Organic oxygen compounds,Organooxygen compounds,Carbonyl compounds,Cyclic ketones,Organic oxides; Hydrocarbon derivatives,full_molecule,https://pubchem.ncbi.nlm.nih.gov/compound/11419,pubchem,1.0,0.85,1.0,1.0,1.0,1.0,0.97,HIGH,False,False,False,False,False,False,False,False,False,[SMILES] SMILES from CIR fallback.
2-Methyl Pyrazine,18.3,12.3,10.5,,False,False,False,False,False,False,False,2-Methyl Pyrazine,systematic_chemical,,False,109-08-0,109-08-0,True,original,7976.0,CAWHJQAVHZEVTJ-UHFFFAOYSA-N,Cc1cnccn1,,True,C5H6N2,94.11,2-methylpyrazine,0.2,0.0,2.0,135.7,-28.8,,,,,H226; H302,Flammable; Irritant,Warning,False,False,True,False,Not listed,,Organic compounds,Organoheterocyclic compounds,Diazines,Pyrazines,Pyrazines,Heteroaromatic compounds; Azacyclic compounds; Organopnictogen compounds; Organonitrogen compounds; Hydrocarbon derivatives,full_molecule,https://pubchem.ncbi.nlm.nih.gov/compound/7976,pubchem,1.0,0.85,1.0,1.0,1.0,1.0,0.97,HIGH,False,False,False,False,False,False,False,False,False,[SMILES] SMILES from CIR fallback.
2-Methyl Tetrahydrofuran,16.9,5.0,4.3,,False,False,False,False,False,False,False,2-Methyl Tetrahydrofuran,systematic_chemical,,False,96-47-9,96-47-9,True,original,7301.0,JWUJQDFVADABEY-UHFFFAOYSA-N,CC1CCCO1,,True,C5H10O,86.13,2-methyloxolane,1.0,0.0,1.0,,-136.1,,,,,H225; H302; H315; H318; H319; H335; H336; H314,Flammable; Corrosive; Irritant,Danger,False,False,True,False,Not listed,,Organic compounds,Organoheterocyclic compounds,Tetrahydrofurans,,Tetrahydrofurans,Oxacyclic compounds; Dialkyl ethers; Hydrocarbon derivatives,full_molecule,https://pubchem.ncbi.nlm.nih.gov/compound/7301,pubchem,1.0,0.85,1.0,1.0,1.0,0.75,0.958,HIGH,False,False,False,False,False,False,False,False,False,[SMILES] SMILES from CIR fallback.
"2-Methyl-1,3-Dioxolane",17.3,4.8,5.8,,False,False,False,False,False,False,False,"2-Methyl-1,3-Dioxolane",systematic_chemical,,False,497-26-7,497-26-7,True,original,10342.0,HTWIZMNMTWYQRN-UHFFFAOYSA-N,CC1OCCO1,,True,C4H8O2,88.11,"2-methyl-1,3-dioxolane",0.2,0.0,2.0,82.6,,,,,,H225; H319,Flammable; Irritant,Danger,False,False,True,False,Not listed,,Organic compounds,Organoheterocyclic compounds,Dioxolanes,"1,3-dioxolanes","1,3-dioxolanes",Oxacyclic compounds; Acetals; Hydrocarbon derivatives,full_molecule,https://pubchem.ncbi.nlm.nih.gov/compound/10342,pubchem,1.0,1.0,1.0,1.0,1.0,0.75,0.988,HIGH,False,False,False,False,False,False,False,False,False,[SMILES] SMILES from CIR fallback.
2-Methyl-1-Butanol,16.0,5.1,14.3,,False,False,False,False,False,False,False,2-Methyl-1-Butanol,systematic_chemical,,False,137-32-6,137-32-6,True,original,8723.0,QPRQEDXDYOZYLA-UHFFFAOYSA-N,CCC(C)CO,,True,C5H12O,88.15,2-methylbutan-1-ol,1.2,1.0,1.0,,,,,,,H226; H315; H318; H332; H335; H319,Flammable; Corrosive; Irritant,Danger,False,False,True,False,Not listed,,Organic compounds,Organic oxygen compounds,Organooxygen compounds,Alcohols and polyols,Primary alcohols,Hydrocarbon derivatives,full_molecule,https://pubchem.ncbi.nlm.nih.gov/compound/8723,pubchem,1.0,0.85,1.0,1.0,1.0,0.5,0.945,HIGH,False,False,False,False,False,False,False,False,False,[SMILES] SMILES from CIR fallback.
2-Methyl-1-Butene,14.5,1.8,1.3,,False,False,False,False,False,False,False,2-Methyl-1-Butene,systematic_chemical,,False,563-46-2,563-46-2,True,original,11240.0,MHNNAWXXUZQSNM-UHFFFAOYSA-N,CCC(C)=C,,True,C5H10,70.13,2-methylbut-1-ene,2.5,0.0,0.0,,,,,,,H224; H225; H302; H304; H315; H336; H341; H351; H411; H319; H332; H335,Flammable; Irritant; Health Hazard; Environmental Hazard,Danger,True,False,True,False,Not listed,,Organic compounds,Hydrocarbons,Unsaturated hydrocarbons,Branched unsaturated hydrocarbons,Branched unsaturated hydrocarbons,Unsaturated aliphatic hydrocarbons; Alkenes,full_molecule,https://pubchem.ncbi.nlm.nih.gov/compound/11240,pubchem,1.0,0.85,1.0,1.0,1.0,0.5,0.945,HIGH,False,False,False,False,False,False,False,False,False,[SMILES] SMILES from CIR fallback.
2-Methyl-1-Chloro Acrolein,17.1,10.6,7.3,,False,False,False,False,False,False,False,2-Methyl-1-Chloro Acrolein,systematic_chemical,,False,53175-28-3,53175-28-3,True,original,5355510.0,GMUIHGWBQIUCST-RQOWECAXSA-N,CC(=C)C(Cl)=O,,True,C4H5ClO,104.53,(Z)-2-chlorobut-2-enal,1.4,0.0,1.0,,,,,,,H226; H301; H311; H315; H318; H330; H335; H400,Flammable; Corrosive; Acute Toxic; Environmental Hazard; Irritant,Danger,False,False,True,True,Not listed,,Organic compounds,Organohalogen compounds,Acyl halides,Acyl chlorides,Acyl chlorides,Organochlorides; Organic oxides; Hydrocarbon derivatives; Carbonyl compounds,full_molecule,https://pubchem.ncbi.nlm.nih.gov/compound/5355510,pubchem,1.0,0.85,1.0,1.0,1.0,0.5,0.945,HIGH,True,False,False,False,False,False,False,False,False,[SMILES] SMILES from CIR fallback.
2-Methyl-1-Pentanol,15.8,4.9,13.5,,False,False,False,False,False,False,False,2-Methyl-1-Pentanol,systematic_chemical,,False,105-30-6,105-30-6,True,original,7745.0,PFNHSEQQEPMLNI-UHFFFAOYSA-N,CCCC(C)CO,,True,C6H14O,102.17,2-methylpentan-1-ol,1.8,1.0,1.0,,,,,,,H226; H302; H315; H318; H319; H335,Flammable; Corrosive; Irritant,Danger,False,False,True,False,Not listed,,Organic compounds,Organic oxygen compounds,Organooxygen compounds,Alcohols and polyols,Primary alcohols,Hydrocarbon derivatives,full_molecule,https://pubchem.ncbi.nlm.nih.gov/compound/7745,pubchem,1.0,0.85,1.0,1.0,1.0,0.5,0.945,HIGH,False,False,False,False,False,False,False,False,False,[SMILES] SMILES from CIR fallback.
2-Methyl-2-Butanol,15.3,6.1,13.3,,False,False,False,False,False,False,False,2-Methyl-2-Butanol,systematic_chemical,,False,75-85-4,75-85-4,True,original,6405.0,MSXVEPNJUHWQHW-UHFFFAOYSA-N,CCC(C)(C)O,,True,C5H12O,88.15,2-methylbutan-2-ol,0.9,1.0,1.0,,-9.2,,,,,H225; H315; H332; H335; H312; H318; H336; H302; H319; H370,Flammable; Irritant; Corrosive; Health Hazard,Danger,False,False,True,False,Not listed,,Organic compounds,Organic oxygen compounds,Organooxygen compounds,Alcohols and polyols,Tertiary alcohols,Hydrocarbon derivatives,full_molecule,https://pubchem.ncbi.nlm.nih.gov/compound/6405,pubchem,1.0,0.85,1.0,1.0,1.0,0.75,0.958,HIGH,False,False,False,False,False,False,False,False,False,[SMILES] SMILES from CIR fallback.
2-Methyl-2-Butene,14.7,2.0,2.9,,False,False,False,False,False,False,False,2-Methyl-2-Butene,systematic_chemical,,False,513-35-9,513-35-9,True,original,10553.0,BKOOMYPCSUNDGP-UHFFFAOYSA-N,CC=C(C)C,,True,C5H10,70.13,2-methylbut-2-ene,2.3,0.0,0.0,,,,,,,H224; H225; H302; H304; H315; H336; H341; H350; H351; H411,Flammable; Irritant; Health Hazard; Environmental Hazard,Danger,True,False,True,False,Not listed,,Organic compounds,Hydrocarbons,Unsaturated hydrocarbons,Branched unsaturated hydrocarbons,Branched unsaturated hydrocarbons,Unsaturated aliphatic hydrocarbons; Alkenes,full_molecule,https://pubchem.ncbi.nlm.nih.gov/compound/10553,pubchem,1.0,0.85,1.0,1.0,1.0,0.5,0.945,HIGH,False,False,False,False,False,False,False,False,False,[SMILES] SMILES from CIR fallback.
2-Methylfuran,17.3,2.8,7.4,,False,False,False,False,False,False,False,2-Methylfuran,systematic_chemical,,False,534-22-5,534-22-5,True,original,10797.0,VQKFNUFAXTZWDK-UHFFFAOYSA-N,Cc1occc1,,True,C5H6O,82.1,2-methylfuran,1.8,0.0,1.0,,,,,,,H225; H301; H319; H330; H331; H411,Flammable; Acute Toxic; Irritant; Environmental Hazard,Danger,False,False,True,True,Not listed,,Organic compounds,Organoheterocyclic compounds,Heteroaromatic compounds,,Heteroaromatic compounds,Furans; Oxacyclic compounds; Organooxygen compounds; Hydrocarbon derivatives,full_molecule,https://pubchem.ncbi.nlm.nih.gov/compound/10797,pubchem,1.0,1.0,1.0,1.0,1.0,0.5,0.975,HIGH,False,False,False,False,False,False,False,False,False,[SMILES] SMILES from CIR fallback.
2-Nitro-1-Propanol,16.1,13.7,15.4,,False,False,False,False,False,False,False,2-Nitro-1-Propanol,systematic_chemical,,False,2902-96-7,2902-96-7,True,original,92187.0,PCNWBUOSTLGPMI-UHFFFAOYSA-N,CC(CO)[N+]([O-])=O,,True,C3H7NO3,105.09,2-nitropropan-1-ol,-0.3,1.0,3.0,,,,,,,,,,False,False,False,False,Not listed,,Organic compounds,"Organic 1,3-dipolar compounds","Allyl-type 1,3-dipolar organic compounds",Organic nitro compounds,C-nitro compounds,"Propargyl-type 1,3-dipolar organic compounds; Organic oxoazanium compounds; Primary alcohols; Organopnictogen compounds; Organonitrogen compounds; Organic zwitterions; Organic oxides; Hydrocarbon derivatives",full_molecule,https://pubchem.ncbi.nlm.nih.gov/compound/92187,pubchem,1.0,0.85,1.0,1.0,1.0,0.5,0.945,HIGH,False,False,False,False,False,False,False,False,False,[SMILES] SMILES from CIR fallback.
2-Nitropropane,16.2,12.1,4.1,,False,False,False,False,False,False,False,2-Nitropropane,systematic_chemical,,False,79-46-9,79-46-9,True,original,398.0,FGLBSLMDCBOPQK-UHFFFAOYSA-N,CC(C)[N+]([O-])=O,,True,C3H7NO2,89.09,2-nitropropane,0.8,0.0,2.0,120.4,-91.3,,,,,H226; H302; H332; H350; H331; H341; H412; H320; H330; H336; H370; H372; H373; H351,Flammable; Irritant; Health Hazard; Acute Toxic,Danger,True,False,True,True,Not listed,,Organic compounds,"Organic 1,3-dipolar compounds","Allyl-type 1,3-dipolar organic compounds",Organic nitro compounds,C-nitro compounds,"Propargyl-type 1,3-dipolar organic compounds; Organic oxoazanium compounds; Organopnictogen compounds; Organonitrogen compounds; Organic oxides; Hydrocarbon derivatives",full_molecule,https://pubchem.ncbi.nlm.nih.gov/compound/398,pubchem,1.0,1.0,1.0,1.0,1.0,1.0,1.0,HIGH,False,False,False,False,False,False,False,False,False,[SMILES] SMILES from CIR fallback.
2-Nitrothiophene,19.7,16.2,8.2,,False,False,False,False,False,False,False,2-Nitrothiophene,systematic_chemical,,False,609-40-5,609-40-5,True,original,11866.0,JIZRGGUCOQKGQD-UHFFFAOYSA-N,[O-][N+](=O)c1sccc1,,True,C4H3NO2S,129.14,2-nitrothiophene,1.6,0.0,3.0,224.6,,,,,,H302; H312; H332; H341,Irritant; Health Hazard,Warning,False,False,False,False,Not listed,,Organic compounds,Organoheterocyclic compounds,Thiophenes,Nitrothiophenes,2-nitrothiophenes,"Nitroaromatic compounds; Heteroaromatic compounds; Propargyl-type 1,3-dipolar organic compounds; Organic oxoazanium compounds; Organopnictogen compounds; Organonitrogen compounds; Organic oxides; Hydrocarbon derivatives",full_molecule,https://pubchem.ncbi.nlm.nih.gov/compound/11866,pubchem,1.0,1.0,1.0,1.0,1.0,0.75,0.988,HIGH,False,False,False,False,False,False,False,False,False,[SMILES] SMILES from CIR fallback.
2-Octanol,16.1,4.9,11.0,,False,False,False,False,False,False,False,2-Octanol,systematic_chemical,,False,123-96-6,123-96-6,True,original,20083.0,SJWFXCIHNDVPSH-UHFFFAOYSA-N,CCCCCCC(C)O,,True,C8H18O,130.23,octan-2-ol,2.9,1.0,1.0,,,,,,,H315; H318; H319; H226; H411; H227; H305; H316; H335; H402; H412,Corrosive; Irritant; Flammable; Environmental Hazard; Health Hazard,Danger,False,False,True,False,Not listed,,Organic compounds,Lipids and lipid-like molecules,Fatty Acyls,Fatty alcohols,Fatty alcohols,Secondary alcohols; Hydrocarbon derivatives,full_molecule,https://pubchem.ncbi.nlm.nih.gov/compound/20083,pubchem,1.0,0.85,1.0,1.0,1.0,0.5,0.945,HIGH,False,False,False,False,False,False,False,False,False,[SMILES] SMILES from CIR fallback.
2-Oxopyrrolidinacetamid,17.5,15.6,11.2,,False,False,False,False,False,False,False,2-Oxopyrrolidinacetamid,systematic_chemical,,False,7491-74-9,7491-74-9,True,original,4843.0,GMZVRMREEHBGGF-UHFFFAOYSA-N,NC(=O)CN1CCCC1=O,,True,C6H10N2O2,142.16,2-(2-oxopyrrolidin-1-yl)acetamide,-1.3,1.0,2.0,,,,,,,,,,False,False,False,False,Not listed,,Organic compounds,Organic acids and derivatives,Carboxylic acids and derivatives,"Amino acids, peptides, and analogues",Alpha amino acids and derivatives,Pyrrolidine-2-ones; N-alkylpyrrolidines; Tertiary carboxylic acid amides; Primary carboxylic acid amides; Lactams; Azacyclic compounds; Organopnictogen compounds; Organonitrogen compounds; Organic oxides; Hydrocarbon derivatives; Carbonyl compounds,full_molecule,https://pubchem.ncbi.nlm.nih.gov/compound/4843,pubchem,1.0,0.85,1.0,1.0,1.0,0.5,0.945,HIGH,False,False,False,False,False,False,False,False,False,[SMILES] SMILES from CIR fallback.
2-Pentanol,15.6,6.4,13.3,,False,False,False,False,False,False,False,2-Pentanol,systematic_chemical,,False,6032-29-7,6032-29-7,True,original,22386.0,JYVLIDXNZAXMDK-UHFFFAOYSA-N,CCCC(C)O,,True,C5H12O,88.15,pentan-2-ol,1.2,1.0,1.0,,,,,,,H226; H332; H335; H315; H319,Flammable; Irritant,Warning,False,False,True,False,Not listed,,Organic compounds,Organic oxygen compounds,Organooxygen compounds,Alcohols and polyols,Secondary alcohols,Hydrocarbon derivatives,full_molecule,https://pubchem.ncbi.nlm.nih.gov/compound/22386,pubchem,1.0,0.85,1.0,1.0,1.0,0.5,0.945,HIGH,False,False,False,False,False,False,False,False,False,[SMILES] SMILES from CIR fallback.
2-Phenoxy Ethanol,17.8,5.7,14.3,,False,False,False,False,False,False,False,2-Phenoxy Ethanol,systematic_chemical,,False,122-99-6,122-99-6,True,original,31236.0,QCDWFXQBSFUVSP-UHFFFAOYSA-N,OCCOc1ccccc1,,True,C8H10O2,138.16,2-phenoxyethanol,1.2,1.0,2.0,245.1,,,,,,H302; H318; H335; H319; H336; H320; H361,Corrosive; Irritant; Health Hazard,Danger,False,True,False,False,Not listed,,Organic compounds,Benzenoids,Phenol ethers,,Phenol ethers,Phenoxy compounds; Alkyl aryl ethers; Primary alcohols; Hydrocarbon derivatives,full_molecule,https://pubchem.ncbi.nlm.nih.gov/compound/31236,pubchem,1.0,0.85,1.0,1.0,1.0,0.75,0.958,HIGH,False,False,False,False,False,False,False,False,False,[SMILES] SMILES from CIR fallback.
2-Phenyl Ethanol,18.3,5.6,11.2,,False,False,False,False,False,False,False,2-Phenyl Ethanol,systematic_chemical,,False,60-12-8,60-12-8,True,original,6054.0,WRMNZCZEMHIOCP-UHFFFAOYSA-N,OCCc1ccccc1,,True,C8H10O,122.16,2-phenylethanol,1.4,1.0,1.0,219.4,-19.1,,,,,H302; H319; H311; H336; H361; H371; H318,Irritant; Acute Toxic; Health Hazard; Corrosive,Warning,False,True,False,True,Not listed,,Organic compounds,Benzenoids,Benzene and substituted derivatives,,Benzene and substituted derivatives,Primary alcohols; Hydrocarbon derivatives,full_molecule,https://pubchem.ncbi.nlm.nih.gov/compound/6054,pubchem,1.0,0.85,1.0,1.0,1.0,1.0,0.97,HIGH,False,False,False,False,False,False,False,False,False,[SMILES] SMILES from CIR fallback.
2-Pinene (dl),16.9,1.8,3.1,,False,False,False,False,False,False,False,2-Pinene,systematic_chemical,dl,False,80-56-8,80-56-8,True,original,6654.0,GRWFGVWFFZKLTI-UHFFFAOYSA-N,CC1=CCC2CC1C2(C)C,,True,C10H16,136.23,"2,6,6-trimethylbicyclo[3.1.1]hept-2-ene",2.8,0.0,0.0,,-70.9,,,,,H226; H302; H304; H315; H317; H318; H400; H410; H371; H372; H373,Flammable; Corrosive; Irritant; Health Hazard; Environmental Hazard,Danger,False,False,True,False,Not listed,,Organic compounds,Lipids and lipid-like molecules,Prenol lipids,Monoterpenoids,Bicyclic monoterpenoids,Polycyclic hydrocarbons; Branched unsaturated hydrocarbons; Cyclic olefins; Unsaturated aliphatic hydrocarbons,full_molecule,https://pubchem.ncbi.nlm.nih.gov/compound/6654,pubchem,1.0,0.85,1.0,1.0,1.0,0.75,0.958,HIGH,False,False,False,False,False,False,False,False,False,[SMILES] SMILES from CIR fallback.
2-Propanethiol,16.3,6.8,6.5,,False,False,False,False,False,False,False,2-Propanethiol,systematic_chemical,,False,75-33-2,75-33-2,True,original,6364.0,KJRCEJOSASVSRA-UHFFFAOYSA-N,CC(C)S,,True,C3H8S,76.16,propane-2-thiol,1.3,1.0,1.0,,-130.5,,,,,H225; H302; H315; H319; H331,Flammable; Acute Toxic; Irritant,Danger,False,False,True,True,Not listed,,Organic compounds,Organosulfur compounds,Thiols,Alkylthiols,Alkylthiols,Hydrocarbon derivatives,full_molecule,https://pubchem.ncbi.nlm.nih.gov/compound/6364,pubchem,1.0,0.85,1.0,1.0,1.0,0.75,0.958,HIGH,False,False,False,False,False,False,False,False,False,[SMILES] SMILES from CIR fallback.
2-Propanol,15.8,6.1,16.4,,False,False,False,False,False,False,False,2-Propanol,systematic_chemical,,False,67-63-0,67-63-0,True,original,3776.0,KFZMGEQAYNKOFK-UHFFFAOYSA-N,CC(C)O,,True,C3H8O,60.1,propan-2-ol,0.3,1.0,1.0,,-87.4,,,,,H225; H319; H336; H318; H373; H400; H410; H335; H361; H370; H372; H303; H305; H313,Flammable; Irritant; Corrosive; Health Hazard; Environmental Hazard,Danger,False,True,True,False,2,50.0,Organic compounds,Organic oxygen compounds,Organooxygen compounds,Alcohols and polyols,Secondary alcohols,Hydrocarbon derivatives,full_molecule,https://pubchem.ncbi.nlm.nih.gov/compound/3776,pubchem,1.0,0.85,1.0,1.0,1.0,0.75,0.958,HIGH,False,False,False,False,False,False,False,False,False,[SMILES] SMILES from CIR fallback.
2-Propyn-1-ol,16.1,8.7,18.8,,False,False,False,False,False,False,False,2-Propyn-1-ol,systematic_chemical,,False,107-19-7,107-19-7,True,original,7859.0,TVDSBUOJIPERQY-UHFFFAOYSA-N,OCC#C,,True,C3H4O,56.06,prop-2-yn-1-ol,-0.4,1.0,1.0,113.6,-51.8,,,,,H226; H301; H311; H314; H331; H411; H310; H318; H330; H373; H335; H351; H372; H401; H300; H336; H341,Flammable; Corrosive; Acute Toxic; Environmental Hazard; Health Hazard; Irritant,Danger,True,False,True,True,Not listed,,Organic compounds,Acetylides,,,Acetylides,Primary alcohols; Hydrocarbon derivatives,full_molecule,https://pubchem.ncbi.nlm.nih.gov/compound/7859,pubchem,1.0,0.85,1.0,1.0,1.0,1.0,0.97,HIGH,False,False,False,False,False,False,False,False,False,[SMILES] SMILES from CIR fallback.
2-Pyrrolidone,18.2,12.0,9.0,,False,False,False,False,False,False,False,2-Pyrrolidone,systematic_chemical,,False,616-45-5,616-45-5,True,original,12025.0,HNJBEVLQSNELDL-UHFFFAOYSA-N,O=C1CCCN1,,True,C4H7NO,85.1,pyrrolidin-2-one,-0.8,1.0,1.0,245.1,25.6,,,,,H315; H318; H319; H335; H360,Corrosive; Irritant; Health Hazard,Danger,False,True,False,False,Not listed,,Organic compounds,Organoheterocyclic compounds,Pyrrolidines,Pyrrolidones,Pyrrolidine-2-ones,Secondary carboxylic acid amides; Lactams; Azacyclic compounds; Organopnictogen compounds; Organonitrogen compounds; Organic oxides; Hydrocarbon derivatives; Carbonyl compounds,full_molecule,https://pubchem.ncbi.nlm.nih.gov/compound/12025,pubchem,1.0,0.85,1.0,1.0,1.0,1.0,0.97,HIGH,False,False,False,False,False,False,False,False,False,[SMILES] SMILES from CIR fallback.
2-t-Butyl-4-Methyl Phenol,17.3,3.7,10.5,,False,False,False,False,False,False,False,2-t-Butyl-4-Methyl Phenol,systematic_chemical,,False,2409-55-4,2409-55-4,True,original,17004.0,IKEHOXWJQXIQAG-UHFFFAOYSA-N,Cc1ccc(O)c(c1)C(C)(C)C,,True,C11H16O,164.24,2-tert-butyl-4-methylphenol,3.6,1.0,1.0,237.1,52.3,,,,,H314; H318; H335; H411; H315; H319; H401,Corrosive; Irritant; Environmental Hazard,Danger,False,False,False,False,Not listed,,Organic compounds,Benzenoids,Benzene and substituted derivatives,Phenylpropanes,Phenylpropanes,Para cresols; Toluenes; 1-hydroxy-2-unsubstituted benzenoids; Organooxygen compounds; Hydrocarbon derivatives,full_molecule,https://pubchem.ncbi.nlm.nih.gov/compound/17004,pubchem,1.0,0.85,1.0,1.0,1.0,1.0,0.97,HIGH,False,False,False,False,False,False,False,False,False,[SMILES] SMILES from CIR fallback.
2-Thiabutane,16.2,5.9,5.3,,False,False,False,False,False,False,False,2-Thiabutane,systematic_chemical,,False,624-89-5,624-89-5,True,original,12230.0,WXEHBUMAEPOYKP-UHFFFAOYSA-N,CCSC,,True,C3H8S,76.16,methylsulfanylethane,1.5,0.0,1.0,66.7,-105.9,,,,,H225; H315,Flammable; Irritant,Danger,False,False,True,False,Not listed,,Organic compounds,Organosulfur compounds,Thioethers,Dialkylthioethers,Dialkylthioethers,Sulfenyl compounds; Hydrocarbon derivatives,full_molecule,https://pubchem.ncbi.nlm.nih.gov/compound/12230,pubchem,1.0,0.85,1.0,1.0,1.0,1.0,0.97,HIGH,False,False,False,False,False,False,False,False,False,[SMILES] SMILES from CIR fallback.
2-Toluidine,19.4,5.8,9.4,,False,False,False,False,False,False,False,2-Toluidine,systematic_chemical,,False,95-53-4,95-53-4,True,original,7242.0,RNVCVTLRINQCPJ-UHFFFAOYSA-N,Cc1ccccc1N,,True,C7H9N,107.15,2-methylaniline,1.3,1.0,1.0,,,,,,,H301; H319; H331; H350; H400; H312; H315; H341; H411; H227; H302; H332; H336; H370; H372; H410; H313; H316; H340; H373,Acute Toxic; Health Hazard; Environmental Hazard; Irritant,Danger,True,False,False,True,Not listed,,Organic compounds,Benzenoids,Benzene and substituted derivatives,Toluenes,Aminotoluenes,Aniline and substituted anilines; Primary amines; Organopnictogen compounds; Hydrocarbon derivatives,full_molecule,https://pubchem.ncbi.nlm.nih.gov/compound/7242,pubchem,1.0,0.85,1.0,1.0,1.0,0.5,0.945,HIGH,False,False,False,False,False,False,False,False,False,[SMILES] SMILES from CIR fallback.
2-Vinyl Toluene,18.6,1.0,3.8,,False,False,False,False,False,False,False,2-Vinyl Toluene,systematic_chemical,,False,611-15-4,611-15-4,True,original,11904.0,NVZWEEGUWXZOKI-UHFFFAOYSA-N,Cc1ccccc1C=C,,True,C9H10,118.18,1-ethenyl-2-methylbenzene,3.2,0.0,0.0,160.0,-68.4,,,,,H332; H411; H226; H304; H315; H319; H400; H401,Irritant; Environmental Hazard; Flammable; Health Hazard,Warning,False,False,True,False,Not listed,,Organic compounds,Benzenoids,Benzene and substituted derivatives,Styrenes,Styrenes,Toluenes; Aromatic hydrocarbons; Cyclic olefins,full_molecule,https://pubchem.ncbi.nlm.nih.gov/compound/11904,pubchem,1.0,0.85,1.0,1.0,1.0,1.0,0.97,HIGH,False,False,False,False,False,False,False,False,False,[SMILES] SMILES from CIR fallback.
"3,3,3-Trichloro Propene",17.7,15.5,3.4,,False,False,False,False,False,False,False,"3,3,3-Trichloro Propene",systematic_chemical,,False,2233-00-3,2233-00-3,True,original,16690.0,VKEIPALYOJMDAC-UHFFFAOYSA-N,ClC(Cl)(Cl)C=C,,True,C3H3Cl3,145.41,"3,3,3-trichloroprop-1-ene",2.7,0.0,0.0,,,,,,,H226; H302; H312; H315; H319; H332; H335,Flammable,Danger,False,False,True,False,Not listed,,Organic compounds,Organohalogen compounds,Organochlorides,,Organochlorides,Hydrocarbon derivatives; Alkyl chlorides,full_molecule,https://pubchem.ncbi.nlm.nih.gov/compound/16690,pubchem,1.0,0.85,1.0,1.0,1.0,0.5,0.945,HIGH,False,False,False,False,False,False,False,False,False,[SMILES] SMILES from CIR fallback.
"3,4-Dichloro Alpha,Alpha,A-Trifluorotoluene",20.0,4.7,2.4,,False,False,False,False,False,False,False,"3,4-Dichloro Alpha,Alpha,A-Trifluorotoluene",systematic_chemical,,False,328-84-7,328-84-7,True,original,9481.0,XILPLWOGHPSJBK-UHFFFAOYSA-N,,,False,C7H3Cl2F3,215.0,"1,2-dichloro-4-(trifluoromethyl)benzene",4.4,0.0,3.0,173.6,,,,,,H302; H315; H319; H335; H411; H227,Irritant; Environmental Hazard,Warning,False,False,False,False,Not listed,,,,,,,,,https://pubchem.ncbi.nlm.nih.gov/compound/9481,pubchem,1.0,0.85,1.0,0.0,1.0,0.75,0.808,MEDIUM,False,False,False,False,False,False,False,False,False,
"3,4-Dichloronitrobenzene",20.1,7.2,4.1,,False,False,False,False,False,False,False,"3,4-Dichloronitrobenzene",systematic_chemical,,False,99-54-7,99-54-7,True,original,7443.0,NTBYINQTYWZXLH-UHFFFAOYSA-N,[O-][N+](=O)c1ccc(Cl)c(Cl)c1,,True,C6H3Cl2NO2,192.0,"1,2-dichloro-4-nitrobenzene",3.1,0.0,2.0,255.6,,,,,,H302; H317; H319; H411; H336; H361; H372; H373,Irritant; Environmental Hazard; Health Hazard,Warning,False,True,False,False,Not listed,,Organic compounds,Benzenoids,Benzene and substituted derivatives,Nitrobenzenes,Nitrobenzenes,"Nitroaromatic compounds; Dichlorobenzenes; Aryl chlorides; Propargyl-type 1,3-dipolar organic compounds; Organic oxoazanium compounds; Organopnictogen compounds; Organonitrogen compounds; Organochlorides; Organic oxides; Hydrocarbon derivatives",full_molecule,https://pubchem.ncbi.nlm.nih.gov/compound/7443,pubchem,1.0,0.85,1.0,1.0,1.0,0.75,0.958,HIGH,False,False,False,False,False,False,False,False,False,[SMILES] SMILES from CIR fallback.
"3,4-Dichlorophenyl Acetonitrile",20.5,10.8,4.4,,False,False,False,False,False,False,False,"3,4-Dichlorophenyl Acetonitrile",systematic_chemical,,False,3218-49-3,3218-49-3,True,original,76690.0,QWZNCAFWRZZJMA-UHFFFAOYSA-N,Clc1ccc(CC#N)cc1Cl,,True,C8H5Cl2N,186.03,"2-(3,4-dichlorophenyl)acetonitrile",3.3,0.0,1.0,,,,,,,H301; H302; H311; H312; H315; H319; H331; H332; H335,Acute Toxic; Irritant,Danger,False,False,False,True,Not listed,,Organic compounds,Benzenoids,Benzene and substituted derivatives,Benzyl cyanides,Benzyl cyanides,Dichlorobenzenes; Aryl chlorides; Nitriles; Organopnictogen compounds; Organochlorides; Hydrocarbon derivatives,full_molecule,https://pubchem.ncbi.nlm.nih.gov/compound/76690,pubchem,1.0,0.85,1.0,1.0,1.0,0.5,0.945,HIGH,False,False,False,False,False,False,False,False,False,[SMILES] SMILES from CIR fallback.
