name,cas_number,smiles,molecular_formula,delta_d,delta_p,delta_h,molecular_weight,boiling_point,density,molar_volume,category,ghs_hazard,confidence,source_count,source,source_url,hidden
"1,1,1,2-Tetrachloroethane",630-20-6,,,18.0,4.4,4.2,,,,105.0,halogenated,,0.55,2,hansen_a1,,
"1,1,1-Trichlorethane (methyl chloroform)",71-55-6,,C2H3Cl3,16.8,4.3,2.0,133.4,,,99.3,halogenated,,0.55,2,accudyne_solvents,,
"1,1,1-Trichloroethane",,,,16.8,4.3,2.0,,,,99.3,halogenated,,0.25,1,hansen_a1,,
"1,1,1-Trifluoroethan",,,,14.6,10.7,0.0,,,,64.6,halogenated,,0.25,1,hansen_a1,,
"1,1,1-Trifluoroethane",420-46-2,,,14.6,10.0,0.0,,,,,halogenated,,0.4,1,hspip_solvents,,
"1,1,2,2-Tetrabromoethane",79-27-6,,,22.6,5.1,8.2,,,,116.8,halogenated,,0.55,2,hansen_a1,,
"1,1,2,2-Tetrachloroethane",79-34-5,,,18.8,5.1,5.3,,,,105.2,halogenated,,0.55,2,hansen_a1,,
"1,1,2,2-Tetrachloropropane",13116-60-4,,,17.9,6.7,3.3,,,,123.7,halogenated,,0.55,2,hansen_a1,,
"1,1,2-Tribromo Ethylene",598-16-3,,,18.3,9.4,8.0,,,,,halogenated,,0.4,1,hspip_solvents,,
"1,1,2-Trichloro Propene",21400-25-9,,,17.7,15.7,3.4,,,,104.8,halogenated,,0.55,2,hansen_a1,,
"1,1,2-Trichloroethane",79-00-5,,,18.2,5.3,6.8,,,,92.9,halogenated,,0.55,2,hansen_a1,,
"1,1,2-Trichlorotrifluoroethane (Freon 113)",76-13-1,,,14.7,1.6,0.0,,,,119.2,halogenated,,0.55,2,hansen_a1,,
"1,1,3,3-Tetramethoxypropane",102-52-3,,,15.0,7.1,6.8,,,,164.7,hydrocarbon,,0.55,2,hansen_a1,,
"1,1-Diallyloxyethane",20682-69-3,,,15.4,5.1,4.8,,,,163.3,other,,0.55,2,hansen_a1,,
"1,1-Dibromo Ethylene",593-92-0,,,15.1,4.8,7.0,,,,85.3,halogenated,,0.55,2,hansen_a1,,
"1,1-Dibromoethane",557-91-5,,,18.5,8.4,8.8,,,,91.4,halogenated,,0.55,2,hansen_a1,,
"1,1-Dichloro-1-Nitroethane",594-72-9,,,16.8,12.1,4.3,,,,,nitro,,0.4,1,hspip_solvents,,
"1,1-Dichloroacetone",513-88-2,,,17.1,7.6,5.4,,,,97.3,ketone,,0.55,2,hansen_a1,,
"1,1-Dichloroethane",75-34-3,,,16.5,7.8,3.0,,,,84.2,halogenated,,0.55,2,hansen_a1,,
"1,1-Dichloroethylene",75-35-4,,,16.4,5.2,2.4,,,,79.9,halogenated,,0.55,2,hansen_a1,,
"1,1-Dichloropropane",78-99-9,,,16.1,7.8,3.5,,,,98.3,halogenated,,0.55,2,hansen_a1,,
"1,1-Dichloropropene",563-58-6,,,16.9,6.7,2.9,,,,93.5,halogenated,,0.55,2,hansen_a1,,
"1,1-Diethoxy Butane",3658-95-5,,,15.4,4.9,4.6,,,,177.6,hydrocarbon,,0.55,2,hansen_a1,,
"1,1-Diethoxy Ethane",105-57-7,,,15.0,3.4,4.0,,,,143.9,other,,0.55,2,hansen_a1,,
"1,1-Difluoroet ylene",,,,15.0,6.8,3.6,,,,58.2,halogenated,,0.25,1,hansen_a1,,
"1,1-Difluoroethan",,,,14.9,10.2,3.0,,,,69.5,halogenated,,0.25,1,hansen_a1,,
"1,1-Difluoroethane",75-37-6,,,14.9,9.3,2.9,,,,,halogenated,,0.4,1,hspip_solvents,,
"1,1-Difluoroethylene",75-38-7,,,15.0,5.7,3.6,,,,,halogenated,,0.4,1,hspip_solvents,,
"1,1-Dimethoxy Ethane",534-15-6,,,15.1,4.9,4.9,,,,106.7,other,,0.55,2,hansen_a1,,
"1,1-Dimethyl Hydrazine",57-14-7,,,15.3,5.9,11.0,,,,76.0,other,,0.55,2,hansen_a1,,
"1,2,3,4-Tetramethylbenzene",488-23-3,,,18.8,0.5,0.5,,,,148.3,aromatic,,0.55,2,hansen_a1,,
"1,2,3,5-Tetramethylbenzene",527-53-7,,,18.6,0.5,0.5,,,,150.8,aromatic,,0.55,2,hansen_a1,,
"1,2,3-Benzotriazole",95-14-7,,,18.7,15.6,12.4,,,,,other,,0.4,1,hspip_solvents,,
"1,2,3-Triazole",288-36-8,,,20.7,8.8,15.0,,,,58.2,other,,0.55,2,hansen_a1,,
"1,2,3-Trichloro Propene",96-19-5,,,17.8,15.7,3.4,,,,105.0,halogenated,,0.55,2,hansen_a1,,
"1,2,3-Trichloropropane",96-18-4,,,17.8,12.3,3.4,,,,106.1,halogenated,,0.55,2,hansen_a1,,
"1,2,4,5-Tetrachlorobenzene",95-94-3,,,21.2,10.7,3.4,,,,,halogenated,,0.4,1,hspip_solvents,,
"1,2,4,5-Tetrachlorobenzene 1,2,4,5-T",,,,21.2,10.7,3.4,,,,116.2,halogenated,,0.25,1,hansen_a1,,
"1,2,4-Trichlorobenzene",120-82-1,,,20.2,6.0,3.2,,,,125.5,halogenated,,0.55,2,hansen_a1,,
"1,2-Butadiene",590-19-2,,,14.7,1.7,6.2,,,,82.3,other,,0.55,2,hansen_a1,,
"1,2-Chlorobromoethylene",,,,17.2,6.6,2.3,,,,78.7,halogenated,,0.4,2,hansen_a1,,
"1,2-Cyclohexanediol",931-17-9,,,17.4,9.8,18.3,,,,,hydrocarbon,,0.4,1,hspip_solvents,,
"1,2-Cyclohexanedione",765-87-7,,,18.6,10.3,8.0,,,,,hydrocarbon,,0.4,1,hspip_solvents,,
"1,2-Dibromoethylene",540-49-8,,,18.0,4.9,3.0,,,,82.7,halogenated,,0.55,2,hansen_a1,,
"1,2-Dichlorobenzene",95-50-1,,C6H4Cl2,19.2,6.3,3.3,147.0,,,112.8,halogenated,,0.55,2,accudyne_solvents,,
"1,2-Dichloroethane (ethylene dichloride)",107-06-2,,C2H4Cl2,19.0,7.4,4.1,98.96,,,79.4,halogenated,,0.55,2,accudyne_solvents,,
"1,2-Dichloroethylene (cis)",156-59-2,,,17.0,8.0,3.2,,,,75.5,halogenated,,0.55,2,hansen_a1,,
"1,2-Dichloropropane",78-87-5,,,17.3,7.1,2.9,,,,,halogenated,,0.4,1,hspip_solvents,,
"1,2-Dichloropropene (cis)",6923-20-2,,,17.0,8.5,2.9,,,,93.9,halogenated,,0.55,2,hansen_a1,,
"1,2-Dichlorotetrafluoroethane",76-14-2,,,12.6,1.8,0.0,,,,117.6,halogenated,,0.55,2,hansen_a1,,
"1,2-Dichlorovinyl Ethyl Ether",42345-82-4,,,16.9,10.5,6.0,,,,117.8,ether,,0.55,2,hansen_a1,,
"1,2-Diethyl Benzene",135-01-3,,,17.7,0.1,1.0,,,,153.5,aromatic,,0.55,2,hansen_a1,,
"1,2-Dihydroxybenzene (Catechol)",120-80-9,,,20.0,11.3,21.8,,,,81.9,alcohol,,0.55,2,hansen_a1,,
"1,2-Dimethoxybenzene",91-16-7,,,19.2,4.4,9.4,,,,127.7,aromatic,,0.55,2,hansen_a1,,
"1,2-Dimethoxyethane (DME, ethylene glycol dimethyl ether)",110-71-4,,C4H10O2,15.4,6.3,6.0,90.12,,,103.9,alcohol,,0.7,3,accudyne_solvents,,
"1,2-Dinitrobenzene",528-29-0,,,20.6,22.7,5.4,,,,107.4,nitro,,0.55,2,hansen_a1,,
"1,2-Epoxy Butane",106-88-7,,,15.6,8.0,4.6,,,,87.9,hydrocarbon,,0.4,1,hansen_a1,,
"1,2-Epoxy-2-Propene",40079-14-9,,,16.5,8.6,6.7,,,,70.0,other,,0.55,2,hansen_a1,,
"1,2-Ethane Dithiol",540-63-6,,,17.9,7.2,8.7,,,,83.9,sulfur compound,,0.55,2,hansen_a1,,
"1,2-Methylenedioxybenzene",274-09-9,,,19.0,6.7,5.9,,,,114.8,aromatic,,0.55,2,hansen_a1,,
"1,2-Propadiene (Allene)",463-49-0,,,15.3,3.0,6.8,,,,60.1,other,,0.55,2,hansen_a1,,
"1,2-Propanediol (propylene glycol)",57-55-6,,C3H8O2,16.8,9.4,23.3,76.1,,,73.6,alcohol,,0.55,2,accudyne_solvents,,
"1,3,5-Trioxane",110-88-3,,,18.7,9.2,8.6,,,,77.0,other,,0.55,2,hansen_a1,,
"1,3-Benzenediol",108-46-3,,,18.0,8.4,21.0,,,,87.5,aromatic,,0.55,2,hansen_a1,,
"1,3-Bis(Trifluoromethyl)Benzene",402-31-3,,,17.0,6.8,0.0,,,,,halogenated,,0.4,1,hspip_solvents,,
"1,3-Butadiene",106-99-0,,,14.8,2.8,5.6,,,,83.2,other,,0.55,2,hansen_a1,,
"1,3-Butadiene-1,2-Di-Chloro",3574-40-1,,,17.0,10.7,2.8,,,,102.5,halogenated,,0.55,2,hansen_a1,,
"1,3-Butadiene-1-Chloro",627-22-5,,,15.6,8.5,2.0,,,,92.2,halogenated,,0.55,2,hansen_a1,,
"1,3-Butanediol",107-88-0,,C4H10O2,16.6,10.0,21.5,90.12,,,89.9,hydrocarbon,,0.7,3,accudyne_solvents,,
"1,3-Dichloro-2-butene",926-57-8,,,16.9,7.8,2.7,,,,107.7,halogenated,,0.55,2,hansen_a1,,
"1,3-Dichloro-2-Fluorobenzene",2268-05-5,,,19.4,9.1,2.7,,,,117.1,halogenated,,0.55,2,hansen_a1,,
"1,3-Dichloro-2-Propanol",96-23-1,,,17.5,9.9,14.6,,,,95.5,alcohol,,0.55,2,hansen_a1,,
"1,3-Dichloropropane",142-28-9,,,18.6,8.2,3.0,,,,95.1,halogenated,,0.55,2,hansen_a1,,
"1,3-Dimethoxy Butane",10143-66-5,,,15.6,5.5,5.2,,,,140.0,hydrocarbon,,0.55,2,hansen_a1,,
"1,3-Dioxolane",646-06-0,,,18.1,6.6,9.3,,,,69.9,ether,,0.55,2,hansen_a1,,
"1,3-Pentadiene (Trans)",2004-70-8,,,14.7,2.5,5.0,,,,101.7,other,,0.55,2,hansen_a1,,
"1,3-Propane Sultone",1120-71-4,,,18.4,16.0,9.0,,,,87.7,hydrocarbon,,0.55,2,hansen_a1,,
"1,3-Propanediol (Trimethyleneglycol)",504-63-2,,,16.8,13.5,23.2,,,,,alcohol,,0.4,1,hspip_solvents,,
"1,4-Butandiol Diacrylate",1070-70-8,,,16.8,9.1,4.2,,,,194.4,ester,,0.55,2,hansen_a1,,
"1,4-Butanediol",110-63-4,,,16.6,15.3,21.7,,,,88.9,hydrocarbon,,0.55,2,hansen_a1,,
"1,4-Dichloro-2-Butene",764-41-0,,,17.8,7.6,2.0,,,,97.8,halogenated,,0.55,2,hansen_a1,,
"1,4-Dichlorobutane",110-56-5,,,18.3,7.7,2.8,,,,,halogenated,,0.4,1,hspip_solvents,,
"1,4-Dihydroxybenzene (1,4-Benzenediol)",123-31-9,,,21.0,10.2,27.2,,,,82.7,aromatic,,0.55,2,hansen_a1,,
"1,4-Dioxane",123-91-1,,C4H8O2,19.0,1.8,7.4,88.11,,,85.7,ether,,0.7,4,accudyne_solvents,,
"1,4-Thioxane",15980-15-1,,,19.0,6.6,7.7,,,,93.5,other,,0.55,2,hansen_a1,,
"1,5-Dichloropentane",628-76-2,,,19.0,7.8,1.5,,,,127.5,halogenated,,0.55,2,hansen_a1,,
"1,8-Cineole (Eucalyptol)",470-82-6,,,16.7,4.6,3.4,,,,,terpene,,0.4,1,hspip_solvents,,
"1,9-Nonanediol",3937-56-2,,,15.7,7.0,15.1,,,,,hydrocarbon,,0.4,1,hspip_solvents,,
"1-Acetoxy-1,3-butadiene",1515-76-0,,,16.1,4.4,8.3,,,,118.4,other,,0.55,2,hansen_a1,,
1-Aminocyclopropane Carboxylic Acid,22059-21-8,,,17.0,6.3,13.6,,,,,acid,,0.4,1,hspip_solvents,,
1-Bromo Propene (CIS),590-13-6,,,16.3,6.4,5.0,,,,84.7,halogenated,,0.55,2,hansen_a1,,
1-Bromo-4-Ethoxy Benzene,588-96-5,,,19.5,7.7,5.3,,,,140.0,halogenated,,0.55,2,hansen_a1,,
1-Bromonaphtalene,90-11-9,,,20.3,3.1,4.1,,,,140.0,halogenated,,0.4,1,hansen_a1,,
1-Bromonaphthalene,90-11-9,,C10H7Br,20.3,3.1,4.1,207.07,,,140.0,halogenated,,0.55,2,accudyne_solvents,,
1-Bromopropane,106-94-5,,,16.4,7.9,4.8,,,,,halogenated,,0.4,1,hspip_solvents,,
1-Butanethiol,109-79-5,,,16.3,5.3,4.5,,,,107.8,hydrocarbon,,0.55,2,hansen_a1,,
1-Butanol (n-butyl alcohol),71-36-3,,C4H10O,16.0,5.7,15.8,74.12,,,91.5,alcohol,,0.7,3,accudyne_solvents,,
1-Butene,106-98-9,,,13.2,1.3,3.9,,,,94.3,other,,0.55,2,hansen_a1,,
1-Butenyl Methyl Ether,4696-30-4,,,15.1,5.3,5.2,,,,111.9,ether,,0.55,2,hansen_a1,,
1-Chloro Methyl Acrylate,,,,15.9,7.3,8.5,,,,101.4,ester,,0.25,1,hansen_a1,,
1-Chloro Pentane,543-59-9,,,16.0,6.9,1.9,,,,120.8,halogenated,,0.55,2,hansen_a1,,
1-Chloro Vinyl Ethyl Ether,54722-81-5,,,16.8,6.5,5.7,,,,104.5,ether,,0.55,2,hansen_a1,,
1-Chloro-1-Fluoro Ethylene,2317-91-1,,,16.0,6.9,4.0,,,,67.6,halogenated,,0.55,2,hansen_a1,,
1-Chloro-1-Nitroethane,598-92-5,,,16.8,13.5,4.7,,,,85.1,nitro,,0.55,2,hansen_a1,,
1-Chloro-1-Nitropropane,600-25-9,,,16.8,13.0,4.5,,,,,nitro,,0.4,1,hspip_solvents,,
1-Chloro-2-Butene,591-97-9,,,16.2,7.7,2.0,,,,97.4,halogenated,,0.55,2,hansen_a1,,
1-Chloro-2-Ethoxy Benzene,614-72-2,,,19.2,8.1,4.4,,,,138.7,halogenated,,0.55,2,hansen_a1,,
1-Chloro-2-Ethyl Benzene,89-96-3,,,18.9,4.9,2.2,,,,,halogenated,,0.4,1,hspip_solvents,,
1-Chloro-2-Methyl Propene,513-37-1,,,16.1,7.1,4.2,,,,95.6,halogenated,,0.55,2,hansen_a1,,
1-Chloro-4-Ethoxy Benzene,622-61-7,,,19.3,6.3,4.4,,,,139.2,halogenated,,0.55,2,hansen_a1,,
1-Chlorobutane,109-69-3,,,16.2,5.5,2.0,,,,104.5,halogenated,,0.55,2,hansen_a1,,
1-Chlorohexane,544-10-5,,,16.1,6.2,1.7,,,,138.1,halogenated,,0.55,2,hansen_a1,,
1-Chloronaphthalene,90-13-1,,,19.9,4.9,2.5,,,,136.2,halogenated,,0.55,2,hansen_a1,,
1-Chloropropene,590-21-6,,,15.3,6.9,2.2,,,,82.3,halogenated,,0.55,2,hansen_a1,,
1-Decanol,112-30-1,,,16.0,4.7,10.0,,,,191.8,alcohol,,0.55,2,hansen_a1,,
1-Decene,872-05-9,,,15.8,1.0,2.2,,,,190.6,other,,0.55,2,hansen_a1,,
1-Ethoxy Ethoxy-2-Propanol,4043-59-8,,,15.9,5.7,11.7,,,,156.0,alcohol,,0.55,2,hansen_a1,,
1-Ethyl Vinyl Ethyl Ether,1528-20-7,,,15.3,4.2,4.6,,,,125.6,ether,,0.55,2,hansen_a1,,
1-Fluoro Acrylic Acid,430-99-9,,,16.0,8.7,13.0,,,,90.0,acid,,0.55,2,hansen_a1,,
1-Fluoro Acrylonitrile,430-49-9,,,14.1,15.4,5.7,,,,88.8,nitrile,,0.55,2,hansen_a1,,
1-Heptanol,111-70-6,,,16.0,5.3,11.7,,,,141.4,alcohol,,0.55,2,hansen_a1,,
1-Heptene,592-76-7,,,15.0,1.1,2.6,,,,141.9,other,,0.55,2,hansen_a1,,
1-Hexanol,111-27-3,,,15.9,5.8,12.5,,,,124.9,alcohol,,0.55,2,hansen_a1,,
1-Hexene,592-41-6,,,14.7,1.1,0.0,,,,126.1,other,,0.55,2,hansen_a1,,
"1-Methoxy-1,3-Butadiene",3036-66-6,,,15.5,8.3,5.4,,,,101.8,other,,0.55,2,hansen_a1,,
1-Methoxy-2-Nitrobenzene,91-23-6,,,19.6,12.7,5.5,,,,,nitro,,0.4,1,hspip_solvents,,
1-Methyl Cyclohexanol,590-67-0,,,17.1,4.0,12.0,,,,,alcohol,,0.4,1,hspip_solvents,,
1-Methyl Imidazole,616-47-7,,,19.7,15.6,11.2,,,,79.5,amine,,0.55,2,hansen_a1,,
1-Methyl Naphthalene,90-12-0,,,20.6,0.8,4.7,,,,138.8,aromatic,,0.55,2,hansen_a1,,
1-Methyl Vinyl Methyl Ether,116-11-0,,,14.8,4.2,5.6,,,,96.1,ether,,0.55,2,hansen_a1,,
1-Naphthol,90-15-3,,,19.7,6.3,12.3,,,,131.7,alcohol,,0.55,2,hansen_a1,,
1-Nitropropane,108-03-2,,,16.6,12.3,5.5,,,,88.4,nitro,,0.55,2,hansen_a1,,
1-Nonanol,143-08-8,,,16.0,4.8,10.6,,,,174.4,alcohol,,0.55,2,hansen_a1,,
1-Nonene,124-11-8,,,15.4,1.0,2.2,,,,,other,,0.4,1,hspip_solvents,,
1-Octanol,111-87-5,,,16.0,5.0,11.9,,,,157.7,alcohol,,0.55,2,hansen_a1,,
1-Octene,111-66-0,,,15.3,1.0,2.4,,,,158.0,other,,0.55,2,hansen_a1,,
1-Pentanol,71-41-0,,,15.9,5.9,13.9,,,,108.6,alcohol,,0.55,2,hansen_a1,,
1-Pentene,109-67-1,,,13.9,1.4,3.8,,,,110.4,other,,0.55,2,hansen_a1,,
1-Propanethiol,107-03-9,,,16.1,5.8,5.7,,,,90.5,hydrocarbon,,0.55,2,hansen_a1,,
"1-Propanol (n-propanol, n-propyl alcohol)",71-23-8,,C3H8O,16.0,6.8,17.4,60.1,,,75.2,alcohol,,0.7,3,accudyne_solvents,,
1-Tetradecene,1120-36-1,,,16.1,0.5,1.9,,,,,other,,0.4,1,hspip_solvents,,
"2,2',5,5'-Tetrathiafulvalen",31366-25-3,,,21.0,8.2,8.4,,,,204.0,other,,0.55,2,hansen_a1,,
"2,2,2-Trifluoro Ethano",,,,15.4,8.3,16.4,,,,72.3,halogenated,,0.25,1,hansen_a1,,
"2,2,2-Trifluoro Ethanol",75-89-8,,,15.4,8.3,16.4,,,,,alcohol,,0.4,1,hspip_solvents,,
"2,2,4-Trimethyl-1,3-Pentanediol",144-19-4,,,15.1,6.1,9.8,,,,227.4,hydrocarbon,,0.4,1,hansen_a1,,
"2,2,4-Trimethyl-1,3-Pentanediol Monoisobutyrate (Texanol)",25265-77-4,,,15.1,6.1,9.8,,,,,ester,,0.4,1,hspip_solvents,,
"2,2,4-Trimethylpentane",540-84-1,,,14.1,0.0,0.0,,,,166.1,hydrocarbon,,0.55,2,hansen_a1,,
"2,2,6,6-Tetrachlorocyclohexanone",3776-30-5,,,19.5,14.0,6.3,,,,138.8,ketone,,0.55,2,hansen_a1,,
"2,2-Dimethyl-1-Propanol (Neopentyl Alc.)",75-84-3,,,15.6,6.5,13.5,,,,,alcohol,,0.4,1,hspip_solvents,,
"2,3,4-Trifluoro Nitrobenzen",,,,19.5,7.7,3.5,,,,122.0,halogenated,,0.25,1,hansen_a1,,
"2,3,4-Trifluoro Nitrobenzene",771-69-7,,,19.5,7.7,3.5,,,,,nitro,,0.4,1,hspip_solvents,,
"2,3-Benzofuran (Cumaron)",271-89-6,,,18.7,5.1,5.7,,,,110.2,ether,,0.55,2,hansen_a1,,
"2,3-Butadiene-1-ol",18913-31-0,,,16.2,6.6,16.8,,,,76.5,other,,0.55,2,hansen_a1,,
"2,3-Butylene Carbonate",4437-70-1,,,18.0,16.8,3.1,,,,105.5,ester,,0.55,2,hansen_a1,,
"2,3-Dibromoprene",34994-48-4,,,17.7,11.8,6.4,,,,103.4,halogenated,,0.55,2,hansen_a1,,
"2,3-Dichloro-1,3-Butadiene",1653-19-6,,,17.1,2.3,2.8,,,,104.0,halogenated,,0.55,2,hansen_a1,,
"2,3-Dichloronitrobenzene",3209-22-1,,,19.7,12.6,4.4,,,,132.5,nitro,,0.55,2,hansen_a1,,
"2,3-Dichloropropanol",616-23-9,,,17.5,9.2,14.6,,,,95.2,alcohol,,0.55,2,hansen_a1,,
"2,3-Dichloropropene",78-88-6,,,16.2,7.8,3.0,,,,91.6,halogenated,,0.55,2,hansen_a1,,
"2,3-Dimethyl-1-Butene",563-78-0,,,14.9,1.2,2.8,,,,125.2,other,,0.4,1,hansen_a1,,
"2,3-Dithiabutane",624-92-0,,,17.3,7.8,6.5,,,,88.6,hydrocarbon,,0.4,1,hansen_a1,,
"2,4,5-Trichlorothiophenol",3773-14-6,,,21.0,4.5,9.1,,,,145.0,alcohol,,0.55,2,hansen_a1,,
"2,4,6-Tribromo Phenol",118-79-6,,,20.6,10.2,14.1,,,,,alcohol,,0.4,1,hspip_solvents,,
"2,4,6-Trichloroanisol",87-40-1,,,21.0,3.9,7.0,,,,,halogenated,,0.4,1,hspip_solvents,,
"2,4,6-Trichlorophenol",88-06-2,,,20.3,5.1,10.8,,,,132.5,alcohol,,0.55,2,hansen_a1,,
"2,4-Dichloro-3-Fluoronitrobenzene",393-79-3,,,19.9,7.2,4.2,,,,140.0,nitro,,0.55,2,hansen_a1,,
"2,4-Dichloro-5-Nitrobenzotrifluorid",,,,19.9,7.6,3.7,,,,162.0,halogenated,,0.25,1,hansen_a1,,
"2,4-Dichloro-5-Nitrobenzotrifluoride",400-70-4,,,19.9,7.6,3.7,,,,,halogenated,,0.4,1,hspip_solvents,,
"2,4-Dichloroaniline",554-00-7,,,20.9,6.2,10.0,,,,,amine,,0.4,1,hspip_solvents,,
"2,4-Dichlorobenzaldehyde",874-42-0,,,19.7,8.8,5.4,,,,135.7,halogenated,,0.55,2,hansen_a1,,
"2,4-Dichloronitrobenzene",611-06-3,,,20.4,8.7,4.2,,,,133.4,nitro,,0.55,2,hansen_a1,,
"2,4-Dichlorophenol",120-83-2,,,20.0,7.2,13.1,,,,,alcohol,,0.4,1,hspip_solvents,,
"2,4-Difluoronitrobenzen",,,,19.4,11.0,3.7,,,,109.6,halogenated,,0.25,1,hansen_a1,,
"2,4-Difluoronitrobenzene",446-35-5,,,19.4,11.0,3.7,,,,,nitro,,0.4,1,hspip_solvents,,
"2,4-Dimethylaniline",95-68-1,,,19.2,5.2,8.7,,,,123.7,amine,,0.55,2,hansen_a1,,
"2,4-Dinitrotoluene",121-14-2,,,20.0,13.1,4.9,,,,137.9,nitro,,0.55,2,hansen_a1,,
"2,4-Pentanedione",,,,17.1,9.0,4.1,,,,103.1,hydrocarbon,,0.25,1,hansen_a1,,
"2,5-Dichlorobenzotrifluorid",,,,20.0,4.7,2.4,,,,145.5,halogenated,,0.25,1,hansen_a1,,
"2,5-Dichlorobenzotrifluoride",320-50-3,,,20.0,4.7,2.4,,,,,halogenated,,0.4,1,hspip_solvents,,
"2,5-Dichlorophenol",583-78-8,,,20.0,6.3,12.1,,,,119.0,alcohol,,0.55,2,hansen_a1,,
"2,5-Diethoxy Tetrahydrofuran",3320-90-9,,,16.6,6.4,7.3,,,,,ether,,0.4,1,hspip_solvents,,
"2,5-Dimethoxytetrahydrofuran",696-59-3,,,16.8,7.2,8.2,,,,129.6,ether,,0.55,2,hansen_a1,,
"2,5-Dimethyl Pyrrole",625-84-3,,,18.3,7.6,6.8,,,,101.8,heterocyclic,,0.55,2,hansen_a1,,
"2,5-Tetrahydrofuran Dimethanol",104-80-3,,,17.9,8.5,18.9,,,,114.5,alcohol,,0.55,2,hansen_a1,,
"2,6-Dichloro-7-Methyl Purine",2273-93-0,,,20.5,11.7,14.2,,,,,halogenated,,0.4,1,hspip_solvents,,
"2,6-Dichloroanisole",1984-65-2,,,19.8,8.4,6.5,,,,137.1,ether,,0.55,2,hansen_a1,,
"2,6-Dichlorophenol",87-65-0,,,20.1,7.5,10.9,,,,119.0,alcohol,,0.55,2,hansen_a1,,
"2,6-Difluorobenzonitril",,,,18.8,11.2,3.2,,,,111.6,halogenated,,0.25,1,hansen_a1,,
"2,6-Difluorobenzonitrile",1897-52-5,,,18.8,11.2,3.2,,,,,nitrile,,0.4,1,hspip_solvents,,
"2,6-Dimethoxy Phenol",91-10-1,,,19.3,7.6,13.7,,,,,alcohol,,0.4,1,hspip_solvents,,
"2,6-Dimethyl Phenol",576-26-1,,,19.1,4.9,12.9,,,,116.3,alcohol,,0.55,2,hansen_a1,,
2-(Diethylamino) Ethanol,100-37-8,,,14.9,5.8,12.0,,,,133.2,alcohol,,0.55,2,hansen_a1,,
2-Acetyl Thiophene,88-15-3,,,19.1,12.2,9.3,,,,108.0,heterocyclic,,0.55,2,hansen_a1,,
2-Amino Pyridine,504-29-0,,,20.4,8.1,12.2,,,,,amine,,0.4,1,hspip_solvents,,
2-Aminoethanol (ethanolamine),141-43-5,,C2H7NO,17.0,15.5,21.2,61.08,,,59.8,alcohol,,0.55,2,accudyne_solvents,,
2-Bromo Allyl Alcohol,598-19-6,,,17.1,9.9,16.2,,,,84.5,alcohol,,0.55,2,hansen_a1,,
2-Bromo Propene,557-93-7,,,16.1,6.0,4.9,,,,88.8,halogenated,,0.55,2,hansen_a1,,
2-Bromobutane,78-76-2,,,16.3,7.7,4.4,,,,109.5,halogenated,,0.55,2,hansen_a1,,
2-Bromopropane,75-26-3,,,15.5,8.3,4.7,,,,,halogenated,,0.4,1,hspip_solvents,,
2-Bromothiophene,1003-09-4,,,20.1,5.2,4.6,,,,96.8,halogenated,,0.55,2,hansen_a1,,
2-Butanol (sec-butanol),78-92-2,,C4H10O,15.8,5.7,14.5,74.12,,,92.0,alcohol,,0.7,3,accudyne_solvents,,
2-Butanone (methyl ethyl ketone),78-93-3,,C4H8O,16.0,9.0,5.1,72.11,,,90.1,ketone,,0.55,2,accudyne_solvents,,
2-Butene (cis),590-18-1,,,14.7,1.3,4.1,,,,90.3,other,,0.7,3,hansen_a1,,
2-Butenyl Methyl Ether (cis),25125-85-3,,,15.2,3.4,5.0,,,,118.8,ether,,0.7,3,hansen_a1,,
2-Butoxyethanol (ethylene glycol monobutyl ether),111-76-2,,C6H14O2,16.0,5.1,12.3,118.17,,,131.6,alcohol,,0.55,2,accudyne_solvents,,
2-Butyl Octanol,3913-02-8,,,16.1,3.6,9.3,,,,224.2,alcohol,,0.4,1,hansen_a1,,
2-Butynedinitrile,1071-98-3,,,15.2,16.2,8.0,,,,78.4,nitrile,,0.55,2,hansen_a1,,
2-Chloro Allyl Alcohol,5976-47-6,,,17.1,10.2,16.4,,,,79.6,alcohol,,0.55,2,hansen_a1,,
2-Chloro Propene (Isopropenyl Chloride),557-98-2,,,15.5,6.7,2.2,,,,84.9,halogenated,,0.55,2,hansen_a1,,
2-Chloro-2-Methyl Propane,507-20-0,,,15.6,7.6,2.0,,,,110.0,halogenated,,0.55,2,hansen_a1,,
2-Chloro-4-Methylaniline,615-65-6,,,19.7,7.4,8.9,,,,123.0,amine,,0.55,2,hansen_a1,,
2-Chloro-5-Methyl Phenol,615-74-7,,,19.0,7.7,13.1,,,,117.4,alcohol,,0.55,2,hansen_a1,,
2-Chloroacetamide,79-07-2,,,17.6,12.4,12.8,,,,,amide,,0.4,1,hspip_solvents,,
2-Chloroallylidene Diacetate,5459-90-5,,,16.7,7.3,8.8,,,,160.2,ester,,0.55,2,hansen_a1,,
2-Chlorobutane,78-86-4,,,15.8,7.6,2.0,,,,106.8,halogenated,,0.55,2,hansen_a1,,
2-Chlorocyclohexanone,822-87-7,,,18.5,13.0,5.1,,,,113.9,ketone,,0.55,2,hansen_a1,,
2-Chloroethyl Acetate,542-58-5,,,16.7,9.6,8.8,,,,107.5,ester,,0.55,2,hansen_a1,,
2-Chloroethyl Benzene,622-24-2,,,19.3,6.3,2.2,,,,,halogenated,,0.4,1,hspip_solvents,,
2-Chloroethyl Ethyl Ether,628-34-2,,,16.3,7.9,4.6,,,,109.5,ether,,0.55,2,hansen_a1,,
2-Chloroethyl Ethyl Sulfid,,,,17.2,5.0,6.1,,,,116.9,halogenated,,0.25,1,hansen_a1,,
2-Chloroethyl Ethyl Sulfide,693-07-2,,,17.2,5.0,6.1,,,,,halogenated,,0.4,1,hspip_solvents,,
2-Chlorophenol,95-57-8,,,20.3,5.5,13.9,,,,102.3,alcohol,,0.55,2,hansen_a1,,
2-Chloropropenal,683-51-2,,,17.1,12.9,8.1,,,,75.5,halogenated,,0.55,2,hansen_a1,,
2-Chloropropenoic Acid,598-79-8,,,19.1,9.4,12.4,,,,86.6,acid,,0.55,2,hansen_a1,,
2-Chlorothiophene,96-43-5,,,19.2,6.2,8.0,,,,92.2,halogenated,,0.55,2,hansen_a1,,
2-Cyclopentenyl Alcohol,3212-60-0,,,18.1,7.6,15.6,,,,86.2,alcohol,,0.55,2,hansen_a1,,
2-Decanol,1120-06-5,,,15.8,3.9,10.0,,,,192.8,alcohol,,0.55,2,hansen_a1,,
2-Ethoxyethanol (ethylene glycol monoethyl ether),110-80-5,,C4H10O2,16.2,9.2,14.3,90.12,,,97.8,alcohol,,0.55,2,accudyne_solvents,,
2-Ethyl Croton Aldehyde,19780-25-7,,,16.1,8.0,5.5,,,,115.2,aldehyde,,0.55,2,hansen_a1,,
2-Ethyl Hexyl Acetate,103-09-3,,,15.8,2.9,5.1,,,,196.0,ester,,0.55,2,hansen_a1,,
2-Ethyl Hexyl Acrylate,103-11-7,,,14.8,4.7,3.4,,,,208.2,ester,,0.55,2,hansen_a1,,
2-Ethyl Hexyl Phthalate (Mono),4376-20-9,,,17.3,6.2,6.8,,,,,ester,,0.4,1,hspip_solvents,,
"2-Ethyl-1,3-Butadiene",3404-63-5,,,15.3,1.6,3.8,,,,115.2,other,,0.55,2,hansen_a1,,
2-Ethyl-1-Butanol,97-95-0,,,15.8,4.3,13.5,,,,123.2,alcohol,,0.55,2,hansen_a1,,
2-Ethyl-1-Butene,760-21-4,,,14.9,1.7,3.5,,,,123.1,other,,0.55,2,hansen_a1,,
2-Ethyl-1-hexanol,104-76-7,,C8H18O,15.9,3.3,11.8,130.23,,,156.6,alcohol,,0.55,2,accudyne_solvents,,
2-Ethyl-hexanol,104-76-7,,,15.9,3.3,11.8,,,,156.6,alcohol,,0.4,1,hansen_a1,,
2-Ethylhexylamine,20352-67-4,,,15.7,4.2,6.1,,,,163.3,amine,,0.55,2,hansen_a1,,
2-Furanmethanol (furfuryl alcohol),98-00-0,,C5H6O2,17.4,7.6,15.1,98.1,,,86.5,alcohol,,0.55,2,accudyne_solvents,,
2-Furonitrile,617-90-3,,,18.4,15.0,8.2,,,,87.5,nitrile,,0.55,2,hansen_a1,,
2-Heptanol,543-49-7,,,15.7,5.4,11.7,,,,,alcohol,,0.4,1,hspip_solvents,,
2-Heptanone (methyl n-amyl ketone),110-43-0,,C7H14O,16.2,5.7,4.1,114.18,,,139.8,ketone,,0.55,2,accudyne_solvents,,
2-Methoxy Tetrahydropyrane,6581-66-4,,,17.2,6.6,6.0,,,,105.1,ether,,0.55,2,hansen_a1,,
"2-Methoxy-1,3-Dioxolane",19693-75-5,,,17.8,8.4,7.7,,,,95.3,ether,,0.55,2,hansen_a1,,
2-Methoxymethanol (ethylene glycol monomethyl ether),109-86-4,,C3H8O2,16.2,9.2,16.4,76.1,,,79.1,alcohol,,0.55,2,accudyne_solvents,,
2-Methyl (cis) Acrylic Acid,503-64-0,,,16.8,5.2,12.4,,,,83.9,acid,,0.55,2,hansen_a1,,
2-Methyl Cyclohexanol (Mix),583-59-5,,,17.1,6.5,12.5,,,,,alcohol,,0.4,1,hspip_solvents,,
2-Methyl Cyclohexanone,583-60-8,,,17.6,6.3,4.7,,,,121.3,ketone,,0.55,2,hansen_a1,,
2-Methyl Pyrazine,109-08-0,,,18.3,12.3,10.5,,,,91.4,other,,0.55,2,hansen_a1,,
2-Methyl Tetrahydrofuran,96-47-9,,,16.9,5.0,4.3,,,,100.2,ether,,0.55,2,hansen_a1,,
"2-Methyl-1,3-Dioxolane",497-26-7,,,17.3,4.8,5.8,,,,89.8,ether,,0.55,2,hansen_a1,,
2-Methyl-1-Butanol,137-32-6,,,16.0,5.1,14.3,,,,109.5,alcohol,,0.55,2,hansen_a1,,
2-Methyl-1-Butene,563-46-2,,,14.2,1.8,2.3,,,,108.7,other,,0.55,2,hansen_a1,,
2-Methyl-1-Chloro Acrolein,53175-28-3,,,17.1,10.6,7.3,,,,91.7,halogenated,,0.55,2,hansen_a1,,
2-Methyl-1-Pentanol,105-30-6,,,15.8,4.9,13.5,,,,,alcohol,,0.4,1,hspip_solvents,,
2-Methyl-1-Propanol,,,,15.1,5.7,15.9,,,,92.8,alcohol,,0.25,1,hansen_a1,,
2-Methyl-2-Butanol,75-85-4,,,15.3,6.1,13.3,,,,109.6,alcohol,,0.55,2,hansen_a1,,
2-Methyl-2-Butene,513-35-9,,,14.3,2.0,3.9,,,,106.7,other,,0.55,2,hansen_a1,,
2-Methylfuran,534-22-5,,,17.3,2.8,7.4,,,,89.7,ether,,0.55,2,hansen_a1,,
2-Methylpropyl alcohol (isobutanol),78-83-1,,C4H10O,15.1,5.7,15.9,74.12,,,92.8,alcohol,,0.55,2,accudyne_solvents,,
2-Methylpropyl ethanoate (isobutyl acetate),110-19-0,,C6H12O2,15.1,3.7,6.3,116.16,,,133.5,ester,,0.55,2,accudyne_solvents,,
2-Nitro-1-Propanol,2902-96-7,,,16.1,13.7,15.4,,,,,alcohol,,0.4,1,hspip_solvents,,
2-Nitropropane,79-46-9,,,16.2,12.1,4.1,,,,86.9,nitro,,0.55,2,hansen_a1,,
2-Nitrothiophene,609-40-5,,,19.7,16.2,8.2,,,,94.6,heterocyclic,,0.55,2,hansen_a1,,
2-Octanol,123-96-6,,,16.1,4.9,11.0,,,,159.1,alcohol,,0.55,2,hansen_a1,,
2-Oxopyrrolidinacetamid,7491-74-9,,,17.5,15.6,11.2,,,,,other,,0.4,1,hspip_solvents,,
2-Pentanol,6032-29-7,,,15.6,6.4,13.3,,,,109.6,alcohol,,0.55,2,hansen_a1,,
2-Phenoxy Ethanol,,,,17.8,5.7,14.3,,,,124.7,alcohol,,0.25,1,hansen_a1,,
2-Phenyl Ethanol,60-12-8,,,18.3,5.6,11.2,,,,,alcohol,,0.4,1,hspip_solvents,,
2-Pinene (dl),80-56-8,,,16.9,1.8,3.1,,,,159.5,terpene,,0.55,2,hansen_a1,,
2-Propanethiol,75-33-2,,,16.3,6.8,6.5,,,,94.1,hydrocarbon,,0.55,2,hansen_a1,,
2-Propanol (isopropyl alcohol),67-63-0,,C3H8O,15.8,6.1,16.4,60.1,,,76.8,alcohol,,0.7,3,accudyne_solvents,,
2-Propyn-1-ol,107-19-7,,,16.1,8.7,18.8,,,,,other,,0.4,1,hspip_solvents,,
2-Pyrrolidone,616-45-5,,,19.4,17.4,11.3,,,,76.4,amide,,0.55,2,hansen_a1,,
2-t-Butyl-4-Methyl Phenol,2409-55-4,,,17.3,3.7,10.5,,,,,alcohol,,0.4,1,hspip_solvents,,
2-Thiabutane,624-89-5,,,16.2,5.9,5.3,,,,90.4,hydrocarbon,,0.7,3,hansen_a1,,
2-Toluidine,95-53-4,,,19.4,5.8,9.4,,,,107.8,other,,0.55,2,hansen_a1,,
2-Vinyl Toluene,611-15-4,,,18.6,1.0,3.8,,,,131.8,aromatic,,0.55,2,hansen_a1,,
"3,3,3-Trichloro Propene",2233-00-3,,,17.7,15.5,3.4,,,,106.2,halogenated,,0.55,2,hansen_a1,,
"3,4-Dichloro Alpha,Alpha,A-Trifluorotoluene",328-84-7,,,20.0,4.7,2.4,,,,,halogenated,,0.4,1,hspip_solvents,,
"3,4-Dichloro α,α,α-Trifluorotoluen",,,,20.0,4.7,2.4,,,,145.5,halogenated,,0.25,1,hansen_a1,,
"3,4-Dichloronitrobenzene",99-54-7,,,20.1,7.2,4.1,,,,130.6,nitro,,0.55,2,hansen_a1,,
"3,4-Dichlorophenyl Acetonitrile",3218-49-3,,,20.5,10.8,4.4,,,,148.8,nitrile,,0.55,2,hansen_a1,,
"3,4-Dichlorotoluene",95-75-0,,,19.8,9.8,2.5,,,,128.7,halogenated,,0.55,2,hansen_a1,,
"3,4-Dimethyl Phenol",95-65-8,,,19.2,6.0,13.4,,,,121.0,alcohol,,0.55,2,hansen_a1,,
"3,4-Dinitrophenol",577-71-9,,,19.5,12.8,14.3,,,,110.1,alcohol,,0.55,2,hansen_a1,,
"3,4-Epoxy-1-Butene",930-22-3,,,16.6,7.7,7.4,,,,80.7,other,,0.55,2,hansen_a1,,
"3,5-Difluorobenzonitril",,,,18.8,11.2,3.2,,,,111.6,halogenated,,0.25,1,hansen_a1,,
"3,5-Difluorobenzonitrile",64248-63-1,,,18.8,11.2,3.2,,,,,nitrile,,0.4,1,hspip_solvents,,
"3,5-Dinitrophenol",586-11-8,,,19.5,12.9,14.4,,,,108.2,alcohol,,0.55,2,hansen_a1,,
3-Azidopropene,821-13-6,,,16.8,7.7,13.4,,,,83.0,other,,0.55,2,hansen_a1,,
3-Bromopropyne,106-96-7,,,18.1,6.5,5.3,,,,75.3,halogenated,,0.55,2,hansen_a1,,
3-Butenenitrile,109-75-1,,,16.2,14.3,5.6,,,,80.5,nitrile,,0.7,3,hansen_a1,,
3-Butoxybutanol,,,,15.9,5.5,10.6,,,,166.3,alcohol,,0.4,2,hansen_a1,,
3-Chloro Allyl Alcohol,29560-84-7,,,17.2,10.3,16.5,,,,78.6,alcohol,,0.55,2,hansen_a1,,
3-Chloro-1-Propanol,627-30-5,,,17.5,5.7,14.7,,,,84.2,alcohol,,0.55,2,hansen_a1,,
3-Chloro-2-Methyl Propene,563-47-3,,,16.2,5.6,2.0,,,,98.8,halogenated,,0.55,2,hansen_a1,,
3-Chlorobenzylchloride,620-20-2,,,19.9,9.3,2.6,,,,117.7,halogenated,,0.55,2,hansen_a1,,
3-Chloropropionaldehyde,19434-65-2,,,17.0,13.3,8.2,,,,73.0,halogenated,,0.55,2,hansen_a1,,
3-Chloropropionitrile,542-76-7,,,17.3,15.9,6.1,,,,77.4,nitrile,,0.55,2,hansen_a1,,
3-Chloropropyne,624-65-7,,,16.7,7.4,2.3,,,,72.4,halogenated,,0.55,2,hansen_a1,,
3-Ethoxy Propionaldehyde,2806-85-1,,,16.0,8.8,7.4,,,,112.1,aldehyde,,0.55,2,hansen_a1,,
3-Heptanol,589-82-2,,,15.9,5.4,11.7,,,,,alcohol,,0.4,1,hspip_solvents,,
3-Hydroxy Tetrahydrofuran,453-20-3,,,18.9,9.4,16.3,,,,80.0,ether,,0.55,2,hansen_a1,,
3-Methoxy Butanol,2517-43-3,,,15.3,5.4,13.6,,,,,alcohol,,0.4,1,hspip_solvents,,
3-Methoxy Butyl Acetate,4435-53-4,,,15.3,4.1,8.1,,,,,ester,,0.4,1,hspip_solvents,,
3-Methoxy-3-Methyl Butanol,56539-66-3,,,16.0,6.3,12.9,,,,,alcohol,,0.4,1,hspip_solvents,,
3-Methoxypropionitrile,110-67-8,,,16.6,14.4,7.8,,,,91.1,nitrile,,0.55,2,hansen_a1,,
3-Methyl Allyl Alcohol,504-61-0,,,16.0,6.0,15.5,,,,84.4,alcohol,,0.55,2,hansen_a1,,
3-Methyl Cyclohexanol (Mix),591-23-1,,,17.2,6.4,12.5,,,,,alcohol,,0.4,1,hspip_solvents,,
3-Methyl Cyclohexanone,591-24-2,,,17.7,6.3,4.7,,,,122.5,ketone,,0.55,2,hansen_a1,,
3-Methyl Isoxazole,30842-90-1,,,19.4,14.8,11.8,,,,57.7,heterocyclic,,0.55,2,hansen_a1,,
"3-Methyl-1,2-Butadiene",598-25-4,,,15.1,2.5,4.5,,,,99.7,other,,0.55,2,hansen_a1,,
3-Methyl-1-Butene,563-45-1,,,14.0,1.4,3.8,,,,112.9,other,,0.55,2,hansen_a1,,
3-Methyl-2-Butanol,598-75-4,,,15.6,5.2,13.4,,,,,alcohol,,0.4,1,hspip_solvents,,
3-Methyl-3-Methoxy Butyl Acetate,103429-90-9,,,15.3,3.8,7.7,,,,,ester,,0.4,1,hspip_solvents,,
3-Methylphenol (m-Cresol),108-39-4,,C7H8O,18.0,5.1,12.9,108.14,,,104.7,alcohol,,0.55,2,accudyne_solvents,,
3-n-Butyl Toluene,1595-04-6,,,17.4,0.1,1.0,,,,173.7,aromatic,,0.55,2,hansen_a1,,
3-Nitroaniline,99-09-2,,,21.2,18.7,10.3,,,,96.1,amine,,0.55,2,hansen_a1,,
"4,4'-Methylenebis(Phenylisocyanate)",101-68-8,,,19.5,4.1,1.7,,,,,aromatic,,0.4,1,hspip_solvents,,
4-(Trifluoromet yl) Acetophenone,,,,18.8,6.1,3.5,,,,151.7,ketone,,0.25,1,hansen_a1,,
4-(Trifluoromethyl) Acetophenone,709-63-7,,,18.8,6.1,3.5,,,,,ketone,,0.4,1,hspip_solvents,,
4-Aminopyridine,504-24-5,,,20.4,16.1,12.9,,,,,amine,,0.4,1,hspip_solvents,,
"4-Bromo-1,2-Butadiene",18668-68-3,,,17.0,6.5,4.7,,,,93.3,halogenated,,0.55,2,hansen_a1,,
4-Bromo-1-Butene,5162-44-7,,,16.5,6.0,4.5,,,,102.0,halogenated,,0.55,2,hansen_a1,,
"4-Chloro-1,2-Butadiene",25790-55-0,,,16.6,8.0,6.7,,,,89.5,halogenated,,0.55,2,hansen_a1,,
4-Chloro-2-Nitrotoluene,89-59-8,,,19.9,11.8,3.8,,,,132.0,nitro,,0.55,2,hansen_a1,,
4-Chloroanisole,623-12-1,,,19.6,7.8,6.7,,,,122.5,ether,,0.55,2,hansen_a1,,
4-Chlorobenzaldehyde,104-88-1,,,19.9,7.2,5.6,,,,113.4,halogenated,,0.55,2,hansen_a1,,
4-Chlorobenzonitrile,623-03-0,,,19.5,8.0,4.1,,,,125.1,nitrile,,0.55,2,hansen_a1,,
4-Chlorobenzotrichloride,5216-25-1,,,20.3,5.5,3.5,,,,153.8,halogenated,,0.55,2,hansen_a1,,
4-Chlorobenzyl Alcohol,873-76-7,,,19.6,7.5,13.0,,,,117.7,alcohol,,0.55,2,hansen_a1,,
4-Chlorothiophenol,106-54-7,,,20.8,8.6,10.6,,,,100.0,alcohol,,0.55,2,hansen_a1,,
4-Ethoxy Acetophenone,1676-63-7,,,18.8,10.3,6.4,,,,162.6,ketone,,0.55,2,hansen_a1,,
4-Ethyl Morpholine,100-74-3,,,17.7,5.0,6.6,,,,,amine,,0.4,1,hspip_solvents,,
4-Ethyl Phenol,123-07-9,,,18.3,5.2,12.6,,,,,alcohol,,0.4,1,hspip_solvents,,
"4-Ethyl-1,3-Dioxolane-2-One",4437-85-8,,,17.5,9.8,3.0,,,,,ether,,0.4,1,hspip_solvents,,
4-Fluoro-3-Nitrobenzofluorid,,,,19.4,7.2,3.7,,,,108.4,halogenated,,0.25,1,hansen_a1,,
4-Fluoro-3-Nitrobenzofluoride,364-74-9,,,19.4,7.2,3.7,,,,,halogenated,,0.4,1,hspip_solvents,,
4-Fluoropropiophenone,582-83-2,,,19.6,7.1,3.5,,,,138.8,halogenated,,0.55,2,hansen_a1,,
4-Hydroxy Benzaldehyde,123-08-0,,,19.4,15.2,14.5,,,,108.2,aldehyde,,0.55,2,hansen_a1,,
4-Hydroxycinnamic Acid,7400-08-0,,,19.1,6.7,15.9,,,,,acid,,0.4,1,hspip_solvents,,
"4-Iodo-1,2-Butadiene",29871-57-6,,,17.4,6.3,6.2,,,,105.1,halogenated,,0.55,2,hansen_a1,,
4-Methoxy Acetophenone,100-06-1,,,18.9,11.2,7.0,,,,137.8,ketone,,0.55,2,hansen_a1,,
4-Methoxy Benzonitrile,874-90-8,,,19.4,16.7,5.4,,,,121.0,nitrile,,0.55,2,hansen_a1,,
4-Methyl Cyclohexanol (Mix),589-91-3,,,17.2,6.3,12.5,,,,,alcohol,,0.4,1,hspip_solvents,,
4-Methyl-2-pentanone (methyl isobutyl ketone),108-10-1,,C6H12O,15.3,6.1,4.1,100.16,,,125.8,ketone,,0.55,2,accudyne_solvents,,
4-Nitrochlorobenzene,100-00-5,,,20.0,8.8,3.9,,,,121.2,halogenated,,0.4,1,hansen_a1,,
4-Nitrophenol,100-02-7,,,20.4,20.9,15.1,,,,93.1,alcohol,,0.55,2,hansen_a1,,
4-Pentenal,2100-17-6,,,15.5,8.1,6.8,,,,98.7,other,,0.55,2,hansen_a1,,
4-Vinyl Pyridine,100-43-6,,,18.1,7.2,6.8,,,,107.3,amine,,0.55,2,hansen_a1,,
"5,6-Dihydroxyindole",3131-52-0,,,19.5,8.8,17.9,,,,,heterocyclic,,0.4,1,hspip_solvents,,
"5,6-Dihydroxyindole-2-Carboxylic Acid",4790-08-3,,,19.5,8.1,17.7,,,,,acid,,0.4,1,hspip_solvents,,
"5,6-Indolequinone",582-59-2,,,19.5,9.3,7.8,,,,,heterocyclic,,0.4,1,hspip_solvents,,
"5,6-Indolequinone-2-Carboxylic Acid",,,,19.5,8.3,10.6,,,,,acid,,0.25,1,hspip_solvents,,
5-Bromo-2-Nitrobenzotrifluorid,,,,20.0,6.0,4.9,,,,150.1,halogenated,,0.25,1,hansen_a1,,
5-Bromo-2-Nitrobenzotrifluoride,344-38-7,,,20.0,6.0,4.9,,,,,halogenated,,0.4,1,hspip_solvents,,
6-Chloro-2-Nitrotoluene,83-42-1,,,20.3,9.6,3.8,,,,132.0,nitro,,0.55,2,hansen_a1,,
"9,10-Anthraquinone",84-65-1,,,20.3,7.6,4.8,,,,,other,,0.4,1,hspip_solvents,,
"9,10-Phenanthrenequinone",84-11-7,,,20.3,17.1,4.8,,,,148.2,other,,0.55,2,hansen_a1,,
a-Methyl Styrene,98-83-9,,,18.5,2.4,2.4,,,,,aromatic,,0.4,1,hspip_solvents,,
Acetaldehyde,75-07-0,,,14.7,12.5,7.9,,,,56.6,aldehyde,,0.55,2,hansen_a1,,
Acetaldoxime,107-29-9,,,16.3,4.0,20.2,,,,61.2,other,,0.55,2,hansen_a1,,
Acetamide,60-35-5,,,17.3,18.7,22.4,,,,60.8,amide,,0.55,2,hansen_a1,,
Acetanilide,103-84-4,,,20.6,13.3,12.4,,,,110.9,other,,0.55,2,hansen_a1,,
Acetic acid (ethanoic acid),64-19-7,,C2H4O2,14.5,8.0,13.5,60.05,,,57.1,acid,,0.7,3,accudyne_solvents,,
Acetic Anhydride,108-24-7,,,16.0,11.7,10.2,,,,94.5,other,,0.55,2,hansen_a1,,
Acetone (propanone),67-64-1,,C3H6O,15.5,10.4,7.0,58.08,,,74.0,ketone,,0.7,3,accudyne_solvents,,
Acetonecyanhydrin,75-86-5,,,16.6,12.2,15.5,,,,94.0,ketone,,0.55,2,hansen_a1,,
Acetonemethyloxime,3376-35-0,,,14.7,4.6,4.6,,,,96.7,ketone,,0.55,2,hansen_a1,,
Acetonitrile (ethane nitrile),75-05-8,,C2H3N,15.3,18.0,6.1,41.05,,,52.6,nitrile,,0.7,3,accudyne_solvents,,
Acetophenone (1-phenylethanone),98-86-2,,C8H8O,19.6,8.6,3.7,120.15,,,117.4,ketone,,0.7,3,accudyne_solvents,,
Acetoxime,127-06-0,,,16.3,3.7,10.9,,,,80.2,other,,0.55,2,hansen_a1,,
Acetyl Salicylic Acid,50-78-2,,,19.0,6.6,9.3,,,,133.5,acid,,0.55,2,hansen_a1,,
Acetyl Triethyl Citrate,77-89-4,,,16.6,3.5,8.6,,,,279.9,ester,,0.55,2,hansen_a1,,
Acetylacetone,123-54-6,,,16.1,11.2,6.2,,,,103.0,ketone,,0.55,2,hansen_a1,,
Acetylbromide,506-96-7,,,16.7,10.6,5.2,,,,74.0,halogenated,,0.55,2,hansen_a1,,
Acetylchloride,75-36-5,,,16.2,11.2,5.8,,,,71.4,halogenated,,0.55,2,hansen_a1,,
Acetylene (Ethyne),74-86-2,,,14.4,4.2,11.9,,,,42.1,other,,0.55,2,hansen_a1,,
Acetylfluorid,,,,14.7,14.0,5.7,,,,62.0,other,,0.25,1,hansen_a1,,
Acetylfluoride,557-99-3,,,14.7,14.0,5.7,,,,,other,,0.4,1,hspip_solvents,,
Acridine,260-94-6,,,21.7,5.9,2.0,,,,163.0,heterocyclic,,0.55,2,hansen_a1,,
Acrolein,107-02-8,,,15.0,7.2,7.8,,,,66.7,other,,0.55,2,hansen_a1,,
Acrylamide,79-06-1,,,15.8,12.1,12.8,,,,63.4,other,,0.55,2,hansen_a1,,
Acrylic Acid,79-10-7,,,17.7,6.4,14.9,,,,68.5,acid,,0.55,2,hansen_a1,,
Acrylonitrile (ethenylnitrile),107-13-1,,C3H3N,16.0,12.8,6.8,53.06,,,67.1,nitrile,,0.7,3,accudyne_solvents,,
Acrylylchloride,814-68-6,,,16.2,11.6,5.4,,,,81.3,halogenated,,0.55,2,hansen_a1,,
Adenine,73-24-5,,,20.0,16.0,14.9,,,,,other,,0.4,1,hspip_solvents,,
"Adipic Acid (1,6-Hexanedioic)",124-04-9,,,17.1,9.0,14.6,,,,107.5,acid,,0.55,2,hansen_a1,,
Adonitol,488-81-3,,,18.0,12.0,36.0,,,,,other,,0.4,1,hspip_solvents,,
Adrenalin,51-43-4,,,20.5,8.7,19.9,,,,,other,,0.4,1,hspip_solvents,,
Adrenaline,51-43-4,,,20.5,8.7,19.9,,,,154.5,other,,0.4,1,hansen_a1,,
alfa-Chloro Acetophenone,,,,20.0,9.6,5.7,,,,116.8,ketone,,0.25,1,hansen_a1,,
alfa-Methyl Styrene,,,,18.5,2.4,2.4,,,,130.0,aromatic,,0.25,1,hansen_a1,,
Allyl Acetate,591-87-7,,,15.7,4.5,8.0,,,,108.5,ester,,0.55,2,hansen_a1,,
Allyl Acetic Acid,591-80-0,,,16.7,4.7,11.3,,,,102.1,acid,,0.55,2,hansen_a1,,
Allyl Acetoacetate,1118-84-9,,,15.9,6.9,8.6,,,,137.8,ester,,0.55,2,hansen_a1,,
Allyl Acetonitrile (4-Pentenenitrile),592-51-8,,,16.3,11.2,5.0,,,,98.5,nitrile,,0.55,2,hansen_a1,,
Allyl Alcohol,107-18-6,,,16.2,10.8,16.8,,,,68.4,alcohol,,0.55,2,hansen_a1,,
Allyl Amine,107-11-9,,,15.5,5.7,10.6,,,,74.9,amine,,0.55,2,hansen_a1,,
Allyl Bromide (3-Bromoprene),106-95-6,,,16.5,7.3,4.9,,,,86.5,halogenated,,0.55,2,hansen_a1,,
Allyl Chloride,107-05-1,,,17.0,6.2,2.3,,,,82.3,halogenated,,0.55,2,hansen_a1,,
Allyl Cyanide,109-75-1,,,16.0,14.3,5.6,,,,80.5,nitrile,,0.4,1,hansen_a1,,
Allyl Ethylether,557-31-3,,,15.0,4.8,5.1,,,,112.6,ether,,0.55,2,hansen_a1,,
Allyl Fluoride,818-92-8,,,14.9,6.4,1.0,,,,71.5,other,,0.55,2,hansen_a1,,
Allyl Formate,1838-59-1,,,15.7,5.4,8.8,,,,91.0,ester,,0.55,2,hansen_a1,,
Allyl Iodide,556-56-9,,,17.4,6.4,3.3,,,,90.8,other,,0.55,2,hansen_a1,,
Allyl Isocyanide,2835-21-4,,,16.1,13.0,5.4,,,,84.5,nitrile,,0.55,2,hansen_a1,,
Allyl Isopropyl Ether,6140-80-3,,,15.0,4.1,7.1,,,,129.0,ether,,0.55,2,hansen_a1,,
Allyl Isothiocyanate,57-06-7,,,17.0,11.3,8.5,,,,98.0,other,,0.55,2,hansen_a1,,
Allyl Mercaptan,870-23-5,,,16.4,6.2,7.9,,,,80.2,sulfur compound,,0.55,2,hansen_a1,,
Allyl Methacrylate,96-05-9,,,15.2,4.1,7.5,,,,134.8,ester,,0.55,2,hansen_a1,,
Allyl Methylether,627-40-7,,,15.0,4.3,5.9,,,,93.7,ether,,0.55,2,hansen_a1,,
"Alpha,Alpha,A-Trifluoro Toluene",98-08-8,,,17.5,8.8,0.0,,,,,halogenated,,0.4,1,hspip_solvents,,
"alpha,alpha,alpha Trifluoro oluene",,,,17.5,8.8,0.0,,,,122.9,halogenated,,0.25,1,hansen_a1,,
Ammonia,7664-41-7,,,13.7,15.7,17.8,,,,20.8,other,,0.55,2,hansen_a1,,
Amphetamine,300-62-9,,,17.5,4.3,6.3,,,,148.1,amine,,0.55,2,hansen_a1,,
Amyl Acetate,628-63-7,,,15.8,3.3,6.1,,,,148.0,ester,,0.55,2,hansen_a1,,
Anethole (Trans),104-46-1,,,19.0,4.3,8.7,,,,150.0,other,,0.55,2,hansen_a1,,
Aniline,62-53-3,,C6H7N,19.4,5.1,10.2,93.13,,,91.5,amine,,0.7,3,accudyne_solvents,,
Anisaldehyde (2-Methoxy,,,,19.4,11.9,8.3,,,,120.8,aldehyde,,0.25,1,hansen_a1,,
Anisaldehyde (2-Methoxy Benzaldehyde),135-02-4,,,19.4,11.9,8.3,,,,,aldehyde,,0.4,1,hspip_solvents,,
Anisidine (2-Methoxyaniline),90-04-0,,,19.5,5.4,11.4,,,,112.2,amine,,0.55,2,hansen_a1,,
Anisole,100-66-3,,,17.8,4.1,6.7,,,,119.1,ether,,0.55,2,hansen_a1,,
Ascorbic Acid,50-81-7,,,18.0,12.6,27.6,,,,106.7,acid,,0.55,2,hansen_a1,,
Azidoethane,871-31-8,,,15.9,8.9,12.9,,,,79.0,other,,0.55,2,hansen_a1,,
Benzal Chloride,98-87-3,,,19.9,6.6,2.4,,,,134.2,halogenated,,0.55,2,hansen_a1,,
Benzaldehyde,100-52-7,,C7H6O,19.4,7.4,5.3,106.12,,,101.5,aldehyde,,0.7,3,accudyne_solvents,,
Benzamide,55-21-0,,,21.2,14.7,11.2,,,,90.3,other,,0.55,2,hansen_a1,,
Benzene,71-43-2,,C6H6,18.4,0.0,2.0,78.11,,,89.4,aromatic,,0.7,3,accudyne_solvents,,
Benzimidazole,51-17-2,,,20.6,14.9,11.0,,,,102.7,amine,,0.55,2,hansen_a1,,
Benzisoxazole,271-58-9,,,20.6,11.5,8.8,,,,100.7,heterocyclic,,0.55,2,hansen_a1,,
Benzoic Acid,65-85-0,,,18.2,6.9,9.8,,,,113.1,acid,,0.55,2,hansen_a1,,
Benzoin,119-53-9,,,19.9,9.7,10.7,,,,187.7,other,,0.55,2,hansen_a1,,
Benzonitrile,100-47-0,,C7H5N,17.4,9.0,3.3,103.12,,,102.6,nitrile,,0.7,3,accudyne_solvents,,
Benzophenone,119-61-9,,,19.6,8.6,5.7,,,,164.2,other,,0.55,2,hansen_a1,,
Benzothiazole,95-16-9,,,20.6,5.2,8.4,,,,108.5,heterocyclic,,0.55,2,hansen_a1,,
Benzotrichloride,98-07-7,,,20.2,6.6,3.2,,,,142.1,halogenated,,0.55,2,hansen_a1,,
Benzoyl Chloride,98-88-4,,,20.7,8.2,4.5,,,,116.0,halogenated,,0.55,2,hansen_a1,,
Benzyl Acetate,140-11-4,,,18.3,5.7,6.0,,,,142.8,ester,,0.55,2,hansen_a1,,
Benzyl alcohol,100-51-6,,C7H8O,18.4,6.3,13.7,108.14,,,103.6,alcohol,,0.7,3,accudyne_solvents,,
Benzyl Amine,100-46-9,,,19.2,4.6,11.7,,,,109.2,amine,,0.55,2,hansen_a1,,
Benzyl Benzoate,120-51-4,,,20.0,5.1,5.2,,,,191.2,ester,,0.55,2,hansen_a1,,
Benzyl Butyl Phthalate,85-68-7,,,19.0,11.2,3.1,,,,306.0,ester,,0.55,2,hansen_a1,,
Benzyl Chloride,100-44-7,,,18.8,7.1,2.6,,,,115.0,halogenated,,0.55,2,hansen_a1,,
Benzyl Methacrylate,2495-37-6,,,16.8,4.1,4.1,,,,167.8,ester,,0.55,2,hansen_a1,,
Benzylethyl Ether,539-30-0,,,18.4,3.8,3.8,,,,144.2,ether,,0.55,2,hansen_a1,,
beta-Propiolactone,57-57-8,,,19.7,18.2,10.3,,,,65.5,ester,,0.4,1,hansen_a1,,
Bicyclohexyl,92-51-3,,,18.6,0.0,0.0,,,,188.5,other,,0.55,2,hansen_a1,,
Biphenyl,92-52-4,,,19.7,1.0,2.0,,,,155.1,aromatic,,0.55,2,hansen_a1,,
"Bis(2-ethylhexyl)phthalate (BEHP, dioctyl phthalate)",117-84-0,,C24H38O4,16.6,7.0,3.1,390.56,,,377.0,ester,,0.4,1,accudyne_solvents,,
Bis(Chloromethyl) Ether,542-88-1,,,17.2,4.9,6.6,,,,86.6,ether,,0.55,2,hansen_a1,,
Bis-(m-Phenoxyphenyl) Ether,748-30-1,,,19.6,3.1,5.1,,,,373.0,ether,,0.55,2,hansen_a1,,
Bisphenol A,80-05-7,,,19.2,5.9,13.8,,,,207.5,alcohol,,0.55,2,hansen_a1,,
Bisphenol-S,80-09-1,,,20.0,14.6,16.3,,,,183.2,alcohol,,0.55,2,hansen_a1,,
Biuret,108-19-0,,,20.0,14.6,18.8,,,,70.3,other,,0.55,2,hansen_a1,,
Borine Carbonyl,13205-44-2,,,17.0,10.2,6.9,,,,41.8,other,,0.55,2,hansen_a1,,
Boron Trichloride,10294-34-5,,,16.6,2.5,0.0,,,,85.3,halogenated,,0.55,2,hansen_a1,,
Bromine,7726-95-6,,Br2,18.2,14.9,0.0,159.81,,,51.5,halogenated,,0.7,4,accudyne_solvents,,
Bromoacetylene,593-61-3,,,15.7,9.9,5.6,,,,67.7,halogenated,,0.55,2,hansen_a1,,
Bromobenzene,108-86-1,,,20.5,5.5,4.1,,,,105.3,halogenated,,0.55,2,hansen_a1,,
Bromochloromethane,74-97-5,,,17.3,5.7,3.5,,,,65.0,halogenated,,0.55,2,hansen_a1,,
Bromoethylene,593-60-2,,,16.1,6.3,2.3,,,,71.6,halogenated,,0.55,2,hansen_a1,,
Bromoform,75-25-2,,,21.4,4.1,6.1,,,,87.5,halogenated,,0.55,2,hansen_a1,,
Bromomethyl Methyl Ether,13057-17-5,,,16.9,8.5,7.0,,,,81.6,ether,,0.55,2,hansen_a1,,
Bromoprene,1822-86-2,,,16.9,6.4,4.7,,,,95.2,halogenated,,0.55,2,hansen_a1,,
Bromotrichloro Methane #1,75-62-7,,,18.3,0.8,0.0,,,,,halogenated,,0.4,1,hspip_solvents,,
Bromotrichloro Methane (P and H from Group cont.),,,,18.3,8.1,6.0,,,,99.2,halogenated,,0.25,1,hansen_a1,,
Bromotrifluoromethane (Freon 1381),75-63-8,,,9.6,2.4,0.0,,,,97.0,halogenated,,0.55,2,hansen_a1,,
Butadiene-4-Cyano,1615-70-9,,,16.2,11.7,5.2,,,,93.7,other,,0.55,2,hansen_a1,,
Butadienedioxide,1464-53-5,,,18.3,14.4,6.2,,,,77.8,other,,0.55,2,hansen_a1,,
Butadione,431-03-8,,,15.7,5.1,6.8,,,,87.8,other,,0.55,2,hansen_a1,,
Butane,106-97-8,,,14.1,0.0,0.0,,,,101.4,hydrocarbon,,0.55,2,hansen_a1,,
Butoxy Ethoxy Pr opanol,39332-55-3,,,15.5,6.5,10.2,,,,185.9,other,,0.55,2,hansen_a1,,
Butyl acetate,123-86-4,,C6H12O2,15.8,3.7,6.3,116.16,,,132.5,ester,,0.55,2,accudyne_solvents,,
Butyl Benzoate,136-60-7,,,18.3,5.6,5.5,,,,178.0,ester,,0.55,2,hansen_a1,,
Butyl Formate,592-84-7,,,15.7,6.5,9.2,,,,114.8,ester,,0.55,2,hansen_a1,,
Butyl Isopropenyl Ether,22022-33-9,,,14.8,5.3,5.0,,,,145.7,ether,,0.55,2,hansen_a1,,
Butyl Lactate,138-22-7,,,15.8,6.5,10.2,,,,149.0,ester,,0.55,2,hansen_a1,,
Butyl Oleate,142-77-8,,,16.3,3.7,4.2,,,,,other,,0.4,1,hspip_solvents,,
Butyl Stearate,123-95-5,,,14.5,3.7,3.5,,,,382.0,other,,0.55,2,hansen_a1,,
Butyl-6-Methyl-3-Cyclohexene,,,,16.1,2.5,5.7,,,,209.1,other,,0.25,1,hansen_a1,,
Butyl-6-Methyl-3-Cyclohexene Carboxylate,,,,16.1,2.5,5.7,,,,,other,,0.25,1,hspip_solvents,,
Butyleneoxide,106-88-7,,,16.3,6.2,5.9,,,,87.5,other,,0.55,2,hansen_a1,,
Butyraldehyde,123-72-8,,,15.6,10.1,6.2,,,,90.5,aldehyde,,0.55,2,hansen_a1,,
Butyric Acid,107-92-6,,,14.9,4.1,10.6,,,,110.0,acid,,0.55,2,hansen_a1,,
Butyric Anhydride,106-31-0,,,16.0,6.3,7.7,,,,164.4,other,,0.55,2,hansen_a1,,
Butyronitrile,109-74-0,,,15.3,12.4,5.1,,,,87.3,nitrile,,0.55,2,hansen_a1,,
Butyrylchloride,141-75-3,,,16.8,9.4,4.8,,,,103.6,halogenated,,0.55,2,hansen_a1,,
Caffeine,58-08-2,,,19.5,10.1,13.0,,,,157.9,other,,0.55,2,hansen_a1,,
Camphene,79-92-5,,,16.4,1.8,3.1,,,,,terpene,,0.4,1,hspip_solvents,,
Caprolactone (Epsilon),502-44-3,,,19.7,15.0,7.4,,,,110.8,ester,,0.55,2,hansen_a1,,
Carbazole (Diphenylenimine),86-74-8,,,21.7,6.4,6.2,,,,152.0,aromatic,,0.55,2,hansen_a1,,
Carbon Dioxide,124-38-9,,,15.7,6.3,5.7,,,,38.0,other,,0.55,2,hansen_a1,,
Carbon Disulfid,,,,20.5,0.0,0.6,,,,60.0,other,,0.25,1,hansen_a1,,
Carbon Disulfide (0 Dipole Moment),75-15-0,,,20.2,0.0,0.6,,,,,sulfur compound,,0.4,1,hspip_solvents,,
Carbon tetrachloride,,,,17.8,0.0,0.6,,,,97.1,halogenated,,0.25,1,hansen_a1,,
Carbonyl Cyanide,922-64-5,,,15.0,6.3,8.0,,,,71.2,nitrile,,0.55,2,hansen_a1,,
Carbonyl Sulfid,,,,17.4,3.7,0.0,,,,51.0,other,,0.25,1,hansen_a1,,
Carbonyl Sulfide,463-58-1,,,17.4,3.7,0.0,,,,,sulfur compound,,0.4,1,hspip_solvents,,
Castor Oil,8001-79-4,,,15.9,4.6,12.0,,,,436.0,other,,0.55,2,hansen_a1,,
Cetyl Alcohol (1-Hexadecanol),36653-82-4,,,15.1,3.7,8.1,,,,298.7,alcohol,,0.55,2,hansen_a1,,
Chloral,75-87-6,,,17.2,7.4,7.6,,,,97.5,halogenated,,0.55,2,hansen_a1,,
Chlorine,7782-50-5,,,17.3,10.0,0.0,,,,46.0,halogenated,,0.55,2,hansen_a1,,
Chloro Acetaldehyde,107-20-0,,,16.2,16.1,9.0,,,,60.4,halogenated,,0.55,2,hansen_a1,,
Chloro Acetic Acid,79-11-8,,,17.7,10.4,12.3,,,,68.6,acid,,0.55,2,hansen_a1,,
Chloro Maleic Anhydride,96-02-6,,,20.4,17.3,11.5,,,,89.5,halogenated,,0.55,2,hansen_a1,,
Chloroacetone,78-95-5,,,16.8,9.6,5.5,,,,80.5,ketone,,0.55,2,hansen_a1,,
Chloroacetonitrile,107-14-2,,,17.4,13.6,2.0,,,,63.3,nitrile,,0.55,2,hansen_a1,,
Chloroacetylchloride,79-04-9,,,17.5,9.2,5.5,,,,79.5,halogenated,,0.55,2,hansen_a1,,
Chloroacetylene,593-63-5,,,16.2,2.1,2.5,,,,63.7,halogenated,,0.55,2,hansen_a1,,
Chlorobenzene,108-90-7,,,19.0,4.3,2.0,,,,102.1,halogenated,,0.55,2,hansen_a1,,
Chlorocyclopropane,7393-45-5,,,17.6,7.2,2.2,,,,84.9,halogenated,,0.55,2,hansen_a1,,
Chlorodifluoromethane (Freon 22),75-45-6,,,12.3,6.3,5.7,,,,72.9,halogenated,,0.55,2,hansen_a1,,
Chloroform,,,,17.8,3.1,5.7,,,,80.7,halogenated,,0.25,1,hansen_a1,,
Chloromethylsulfid,,,,16.6,6.4,2.0,,,,95.0,halogenated,,0.25,1,hansen_a1,,
Chloromethylsulfide,3592-44-7,,,16.6,6.4,2.0,,,,,halogenated,,0.4,1,hspip_solvents,,
Chloronitromethane,1794-84-9,,,17.4,13.5,5.5,,,,65.1,nitro,,0.55,2,hansen_a1,,
Chloropicrin (Trichloronitromethane),76-06-2,,,17.6,6.8,7.0,,,,101.7,nitro,,0.55,2,hansen_a1,,
Chloroprene,126-99-8,,,16.1,5.4,2.1,,,,,halogenated,,0.4,1,hspip_solvents,,
Chlorotrifluoroet ylene (CTFE),,,,15.3,6.3,0.0,,,,75.6,halogenated,,0.25,1,hansen_a1,,
Chlorotrifluoroethylene (Ctfe),79-38-9,,,15.3,6.3,0.0,,,,,halogenated,,0.4,1,hspip_solvents,,
Chlorprene,,,,16.1,5.4,2.1,,,,93.2,halogenated,,0.25,1,hansen_a1,,
Cineol (Eucalyptol),,,,16.7,4.6,3.4,,,,167.5,terpene,,0.25,1,hansen_a1,,
Cinnamyl Alcohol,104-54-1,,,19.1,6.0,13.0,,,,129.1,alcohol,,0.55,2,hansen_a1,,
cis-Cinnamic Acid,102-94-3,,,19.1,3.9,10.6,,,,115.4,acid,,0.55,2,hansen_a1,,
Cis-Decahydronaphthalene,493-01-6,,,18.8,0.0,0.0,,,,156.9,aromatic,,0.55,2,hansen_a1,,
Citraconic Anhydride,616-02-4,,,19.2,17.0,11.2,,,,89.9,other,,0.55,2,hansen_a1,,
Coniferyl Alcohol,458-35-5,,,19.0,7.0,16.3,,,,171.6,alcohol,,0.55,2,hansen_a1,,
Coumarin,91-64-5,,,20.0,12.5,6.7,,,,156.3,other,,0.55,2,hansen_a1,,
Crotonaldehyde,123-73-9,,,16.2,14.9,7.4,,,,82.5,aldehyde,,0.55,2,hansen_a1,,
Crotonic Acid,107-93-7,,,16.8,8.7,12.0,,,,84.6,acid,,0.55,2,hansen_a1,,
Crotonlactone,497-23-4,,,19.0,19.8,9.6,,,,76.4,ester,,0.55,2,hansen_a1,,
Cyanamid (Carbamonitrile),420-04-2,,,15.5,27.6,16.8,,,,32.8,nitrile,,0.55,2,hansen_a1,,
Cyanogen,460-19-5,,,15.1,11.8,0.0,,,,54.6,other,,0.55,2,hansen_a1,,
Cyanogen Bromide,506-68-3,,,18.3,15.2,0.0,,,,52.6,halogenated,,0.55,2,hansen_a1,,
Cyanogen Chloride,506-77-4,,,15.6,14.5,0.0,,,,51.8,halogenated,,0.55,2,hansen_a1,,
Cyclobutanone,1191-95-3,,,18.3,11.4,5.2,,,,73.4,other,,0.55,2,hansen_a1,,
Cyclodecanone,1502-06-3,,,16.8,8.0,4.1,,,,161.0,other,,0.55,2,hansen_a1,,
Cyclododecane,294-62-2,,,16.4,0.0,0.0,,,,,hydrocarbon,,0.4,1,hspip_solvents,,
Cycloheptane,291-64-5,,,17.1,1.4,1.9,,,,,hydrocarbon,,0.4,1,hspip_solvents,,
Cycloheptanone,502-42-1,,,17.2,10.6,4.8,,,,118.2,other,,0.55,2,hansen_a1,,
Cyclohexane,110-82-7,,C6H12,16.8,0.0,0.2,84.16,,,108.7,hydrocarbon,,0.7,3,accudyne_solvents,,
"Cyclohexane-1,2-Dicarboxylic Acid",1687-30-5,,,16.4,2.2,5.0,,,,422.4,acid,,0.4,1,hansen_a1,,
"Cyclohexane-1,2-Dicarboxylic Acid Di-Isononyl Ether",,,,16.4,2.2,5.0,,,,,ether,,0.25,1,hspip_solvents,,
Cyclohexanol,108-93-0,,C6H12O,17.4,4.1,13.5,100.16,,,106.0,alcohol,,0.7,3,accudyne_solvents,,
Cyclohexanone,108-94-1,,C6H10O,17.8,6.3,5.1,98.14,,,104.0,ketone,,0.7,3,accudyne_solvents,,
Cyclohexene,110-83-8,,,17.2,1.0,5.0,,,,101.9,other,,0.55,2,hansen_a1,,
Cycloheximide,66-81-9,,,18.3,11.0,13.8,,,,171.0,other,,0.55,2,hansen_a1,,
Cyclohexyl Benzene,827-52-1,,,18.7,0.0,1.0,,,,169.9,aromatic,,0.55,2,hansen_a1,,
Cyclohexylamine,108-91-8,,,17.2,3.1,6.5,,,,113.8,amine,,0.55,2,hansen_a1,,
Cyclohexylchloride,542-18-7,,,17.3,5.5,2.0,,,,118.6,halogenated,,0.55,2,hansen_a1,,
Cyclooctanone,502-49-8,,,17.0,9.6,4.5,,,,131.7,other,,0.55,2,hansen_a1,,
Cyclopentadiene,542-92-7,,,17.2,1.9,6.1,,,,82.1,other,,0.55,2,hansen_a1,,
Cyclopentane,287-92-3,,,16.4,0.0,1.8,,,,94.9,hydrocarbon,,0.55,2,hansen_a1,,
Cyclopentanone,120-92-3,,,17.9,11.9,5.2,,,,89.1,ketone,,0.55,2,hansen_a1,,
Cyclopentene,142-29-0,,,16.7,3.8,1.7,,,,89.0,other,,0.55,2,hansen_a1,,
Cyclopentyl Methyl Ether (Cpme),5614-37-9,,,16.7,4.3,4.3,,,,,ether,,0.4,1,hspip_solvents,,
Cyclopropane,75-19-4,,,17.6,0.0,0.0,,,,58.3,hydrocarbon,,0.55,2,hansen_a1,,
Cyclopropene,2781-85-3,,,17.2,2.4,2.0,,,,50.0,other,,0.55,2,hansen_a1,,
Cyclopropylmethylketone,765-43-5,,,17.0,11.1,4.6,,,,93.6,ketone,,0.55,2,hansen_a1,,
Cyclopropylnitrile,5500-21-0,,,18.6,16.2,5.7,,,,75.4,nitrile,,0.55,2,hansen_a1,,
d-Camphor,464-49-3,,,17.8,9.4,4.7,,,,153.7,terpene,,0.55,2,hansen_a1,,
d-Limonene,5989-27-5,,,17.2,1.8,4.3,,,,,terpene,,0.4,1,hspip_solvents,,
DDT,50-29-3,,,20.0,5.5,3.1,,,,268.8,other,,0.55,2,hansen_a1,,
Decamethylcyclopentasiloxane,541-02-6,,,12.9,1.3,1.0,,,,,other,,0.4,1,hspip_solvents,,
Decane,124-18-5,,,15.7,0.0,0.0,,,,195.9,hydrocarbon,,0.55,2,hansen_a1,,
Di-(2-Chloro-Isopropyl) Ether,108-60-1,,,19.0,8.2,5.1,,,,146.0,ether,,0.55,2,hansen_a1,,
Di-(2-Chloroethoxy) Methane,111-91-1,,,17.1,10.2,7.1,,,,141.1,halogenated,,0.55,2,hansen_a1,,
Di-(2-Chloroethyl) Ether,111-44-4,,,18.8,9.0,5.7,,,,117.2,ether,,0.55,2,hansen_a1,,
Di-(2-Ethyl Hexyl)azelate,103-24-2,,,16.7,1.4,4.8,,,,449.9,other,,0.55,2,hansen_a1,,
Di-(2-Ethyl Hexyl)sebacate,122-62-3,,,16.8,1.0,4.7,,,,468.7,ester,,0.55,2,hansen_a1,,
Di-(2-Methoxyethyl) Ether,111-96-6,,,15.7,6.1,6.5,,,,142.0,ether,,0.55,2,hansen_a1,,
Di-2-Ethyl Hexyl Amine,106-20-7,,,15.6,0.8,3.2,,,,301.5,amine,,0.55,2,hansen_a1,,
Di-2-Ethyl Hexyl Ether,10143-60-9,,,15.9,2.6,2.5,,,,300.5,ether,,0.55,2,hansen_a1,,
Di-Isobutyl Carbinol,108-82-7,,,14.9,3.1,10.8,,,,177.8,other,,0.55,2,hansen_a1,,
Di-Isobutyl Ketone,108-83-8,,,16.0,3.7,4.1,,,,177.1,ketone,,0.55,2,hansen_a1,,
Di-Isobutyl Sulfoxide,3085-40-3,,,16.3,10.5,6.1,,,,195.0,sulfoxide,,0.7,3,hansen_a1,,
Di-Isodecyl Phthalate,26761-40-0,,,16.6,6.2,2.6,,,,464.2,ester,,0.55,2,hansen_a1,,
Di-Isoheptyl Phthalate,71888-89-6,,,16.8,7.2,3.4,,,,364.9,ester,,0.55,2,hansen_a1,,
Di-Isononyl Adipate,33703-08-1,,,16.2,1.8,4.9,,,,433.7,ester,,0.55,2,hansen_a1,,
Di-Isononyl Phthalate,28553-12-0,,,16.6,6.6,2.9,,,,432.4,ester,,0.55,2,hansen_a1,,
Di-Isopropyl Methyl Phosphonate,1445-75-6,,,16.4,10.0,5.7,,,,184.4,other,,0.55,2,hansen_a1,,
Di-Isopropyl Phosphonofluoridat,,,,15.7,10.2,5.9,,,,174.5,other,,0.25,1,hansen_a1,,
Di-Isopropyl Phosphonofluoridate,55-91-4,,,15.7,10.2,5.9,,,,,other,,0.4,1,hspip_solvents,,
Di-Isopropyl Sulfoxide,2211-89-4,,,17.0,11.5,7.4,,,,159.9,sulfoxide,,0.55,2,hansen_a1,,
Di-n-Butyl Ether,142-96-1,,,15.2,3.4,4.2,,,,170.3,ether,,0.55,2,hansen_a1,,
Di-n-Butyl Sulfoxide,2168-93-6,,,16.4,10.5,6.1,,,,195.0,sulfoxide,,0.55,2,hansen_a1,,
Di-n-Pentyl Ether,693-65-2,,,15.6,3.1,3.0,,,,203.2,ether,,0.55,2,hansen_a1,,
Di-n-Propyl Ether,111-43-3,,,15.1,4.2,3.7,,,,137.7,ether,,0.55,2,hansen_a1,,
Di-n-Propyl Sulfoxide,4253-91-2,,,17.0,13.0,7.4,,,,159.9,sulfoxide,,0.55,2,hansen_a1,,
Di-p-Tolyl Sulfoxide,1774-35-2,,,20.3,11.4,3.1,,,,209.0,sulfoxide,,0.55,2,hansen_a1,,
Di-sec-Butyl Ether,6863-58-7,,,15.2,3.5,3.3,,,,,ether,,0.4,1,hspip_solvents,,
Diacetone Alcohol,123-42-2,,,15.8,8.2,10.8,,,,124.2,alcohol,,0.55,2,hansen_a1,,
Diallyl Amine,124-02-7,,,15.6,4.5,6.7,,,,124.1,amine,,0.55,2,hansen_a1,,
Diallyl Ether,557-40-4,,,15.3,4.4,5.3,,,,118.8,ether,,0.55,2,hansen_a1,,
Diazomethane,334-88-3,,,14.7,6.1,11.3,,,,78.1,other,,0.55,2,hansen_a1,,
Dibasic Esters (DBE),,,,16.2,6.5,8.4,,,,,other,,0.25,1,hspip_solvents,,
Dibasic Esters (dupont) Mix of,,,,16.2,4.7,8.4,,,,159.0,other,,0.25,1,hansen_a1,,
Dibenzyl Ether,103-50-4,,,19.6,3.4,5.2,,,,197.4,ether,,0.55,2,hansen_a1,,
Dibenzyl Sebacate,140-24-9,,,17.8,2.2,5.5,,,,362.1,ester,,0.55,2,hansen_a1,,
Dibromo Methane,74-95-3,,,17.8,6.4,7.0,,,,69.8,halogenated,,0.55,2,hansen_a1,,
Dibutyl Amine,111-92-2,,,15.0,3.0,4.3,,,,170.0,amine,,0.55,2,hansen_a1,,
Dibutyl Fumarate,105-75-9,,,16.7,3.0,6.7,,,,232.7,ester,,0.55,2,hansen_a1,,
Dibutyl Ketone,502-56-7,,,16.0,7.7,4.4,,,,173.4,ketone,,0.55,2,hansen_a1,,
Dibutyl Maleate,105-76-0,,,16.5,6.1,7.2,,,,230.4,ester,,0.55,2,hansen_a1,,
Dibutyl phthalate,84-74-2,,C16H22O4,17.8,8.6,4.1,278.35,,,266.0,ester,,0.7,3,accudyne_solvents,,
Dibutyl Sebacate,109-43-3,,,16.7,4.5,4.1,,,,339.0,ester,,0.55,2,hansen_a1,,
Dichloroacetaldehyde,79-02-7,,,16.7,9.1,7.5,,,,94.0,halogenated,,0.55,2,hansen_a1,,
Dichloroacetic Acid,79-43-6,,,18.2,8.1,12.2,,,,82.5,acid,,0.55,2,hansen_a1,,
Dichloroacetonitrile,3018-12-0,,,17.4,9.4,6.4,,,,80.3,nitrile,,0.55,2,hansen_a1,,
Dichlorodifluoromethane (Freon 12),75-71-8,,,12.3,2.0,0.0,,,,92.3,halogenated,,0.55,2,hansen_a1,,
Dichloroethylene (Trans),156-60-5,,,16.7,7.8,3.3,,,,,halogenated,,0.4,1,hspip_solvents,,
"Dichloromethane (methylene chloride, DCM)",75-09-2,,CH2Cl2,18.2,6.3,6.1,84.93,,,63.9,halogenated,,0.55,2,accudyne_solvents,,
Dichloromethyl Methyl Ether,,,,17.1,12.9,6.5,,,,90.5,ether,,0.4,2,hansen_a1,,
Dichloromonofluoromethane (Freon 21),75-43-4,,,15.8,3.1,5.7,,,,75.4,halogenated,,0.55,2,hansen_a1,,
Diethanolamine,111-42-2,,,17.2,10.8,21.2,,,,95.9,alcohol,,0.55,2,hansen_a1,,
Diethoxy Disulfid,,,,15.1,8.3,7.4,,,,141.5,other,,0.25,1,hansen_a1,,
Diethyl Adipate,141-28-6,,,16.4,6.2,7.5,,,,,ester,,0.4,1,hspip_solvents,,
Diethyl Amine,109-89-7,,,14.9,2.3,6.1,,,,103.2,amine,,0.55,2,hansen_a1,,
Diethyl Amine/Acetic Acid,,,,16.0,20.3,18.4,,,,,amine,,0.25,1,hansen_a1,,
Diethyl Carbonate,105-58-8,,,15.1,6.3,3.5,,,,121.0,ester,,0.55,2,hansen_a1,,
Diethyl Ethanolamine/Acetic Acid,,,,16.0,20.3,18.4,,,,,alcohol,,0.25,1,hansen_a1,,
Diethyl ether (ethoxyethane),60-29-7,,C4H10O,14.5,2.9,5.1,74.12,,,104.8,ether,,0.7,3,accudyne_solvents,,
Diethyl Glutarate,818-38-2,,,16.3,7.0,7.8,,,,,other,,0.4,1,hspip_solvents,,
Diethyl Ketone,96-22-0,,,15.8,7.6,4.7,,,,106.4,ketone,,0.55,2,hansen_a1,,
Diethyl Malonate,105-53-3,,,16.1,7.7,8.3,,,,152.5,ester,,0.55,2,hansen_a1,,
Diethyl Oxalate,95-92-1,,,16.2,8.0,8.8,,,,136.6,ester,,0.55,2,hansen_a1,,
Diethyl Phthalate,84-66-2,,,17.6,9.6,4.5,,,,198.0,ester,,0.55,2,hansen_a1,,
Diethyl Succinate,123-25-1,,,16.2,6.8,8.7,,,,,ester,,0.4,1,hspip_solvents,,
Diethyl Sulfate,64-67-5,,,15.7,14.7,7.1,,,,131.5,other,,0.55,2,hansen_a1,,
Diethyl Sulfid,,,,16.8,3.1,2.0,,,,107.4,other,,0.25,1,hansen_a1,,
Diethyl Sulfide,352-93-2,,,16.8,3.1,2.0,,,,,sulfur compound,,0.4,1,hspip_solvents,,
Diethyldisulfid,110-81-6,,,16.7,6.7,5.7,,,,123.1,other,,0.4,1,hansen_a1,,
Diethyldisulfide,110-81-6,,,17.0,6.7,5.7,,,,,sulfur compound,,0.4,1,hspip_solvents,,
Diethylene glycol,111-46-6,,C4H10O3,16.6,12.0,20.7,106.12,,,94.9,alcohol,,0.7,3,accudyne_solvents,,
Diethylene Glycol Butyl Ether Acetate,124-17-4,,,16.0,4.1,8.2,,,,,alcohol,,0.4,1,hspip_solvents,,
Diethylene Glycol Butyl Ether Acetate Commercial,,,,16.0,4.1,8.2,,,,208.2,alcohol,,0.25,1,hansen_a1,,
Diethylene Glycol Di vinyl Ether,764-99-8,,,16.0,7.3,7.9,,,,164.1,alcohol,,0.55,2,hansen_a1,,
Diethylene Glycol Dib utyl Ether,112-73-2,,,15.8,4.7,4.4,,,,248.1,alcohol,,0.55,2,hansen_a1,,
Diethylene Glycol Dieth yl Ether,112-36-7,,,15.8,5.9,5.6,,,,179.8,alcohol,,0.55,2,hansen_a1,,
Diethylene Glycol He xyl Ether,112-59-4,,,16.0,6.0,10.0,,,,204.3,alcohol,,0.55,2,hansen_a1,,
Diethylene Glycol Methyl t-Butyl,,,,16.0,7.2,7.2,,,,193.9,alcohol,,0.25,1,hansen_a1,,
Diethylene Glycol Methyl t-Butyl Ether,52788-79-1,,,16.0,7.2,7.2,,,,,alcohol,,0.4,1,hspip_solvents,,
Diethylene Glycol Monob utyl Ether,112-34-5,,,16.0,7.0,10.6,,,,170.6,alcohol,,0.55,2,hansen_a1,,
Diethylene Glycol Monoeth yl Ether,111-90-0,,,16.1,9.2,12.2,,,,130.9,alcohol,,0.55,2,hansen_a1,,
Diethylene Glycol Monoethyl Ether Acetate,112-15-2,,,16.2,5.1,9.2,,,,,alcohol,,0.4,1,hspip_solvents,,
Diethylene Glycol Monomethyl Ether,111-77-3,,,16.2,7.8,12.6,,,,118.0,alcohol,,0.55,2,hansen_a1,,
Diethylene Glycol Monoprop yl Ether,6881-94-3,,,16.0,7.2,11.3,,,,153.9,alcohol,,0.55,2,hansen_a1,,
Diethylenetriamine,111-40-0,,,16.7,13.3,14.3,,,,108.0,amine,,0.55,2,hansen_a1,,
Diethylhexyl Phthalate (Dioctyl Phthalate),117-81-7,,,16.6,7.0,3.1,,,,,ester,,0.4,1,hspip_solvents,,
Dihexyl Ether,112-58-3,,,16.0,3.0,2.8,,,,235.8,ether,,0.55,2,hansen_a1,,
Dihexyl Phthalate,84-75-3,,,17.0,7.6,3.6,,,,332.3,ester,,0.55,2,hansen_a1,,
Dihydrogen Disulfide,13465-07-1,,,17.3,6.3,10.7,,,,49.6,sulfur compound,,0.55,2,hansen_a1,,
Dihydropyran,110-87-2,,,17.5,5.5,5.7,,,,91.2,ether,,0.55,2,hansen_a1,,
Diiodomethane (methylene iodide),75-11-6,,CH2I2,17.8,3.9,5.5,267.84,,,80.5,halogenated,,0.55,2,accudyne_solvents,,
Diisobutyl Adipate,141-04-8,,,16.7,2.5,6.2,,,,269.6,ester,,0.55,2,hansen_a1,,
Diisopropylamine,108-18-9,,,14.8,1.7,3.5,,,,141.1,amine,,0.55,2,hansen_a1,,
Diketene,674-82-8,,,16.2,15.1,8.1,,,,75.9,other,,0.55,2,hansen_a1,,
Dimethoxymethane (methylal),109-87-5,,C3H8O2,15.0,1.8,8.6,76.1,,,169.4,other,,0.7,3,accudyne_solvents,,
Dimethyl 2-Methylglutarate,14035-94-0,,,16.6,8.7,5.0,,,,,other,,0.4,1,hspip_solvents,,
Dimethyl Acetylene,503-17-3,,,15.1,3.4,7.6,,,,78.9,other,,0.55,2,hansen_a1,,
Dimethyl Adipate,627-93-0,,,16.3,6.8,8.5,,,,,ester,,0.4,1,hspip_solvents,,
Dimethyl Amine,124-40-3,,,15.3,4.8,11.2,,,,66.2,amine,,0.55,2,hansen_a1,,
Dimethyl Amine-Dimer,,,,15.3,4.8,7.9,,,,132.4,amine,,0.25,1,hansen_a1,,
Dimethyl Carbonate,616-38-6,,,15.5,3.9,9.7,,,,84.2,ester,,0.55,2,hansen_a1,,
Dimethyl Cellosolve,110-71-4,,,15.4,6.0,6.0,,,,104.5,glycol ether,,0.4,1,hansen_a1,,
Dimethyl Diethylene Glycol,,,,15.8,6.1,9.2,,,,142.0,alcohol,,0.25,1,hansen_a1,,
Dimethyl Diketone,431-03-8,,,15.7,5.3,11.7,,,,88.2,ketone,,0.4,1,hansen_a1,,
Dimethyl Disulfid,,,,17.3,7.8,6.5,,,,88.6,other,,0.25,1,hansen_a1,,
Dimethyl Disulfide,624-92-0,,,17.6,7.8,6.5,,,,,sulfur compound,,0.4,1,hspip_solvents,,
Dimethyl Ethanolamine,108-01-0,,,16.1,9.2,15.3,,,,101.1,alcohol,,0.4,1,hansen_a1,,
Dimethyl Ethanolamine/Acetic Acid,,,,16.8,19.8,19.8,,,,,alcohol,,0.25,1,hansen_a1,,
Dimethyl Ethanolamine/Formic Acid,,,,17.2,21.5,22.5,,,,,alcohol,,0.25,1,hansen_a1,,
Dimethyl Ethanolamine/Methacrylic,,,,17.2,18.8,17.6,,,,,alcohol,,0.25,1,hansen_a1,,
Dimethyl Ethanolamine/p-Toluene,,,,17.2,21.5,22.5,,,,,alcohol,,0.25,1,hansen_a1,,
Dimethyl Ethanolamine/Thioglycolic,,,,17.2,21.5,22.5,,,,,alcohol,,0.25,1,hansen_a1,,
Dimethyl Ether,115-10-6,,,15.2,6.1,5.7,,,,63.2,ether,,0.55,2,hansen_a1,,
Dimethyl Formamide,68-12-2,,,17.4,13.7,11.3,,,,77.0,amide,,0.4,1,hansen_a1,,
Dimethyl Glutarate,1119-40-0,,,16.1,7.7,8.3,,,,,other,,0.4,1,hspip_solvents,,
Dimethyl Isopropanol Amine/Acetic,,,,16.6,19.4,18.0,,,,,alcohol,,0.25,1,hansen_a1,,
Dimethyl Isosorbide,5306-85-4,,,17.6,7.1,7.5,,,,,other,,0.4,1,hspip_solvents,,
Dimethyl Ketene,598-26-5,,,15.2,7.4,4.8,,,,87.6,other,,0.55,2,hansen_a1,,
Dimethyl Maleate,624-48-6,,,16.3,8.3,9.8,,,,125.8,ester,,0.55,2,hansen_a1,,
Dimethyl Methyl Phosphonate,756-79-6,,,16.7,13.1,7.5,,,,106.9,other,,0.55,2,hansen_a1,,
Dimethyl Phthalate,131-11-3,,,18.6,10.8,4.9,,,,163.0,ester,,0.55,2,hansen_a1,,
Dimethyl Sebacate,106-79-6,,,16.6,2.9,6.7,,,,233.3,ester,,0.55,2,hansen_a1,,
Dimethyl Succinate,106-65-0,,,16.1,7.7,8.8,,,,,ester,,0.4,1,hspip_solvents,,
Dimethyl Sulfate,77-78-1,,,17.7,17.0,9.7,,,,94.7,other,,0.55,2,hansen_a1,,
Dimethyl Sulfid,,,,16.1,6.4,7.4,,,,73.2,other,,0.25,1,hansen_a1,,
Dimethyl Sulfide,75-18-3,,,16.1,6.4,7.4,,,,,sulfur compound,,0.4,1,hspip_solvents,,
Dimethyl Sulfone,67-71-0,,,19.0,19.4,12.3,,,,75.0,sulfoxide,,0.55,2,hansen_a1,,
Dimethyl sulfoxide (DMSO),67-68-5,,C2H6OS,18.4,16.4,10.2,78.13,,,71.3,sulfoxide,,0.7,3,accudyne_solvents,,
Dimethylethanolamine (2-(dimethylamino)ethanol),108-01-0,,C4H11NO,16.1,9.2,15.3,89.14,,,101.1,alcohol,,0.55,2,accudyne_solvents,,
Dioctyl Adipate,123-79-5,,,16.7,2.0,5.1,,,,400.0,ester,,0.55,2,hansen_a1,,
Dioctyl hexanedioate (dioctyl adipate),103-23-1,,C22H42O4,16.7,2.0,5.1,370.57,,,400.0,ester,,0.4,1,accudyne_solvents,,
Dioctyl Phthalate,,,,16.6,7.0,3.1,,,,377.0,ester,,0.25,1,hansen_a1,,
Dipentene,138-86-3,,,17.2,1.8,4.3,,,,162.9,other,,0.55,2,hansen_a1,,
Diphenyl Acetylene (0 Dipole Moment),501-65-5,,,18.0,2.0,3.2,,,,,aromatic,,0.4,1,hspip_solvents,,
Diphenyl Acetylene P from 0 Dipole,,,,20.1,0.0,3.2,,,,184.3,aromatic,,0.25,1,hansen_a1,,
Diphenyl Acetylene P from Group Cont. (Phenylethynyl)benzene,,,,20.1,2.0,3.2,,,,184.3,aromatic,,0.25,1,hansen_a1,,
Diphenyl Ether,101-84-8,,,19.5,3.4,5.8,,,,160.4,ether,,0.55,2,hansen_a1,,
Diphenyl Sulfone,127-63-9,,,21.1,14.4,3.4,,,,174.3,sulfoxide,,0.55,2,hansen_a1,,
Diphenylamine,122-39-4,,,20.0,3.3,5.9,,,,145.9,amine,,0.55,2,hansen_a1,,
Diphenylmethane,101-81-5,,,19.5,1.0,1.0,,,,168.2,aromatic,,0.55,2,hansen_a1,,
Dipropyl Amine,142-84-7,,,15.3,1.4,4.1,,,,136.9,amine,,0.55,2,hansen_a1,,
Dipropyl Ketone,123-19-3,,,15.8,5.7,4.9,,,,140.8,ketone,,0.55,2,hansen_a1,,
Dipropylene Glycol,2396-61-4,,,16.5,10.6,17.7,,,,130.9,alcohol,,0.55,2,hansen_a1,,
Dipropylene Glycol Methyl Ether,112-28-7,,,15.5,5.7,11.2,,,,157.4,alcohol,,0.55,2,hansen_a1,,
Dipropylene Glycol Mono n-Butyl Ether,29911-28-2,,,15.7,6.5,10.0,,,,,alcohol,,0.4,1,hspip_solvents,,
Dipropylene Glycol Mono n-Butyl Ether 1-(2-Butoxy-1-methyl-,,,,15.7,6.5,10.0,,,,211.2,alcohol,,0.25,1,hansen_a1,,
Dipropylene Glycol Mono n-Prop yl,,,,15.6,6.1,11.0,,,,185.6,alcohol,,0.25,1,hansen_a1,,
Dipropylene Glycol Mono n-Propyl Ether,29911-27-1,,,15.6,6.1,11.0,,,,,alcohol,,0.4,1,hspip_solvents,,
Dipropylene Glycol Monomethyl Ether,34590-94-8,,,16.3,4.9,8.0,,,,195.7,alcohol,,0.4,1,hansen_a1,,
Dipropylene Glycol Monomethyl Ether Acetate,88917-22-0,,,16.3,4.9,8.0,,,,,alcohol,,0.4,1,hspip_solvents,,
Ditridecyl Phthalate,119-06-2,,,16.6,5.4,1.9,,,,558.3,ester,,0.55,2,hansen_a1,,
Divinyl Sulfid,,,,16.5,4.6,5.6,,,,93.6,other,,0.25,1,hansen_a1,,
Divinylsulfide,627-51-0,,,16.5,4.6,5.6,,,,,sulfur compound,,0.4,1,hspip_solvents,,
Dodecane,112-40-3,,,16.0,0.0,0.0,,,,228.6,hydrocarbon,,0.55,2,hansen_a1,,
Dodecanol,112-53-8,,,16.0,4.0,9.3,,,,224.5,alcohol,,0.55,2,hansen_a1,,
Dopamine,51-61-6,,,18.2,10.3,19.5,,,,183.0,amine,,0.55,2,hansen_a1,,
Ecstasy,42542-10-9,,,18.0,5.1,6.1,,,,202.9,other,,0.55,2,hansen_a1,,
Eicosane,112-95-8,,,16.5,0.0,0.0,,,,359.8,other,,0.55,2,hansen_a1,,
Epichlorohydrin (chloromethyloxirane),106-89-8,,C3H5ClO,18.9,7.6,6.6,92.52,,,78.4,halogenated,,0.7,3,accudyne_solvents,,
Epsilon-Caprolactam,105-60-2,,,19.4,13.8,3.9,,,,110.7,amide,,0.55,2,hansen_a1,,
Ethane,74-84-0,,,15.5,0.0,0.0,,,,,other,,0.4,1,hspip_solvents,,
Ethanesulfonylchloride,594-44-5,,,17.7,14.9,6.8,,,,94.7,halogenated,,0.55,2,hansen_a1,,
Ethanethiol (Ethyl Mercaptan),75-08-1,,,15.7,6.5,7.1,,,,74.3,sulfur compound,,0.55,2,hansen_a1,,
Ethanol (ethyl alcohol),64-17-5,,C2H6O,15.8,8.8,19.4,46.07,,,58.5,alcohol,,0.7,3,accudyne_solvents,,
Ethanolamine,,,,17.0,15.5,21.2,,,,59.8,alcohol,,0.25,1,hansen_a1,,
Ethanolamine/Acetic Acid,,,,17.2,20.3,18.4,,,,,alcohol,,0.25,1,hansen_a1,,
Ethoxyethyl Propionate,14272-48-1,,,16.2,3.3,8.8,,,,155.5,ester,,0.55,2,hansen_a1,,
Ethyl acetate (ethyl ethanoate),141-78-6,,C4H8O2,15.8,5.3,7.2,88.11,,,98.5,ester,,0.7,3,accudyne_solvents,,
Ethyl Aceto Acetate (Keto),141-97-9,,,16.5,10.8,8.3,,,,125.6,ester,,0.55,2,hansen_a1,,
Ethyl Acetylene,107-00-6,,,15.1,3.4,5.0,,,,81.5,other,,0.55,2,hansen_a1,,
Ethyl Acrylate,140-88-5,,,15.5,7.1,5.5,,,,108.8,ester,,0.55,2,hansen_a1,,
Ethyl Amine,75-04-7,,,15.0,5.6,10.7,,,,65.6,amine,,0.55,2,hansen_a1,,
Ethyl Amyl Ketone,106-68-3,,,16.2,4.5,4.1,,,,156.0,ketone,,0.55,2,hansen_a1,,
Ethyl Benzoate,93-89-0,,,17.9,6.2,6.0,,,,144.3,ester,,0.55,2,hansen_a1,,
Ethyl Bromide,74-96-4,,,16.5,8.4,2.3,,,,74.6,halogenated,,0.55,2,hansen_a1,,
Ethyl Butyl Ether,628-81-9,,,14.5,3.9,4.7,,,,,ether,,0.4,1,hspip_solvents,,
Ethyl Butyl K etone,106-35-4,,,16.2,5.0,4.1,,,,139.0,other,,0.55,2,hansen_a1,,
Ethyl Butyrate,105-54-4,,,15.5,5.6,5.0,,,,132.9,ester,,0.55,2,hansen_a1,,
Ethyl Caproate,123-66-0,,,15.5,3.2,5.9,,,,149.6,other,,0.4,1,hansen_a1,,
Ethyl Capronate,123-66-0,,,15.5,3.2,5.9,,,,,other,,0.4,1,hspip_solvents,,
Ethyl Carbamate,51-79-6,,,16.8,10.1,13.0,,,,91.2,other,,0.55,2,hansen_a1,,
Ethyl Carbylamine,624-79-3,,,15.6,15.2,5.8,,,,74.4,amine,,0.55,2,hansen_a1,,
Ethyl Chloride,75-00-3,,,15.7,6.1,2.9,,,,70.0,halogenated,,0.55,2,hansen_a1,,
Ethyl Chloroformate,541-41-3,,,15.5,10.0,6.7,,,,95.6,ester,,0.55,2,hansen_a1,,
Ethyl Cinnamate,103-36-6,,,18.4,8.2,4.1,,,,166.8,other,,0.55,2,hansen_a1,,
Ethyl Cyanoacetate,105-56-6,,,16.7,7.9,8.3,,,,107.1,ester,,0.55,2,hansen_a1,,
Ethyl Cyanoacrylate,7085-85-0,,,15.2,10.3,9.0,,,,117.1,ester,,0.55,2,hansen_a1,,
Ethyl Ethynylether,927-80-0,,,15.4,7.9,5.9,,,,87.6,ether,,0.55,2,hansen_a1,,
Ethyl Fluoride,353-36-6,,,15.2,9.3,3.0,,,,,other,,0.4,1,hspip_solvents,,
Ethyl Formate,109-94-4,,,15.5,8.4,8.4,,,,80.2,ester,,0.55,2,hansen_a1,,
Ethyl Hypochlorite,624-85-1,,,15.7,8.6,6.5,,,,79.5,halogenated,,0.55,2,hansen_a1,,
Ethyl Iodide,75-03-6,,,17.3,7.9,7.2,,,,81.2,other,,0.55,2,hansen_a1,,
Ethyl Isocyanate,109-90-0,,,15.4,12.0,2.5,,,,78.7,other,,0.55,2,hansen_a1,,
Ethyl Isopropenyl Ether,926-66-9,,,14.8,3.5,5.1,,,,113.3,ether,,0.55,2,hansen_a1,,
Ethyl Isothiocyanate,542-85-8,,,17.2,14.7,9.0,,,,87.1,other,,0.55,2,hansen_a1,,
Ethyl Lactate,97-64-3,,,16.0,7.6,12.5,,,,115.0,ester,,0.55,2,hansen_a1,,
Ethyl Methacrylate,97-63-2,,,15.8,7.2,7.5,,,,125.8,ester,,0.55,2,hansen_a1,,
Ethyl Methyl Sulfid,,,,17.1,4.8,2.5,,,,91.2,other,,0.25,1,hansen_a1,,
Ethyl Oleate,111-62-6,,,14.5,3.8,3.7,,,,357.3,other,,0.55,2,hansen_a1,,
Ethyl Propionate,105-37-3,,,15.5,6.1,4.9,,,,115.5,ester,,0.55,2,hansen_a1,,
Ethyl Thiocyanate,542-90-5,,,15.4,13.4,5.4,,,,87.1,other,,0.55,2,hansen_a1,,
Ethyl Vinylether,109-92-2,,,14.9,4.9,5.6,,,,94.9,ether,,0.55,2,hansen_a1,,
Ethyl Vinylketone,1629-58-9,,,15.8,11.3,4.5,,,,99.3,ketone,,0.55,2,hansen_a1,,
Ethyl-1-Propynylether,14273-06-4,,,15.9,6.4,5.4,,,,101.6,ether,,0.55,2,hansen_a1,,
Ethylbenzene,100-41-4,,C8H10,17.8,0.6,1.4,106.17,,,123.1,aromatic,,0.7,3,accudyne_solvents,,
Ethylene,74-85-1,,,15.0,2.0,3.8,,,,63.0,other,,0.55,2,hansen_a1,,
Ethylene Carbonate,96-49-1,,,19.4,21.7,5.1,,,,66.0,ester,,0.55,2,hansen_a1,,
Ethylene Chlorohydrin,107-07-3,,,16.9,8.8,17.2,,,,67.3,halogenated,,0.55,2,hansen_a1,,
Ethylene Cyanohydrin,109-78-4,,,17.2,18.8,17.6,,,,68.3,other,,0.55,2,hansen_a1,,
Ethylene Dibromide,106-93-4,,,19.2,3.5,8.6,,,,87.0,halogenated,,0.55,2,hansen_a1,,
Ethylene Dichloride,107-06-2,,,19.0,7.4,4.1,,,,79.4,halogenated,,0.4,1,hansen_a1,,
Ethylene Dinitrate,628-96-6,,,16.2,13.0,4.5,,,,101.7,other,,0.55,2,hansen_a1,,
Ethylene glycol,107-21-1,,C2H6O2,17.0,11.0,26.0,62.07,,,55.8,alcohol,,0.7,3,accudyne_solvents,,
Ethylene Glycol Butyl Ether Acetate,112-07-2,,,15.3,4.5,8.8,,,,171.2,alcohol,,0.55,2,hansen_a1,,
Ethylene Glycol Butyl Ethyl Ether,4413-13-2,,,15.3,4.9,4.6,,,,175.5,alcohol,,0.55,2,hansen_a1,,
Ethylene Glycol Butyl Methyl Ether,13343-98-1,,,15.5,5.2,4.9,,,,157.2,alcohol,,0.55,2,hansen_a1,,
Ethylene Glycol Di-t-Butyl Ether,26547-47-7,,,14.7,4.1,8.2,,,,210.0,alcohol,,0.55,2,hansen_a1,,
Ethylene Glycol Diacetate,111-55-7,,,16.2,4.7,9.8,,,,132.8,alcohol,,0.55,2,hansen_a1,,
Ethylene Glycol Dib utyl Ether,112-48-1,,,15.7,4.5,4.2,,,,209.5,alcohol,,0.55,2,hansen_a1,,
Ethylene Glycol Dieth yl Ether,629-14-1,,,15.4,5.4,5.2,,,,141.6,alcohol,,0.55,2,hansen_a1,,
Ethylene Glycol Dimeth yl Ether,,,,15.4,6.3,6.0,,,,103.9,alcohol,,0.25,1,hansen_a1,,
Ethylene Glycol Methyl t-Butyl,,,,15.3,5.1,8.2,,,,157.4,alcohol,,0.25,1,hansen_a1,,
Ethylene Glycol Methyl t-Butyl Ether,66728-50-5,,,15.3,5.1,8.2,,,,,alcohol,,0.4,1,hspip_solvents,,
Ethylene Glycol Mono 2-Ethyl Hexyl Ether,1559-35-9,,,16.0,4.1,10.5,,,,,alcohol,,0.4,1,hspip_solvents,,
Ethylene Glycol Mono Ethyl Ether Acrylate,106-74-1,,,15.9,5.1,9.3,,,,,alcohol,,0.4,1,hspip_solvents,,
Ethylene Glycol Mono n-He xyl Ether,112-25-4,,,16.0,5.0,11.4,,,,164.5,alcohol,,0.55,2,hansen_a1,,
Ethylene Glycol Mono n-Prop yl Ether,2807-30-9,,,16.1,8.7,13.5,,,,114.1,alcohol,,0.55,2,hansen_a1,,
Ethylene Glycol Mono-2-Ethyl Hexyl,,,,16.0,4.1,10.5,,,,194.7,alcohol,,0.25,1,hansen_a1,,
Ethylene Glycol Mono-t-Butyl Ether,7580-85-0,,,15.3,6.1,10.8,,,,131.0,alcohol,,0.55,2,hansen_a1,,
Ethylene Glycol Monob utyl Ether,,,,16.0,5.1,12.3,,,,131.6,alcohol,,0.25,1,hansen_a1,,
Ethylene Glycol Monobenzyl Ether,622-08-2,,,17.8,5.9,12.2,,,,143.0,alcohol,,0.55,2,hansen_a1,,
Ethylene Glycol Monoeth yl Ether,,,,15.9,5.1,9.3,,,,147.7,alcohol,,0.25,1,hansen_a1,,
Ethylene Glycol Monoethyl Ether Acetate,111-15-9,,,15.9,4.7,10.6,,,,,alcohol,,0.4,1,hspip_solvents,,
Ethylene Glycol Monoisob utyl Ether,4439-24-1,,,15.2,4.9,9.6,,,,132.5,alcohol,,0.55,2,hansen_a1,,
Ethylene Glycol Monoisoprop yl Ether,109-59-1,,,16.0,8.2,13.1,,,,115.8,alcohol,,0.55,2,hansen_a1,,
Ethylene Glycol Monometh yl Ether,,,,16.2,9.2,16.4,,,,79.1,alcohol,,0.25,1,hansen_a1,,
Ethylene Glycol Monomethyl Ether Acetate,110-49-6,,,15.9,5.5,11.6,,,,,alcohol,,0.4,1,hspip_solvents,,
Ethylene Glycol Monophen yl Ether,,,,17.0,7.2,12.3,,,,125.3,alcohol,,0.25,1,hansen_a1,,
Ethylene Glycol Sulfit,,,,20.0,15.9,5.1,,,,75.1,alcohol,,0.25,1,hansen_a1,,
Ethylene Glycol Sulfite,3741-38-6,,,20.0,15.9,5.1,,,,,alcohol,,0.4,1,hspip_solvents,,
Ethylene Methyl Sulfonate,4672-49-5,,,16.9,9.3,9.6,,,,97.9,other,,0.55,2,hansen_a1,,
Ethylene Oxide,75-21-8,,,15.6,10.0,11.0,,,,49.9,other,,0.55,2,hansen_a1,,
Ethylene Sulfid,,,,19.3,9.0,6.5,,,,59.5,other,,0.25,1,hansen_a1,,
Ethylene Sulfide,420-12-2,,,19.3,9.0,6.5,,,,,sulfur compound,,0.4,1,hspip_solvents,,
Ethylenediamine,107-15-3,,,16.6,8.8,17.0,,,,67.3,amine,,0.55,2,hansen_a1,,
Ethyleneimine,151-56-4,,,18.6,9.8,7.7,,,,51.8,other,,0.55,2,hansen_a1,,
Ethylidene Acetone,625-33-2,,,16.2,12.1,4.5,,,,99.0,ketone,,0.55,2,hansen_a1,,
Ethynyl Methyl Ether,6443-91-0,,,15.8,8.1,6.5,,,,70.1,ether,,0.55,2,hansen_a1,,
Ethynyl Propyl Ether,42842-08-0,,,15.4,3.8,5.4,,,,104.1,ether,,0.55,2,hansen_a1,,
Eugenol,97-53-0,,,19.0,7.5,13.0,,,,154.0,other,,0.55,2,hansen_a1,,
Fenchene(Alfa),471-84-1,,,16.9,1.5,3.1,,,,157.3,other,,0.55,2,hansen_a1,,
Ferulic Acid,1135-24-6,,,19.0,6.6,15.1,,,,155.5,acid,,0.55,2,hansen_a1,,
Fluorene,86-73-7,,,20.0,1.7,1.7,,,,138.2,aromatic,,0.55,2,hansen_a1,,
Fluorobenzene,462-06-6,,,18.7,6.1,2.0,,,,94.7,halogenated,,0.55,2,hansen_a1,,
Fluoroethylene,75-02-5,,,15.2,7.0,1.0,,,,57.5,halogenated,,0.55,2,hansen_a1,,
Fluoromethane,593-53-3,,,13.4,10.6,9.5,,,,40.7,halogenated,,0.55,2,hansen_a1,,
Fluoroprene,381-61-3,,,14.2,5.8,1.0,,,,85.5,halogenated,,0.55,2,hansen_a1,,
Formaldehyde,50-00-0,,,12.8,14.4,15.4,,,,36.8,aldehyde,,0.55,2,hansen_a1,,
Formamide (methanomide),75-12-7,,CH3NO,17.2,26.2,19.0,45.04,,,39.8,amide,,0.7,3,accudyne_solvents,,
Formic Acid,,,,14.3,11.9,16.6,,,,37.8,acid,,0.25,1,hansen_a1,,
Formyl Fluoride,1493-02-3,,,15.0,10.1,8.6,,,,56.5,other,,0.55,2,hansen_a1,,
Fumaronitrile,764-42-1,,,16.7,13.6,7.8,,,,83.0,nitrile,,0.55,2,hansen_a1,,
Furan,110-00-9,,,17.8,1.8,5.3,,,,72.5,ether,,0.55,2,hansen_a1,,
Furfural,98-01-1,,,18.6,14.9,5.1,,,,83.2,heterocyclic,,0.55,2,hansen_a1,,
Furfuryl Alcohol,,,,17.4,7.6,15.1,,,,86.5,alcohol,,0.25,1,hansen_a1,,
Gamma-Butyrolactone,,,,19.0,16.6,7.4,,,,76.8,ester,,0.25,1,hansen_a1,,
Gamma-Thiobutyrolactone,1003-10-7,,,19.0,6.9,6.2,,,,86.6,ester,,0.4,1,hansen_a1,,
Glycerol,56-81-5,,C3H8O3,17.4,12.1,29.3,92.09,,,73.3,alcohol,,0.7,3,accudyne_solvents,,
Glycerol Carbonate,931-40-8,,,17.9,25.5,17.4,,,,,alcohol,,0.4,1,hspip_solvents,,
Glycerol Carbonate Acetate,1607-31-4,,,17.1,14.7,9.2,,,,,alcohol,,0.4,1,hspip_solvents,,
Glycerol Carbonate Ethyl Ether,307949-19-5,,,16.8,18.5,8.7,,,,,alcohol,,0.4,1,hspip_solvents,,
Glycerol Diacetate (Isomer Mix),,,,16.4,8.9,14.2,,,,149.4,alcohol,,0.4,2,hansen_a1,,
Glycerol Formal,5464-28-8,,,18.4,10.6,16.5,,,,,alcohol,,0.4,1,hspip_solvents,,
Glycerol Triacetate,102-76-1,,,16.5,4.5,9.1,,,,,alcohol,,0.4,1,hspip_solvents,,
Glycerol Tributyrate,60-01-5,,,16.3,2.5,7.0,,,,,alcohol,,0.4,1,hspip_solvents,,
Glycerol Trioleate,122-32-7,,,16.0,3.8,3.2,,,,,alcohol,,0.4,1,hspip_solvents,,
Glycidaldehyde,765-34-4,,,17.5,13.4,9.8,,,,63.2,aldehyde,,0.4,1,hansen_a1,,
Glycidol,556-52-5,,,18.2,9.0,17.9,,,,66.5,other,,0.55,2,hansen_a1,,
Glycidyl Methacrylate,106-91-2,,,16.3,8.5,5.7,,,,136.4,ester,,0.55,2,hansen_a1,,
Glyoxal (Ethandial),107-22-2,,,15.0,17.0,13.3,,,,50.9,other,,0.55,2,hansen_a1,,
HCFC 134a,811-97-2,,,16.1,4.0,0.0,,,,,other,,0.4,1,hspip_solvents,,
HCFC 141b,1717-00-6,,,15.7,4.0,1.0,,,,,other,,0.4,1,hspip_solvents,,
HCFC 225ca,422-56-0,,,14.9,3.5,1.0,,,,,other,,0.4,1,hspip_solvents,,
HCFC 225cb,507-55-1,,,13.1,2.9,1.0,,,,,other,,0.4,1,hspip_solvents,,
HCFC 253eb,460-35-5,,,14.6,7.3,1.0,,,,,other,,0.4,1,hspip_solvents,,
HCFC-225ca:cb (45:55),,,,14.1,3.2,1.0,,,,,other,,0.25,1,hspip_solvents,,
HCFC123,306-83-2,,,15.0,5.4,1.0,,,,,other,,0.4,1,hspip_solvents,,
Heptane,142-82-5,,,15.3,0.0,0.0,,,,147.4,hydrocarbon,,0.55,2,hansen_a1,,
Hexachloroacetone,116-16-5,,,18.3,0.0,0.0,,,,151.9,ketone,,0.55,2,hansen_a1,,
Hexachlorobenzene (Lindane),118-74-1,,,21.9,2.1,0.0,,,,139.3,halogenated,,0.55,2,hansen_a1,,
Hexachloroethane,67-72-1,,,22.0,4.7,0.0,,,,113.2,halogenated,,0.55,2,hansen_a1,,
Hexadecane,544-76-3,,C16H34,16.3,0.0,0.0,226.44,,,294.1,hydrocarbon,,0.7,3,accudyne_solvents,,
Hexafluo o Isopropanol,,,,17.2,4.5,14.7,,,,105.3,alcohol,,0.25,1,hansen_a1,,
Hexafluo ohexanol,,,,15.1,4.4,9.9,,,,123.3,alcohol,,0.25,1,hansen_a1,,
"Hexafluoro 1,3-Butadien",,,,13.8,0.0,0.0,,,,104.3,fluorinated,,0.25,1,hansen_a1,,
Hexafluoro Isopropanol,920-66-1,,,17.2,4.5,14.7,,,,,alcohol,,0.4,1,hspip_solvents,,
"Hexafluoro-1,3-Butadiene",685-63-2,,,13.8,0.0,0.0,,,,,fluorinated,,0.4,1,hspip_solvents,,
Hexafluorobenzen,,,,16.9,0.0,0.0,,,,115.8,fluorinated,,0.25,1,hansen_a1,,
Hexafluorobenzene,392-56-3,,,16.0,0.0,0.0,,,,,fluorinated,,0.4,1,hspip_solvents,,
Hexafluorohexanol,,,,15.1,4.4,9.9,,,,,alcohol,,0.25,1,hspip_solvents,,
Hexamethyl Benzene,87-85-4,,,19.2,1.6,0.0,,,,152.7,aromatic,,0.55,2,hansen_a1,,
Hexamethylenetetramine,100-97-0,,,19.4,11.6,13.8,,,,105.3,amine,,0.55,2,hansen_a1,,
Hexamethylphosphoramide,680-31-9,,,18.5,8.6,11.3,,,,175.7,other,,0.55,2,hansen_a1,,
Hexanal,66-25-1,,,15.8,8.5,5.4,,,,120.2,other,,0.55,2,hansen_a1,,
Hexane,110-54-3,,,14.9,0.0,0.0,,,,,hydrocarbon,,0.4,1,hspip_solvents,,
"Hexane 1,6 Diol",629-11-8,,,15.7,8.4,17.8,,,,,hydrocarbon,,0.4,1,hspip_solvents,,
Hexanoic Acid,142-62-1,,,15.0,4.1,9.4,,,,125.9,acid,,0.55,2,hansen_a1,,
Hexyl Acetate,142-92-7,,,15.8,2.9,5.9,,,,165.0,ester,,0.55,2,hansen_a1,,
Hexylene Glycol,,,,15.7,8.4,17.8,,,,123.0,alcohol,,0.25,1,hansen_a1,,
Hexylene Glycol Diacetate,6222-17-9,,,15.3,4.5,7.2,,,,204.3,alcohol,,0.55,2,hansen_a1,,
HFC 245fa,460-73-1,,,15.4,3.0,0.0,,,,,other,,0.4,1,hspip_solvents,,
HFC 338pcc,377-36-6,,,13.7,0.0,0.0,,,,,other,,0.4,1,hspip_solvents,,
HFC-365mfc,406-58-6,,,16.4,0.0,0.0,,,,,other,,0.4,1,hspip_solvents,,
HFC-43-10mee,138495-42-8,,,11.6,0.0,0.0,,,,,other,,0.4,1,hspip_solvents,,
HFE 7000,375-03-1,,,13.0,4.2,1.0,,,,,other,,0.4,1,hspip_solvents,,
HFE 7100,163702-07-6,,,13.7,2.2,1.0,,,,,other,,0.4,1,hspip_solvents,,
HFE 7500,297730-93-9,,,13.3,2.0,1.0,,,,,other,,0.4,1,hspip_solvents,,
HFE 8200,,,,13.0,4.0,1.0,,,,,other,,0.25,1,hspip_solvents,,
Hydrazine,302-01-2,,H4N2,14.2,8.3,8.9,32.04,,,32.1,other,,0.7,3,accudyne_solvents,,
Hydrogen Cyanide,74-90-8,,,12.3,17.6,9.0,,,,39.3,nitrile,,0.55,2,hansen_a1,,
Hydrogen peroxide,7722-84-1,,H2O2,15.5,12.2,42.7,34.02,,,23.2,other,,0.7,3,accudyne_solvents,,
Hydrogen Sulfide,7783-06-4,,,17.9,6.0,10.2,,,,36.1,sulfur compound,,0.55,2,hansen_a1,,
Hydroxyethyl Acrylate,818-61-1,,,16.0,13.2,13.4,,,,114.9,ester,,0.55,2,hansen_a1,,
Indene,95-13-6,,,18.7,2.6,9.0,,,,116.5,aromatic,,0.55,2,hansen_a1,,
Indole,120-72-9,,,19.8,7.5,6.5,,,,110.1,heterocyclic,,0.55,2,hansen_a1,,
Iodobenzene,591-50-4,,,19.5,6.0,6.1,,,,114.4,halogenated,,0.55,2,hansen_a1,,
Iodoform,75-47-8,,,20.2,3.6,10.6,,,,98.2,halogenated,,0.55,2,hansen_a1,,
Iodoprene,19221-28-4,,,17.2,2.5,6.2,,,,104.2,halogenated,,0.55,2,hansen_a1,,
Isoamyl Acetate,123-92-2,,,15.3,3.1,7.0,,,,148.8,ester,,0.55,2,hansen_a1,,
Isoamyl Alcohol (3-Methyl-1-Butanol),123-51-3,,,15.8,5.2,13.3,,,,109.4,alcohol,,0.55,2,hansen_a1,,
Isoamyl Propionate,105-68-0,,,15.7,5.2,5.6,,,,165.7,ester,,0.55,2,hansen_a1,,
Isobutyl Acetate,,,,15.1,3.7,6.3,,,,133.5,ester,,0.25,1,hansen_a1,,
Isobutyl Acrylate,106-63-8,,,15.5,6.2,5.0,,,,145.0,ester,,0.55,2,hansen_a1,,
Isobutyl Alcohol,,,,15.1,5.7,15.9,,,,92.8,alcohol,,0.25,1,hansen_a1,,
Isobutyl Formate,542-55-2,,,15.5,6.5,6.7,,,,117.4,ester,,0.55,2,hansen_a1,,
Isobutyl Isobutyrate,97-85-8,,,15.1,2.9,5.9,,,,163.0,ester,,0.55,2,hansen_a1,,
Isobutyl Sulfoxide,3085-40-3,,,16.3,10.5,6.1,,,,195.0,sulfoxide,,0.4,1,hansen_a1,,
Isobutylene,115-11-7,,,14.5,2.0,1.5,,,,89.4,other,,0.55,2,hansen_a1,,
Isobutyleneoxide,558-30-5,,,16.1,4.8,5.8,,,,90.0,other,,0.55,2,hansen_a1,,
Isobutyric Acid,79-31-2,,,16.5,5.4,11.1,,,,93.4,acid,,0.55,2,hansen_a1,,
Isocyanic Acid,75-13-8,,,15.8,10.5,13.6,,,,37.7,acid,,0.55,2,hansen_a1,,
Isooctyl Alcohol,26952-21-6,,,14.4,7.3,12.9,,,,156.6,alcohol,,0.55,2,hansen_a1,,
Isopentane,78-78-4,,,13.7,0.0,0.0,,,,117.4,hydrocarbon,,0.55,2,hansen_a1,,
Isophorone,78-59-1,,C9H14O,16.6,8.2,7.4,138.21,,,150.5,ketone,,0.7,3,accudyne_solvents,,
"Isoprene (2-Methyl-1,3-Butadiene)",78-79-5,,,14.7,1.4,4.1,,,,100.9,other,,0.55,2,hansen_a1,,
Isopropyl acetate (isopropyl ethanoate),108-21-4,,C5H10O2,14.9,4.5,8.2,102.13,,,117.1,ester,,0.7,3,accudyne_solvents,,
Isopropyl Amine (2-Propan Amine),75-31-0,,,14.8,4.4,6.6,,,,86.8,amine,,0.55,2,hansen_a1,,
Isopropyl Benzene (Cumene),98-82-8,,,18.1,1.2,1.2,,,,139.1,aromatic,,0.55,2,hansen_a1,,
Isopropyl Chloride (2-Chloro Propane),75-29-6,,,15.9,8.3,2.1,,,,91.7,halogenated,,0.55,2,hansen_a1,,
Isopropyl Ether,108-20-3,,,13.7,3.9,2.3,,,,140.9,ether,,0.55,2,hansen_a1,,
Isopropyl Palmitate,142-91-6,,,14.3,3.9,3.7,,,,330.0,other,,0.55,2,hansen_a1,,
Isovaleraldehyde,590-86-3,,,14.7,9.5,5.0,,,,106.0,aldehyde,,0.55,2,hansen_a1,,
Isovaleric Acid,503-74-2,,,16.4,4.1,10.7,,,,111.0,acid,,0.55,2,hansen_a1,,
Isoxazole,288-14-2,,,18.8,13.4,11.2,,,,64.1,heterocyclic,,0.55,2,hansen_a1,,
Ketene,463-51-4,,,15.4,7.3,5.8,,,,53.0,other,,0.55,2,hansen_a1,,
l-Dopa,59-92-7,,,18.0,8.2,20.3,,,,,other,,0.4,1,hspip_solvents,,
L-Menthol,2216-51-5,,,16.6,4.7,10.6,,,,175.6,alcohol,,0.55,2,hansen_a1,,
L-Menthone,10458-14-7,,,17.0,8.1,4.4,,,,172.3,other,,0.55,2,hansen_a1,,
L-Menthyl Acetate,2623-23-6,,,16.8,4.7,4.9,,,,215.8,ester,,0.55,2,hansen_a1,,
l-Tyrosine,60-18-4,,,17.5,6.9,17.2,,,,,other,,0.4,1,hspip_solvents,,
Lactic Acid (DL),50-21-5,,,17.0,8.3,28.4,,,,72.1,acid,,0.55,2,hansen_a1,,
Lauryl Methacrylate,142-90-5,,,14.4,2.2,5.1,,,,293.1,ester,,0.55,2,hansen_a1,,
m-Chloroaniline,108-42-9,,,20.6,9.9,9.8,,,,105.0,amine,,0.55,2,hansen_a1,,
m-Cresol,,,,18.0,5.1,12.9,,,,104.7,alcohol,,0.25,1,hansen_a1,,
m-Dichlorobenzene,541-73-1,,,19.7,5.1,2.7,,,,114.8,halogenated,,0.55,2,hansen_a1,,
Maleic Anhydride,108-31-6,,,20.2,18.1,12.6,,,,66.3,other,,0.55,2,hansen_a1,,
Malononitrile,109-77-3,,,17.7,18.4,6.7,,,,55.5,nitrile,,0.55,2,hansen_a1,,
Meclofenoxate (Base Only),51-68-3,,,16.0,6.2,9.0,,,,198.3,other,,0.55,2,hansen_a1,,
Menthofuran,494-90-6,,,17.2,4.6,5.6,,,,158.0,ether,,0.55,2,hansen_a1,,
Mesityl Oxide,141-79-7,,,16.4,6.1,6.1,,,,115.6,ketone,,0.55,2,hansen_a1,,
Mesitylene,108-67-8,,,18.0,0.0,0.6,,,,139.8,aromatic,,0.55,2,hansen_a1,,
Methacrylaldehyde,78-85-3,,,15.7,11.1,7.4,,,,83.3,aldehyde,,0.55,2,hansen_a1,,
Methacrylamide,79-39-0,,,15.8,11.0,11.6,,,,76.0,other,,0.55,2,hansen_a1,,
Methacrylic Acid,79-41-4,,,15.8,2.8,10.2,,,,84.8,acid,,0.55,2,hansen_a1,,
Methacrylonitrile,126-98-7,,,15.8,15.1,5.4,,,,83.9,nitrile,,0.55,2,hansen_a1,,
Methane (Liquid B.P.),74-82-8,,,14.0,0.0,0.0,,,,,other,,0.4,1,hspip_solvents,,
Methanoic acid (formic acid),64-18-6,,CH2O2,14.3,11.9,16.6,46.03,,,37.8,acid,,0.55,2,accudyne_solvents,,
Methanol (methyl alcohol),67-56-1,,CH4O,15.1,12.3,22.3,32.04,,,40.7,alcohol,,0.7,4,accudyne_solvents,,
Methoxy Methanol,4461-52-3,,,16.0,9.0,18.5,,,,,alcohol,,0.4,1,hspip_solvents,,
Methoxyhexanone (Pentoxone),107-70-0,,,15.3,6.0,5.9,,,,143.5,other,,0.55,2,hansen_a1,,
Methyl 1-Propenyl Ether,7319-16-6,,,15.0,4.3,5.7,,,,93.5,ether,,0.55,2,hansen_a1,,
Methyl acetate,79-20-9,,C3H6O2,15.5,7.2,7.6,74.08,,,79.7,ester,,0.7,3,accudyne_solvents,,
Methyl Aceto Acetate,105-45-3,,,16.4,8.6,8.9,,,,108.3,ester,,0.55,2,hansen_a1,,
Methyl Acetylene,74-99-7,,,15.1,3.8,9.2,,,,59.6,other,,0.55,2,hansen_a1,,
Methyl Acrylate,96-33-3,,,15.3,6.7,9.4,,,,90.3,ester,,0.55,2,hansen_a1,,
Methyl Allyl Cyanide,16529-56-9,,,16.4,11.3,5.1,,,,97.7,nitrile,,0.55,2,hansen_a1,,
Methyl Amine,74-89-5,,,13.0,7.3,17.3,,,,44.4,amine,,0.55,2,hansen_a1,,
Methyl Amyl Acetate,108-84-9,,,15.2,3.1,6.8,,,,167.4,ester,,0.55,2,hansen_a1,,
Methyl Benzoate,93-58-3,,,18.9,8.2,4.7,,,,124.9,ester,,0.55,2,hansen_a1,,
Methyl Bromide,74-83-9,,,17.0,8.8,2.6,,,,56.8,halogenated,,0.55,2,hansen_a1,,
Methyl Butyl K etone,591-78-6,,,15.3,6.1,4.1,,,,123.6,other,,0.55,2,hansen_a1,,
Methyl Chloride,74-87-3,,,15.3,6.1,3.9,,,,55.4,halogenated,,0.55,2,hansen_a1,,
Methyl Chloroformate,79-22-1,,,16.3,9.5,8.5,,,,77.3,ester,,0.55,2,hansen_a1,,
Methyl Cyanoacetate,105-34-0,,,16.8,14.8,9.1,,,,88.3,ester,,0.55,2,hansen_a1,,
Methyl Cyclohexane,108-87-2,,,16.0,0.0,1.0,,,,128.3,hydrocarbon,,0.55,2,hansen_a1,,
Methyl Cyclopentane,96-37-7,,,16.0,0.0,1.0,,,,,hydrocarbon,,0.4,1,hspip_solvents,,
Methyl Ethyl Ether,540-67-0,,,14.7,4.9,6.2,,,,84.1,ether,,0.55,2,hansen_a1,,
Methyl Ethyl Ketone,,,,16.0,9.0,5.1,,,,90.1,ketone,,0.25,1,hansen_a1,,
Methyl Ethyl Ketoxime,96-29-7,,,14.7,4.9,7.8,,,,94.8,other,,0.55,2,hansen_a1,,
Methyl Formate,107-31-3,,,15.3,8.4,10.2,,,,62.2,ester,,0.55,2,hansen_a1,,
Methyl Furoate,611-13-2,,,17.4,6.9,9.7,,,,107.0,other,,0.55,2,hansen_a1,,
Methyl Glyoxal,78-98-8,,,15.5,16.1,9.7,,,,68.9,other,,0.55,2,hansen_a1,,
Methyl Hydrazine,60-34-4,,,16.2,8.7,14.8,,,,52.7,other,,0.55,2,hansen_a1,,
Methyl Hydroperoxide,3031-73-0,,,15.0,15.0,30.0,,,,24.1,other,,0.55,2,hansen_a1,,
Methyl Iodide,74-88-4,,,17.5,7.7,5.3,,,,62.3,other,,0.55,2,hansen_a1,,
Methyl Isoamyl K etone,110-12-3,,,16.0,5.7,4.1,,,,142.8,other,,0.55,2,hansen_a1,,
Methyl Isobutyl Carbinol,108-11-2,,,15.4,3.3,12.3,,,,127.2,other,,0.55,2,hansen_a1,,
Methyl Isobutyl Ketone,,,,15.3,6.1,4.1,,,,125.8,ketone,,0.25,1,hansen_a1,,
Methyl Isocyanate,624-83-9,,,15.6,7.3,2.5,,,,61.8,other,,0.55,2,hansen_a1,,
Methyl Isopropenyl Ketone,814-78-8,,,15.9,12.1,4.5,,,,99.3,ketone,,0.55,2,hansen_a1,,
Methyl Isothiocyanate,556-61-6,,,17.3,16.2,10.1,,,,68.4,other,,0.55,2,hansen_a1,,
Methyl Mercaptan,74-93-1,,,16.6,7.7,8.6,,,,54.1,sulfur compound,,0.55,2,hansen_a1,,
Methyl methacrylate,80-62-6,,C5H8O2,15.8,6.5,5.4,100.12,,,106.1,ester,,0.7,3,accudyne_solvents,,
Methyl n-Amyl K etone,,,,16.2,5.7,4.1,,,,139.8,other,,0.25,1,hansen_a1,,
Methyl n-Propyl Ketone,107-87-9,,,16.0,7.6,4.7,,,,106.7,ketone,,0.55,2,hansen_a1,,
Methyl Nitrate,598-58-3,,,15.8,14.0,4.8,,,,63.8,other,,0.55,2,hansen_a1,,
Methyl Oleate,112-62-9,,,14.5,3.9,3.7,,,,340.0,other,,0.55,2,hansen_a1,,
Methyl Phenyl Sulfid,,,,19.6,4.8,4.7,,,,117.4,aromatic,,0.25,1,hansen_a1,,
Methyl Phenyl Sulfide,100-68-5,,,19.6,4.8,4.7,,,,,aromatic,,0.4,1,hspip_solvents,,
Methyl Phenyl Sulfone,3112-85-4,,,20.0,16.9,7.8,,,,124.6,sulfoxide,,0.55,2,hansen_a1,,
Methyl Phosphonic Difluorid,,,,14.0,14.0,8.4,,,,73.9,other,,0.25,1,hansen_a1,,
Methyl Phosphonic Difluoride,676-99-3,,,14.0,14.0,8.4,,,,,other,,0.4,1,hspip_solvents,,
Methyl Propionate,554-12-1,,,15.5,6.5,7.7,,,,96.8,ester,,0.55,2,hansen_a1,,
Methyl Riboside,,,,17.0,12.0,32.8,,,,,other,,0.25,1,hspip_solvents,,
Methyl Salicylate,119-36-8,,,18.1,8.0,13.9,,,,129.6,other,,0.55,2,hansen_a1,,
Methyl Silane,992-94-9,,,15.5,3.3,0.0,,,,71.0,other,,0.55,2,hansen_a1,,
Methyl Sulfolane,872-93-5,,,19.4,17.4,5.3,,,,112.7,sulfoxide,,0.55,2,hansen_a1,,
Methyl Thiocyanate,556-64-9,,,17.3,15.0,6.0,,,,68.5,other,,0.55,2,hansen_a1,,
Methyl Vinyl Ether,107-25-5,,,14.9,5.3,6.3,,,,75.2,ether,,0.55,2,hansen_a1,,
Methyl Vinyl Ketone,78-94-4,,,15.6,12.5,5.0,,,,81.2,ketone,,0.55,2,hansen_a1,,
Methyl Vinyl Sulfid,,,,16.4,4.9,6.0,,,,82.1,other,,0.25,1,hansen_a1,,
Methyl Vinyl Sulfide,1822-74-8,,,16.4,4.9,6.0,,,,,sulfur compound,,0.4,1,hspip_solvents,,
Methyl Vinyl Sulfone,3680-02-2,,,16.8,19.6,4.8,,,,87.6,sulfoxide,,0.55,2,hansen_a1,,
Methyl-1-Propynyl Ether,13169-01-2,,,15.7,6.3,5.9,,,,85.4,ether,,0.55,2,hansen_a1,,
Methyl-4-Toluenesulfonate,80-48-8,,,19.6,15.3,3.8,,,,152.6,aromatic,,0.55,2,hansen_a1,,
Methyl-p-Toluate,99-75-2,,,19.0,6.5,3.8,,,,140.4,other,,0.55,2,hansen_a1,,
Methyl-t-Butyl Ether,1634-04-4,,,14.8,4.3,5.0,,,,119.8,ether,,0.55,2,hansen_a1,,
Methylal (Dimethoxymethane),,,,15.0,1.8,8.6,,,,169.4,other,,0.25,1,hansen_a1,,
Methylene Dichloride,75-09-2,,,18.2,6.3,6.1,,,,63.9,halogenated,,0.4,1,hansen_a1,,
Methylene Diiodide,,,,17.8,3.9,5.5,,,,80.5,other,,0.25,1,hansen_a1,,
Mono 2-Ethyl-Hexyl Phthalate (MEHP) Phthalic acid mono-(2-,,,,17.3,6.2,6.8,,,,265.0,ester,,0.25,1,hansen_a1,,
Morpholine,110-91-8,,C4H9NO,18.8,4.9,9.2,87.12,,,87.1,amine,,0.7,3,accudyne_solvents,,
Morpholine/Acetic Acid,,,,17.2,20.3,18.4,,,,,amine,,0.25,1,hansen_a1,,
"N,N,N,N-Tetramethylthiourea",2782-91-4,,,17.3,6.0,10.5,,,,132.2,other,,0.55,2,hansen_a1,,
"N,N-Dibutyl Formamide",761-65-9,,,15.5,8.9,6.2,,,,182.0,amide,,0.55,2,hansen_a1,,
"N,N-Dichloroethyl Amine",334-22-5,,,16.8,7.6,7.7,,,,98.3,amine,,0.55,2,hansen_a1,,
"N,N-Dichloromethyl Amine",7651-91-4,,,16.8,7.6,8.0,,,,90.8,amine,,0.55,2,hansen_a1,,
"N,N-Diethyl Acetamide",685-91-6,,,16.4,11.3,7.5,,,,124.5,amide,,0.55,2,hansen_a1,,
"N,N-Diethyl Formamide",617-84-5,,,16.4,11.4,9.2,,,,111.4,amide,,0.55,2,hansen_a1,,
"N,N-Dimethyl Acetamide",127-19-5,,,16.8,11.5,10.2,,,,92.5,amide,,0.55,2,hansen_a1,,
"N,N-Dimethyl Butyramide",760-79-2,,,16.4,10.6,7.4,,,,127.8,other,,0.55,2,hansen_a1,,
"N,N-Dimethylformamide (DMF)",68-12-2,,C3H7NO,17.4,13.7,11.3,73.09,,,77.0,amide,,0.55,2,accudyne_solvents,,
N-(2-Hydroxyethyl)-2-Pyrrolidone,3445-11-2,,,18.0,9.2,15.7,,,,113.4,amide,,0.55,2,hansen_a1,,
N-Acetyl Caprolactam,1888-91-1,,,18.9,8.7,4.8,,,,155.0,amide,,0.55,2,hansen_a1,,
N-Acetyl Morpholine,1696-20-4,,,18.3,5.3,7.8,,,,115.6,amine,,0.55,2,hansen_a1,,
N-Acetyl Piperidine,618-42-8,,,18.5,10.0,6.5,,,,125.8,amine,,0.55,2,hansen_a1,,
N-Acetyl Pyrrolidone,932-17-2,,,17.8,13.1,8.3,,,,127.0,amide,,0.55,2,hansen_a1,,
N-Benzyl Pyrrolidone,5291-77-0,,,18.2,6.1,5.6,,,,160.0,amide,,0.55,2,hansen_a1,,
n-Butyl Acetate,,,,15.8,3.7,6.3,,,,132.5,ester,,0.25,1,hansen_a1,,
n-Butyl Aceto Acetate,591-60-6,,,16.6,5.8,7.3,,,,164.3,ester,,0.55,2,hansen_a1,,
n-Butyl Acrylate,141-32-2,,,15.6,6.2,4.9,,,,143.8,ester,,0.55,2,hansen_a1,,
n-Butyl Amine,109-73-9,,,16.2,4.5,8.0,,,,99.0,amine,,0.55,2,hansen_a1,,
N-Butyl Amine/Acetic Acid,,,,16.0,20.3,18.4,,,,,amine,,0.25,1,hansen_a1,,
n-Butyl Butyrate,109-21-7,,,15.6,2.9,5.6,,,,166.7,ester,,0.55,2,hansen_a1,,
n-Butyl Cyclohexane,1678-93-9,,,16.2,0.0,0.6,,,,176.7,hydrocarbon,,0.55,2,hansen_a1,,
n-Butyl Cyclopentane,2040-95-1,,,16.4,0.0,1.0,,,,162.0,hydrocarbon,,0.55,2,hansen_a1,,
n-Butyl Methacrylate,97-88-1,,,15.6,6.4,6.6,,,,159.4,ester,,0.55,2,hansen_a1,,
n-Butyl Propionate,590-01-2,,,15.7,5.5,5.9,,,,149.7,ester,,0.55,2,hansen_a1,,
N-Butyl Pyrrolidone,,,,17.5,9.9,5.8,,,,148.0,amide,,0.25,1,hansen_a1,,
n-Butyl Salicylate,2052-14-4,,,17.9,4.8,11.7,,,,181.7,other,,0.55,2,hansen_a1,,
n-Butylbenzene,104-51-8,,,17.4,0.1,1.1,,,,157.0,aromatic,,0.55,2,hansen_a1,,
n-Butyramide,541-35-5,,,16.9,13.7,12.3,,,,98.4,other,,0.55,2,hansen_a1,,
N-Chlorodimethylamine,1585-74-6,,,16.0,7.8,7.9,,,,87.4,amine,,0.55,2,hansen_a1,,
N-Cyclohexyl-2-Pyrrolidone,6837-24-7,,,18.2,6.8,6.5,,,,163.0,amide,,0.55,2,hansen_a1,,
N-Ethyl Formamide,627-45-2,,,17.2,10.0,14.0,,,,76.5,amide,,0.55,2,hansen_a1,,
N-Ethyl-2-Pyrrolidone,2687-91-4,,,18.0,12.0,7.0,,,,113.9,amide,,0.55,2,hansen_a1,,
N-Formyl Hexamethylene Imine,25114-81-2,,,18.5,10.4,7.6,,,,127.0,other,,0.55,2,hansen_a1,,
N-Formyl Piperidine,2591-86-8,,,18.7,10.6,7.8,,,,111.5,amine,,0.55,2,hansen_a1,,
n-Heptane,142-85-5,,C7H16,15.3,0.0,0.0,100.21,,,147.4,hydrocarbon,,0.4,1,accudyne_solvents,,
n-Heptyl Acetate,112-06-1,,,15.8,2.9,5.5,,,,181.1,ester,,0.55,2,hansen_a1,,
n-Hexane,,,,14.9,0.0,0.0,,,,131.6,hydrocarbon,,0.25,1,hansen_a1,,
N-Methyl Acetamide,79-16-3,,,16.9,18.7,13.9,,,,76.9,amide,,0.55,2,hansen_a1,,
N-Methyl Formamide,123-39-7,,,17.4,18.8,15.9,,,,59.1,amide,,0.55,2,hansen_a1,,
N-Methyl Morpholine-N-Oxide,7529-22-8,,,19.0,16.1,10.2,,,,97.6,amine,,0.55,2,hansen_a1,,
N-Methyl Pyrrolidine,120-94-5,,,17.0,2.8,6.9,,,,104.0,other,,0.55,2,hansen_a1,,
N-Methyl-2-pyrrolidine,872-50-4,,C5H9NO,18.0,12.3,7.2,99.13,,,96.5,other,,0.55,2,accudyne_solvents,,
N-Methyl-2-Pyrrolidone,,,,18.0,12.3,7.2,,,,96.5,amide,,0.25,1,hansen_a1,,
N-Methylaniline,100-61-8,,,19.5,6.0,11.5,,,,108.4,amine,,0.55,2,hansen_a1,,
N-n-Butyl Pyrrolidone,3470-98-2,,,17.5,9.9,5.8,,,,,amide,,0.4,1,hspip_solvents,,
n-Pentyl Propionate,624-54-4,,,15.8,5.2,5.7,,,,165.3,ester,,0.55,2,hansen_a1,,
n-Propyl Acetate,,,,15.3,4.3,7.6,,,,115.3,ester,,0.25,1,hansen_a1,,
n-Propyl Nitrate,627-13-4,,,15.8,11.3,4.1,,,,99.7,other,,0.55,2,hansen_a1,,
n-Propyl Propanoate,106-36-5,,,15.5,5.6,5.7,,,,,other,,0.4,1,hspip_solvents,,
n-Tetradecane,629-59-4,,,16.2,0.0,0.0,,,,261.3,hydrocarbon,,0.55,2,hansen_a1,,
Naphtha.High-Flash,8030-30-6,,,17.9,0.7,1.8,,,,181.8,hydrocarbon,,0.55,2,hansen_a1,,
Naphthalene,91-20-3,,,19.2,2.0,5.9,,,,111.5,aromatic,,0.55,2,hansen_a1,,
Nicotine,54-11-5,,,18.5,7.8,6.5,,,,160.7,other,,0.55,2,hansen_a1,,
Nitric Acid,7697-37-2,,,13.5,18.0,18.6,,,,,acid,,0.4,1,hspip_solvents,,
Nitrobenzene,98-95-3,,,20.0,8.6,4.1,,,,102.7,nitro,,0.55,2,hansen_a1,,
Nitroethane,79-24-3,,,16.0,15.5,4.5,,,,71.5,nitro,,0.55,2,hansen_a1,,
Nitroethylene,3638-64-0,,,16.3,16.6,5.0,,,,59.9,other,,0.55,2,hansen_a1,,
Nitroglycerin (Glyceryl Trinitrate),55-63-0,,,16.2,17.8,5.9,,,,142.5,other,,0.55,2,hansen_a1,,
Nitromethane,75-52-5,,CH3NO2,15.8,18.8,5.1,61.04,,,54.3,nitro,,0.7,3,accudyne_solvents,,
Nitrosobenzene,586-96-9,,,20.0,12.7,4.0,,,,89.3,aromatic,,0.55,2,hansen_a1,,
Nonane,111-84-2,,,15.7,0.0,0.0,,,,179.7,hydrocarbon,,0.55,2,hansen_a1,,
Nonyl Phenol,104-40-5,,,16.5,4.1,9.2,,,,231.0,alcohol,,0.55,2,hansen_a1,,
Nonyl Phenoxy Ethanol,27986-36-3,,,16.7,10.2,8.4,,,,275.0,alcohol,,0.55,2,hansen_a1,,
Norephedrin,299-42-3,,,18.0,10.7,24.1,,,,141.9,other,,0.55,2,hansen_a1,,
o-Bromoanisole,578-57-4,,,19.8,8.4,6.7,,,,124.5,ether,,0.55,2,hansen_a1,,
o-Bromochlorobenzene,694-80-4,,,20.3,7.7,4.6,,,,116.9,halogenated,,0.55,2,hansen_a1,,
o-Bromostyrene,2039-88-5,,,19.5,5.2,5.3,,,,130.0,halogenated,,0.55,2,hansen_a1,,
o-Bromotoluene,95-46-5,,,19.3,5.0,4.2,,,,119.0,halogenated,,0.55,2,hansen_a1,,
o-Chlorofluorobenzen,,,,19.4,8.7,2.0,,,,104.9,halogenated,,0.25,1,hansen_a1,,
o-Chlorofluorobenzene,348-51-6,,,19.4,8.7,2.0,,,,,halogenated,,0.4,1,hspip_solvents,,
o-Chlorostyrene,2039-87-4,,,18.7,4.7,3.9,,,,126.8,halogenated,,0.55,2,hansen_a1,,
o-Chlorothiophenol,6320-03-2,,,20.2,7.0,10.0,,,,113.4,alcohol,,0.55,2,hansen_a1,,
o-Chlorotoluene,95-49-8,,,19.0,4.9,2.3,,,,,halogenated,,0.4,1,hspip_solvents,,
o-Dibromobenzene,583-53-9,,,20.7,6.5,5.3,,,,120.0,halogenated,,0.55,2,hansen_a1,,
o-Dichlorobenzene,,,,19.2,6.3,3.3,,,,112.8,halogenated,,0.25,1,hansen_a1,,
o-Difluorobenzen,,,,18.0,9.0,1.0,,,,98.5,halogenated,,0.25,1,hansen_a1,,
o-Difluorobenzene,367-11-3,,,18.0,9.0,1.0,,,,,halogenated,,0.4,1,hspip_solvents,,
o-Methoxyphenol (Guaiacol),90-05-1,,,18.0,8.2,13.3,,,,109.5,alcohol,,0.55,2,hansen_a1,,
o-n-Butyltoluene,1595-11-5,,,17.6,0.1,1.0,,,,171.3,aromatic,,0.55,2,hansen_a1,,
o-Xylene,95-47-6,,C8H10,17.8,1.0,3.1,106.17,,,121.2,aromatic,,0.55,2,accudyne_solvents,,
Octadecane,593-45-3,,,16.4,0.0,0.0,,,,326.9,hydrocarbon,,0.55,2,hansen_a1,,
Octamethylcyclotetrasiloxane,556-67-2,,,12.8,1.3,1.0,,,,,other,,0.4,1,hspip_solvents,,
Octane,111-65-9,,,15.5,0.0,0.0,,,,163.5,hydrocarbon,,0.55,2,hansen_a1,,
Octanoic acid (caprylic acid),124-07-2,,C8H16O2,15.1,3.3,8.2,144.21,,,159.0,acid,,0.7,3,accudyne_solvents,,
Octyl Acetate,112-14-1,,,15.8,2.9,5.1,,,,196.0,ester,,0.55,2,hansen_a1,,
Oleic Acid,112-80-1,,,16.0,2.8,6.2,,,,317.0,acid,,0.55,2,hansen_a1,,
Oleyl Alcohol,143-28-2,,,14.3,2.6,8.0,,,,316.0,alcohol,,0.55,2,hansen_a1,,
OS-10 (Hexamethyldisiloxane),107-46-0,,,12.6,2.0,0.0,,,,,other,,0.4,1,hspip_solvents,,
OS-20 (Octamethyltrisiloxane),107-51-7,,,12.2,1.8,0.0,,,,,other,,0.4,1,hspip_solvents,,
OS-30 (Decamethyltetrasiloxane),141-62-8,,,11.7,2.4,0.0,,,,,other,,0.4,1,hspip_solvents,,
Oxalic Acid,144-62-7,,,17.0,14.3,22.0,,,,47.4,acid,,0.55,2,hansen_a1,,
Oxalylchloride,79-37-8,,,16.1,3.8,7.5,,,,85.8,halogenated,,0.55,2,hansen_a1,,
Oxetane (Trimethylene Oxide),503-30-0,,,18.0,9.1,5.4,,,,65.0,other,,0.55,2,hansen_a1,,
Ozone,10028-15-6,,,19.8,4.2,0.0,,,,24.0,other,,0.55,2,hansen_a1,,
p-Anisidine (Methoxy Aniline),104-94-9,,,19.9,6.5,11.3,,,,113.3,amine,,0.55,2,hansen_a1,,
p-Bromobenzonitrile,623-00-7,,,20.4,9.3,5.8,,,,113.8,nitrile,,0.55,2,hansen_a1,,
p-Bromobenzoyl Chloride,586-75-4,,,20.2,6.5,5.5,,,,137.2,halogenated,,0.55,2,hansen_a1,,
p-Bromonitrobenzene,586-78-7,,,20.9,9.9,5.9,,,,103.7,nitro,,0.55,2,hansen_a1,,
p-Bromotoluene,106-38-7,,,19.3,6.8,4.1,,,,122.9,halogenated,,0.55,2,hansen_a1,,
p-Chloro Acetophenone,99-91-2,,,19.6,7.6,4.0,,,,129.7,ketone,,0.55,2,hansen_a1,,
p-Chlorobenzoyl Chloride,122-01-0,,,19.9,6.7,5.1,,,,127.1,halogenated,,0.55,2,hansen_a1,,
p-Chloronitrobenzene,100-00-5,,,20.4,9.6,4.2,,,,103.7,nitro,,0.55,2,hansen_a1,,
p-Chlorostyrene,1073-67-2,,,18.7,4.3,3.9,,,,128.3,halogenated,,0.55,2,hansen_a1,,
p-Chlorotoluene,106-43-4,,,19.1,6.2,2.6,,,,118.3,halogenated,,0.55,2,hansen_a1,,
p-Coumaryl Alcohol,3690-05-9,,,19.1,7.0,17.3,,,,136.5,alcohol,,0.55,2,hansen_a1,,
p-Dichlorobenzene,106-46-7,,,19.7,5.6,2.7,,,,118.6,halogenated,,0.55,2,hansen_a1,,
p-Diethyl Benzene,105-05-5,,,18.0,0.0,0.6,,,,156.9,aromatic,,0.55,2,hansen_a1,,
p-Divinyl Benzene,105-06-6,,,18.6,1.0,7.0,,,,142.8,aromatic,,0.55,2,hansen_a1,,
p-Fluoroanisole,459-60-9,,,18.7,7.3,6.7,,,,113.2,ether,,0.55,2,hansen_a1,,
p-n-Butyltoluene,1595-05-7,,,17.4,0.1,1.0,,,,174.2,aromatic,,0.55,2,hansen_a1,,
p-Nitro Toluene,99-99-0,,,20.1,9.6,3.9,,,,98.5,aromatic,,0.55,2,hansen_a1,,
p-Xylene,106-42-3,,C8H10,17.6,1.0,3.1,106.17,,,123.2,aromatic,,0.55,2,accudyne_solvents,,
Paracetamol,103-90-2,,,17.8,10.5,13.9,,,,151.2,other,,0.55,2,hansen_a1,,
Paraldehyde,123-63-7,,,16.6,7.5,7.3,,,,132.4,aldehyde,,0.55,2,hansen_a1,,
Paraquat,4685-14-7,,,19.5,8.8,5.9,,,,,other,,0.4,1,hspip_solvents,,
"Paraquat 1,1'-Dimethyl-4,4'-",,,,19.5,8.8,5.9,,,,205.7,other,,0.25,1,hansen_a1,,
Pentachloro Ethane,76-01-7,,,18.2,3.2,2.4,,,,120.9,halogenated,,0.55,2,hansen_a1,,
Pentachlorocyclopropane,6262-51-7,,,18.5,10.5,3.7,,,,128.5,halogenated,,0.55,2,hansen_a1,,
Pentachlorophenol,87-86-5,,,21.5,6.9,12.8,,,,134.7,alcohol,,0.55,2,hansen_a1,,
Pentafluorobenzophenon,,,,19.3,8.1,5.4,,,,185.5,halogenated,,0.25,1,hansen_a1,,
Pentafluorobenzophenone,652-29-9,,,19.3,8.1,5.4,,,,,halogenated,,0.4,1,hspip_solvents,,
Pentamethylene Sulfid,,,,18.5,6.3,8.9,,,,103.6,other,,0.25,1,hansen_a1,,
Pentanal (Valeraldehyde),110-62-3,,,15.7,9.4,5.8,,,,106.4,aldehyde,,0.55,2,hansen_a1,,
Pentane,109-66-0,,,14.5,0.0,0.0,,,,116.2,hydrocarbon,,0.55,2,hansen_a1,,
Pentanoic Acid,109-52-4,,,15.0,4.1,10.3,,,,109.2,acid,,0.55,2,hansen_a1,,
Perfluoro Dimet ylcyclohexane,,,,12.4,0.0,0.0,,,,217.4,fluorinated,,0.25,1,hansen_a1,,
Perfluoro Dimethylcyclohexane,374-77-6,,,12.4,0.0,0.0,,,,,fluorinated,,0.4,1,hspip_solvents,,
Perfluoro Ethylene (Tetrafluoro Ethylene,116-14-3,,,15.1,0.0,0.0,,,,,fluorinated,,0.4,1,hspip_solvents,,
Perfluoro Ethylene (Tetrafluoro Ethylene),,,,15.1,0.0,0.0,,,,65.8,fluorinated,,0.25,1,hansen_a1,,
Perfluorobutane,355-25-9,,,10.6,0.0,0.0,,,,,fluorinated,,0.4,1,hspip_solvents,,
Perfluoroheptane,335-57-9,,,12.0,0.0,0.0,,,,227.3,fluorinated,,0.55,2,hansen_a1,,
Perfluorohexane (PFC 5060),355-42-0,,,12.1,0.0,0.0,,,,,fluorinated,,0.4,1,hspip_solvents,,
Perfluoromet ylcyclohexane,,,,12.4,0.0,0.0,,,,196.0,fluorinated,,0.25,1,hansen_a1,,
Perfluoromethylcyclohexane,355-02-2,,,12.4,0.0,0.0,,,,,fluorinated,,0.4,1,hspip_solvents,,
Perfluoropentane (PFC 5050),678-26-2,,,11.3,0.0,0.0,,,,,fluorinated,,0.4,1,hspip_solvents,,
Phenetole (Ethyl Phenyl Ether),103-73-1,,,18.4,4.5,4.0,,,,127.3,ether,,0.55,2,hansen_a1,,
Phenol,108-95-2,,,18.0,5.9,14.9,,,,87.5,alcohol,,0.55,2,hansen_a1,,
Phenoxyethanol (ethylene glycol monophenyl ether),122-99-6,,C8H10O2,17.8,5.7,14.3,138.16,,,125.3,alcohol,,0.55,2,accudyne_solvents,,
Phenyl Acetate,122-79-2,,,19.8,5.2,6.4,,,,126.9,ester,,0.55,2,hansen_a1,,
Phenyl Acetonitrile,140-29-4,,,19.5,12.3,3.8,,,,114.9,nitrile,,0.55,2,hansen_a1,,
Phenyl Acetylene,536-74-3,,,18.8,2.8,4.0,,,,109.1,aromatic,,0.55,2,hansen_a1,,
Phenylhydrazine,100-63-0,,,20.4,6.5,14.0,,,,98.5,aromatic,,0.55,2,hansen_a1,,
Phosgene,75-44-5,,,16.4,5.3,5.3,,,,71.7,other,,0.55,2,hansen_a1,,
Phosphoric Acid,7664-38-2,,,14.7,18.6,26.8,,,,52.8,acid,,0.55,2,hansen_a1,,
Phosphorous Oxychloride,10025-87-3,,,18.1,9.3,0.0,,,,,halogenated,,0.4,1,hspip_solvents,,
Phosphorous Oxychloride (Phosphoryl,,,,18.1,9.3,0.0,,,,93.2,halogenated,,0.25,1,hansen_a1,,
Phosphorus Trichloride,7719-12-2,,,18.4,3.6,0.0,,,,87.3,halogenated,,0.55,2,hansen_a1,,
Phthalic Anhydride,85-44-9,,,20.6,20.1,10.1,,,,96.8,other,,0.55,2,hansen_a1,,
"Picric Acid (2,4,6-Trinitrophenol)",88-89-1,,,19.2,7.0,6.0,,,,130.0,alcohol,,0.55,2,hansen_a1,,
Pine Oil,8006-88-0,,,15.6,3.0,9.8,,,,155.0,other,,0.55,2,hansen_a1,,
Piperazine,110-85-0,,,18.1,5.6,8.0,,,,97.9,amine,,0.55,2,hansen_a1,,
Piperidine,110-89-4,,,17.6,4.5,8.9,,,,98.9,amine,,0.55,2,hansen_a1,,
Propane,74-98-6,,,13.4,0.0,0.0,,,,89.5,hydrocarbon,,0.55,2,hansen_a1,,
Propargyl Acetate,627-09-8,,,16.3,5.2,8.3,,,,98.8,ester,,0.55,2,hansen_a1,,
Propargylaldehyde,624-67-9,,,16.2,11.9,8.7,,,,60.0,aldehyde,,0.55,2,hansen_a1,,
Propionaldehyde,123-38-6,,,15.3,11.1,6.9,,,,73.4,aldehyde,,0.55,2,hansen_a1,,
"Propionaldehyde-2,3-Epoxy",765-34-4,,,17.5,13.4,9.8,,,,63.2,aldehyde,,0.55,2,hansen_a1,,
Propionamide,79-05-0,,,16.7,9.8,11.5,,,,78.9,other,,0.55,2,hansen_a1,,
Propionic Acid,79-09-4,,,14.7,5.3,12.4,,,,75.0,acid,,0.55,2,hansen_a1,,
Propionic Anhydride,123-62-6,,,16.2,10.0,8.7,,,,129.4,other,,0.55,2,hansen_a1,,
Propionitrile,107-12-0,,,15.3,14.3,5.5,,,,70.9,nitrile,,0.55,2,hansen_a1,,
Propionylchloride,79-03-8,,,16.1,10.3,5.3,,,,86.9,halogenated,,0.55,2,hansen_a1,,
Propyl acetate (propyl ethanoate),109-60-4,,C5H10O2,15.3,4.3,7.6,102.13,,,115.3,ester,,0.55,2,accudyne_solvents,,
Propyl Amine,107-10-8,,,16.9,4.9,8.6,,,,83.0,amine,,0.55,2,hansen_a1,,
Propyl Chloride,540-54-5,,,16.0,7.8,2.0,,,,88.1,halogenated,,0.55,2,hansen_a1,,
Propyl Formate,110-74-7,,,15.5,7.1,8.6,,,,97.9,ester,,0.55,2,hansen_a1,,
Propyl Methacrylate,2210-28-8,,,15.5,6.3,6.6,,,,158.8,ester,,0.55,2,hansen_a1,,
Propylene,115-07-1,,,15.1,1.6,1.5,,,,68.8,other,,0.55,2,hansen_a1,,
Propylene carbonate,108-32-7,,C4H6O3,20.0,18.0,4.1,102.09,,,85.0,ester,,0.7,3,accudyne_solvents,,
Propylene Chlorohydrin,127-00-4,,,16.8,9.8,15.3,,,,85.4,halogenated,,0.55,2,hansen_a1,,
Propylene Glycol,,,,16.8,9.4,23.3,,,,73.6,alcohol,,0.25,1,hansen_a1,,
Propylene Glycol Mono-t-Butyl Ether,57018-52-7,,,15.3,6.1,10.8,,,,151.6,alcohol,,0.55,2,hansen_a1,,
Propylene Glycol Monob utyl Ether,5131-66-8,,,15.3,4.5,9.2,,,,132.0,alcohol,,0.55,2,hansen_a1,,
Propylene Glycol Monoeth yl Ether,1569-02-4,,,15.7,6.5,10.5,,,,115.6,alcohol,,0.55,2,hansen_a1,,
Propylene Glycol Monoethyl Ether Acetate,54839-24-6,,,15.6,6.3,7.7,,,,,alcohol,,0.4,1,hspip_solvents,,
Propylene Glycol Monoisob utyl Ether,23436-19-3,,,15.1,4.7,9.8,,,,132.2,alcohol,,0.55,2,hansen_a1,,
Propylene Glycol Monoisoprop yl Ether,3944-36-3,,,15.5,6.1,11.0,,,,134.6,alcohol,,0.55,2,hansen_a1,,
Propylene Glycol Monometh yl Ether,107-98-2,,,15.6,6.3,11.6,,,,93.8,alcohol,,0.55,2,hansen_a1,,
Propylene Glycol Monomethyl Ether Acetate,108-65-6,,,15.6,5.6,9.8,,,,,alcohol,,0.4,1,hspip_solvents,,
Propylene Glycol Monophen yl Ether,770-35-4,,,17.4,5.3,11.5,,,,143.2,alcohol,,0.55,2,hansen_a1,,
Propylene Glycol Monoprop yl Ether,1569-01-3,,,15.8,7.0,9.2,,,,130.3,alcohol,,0.55,2,hansen_a1,,
Propylene Imine (2-Methyl Aziridine),75-55-8,,,18.1,8.4,6.5,,,,71.2,other,,0.55,2,hansen_a1,,
Propylene Oxide,75-56-9,,,15.2,8.6,6.7,,,,67.6,other,,0.55,2,hansen_a1,,
Propynonitrile,1070-71-9,,,15.5,17.0,6.3,,,,62.5,nitrile,,0.55,2,hansen_a1,,
Pulegone,89-82-7,,,17.5,8.9,5.5,,,,162.9,other,,0.55,2,hansen_a1,,
Purine,120-73-0,,,20.5,11.7,14.2,,,,,other,,0.4,1,hspip_solvents,,
Pyrazole,288-13-1,,,20.2,10.4,12.4,,,,68.1,other,,0.55,2,hansen_a1,,
Pyridazine,289-80-5,,,20.2,17.4,11.7,,,,72.6,other,,0.55,2,hansen_a1,,
Pyridine,110-86-1,,C5H5N,19.0,8.8,5.9,79.1,,,80.9,amine,,0.7,3,accudyne_solvents,,
Pyrimidine,289-95-2,,,20.5,9.4,11.3,,,,,other,,0.4,1,hspip_solvents,,
"Pyrogallol (1,2,3-Trihydroxybenzene)",87-66-1,,,20.7,10.7,21.1,,,,87.0,aromatic,,0.55,2,hansen_a1,,
Pyrrole,109-97-7,,,19.2,7.4,6.7,,,,69.2,heterocyclic,,0.55,2,hansen_a1,,
Pyrrolidine,123-75-1,,,17.9,6.5,7.4,,,,83.5,other,,0.55,2,hansen_a1,,
Pyruvonitrile,631-57-2,,,15.9,18.9,8.0,,,,70.9,nitrile,,0.55,2,hansen_a1,,
Quinine,130-95-0,,,19.0,6.6,11.0,,,,310.7,other,,0.55,2,hansen_a1,,
Quinoline,91-22-5,,,19.8,5.6,5.7,,,,118.0,heterocyclic,,0.55,2,hansen_a1,,
Saccharin,81-07-2,,,21.0,13.9,8.8,,,,206.8,other,,0.55,2,hansen_a1,,
Salicylaldehyde,90-02-8,,,19.4,10.7,14.7,,,,104.6,aldehyde,,0.55,2,hansen_a1,,
Salicylic Acid,69-72-7,,,19.4,10.1,17.4,,,,95.7,acid,,0.55,2,hansen_a1,,
Sebacic Acid,111-20-6,,,17.1,7.1,11.7,,,,167.6,acid,,0.55,2,hansen_a1,,
Sec-Butyl Acetate,105-46-4,,,15.0,3.7,7.6,,,,133.6,ester,,0.55,2,hansen_a1,,
Serotonin,50-67-9,,,18.0,8.2,14.4,,,,144.4,other,,0.55,2,hansen_a1,,
Sinapyl Alcohol,537-33-7,,,19.2,7.3,16.1,,,,194.6,alcohol,,0.55,2,hansen_a1,,
Skatole,83-34-1,,,20.0,7.1,6.2,,,,122.6,other,,0.55,2,hansen_a1,,
Spermidin,124-20-9,,,16.7,11.2,12.0,,,,155.6,other,,0.55,2,hansen_a1,,
Stearic Acid,57-11-4,,,16.3,3.3,5.5,,,,326.0,acid,,0.55,2,hansen_a1,,
Styrene (phenylethene),100-42-5,,C8H8,18.6,1.0,4.1,104.15,,,115.6,aromatic,,0.7,3,accudyne_solvents,,
Styrene Oxide (Phen yl Oxirane),96-09-3,,,19.4,5.8,6.6,,,,114.2,aromatic,,0.55,2,hansen_a1,,
Succinaldehyde (Butanedial),638-37-9,,,16.8,9.8,10.5,,,,81.2,hydrocarbon,,0.55,2,hansen_a1,,
Succinic Anhydride,108-30-5,,,18.6,19.2,16.6,,,,66.8,other,,0.55,2,hansen_a1,,
Succinonitrile,110-61-2,,,17.9,16.2,7.9,,,,81.2,nitrile,,0.55,2,hansen_a1,,
Sulfanilamide,63-74-1,,,20.0,19.5,10.7,,,,159.5,other,,0.55,2,hansen_a1,,
Sulfolane,126-33-0,,,20.3,18.2,10.9,,,,95.7,sulfoxide,,0.55,2,hansen_a1,,
Sulfur Dicyanide,627-52-1,,,18.1,13.5,0.0,,,,60.0,nitrile,,0.55,2,hansen_a1,,
Sulfur Dioxide,7446-09-5,,,15.8,8.4,10.0,,,,44.0,other,,0.55,2,hansen_a1,,
Sulfuryl Chloride,7791-25-5,,,17.6,7.2,0.0,,,,81.0,halogenated,,0.55,2,hansen_a1,,
t-Butyl Acetate,540-88-5,,,15.0,3.7,6.0,,,,,ester,,0.4,1,hspip_solvents,,
t-Butyl Alcohol,75-65-0,,,15.2,5.1,14.7,,,,95.8,alcohol,,0.55,2,hansen_a1,,
Terephthalic Acid,100-21-0,,,18.8,6.1,10.7,,,,166.0,acid,,0.55,2,hansen_a1,,
tert-Butyl Acetate,,,,15.4,6.2,6.2,,,,134.1,ester,,0.25,1,hansen_a1,,
Tetrabromo Bisphenol A,79-94-7,,,20.2,9.1,13.8,,,,249.5,alcohol,,0.55,2,hansen_a1,,
Tetrachloroethylene,127-18-4,,,18.3,5.7,0.0,,,,101.2,halogenated,,0.55,2,hansen_a1,,
Tetrachloromethane (carbon tetrachloride),56-23-5,,CCl4,16.1,8.3,0.0,153.82,,,97.1,halogenated,,0.7,3,accudyne_solvents,,
Tetraethylorthosilicate,78-10-4,,,13.9,4.3,0.6,,,,224.0,other,,0.55,2,hansen_a1,,
Tetrahydrofuran,109-99-9,,C4H8O,16.8,5.7,8.0,72.11,,,81.7,ether,,0.7,3,accudyne_solvents,,
Tetrahydrofurfuryl Alcohol,97-99-4,,,17.8,8.2,10.2,,,,97.0,alcohol,,0.55,2,hansen_a1,,
Tetrahydronaphthalene,119-64-2,,,19.6,2.0,2.9,,,,136.0,aromatic,,0.55,2,hansen_a1,,
Tetrahydropyran,142-68-7,,,16.4,6.3,6.0,,,,97.8,ether,,0.55,2,hansen_a1,,
Tetrahydrothiapyran,1613-51-0,,,18.5,6.3,8.9,,,,103.6,other,,0.55,2,hansen_a1,,
Tetramethylene Sulfid,,,,18.6,6.7,9.1,,,,88.3,other,,0.25,1,hansen_a1,,
Tetramethylene Sulfide,110-01-0,,,18.6,6.7,6.0,,,,,sulfur compound,,0.4,1,hspip_solvents,,
Tetramethylene Sulfone (Sulfolane),,,,20.3,18.2,10.9,,,,95.7,sulfoxide,,0.25,1,hansen_a1,,
Tetramethylene Sulfoxide,1600-44-8,,,18.2,11.0,9.1,,,,90.0,sulfoxide,,0.55,2,hansen_a1,,
Tetramethylurea,632-22-4,,,16.7,8.2,11.0,,,,120.4,other,,0.55,2,hansen_a1,,
Tetranitromethane,509-14-8,,,15.5,9.9,7.5,,,,119.7,nitro,,0.55,2,hansen_a1,,
Thiacyclopropane,420-12-2,,,19.3,9.1,5.0,,,,58.0,hydrocarbon,,0.4,1,hansen_a1,,
Thiazole,288-47-1,,,20.5,18.8,10.8,,,,70.9,heterocyclic,,0.55,2,hansen_a1,,
Thioacetamide,62-55-5,,,17.5,20.6,20.2,,,,75.0,amide,,0.55,2,hansen_a1,,
Thioacetic Acid,507-09-5,,,17.0,6.7,8.9,,,,71.5,acid,,0.55,2,hansen_a1,,
Thiocyanic Acid,463-56-9,,,16.8,8.9,10.9,,,,51.7,acid,,0.55,2,hansen_a1,,
Thiodiethylenglycol,111-48-8,,,17.3,8.8,19.8,,,,103.6,alcohol,,0.55,2,hansen_a1,,
Thioglycolic Acid (Mercapto Acetic,,,,16.0,8.6,14.8,,,,69.5,alcohol,,0.25,1,hansen_a1,,
Thioglycolic Acid (Mercapto Acetic Acid),68-11-1,,,16.0,13.5,20.0,,,,,alcohol,,0.4,1,hspip_solvents,,
Thionyl Chloride,7719-09-7,,,16.9,6.2,5.9,,,,79.0,halogenated,,0.55,2,hansen_a1,,
Thiophene,110-02-1,,,18.9,2.4,7.8,,,,79.0,heterocyclic,,0.55,2,hansen_a1,,
Thiophenol,108-98-5,,,20.0,4.5,10.3,,,,102.4,alcohol,,0.55,2,hansen_a1,,
Thiourea,62-56-6,,,20.0,21.7,14.8,,,,72.8,other,,0.7,3,hansen_a1,,
Thymine,65-71-4,,,19.0,20.5,13.0,,,,,other,,0.4,1,hspip_solvents,,
Thymol,89-83-8,,,19.0,4.5,10.8,,,,166.9,terpene,,0.55,2,hansen_a1,,
Tigaldehyde,497-03-0,,,16.2,12.9,6.8,,,,96.6,aldehyde,,0.55,2,hansen_a1,,
Toluene,08-88-3,,C7H81,18.0,1.4,2.0,92.13,,,106.8,aromatic,,0.7,3,accudyne_solvents,,
Tolylene Diisocyanate,86-91-9,,,19.3,7.9,6.1,,,,143.5,other,,0.55,2,hansen_a1,,
trans-Cinnamaldehyde,14371-10-9,,,19.4,12.4,6.2,,,,125.9,aldehyde,,0.55,2,hansen_a1,,
Trans-Crotononitrile,627-26-9,,,16.4,18.8,5.5,,,,81.4,nitrile,,0.55,2,hansen_a1,,
Trans-Decahydronaphthalene,493-02-7,,,18.0,0.0,0.0,,,,156.9,aromatic,,0.55,2,hansen_a1,,
Tri Butyl Phosphate,,,,16.3,6.3,4.3,,,,274.0,other,,0.25,1,hansen_a1,,
Tri-n-Butyl Acetyl Citrate,77-90-7,,,16.7,2.5,7.4,,,,384.3,ester,,0.55,2,hansen_a1,,
Tri-n-Butyl Borate,688-74-4,,,16.7,1.8,4.6,,,,269.7,other,,0.55,2,hansen_a1,,
Tri-n-Butyl Citrate,77-94-1,,,16.6,3.8,10.1,,,,345.5,ester,,0.55,2,hansen_a1,,
Tri-n-Butyl Phosphate,126-73-8,,,16.3,6.3,4.3,,,,,other,,0.4,1,hspip_solvents,,
"Triacetin (1,2,3-Propanetriol Triacetate) Acetic acid 2-acetoxy-1-",,,,16.5,4.5,9.1,,,,188.2,ester,,0.25,1,hansen_a1,,
Tribromo Ethylene,,,,18.3,9.4,8.0,,,,97.8,halogenated,,0.25,1,hansen_a1,,
Trichloro-Methyl-Silane,75-79-6,,,16.5,6.6,3.5,,,,117.4,halogenated,,0.55,2,hansen_a1,,
Trichloroacetic Acid,76-03-9,,,18.3,5.8,11.4,,,,100.2,acid,,0.55,2,hansen_a1,,
Trichloroacetonitrile,545-06-2,,,16.4,7.4,6.1,,,,100.0,nitrile,,0.55,2,hansen_a1,,
Trichlorobiphenyl,55702-46-0,,,19.2,5.3,4.1,,,,,halogenated,,0.4,1,hspip_solvents,,
"Trichloroethylene (TCE, trichloroethene)",79-01-6,,C2HCl3,18.0,3.1,5.3,131.39,,,90.2,halogenated,,0.7,3,accudyne_solvents,,
Trichlorofluoromethane (Freon 11),75-69-4,,,15.3,2.0,0.0,,,,92.8,halogenated,,0.55,2,hansen_a1,,
Trichloromethane (chloroform),67-66-3,,CHCl3,17.8,3.1,5.7,119.38,,,80.7,halogenated,,0.55,2,accudyne_solvents,,
Trichlorosilane,10025-78-2,,,14.2,3.6,3.8,,,,101.1,halogenated,,0.55,2,hansen_a1,,
Triclosan,3380-34-5,,,20.0,7.7,10.0,,,,263.0,other,,0.55,2,hansen_a1,,
Tricresyl Phosphate,1330-78-5,,,19.0,12.3,4.5,,,,316.0,other,,0.55,2,hansen_a1,,
Tricyclene,508-32-7,,,16.9,0.0,0.0,,,,161.4,other,,0.55,2,hansen_a1,,
Tridecyl Alcohol,112-70-9,,,16.2,3.1,9.0,,,,242.0,alcohol,,0.55,2,hansen_a1,,
Triethanolamine,102-71-6,,C6H15NO3,17.3,22.4,23.3,149.19,,,133.2,alcohol,,0.7,3,accudyne_solvents,,
Triethanolamine/Acetic Acid,,,,17.2,20.3,18.4,,,,,alcohol,,0.25,1,hansen_a1,,
Triethyl Citrate,77-93-0,,,16.5,4.9,12.0,,,,243.0,ester,,0.55,2,hansen_a1,,
Triethylamine,121-44-8,,,17.8,0.4,1.0,,,,138.6,amine,,0.55,2,hansen_a1,,
Triethylene Glycol,112-27-6,,,16.0,12.5,18.6,,,,114.0,alcohol,,0.55,2,hansen_a1,,
Triethylene Glycol Monometh yl Ether,112-35-6,,,16.2,7.6,12.5,,,,160.0,alcohol,,0.55,2,hansen_a1,,
Triethylene Glycol Monoole yl Ether,5274-66-8,,,16.0,3.1,8.4,,,,418.5,alcohol,,0.55,2,hansen_a1,,
Triethylphosphate,78-40-0,,,16.7,11.4,9.2,,,,171.0,other,,0.55,2,hansen_a1,,
Trifluoroacetic Aci,,,,15.6,9.9,11.6,,,,74.2,acid,,0.25,1,hansen_a1,,
Trifluoroacetic Acid,76-05-1,,,15.6,9.7,11.4,,,,,acid,,0.4,1,hspip_solvents,,
Trifluoromethane (Freon 23),75-46-7,,,14.4,8.9,6.5,,,,46.1,halogenated,,0.55,2,hansen_a1,,
Triisononyl Trimellilate,53894-23-8,,,16.6,5.7,2.2,,,,602.9,other,,0.55,2,hansen_a1,,
Triisooctyl Trimellitate,27251-75-8,,,16.6,6.0,2.5,,,,553.1,other,,0.55,2,hansen_a1,,
Trimethyl Amine,75-50-3,,,14.6,3.4,1.8,,,,90.3,amine,,0.55,2,hansen_a1,,
Trimethylbenzene,95-63-6,,,18.0,1.0,1.0,,,,137.3,aromatic,,0.55,2,hansen_a1,,
Trimethylene Sulfide,287-27-4,,,18.8,7.8,9.4,,,,,sulfur compound,,0.4,1,hspip_solvents,,
Trimethylenesulfid,,,,18.8,7.8,9.4,,,,72.8,other,,0.25,1,hansen_a1,,
Trimethylphosphate,512-56-1,,,16.7,15.9,10.2,,,,115.8,other,,0.55,2,hansen_a1,,
Trinitomethane,,,,15.5,10.3,7.3,,,,94.6,other,,0.25,1,hansen_a1,,
Trinitromethane,517-25-9,,,15.5,10.3,7.3,,,,,nitro,,0.4,1,hspip_solvents,,
Trinitrotoluene (TNT),,,,19.5,10.0,4.5,,,,137.6,nitro,,0.25,1,hansen_a1,,
Trinitrotoluene (TNT) (DM),118-96-7,,,19.5,3.5,4.4,,,,,nitro,,0.4,1,hspip_solvents,,
Trinitrotoluene (TNT) P by Dipole,,,,19.5,3.7,4.5,,,,137.6,nitro,,0.25,1,hansen_a1,,
Trioctylphosphate,1806-54-8,,,16.2,5.9,4.2,,,,469.8,other,,0.55,2,hansen_a1,,
Triphenyl Phosphate,115-86-6,,,20.1,6.4,6.8,,,,271.9,aromatic,,0.55,2,hansen_a1,,
Tripropylene Glycol Monometh yl,,,,15.3,5.5,10.4,,,,214.0,alcohol,,0.25,1,hansen_a1,,
Tripropylene Glycol Monomethyl Ether,30373-82-1,,,15.3,5.5,10.4,,,,,alcohol,,0.4,1,hspip_solvents,,
Undecane,1120-21-4,,,16.0,0.0,0.0,,,,212.7,hydrocarbon,,0.55,2,hansen_a1,,
Urea (Ro = 19.4),,,,20.9,18.7,26.4,,,,45.8,other,,0.25,1,hansen_a1,,
Urea For Ro Equal 19.4,57-13-6,,,20.9,18.7,26.4,,,,,other,,0.4,1,hspip_solvents,,
Valeronitrile,110-59-8,,,15.3,11.0,4.8,,,,103.8,nitrile,,0.55,2,hansen_a1,,
Vanillin (4-Hydroxy-3-Methoxy,,,,19.4,9.8,11.2,,,,144.1,other,,0.25,1,hansen_a1,,
Vanillin (4-Hydroxy-3-Methoxy Benzaldehy,121-33-5,,,19.4,9.8,11.2,,,,,other,,0.4,1,hspip_solvents,,
Vinyl 2-Chloro Ethyl Ether,110-75-8,,,16.3,6.7,5.8,,,,101.7,ether,,0.55,2,hansen_a1,,
Vinyl 2-Ethyl-Hexyl Ether,103-44-6,,,15.6,3.4,4.2,,,,194.2,ether,,0.55,2,hansen_a1,,
Vinyl 2-Methoxy Ethyl Ether,1663-35-0,,,15.9,6.7,6.8,,,,96.2,ether,,0.55,2,hansen_a1,,
Vinyl Acetate,108-05-4,,,16.0,7.2,5.9,,,,92.6,ester,,0.55,2,hansen_a1,,
Vinyl Acetic Acid,625-38-7,,,16.8,5.2,12.3,,,,85.3,acid,,0.4,1,hansen_a1,,
Vinyl Acetylene,689-97-4,,,15.1,1.7,12.0,,,,74.3,other,,0.55,2,hansen_a1,,
Vinyl Allyl Ether,3917-15-5,,,14.9,6.5,5.3,,,,105.4,ether,,0.55,2,hansen_a1,,
Vinyl Amine,593-67-9,,,15.7,7.2,11.8,,,,51.8,amine,,0.55,2,hansen_a1,,
Vinyl Bromide,593-60-2,,,15.9,6.3,5.4,,,,71.6,halogenated,,0.4,1,hansen_a1,,
Vinyl Butyl Carbitol,,,,16.0,5.0,6.0,,,,206.2,glycol ether,,0.4,2,hansen_a1,,
Vinyl Butyl Ether,111-34-2,,,15.2,4.1,5.1,,,,129.4,ether,,0.55,2,hansen_a1,,
Vinyl Butyl Sulfid,,,,16.0,5.0,5.4,,,,136.7,other,,0.25,1,hansen_a1,,
Vinyl Butyl Sulfide,4789-70-2,,,16.0,5.0,5.4,,,,,sulfur compound,,0.4,1,hspip_solvents,,
Vinyl Butyrate,123-20-6,,,15.6,3.9,6.9,,,,126.5,ester,,0.55,2,hansen_a1,,
Vinyl Carbitol,929-37-3,,,16.3,7.5,13.8,,,,129.2,glycol ether,,0.55,2,hansen_a1,,
Vinyl Chloride,75-01-4,,,16.0,6.5,2.4,,,,68.7,halogenated,,0.55,2,hansen_a1,,
Vinyl Crotonate,14861-06-4,,,15.9,5.0,9.0,,,,118.8,other,,0.55,2,hansen_a1,,
Vinyl Ether,109-93-3,,,14.8,4.2,5.8,,,,90.7,ether,,0.55,2,hansen_a1,,
Vinyl Ethyl Carbitol,10143-53-0,,,15.9,6.0,6.6,,,,171.9,glycol ether,,0.55,2,hansen_a1,,
Vinyl Ethyl Ether,109-92-2,,,14.5,4.9,6.0,,,,95.0,ether,,0.4,1,hansen_a1,,
Vinyl Ethyl Sulfid,,,,16.4,5.8,6.3,,,,101.3,other,,0.25,1,hansen_a1,,
Vinyl Ethyl Sulfide,627-50-9,,,16.4,5.8,6.3,,,,,sulfur compound,,0.4,1,hspip_solvents,,
Vinyl Formate,692-45-5,,,15.3,6.5,9.7,,,,74.7,ester,,0.55,2,hansen_a1,,
Vinyl Iodide (Iodoethene),593-66-8,,,17.1,5.5,7.3,,,,75.6,halogenated,,0.55,2,hansen_a1,,
Vinyl Isobutyl Ether,109-53-5,,,15.1,4.1,5.1,,,,131.3,ether,,0.55,2,hansen_a1,,
Vinyl Isopropyl Ether,926-65-8,,,14.7,3.5,5.2,,,,115.3,ether,,0.55,2,hansen_a1,,
Vinyl Methyl Cellosolve,,,,15.6,6.2,6.8,,,,114.7,glycol ether,,0.25,1,hansen_a1,,
Vinyl Propionate,105-38-4,,,15.6,8.0,4.7,,,,110.1,ester,,0.55,2,hansen_a1,,
Vinyl Propyl Ether,764-47-6,,,14.9,3.5,5.2,,,,113.0,ether,,0.55,2,hansen_a1,,
Vinyl Pyrrolidone,88-12-0,,,16.4,9.3,5.9,,,,106.9,amide,,0.55,2,hansen_a1,,
Vinyl S-Butyl Mercapto Butyl Ether,,,,16.5,5.0,5.8,,,,174.0,ether,,0.25,1,hansen_a1,,
Vinyl S-Butyl Mercapto Ethyl Ether,,,,16.5,5.0,5.8,,,,,ether,,0.25,1,hspip_solvents,,
Vinyl S-Ethyl Mercapto Ethyl Ether,,,,16.4,7.0,6.0,,,,139.7,ether,,0.4,2,hansen_a1,,
Vinyl Silane,7291-09-0,,,15.5,2.6,4.0,,,,89.4,other,,0.55,2,hansen_a1,,
Vinyl Trifluoro Acetate,433-28-3,,,13.9,4.3,7.6,,,,116.4,ester,,0.55,2,hansen_a1,,
Vinyl Trimethyl Silane,754-05-2,,,14.5,1.0,2.5,,,,145.3,other,,0.55,2,hansen_a1,,
Vinyl-2-Ethyl Hexanoate,94-04-2,,,15.6,2.7,5.8,,,,196.0,other,,0.55,2,hansen_a1,,
Vinylenecarbonate,872-36-6,,,17.3,18.1,9.6,,,,86.0,ester,,0.55,2,hansen_a1,,
Water,7732-18-5,,H2O,15.6,16.0,42.3,18.02,,,18.0,inorganic,,0.7,5,accudyne_solvents,,
Water - 1% in Ro = 18.1,,,,15.1,20.4,16.5,,,,18.0,other,,0.25,1,hansen_a1,,
Water - Complete Miscibility,,,,18.1,17.1,16.9,,,,18.0,other,,0.25,1,hansen_a1,,
Xylene,95-47-6,,,17.6,1.0,3.1,,,,123.3,aromatic,,0.4,1,hansen_a1,,
ß-Propiolactone,57-57-8,,,17.0,18.2,9.0,,,,,ester,,0.4,1,hspip_solvents,,
α-Chloro Acetophenone,532-27-4,,,20.0,9.6,5.7,,,,,ketone,,0.4,1,hspip_solvents,,
α-Chloro Methyl Acrylate,80-63-7,,,15.9,7.3,8.5,,,,,ester,,0.4,1,hspip_solvents,,
γ-Butyrolactone (GBL),96-48-0,,,18.0,16.6,7.4,,,,,ester,,0.4,1,hspip_solvents,,
γ-Thiobutyrolactone,1003-10-7,,,19.0,6.9,6.2,,,,,ester,,0.4,1,hspip_solvents,,
