name_input,name_clean,name_iupac,name_common,name_common_all,name_acronyms,cas,product_url,tds_url,sds_url,dD,dP,dH,radius,class,subclass,data_type,data_reliability,processing_notes
CELLIT BP-300,Cellit BP-300,Cellulose acetopropionate,cellulose acetopropionate,cellulose ester; CAP,,,,,,16.6,12.0,6.7,10.2,Cellulosic Polymer,CAP,solubility,high,[PRE] route=trade_name; [CAS] not found; [CLASS] class from brand prefix mapping
CELLIDORA A,Cellidora A,Cellulose acetate butyrate,cellulose acetate butyrate,CAB; cellulose ester,,,,,,18.2,12.4,10.8,7.4,Cellulosic Polymer,CAB,solubility,high,[PRE] route=trade_name; [CAS] not found; [CLASS] class from brand prefix mapping
ETHOCEL HE10,Ethocel HE10,Ethyl cellulose,ethyl cellulose,EC; ethylcellulose,,,,,,17.9,4.3,3.9,5.9,Cellulosic Polymer,Ethyl cellulose,solubility,high,[PRE] route=trade_name; [CAS] not found; [CLASS] class from brand prefix mapping
ETHOCEL STD 20,Ethocel STD 20,Ethyl cellulose,ethyl cellulose,EC; ethylcellulose,,,,,,20.1,6.9,5.9,9.9,Cellulosic Polymer,Ethyl cellulose,solubility,high,[PRE] route=trade_name; [CAS] not found; [CLASS] class from brand prefix mapping
ARALDITE DY-025,Araldite DY-025,Diglycidyl ether of polypropylene glycol,flexible epoxy diluent,reactive epoxy diluent,EP,,,,,14.0,7.4,9.4,13.7,Epoxy Resin,Flexible epoxy,solubility,high,[OCR] name: 'ARALDITE DY O25' → 'ARALDITE DY-025'; [PRE] route=trade_name; [CAS] not found; [CLASS] class from brand prefix mapping
EPIKOTE 828,EPIKOTE 828,Bisphenol A diglycidyl ether,DGEBA epoxy resin,DGEBA; bisphenol-A epoxy; liquid epoxy resin,EP,,,,,23.1,14.6,5.0,20.5,Epoxy Resin,DGEBA epoxy,solubility,high,[PRE] route=trade_name; [CAS] not found; [CLASS] class from brand prefix mapping
EPIKOTE 1001,EPIKOTE 1001,"Bisphenol A diglycidyl ether, MW ~1000",solid epoxy resin,BPA epoxy; DGEBA; solid epoxy,EP,,,,,20.0,10.32,10.11,10.02,Epoxy Resin,BPA epoxy solid,solubility,high,[PRE] route=trade_name; [CAS] not found; [CLASS] class from brand prefix mapping
EPIKOTE 1004,EPIKOTE 1004,"Bisphenol A diglycidyl ether, MW ~1600",solid epoxy resin,BPA epoxy; solid epoxy resin,EP,,,,,17.4,10.5,9.0,7.9,Epoxy Resin,BPA epoxy solid,solubility,high,[PRE] route=trade_name; [CAS] not found; [CLASS] class from brand prefix mapping
EPIKOTE 1007,EPIKOTE 1007,"Bisphenol A diglycidyl ether, MW ~2900",high-MW solid epoxy resin,DGEBA; solid epoxy,EP,,,,,21.0,11.1,13.4,11.7,Epoxy Resin,BPA epoxy solid,solubility,high,[PRE] route=trade_name; [CAS] not found; [CLASS] class from brand prefix mapping
EPIKOTE 1009,EPIKOTE 1009,"Bisphenol A diglycidyl ether, MW ~3750",high-MW solid epoxy resin,DGEBA; solid epoxy,EP,,,,,19.3,9.37,10.95,8.26,Epoxy Resin,BPA epoxy solid,solubility,high,[PRE] route=trade_name; [CAS] not found; [CLASS] class from brand prefix mapping
PKHH,PKHH,Poly(hydroxy ether of bisphenol A),phenoxy resin,phenoxy polymer; PKHH,PKHH,,,,,23.4,7.2,14.8,14.9,Epoxy Resin,Phenoxy resin,solubility,high,[PRE] route=standard; [CAS] not found; [CAS] not found; [CLASS] rule: EPOXY|\bEPIKOTE\b|\bEPON\b|\bARALDITE\b|
VERSAMID 100,Versamid 100,Dimer acid-based polyamide,polyamide resin,dimer acid polyamide; reactive polyamide,PA,,,,,23.8,5.3,16.2,16.1,Polyamide,Dimer acid polyamide,solubility,high,[PRE] route=trade_name; [CAS] not found; [CLASS] class from brand prefix mapping
VERSAMID 115,Versamid 115,Dimer acid-based polyamide,polyamide resin,dimer acid polyamide; reactive polyamide,PA,,,,,20.3,6.6,14.1,9.6,Polyamide,Dimer acid polyamide,solubility,high,[PRE] route=trade_name; [CAS] not found; [CLASS] class from brand prefix mapping
VERSAMID 125,Versamid 125,Dimer acid-based polyamide,polyamide resin,dimer acid polyamide; reactive polyamide,PA,,,,,24.9,3.1,18.7,20.3,Polyamide,Dimer acid polyamide,solubility,high,[PRE] route=trade_name; [CAS] not found; [CLASS] class from brand prefix mapping
VERSAMID 140,Versamid 140,Dimer acid-based polyamide,polyamide resin,dimer acid polyamide; reactive polyamide,PA,,,,,26.9,2.4,18.5,24.0,Polyamide,Dimer acid polyamide,solubility,high,[PRE] route=trade_name; [CAS] not found; [CLASS] class from brand prefix mapping
DESMOPHEN 651,Desmophen 651,Polyester polyol,polyurethane polyol,PU polyol; polyester polyol,PU,,,,,17.7,10.6,11.6,9.5,Polyurethane,Polyester polyol,solubility,high,[PRE] route=trade_name; [CAS] not found; [CLASS] class from brand prefix mapping
DESMOPHEN 800,Desmophen 800,Polyester polyol,polyurethane polyol,PU polyol; polyester polyol,PU,,,,,19.1,12.2,9.9,8.0,Polyurethane,Polyester polyol,solubility,high,[PRE] route=trade_name; [CAS] not found; [CLASS] class from brand prefix mapping
DESMOPHEN 850,Desmophen 850,Polyether polyol,polyurethane polyol,PU polyol; polyether polyol,PU,,,,,21.54,14.94,12.28,16.78,Polyurethane,Polyether polyol,solubility,high,[PRE] route=trade_name; [CAS] not found; [CLASS] class from brand prefix mapping
DESMOPHEN 1100,Desmophen 1100,Polyester polyol,polyurethane polyol,PU polyol; polyester polyol,PU,,,,,16.0,13.1,9.2,11.4,Polyurethane,Polyester polyol,solubility,high,[PRE] route=trade_name; [CAS] not found; [CLASS] class from brand prefix mapping
DESMOPHEN 1150,Desmophen 1150,Polycarbonate polyol,polycarbonate diol,polycarbonate polyol; PU polyol,PU,,,,,20.6,7.8,11.6,13.1,Polyurethane,Polycarbonate polyol,solubility,high,[PRE] route=trade_name; [CAS] not found; [CLASS] class from brand prefix mapping
DESMOPHEN 1200,Desmophen 1200,Polyester polyol,polyurethane polyol,PU polyol,PU,,,,,19.4,7.4,6.0,9.8,Polyurethane,Polyester polyol,solubility,high,[PRE] route=trade_name; [CAS] not found; [CLASS] class from brand prefix mapping
DESMOPHEN 1700,Desmophen 1700,"Polyester polyol, low viscosity",polyurethane polyol,PU polyol; polyester polyol,PU,,,,,17.9,9.6,5.9,8.2,Polyurethane,Polyester polyol,solubility,high,[PRE] route=trade_name; [CAS] not found; [CLASS] class from brand prefix mapping
DESMOLAC 4200,Desmolac 4200,Polyurethane lacquer resin,polyurethane lacquer resin,PU lacquer; two-component PU,PU,,,,,18.7,9.6,9.9,8.2,Polyurethane,PU lacquer,solubility,high,[PRE] route=trade_name; [CAS] not found; [CLASS] class from brand prefix mapping
MACRYNAL SM 510N,Macrynal SM 510N,Hydroxy-functional acrylic resin,hydroxy acrylic resin,hydroxy acrylic; thermoset acrylic,,,,,,19.9,8.1,6.0,9.8,Acrylic,Hydroxy acrylic,solubility,high,[PRE] route=trade_name; [CAS] not found; [CLASS] class from brand prefix mapping
SUPER BECKACITE 1001,SUPER BECKACITE 1001,Alkyd resin,alkyd resin,oil-modified alkyd,,,,,,23.26,6.55,8.35,19.85,Polyester & Alkyd,Alkyd,solubility,high,[PRE] route=standard; [CAS] not found; [CAS] not found; [CLASS] rule: ALKYD|ALKYDAL|ALFTALAT|DYNAPOL|GLYPTAL|B
PHENODUR 373U,Phenodur 373U,Phenol-modified melamine resin,amino resin,phenol-amino resin; Phenodur,,,,,,19.74,11.62,14.59,12.69,Amino Resin,Phenol-amino resin,solubility,high,[PRE] route=trade_name; [CAS] not found; [CLASS] class from brand prefix mapping
PLIOLYTE S-100,PLIOLYTE S-100,Styrene-butadiene copolymer resin,SB resin,styrene-butadiene resin,,,,,,16.47,0.37,2.84,8.59,Elastomer,SB resin,solubility,high,[PRE] route=standard; [CAS] not found; [CAS] not found; [CLASS] rule: \bRUBBER\b(?!\s+HYDROCARBON)|ELASTOMER|\
PICCOPALE 110,Piccopale 110,Aliphatic C5 hydrocarbon resin,aliphatic hydrocarbon resin,C5 resin; aliphatic resin,,,,,,17.55,1.19,3.6,6.55,Natural & Petroleum Resin,C5 HC resin,solubility,high,[PRE] route=trade_name; [CAS] not found; [CLASS] class from brand prefix mapping
PICCORONE 450L,Piccorone 450L,Cyclopentadiene/aromatic hydrocarbon resin,C5/C9 resin,cyclopentadiene resin,,,,,,19.42,5.48,5.77,9.62,Natural & Petroleum Resin,C5/C9 resin,solubility,high,[PRE] route=trade_name; [CAS] not found; [CLASS] class from brand prefix mapping
POLYSAR 5630,POLYSAR 5630,Poly(styrene-co-butadiene),styrene-butadiene rubber,SBR,,,,,,17.55,3.35,2.7,6.55,Elastomer,SBR,solubility,high,[PRE] route=standard; [CAS] not found; [CAS] not found; [CLASS] rule: \bRUBBER\b(?!\s+HYDROCARBON)|ELASTOMER|\
HYCAR 1052,Hycar 1052,Poly(acrylonitrile-co-butadiene),nitrile rubber,NBR; nitrile rubber,,,,,,18.62,8.78,4.17,9.62,Elastomer,NBR,solubility,high,[OCR] Ro rounded to 2dp; [PRE] route=trade_name; [CAS] not found; [CLASS] class from brand prefix mapping
BUNA HULS B10,BUNA HULS B10,Poly(butadiene-co-styrene),SBR / butadiene rubber,SBR; synthetic rubber,,,,,,17.53,2.25,3.42,6.55,Elastomer,SBR,solubility,high,[PRE] route=standard; [CAS] not found; [CAS] not found; [CLASS] rule: \bRUBBER\b(?!\s+HYDROCARBON)|ELASTOMER|\
CARIFLEX IR 305,CARIFLEX IR 305,"Polyisoprene, synthetic",synthetic polyisoprene,IR; synthetic rubber,,,,,,16.57,1.41,-0.82,9.62,Elastomer,Synthetic polyisoprene,solubility,high,[PRE] route=standard; [HSP] hsp_flag_dh_negative; [CAS] not found; [CAS] not found; [CLASS] rule: \bCARIFLEX\b
LUTONAL IC/1203,LUTONAL IC/1203,Poly(isobutyl vinyl ether),polyvinyl isobutyl ether,PIB-VE; PVIBE,,,,,,14.2,2.5,4.6,12.4,Vinyl Polymer,Polyvinyl ether,solubility,high,[PRE] route=standard; [CAS] not found; [CAS] not found; [CLASS] rule: POLYVINYL|VINYL ACETATE|VINYL ALCOHOL|VI
LUTONAL I60,LUTONAL I60,,LUTONAL I60,LUTONAL I60,,,,,,16.9,2.5,4.0,7.2,Vinyl Polymer,,solubility,high,[OCR] name: 'LUTANAL I60' → 'LUTONAL I60'; [PRE] route=standard; [CAS] not found; [CAS] not found; [CLASS] rule: POLYVINYL|VINYL ACETATE|VINYL ALCOHOL|VI
POLYVINYLBUTYL ETHER,POLYVINYLBUTYL ETHER,Poly(butyl vinyl ether),polyvinyl butyl ether,PVBE,,,,,,17.4,4.3,8.4,7.4,Vinyl Polymer,Polyvinyl ether,solubility,high,[PRE] route=standard; [CAS] not found; [CAS] not found; [CLASS] rule: POLYVINYL|VINYL ACETATE|VINYL ALCOHOL|VI
LIGNIN,LIGNIN,Lignin,lignin,lignosulfonate; technical lignin,,9005-53-2,,,,20.17,14.61,15.04,11.66,Natural & Petroleum Resin,Lignin,solubility,high,[PRE] route=standard; [CAS] from v5 cache: 9005-53-2; [CLASS] rule: ROSIN|TERPENE|PETROLEUM RESIN|COUMARONE|
MODAFLOW,MODAFLOW,Poly(2-ethylhexyl acrylate-co-ethyl acrylate),acrylic flow modifier,polyacrylate flow additive,,,,,,16.1,3.7,7.9,8.9,Acrylic,Flow modifier,solubility,high,[PRE] route=standard; [CAS] not found; [CAS] not found; [CLASS] rule: ACRYLIC|ACRYLATE|METHACRYLATE|\bPMMA\b|P
VIPLA KR (PVC),VIPLA KR,Poly(vinyl chloride),polyvinyl chloride,PVC,,,,,,18.4,6.6,8.0,3.0,Vinyl Polymer,PVC,solubility,high,[PRE] route=standard; [CAS] not found; [CAS] not found; [CLASS] rule: POLYVINYL|VINYL ACETATE|VINYL ALCOHOL|VI
CERECLOR 70,CERECLOR 70,Chlorinated paraffin,chlorinated paraffin,chloroparaffin; CP70,,56509-64-9,,,,20.0,8.3,6.8,9.8,Elastomer,Chlorinated paraffin,solubility,high,[PRE] route=standard; [CAS] from v5 cache: 56509-64-9; [CLASS] rule: CHLORINATED RUBBER|CHLOROPAR|CERECLOR|PE
CHLOROPAR 40,CHLOROPAR 40,Chlorinated paraffin,chlorinated paraffin,chloroparaffin; CP40,,,,,,17.0,7.6,7.9,11.9,Elastomer,Chlorinated paraffin,solubility,high,[PRE] route=standard; [CAS] not found; [CAS] not found; [CLASS] rule: CHLORINATED RUBBER|CHLOROPAR|CERECLOR|PE
PERGUT S 5,PERGUT S 5,,PERGUT S 5,PERGUT S 5,,,,,,17.4,9.5,3.8,10.0,Elastomer,Chlorinated/Halogenated Rubber,solubility,high,[PRE] route=standard; [CAS] not found; [CAS] not found; [CLASS] rule: CHLORINATED RUBBER|CHLOROPAR|CERECLOR|PE
ALLOPREN R10,ALLOPREN R10,Chlorinated natural rubber,chlorinated rubber,CR; chlorinated rubber,,,,,,17.4,4.3,3.9,6.1,Elastomer,Chlorinated rubber,solubility,high,[PRE] route=standard; [CAS] not found; [CAS] not found; [CLASS] rule: CHLORINATED RUBBER|CHLOROPAR|CERECLOR|PE
PARLON P 10,PARLON P 10,Chlorinated rubber,chlorinated rubber,CR; chloroprene rubber,,,,,,20.26,6.32,5.4,10.64,Elastomer,Chlorinated rubber,solubility,high,[PRE] route=standard; [CAS] not found; [CAS] not found; [CLASS] rule: CHLORINATED RUBBER|CHLOROPAR|CERECLOR|PE
HYPALON 20,HYPALON 20,Chlorosulfonated polyethylene,chlorosulfonated PE,CSM; CSPE,,,,,,18.1,3.4,4.9,3.6,Elastomer,CSM,solubility,high,[PRE] route=standard; [CAS] not found; [CAS] not found; [CLASS] rule: \bRUBBER\b(?!\s+HYDROCARBON)|ELASTOMER|\
HYPALON 30,HYPALON 30,Chlorosulfonated polyethylene,chlorosulfonated PE,CSM; CSPE,,,,,,18.2,4.7,2.0,5.0,Elastomer,CSM,solubility,high,[PRE] route=standard; [CAS] not found; [CAS] not found; [CLASS] rule: \bRUBBER\b(?!\s+HYDROCARBON)|ELASTOMER|\
ALPEX,ALPEX,Poly(ethylene-co-propylene),ethylene-propylene copolymer,EP copolymer; polyolefin wax,,,,,,19.9,0.0,0.0,9.4,Natural & Petroleum Resin,EP copolymer,solubility,high,[PRE] route=standard; [HSP] near-nonpolar; [CAS] not found; [CAS] not found; [CLASS] rule: \bALPEX\b
1/2-sec.-NITROCELLULOSE H 23,1/2-sec.-NITROCELLULOSE H 23,Cellulose nitrate,nitrocellulose,NC; guncotton; cellulose nitrate,,,,,,15.41,14.73,8.84,11.46,Cellulosic Polymer,Nitrocellulose,solubility,high,[OCR] name: '1/2-sec.-NITRO CELLULOSE H 23' → '1/2-sec.-NITROCELLULOSE H 23'; [PRE] route=standard; [CAS] not found; [CAS] not found; [CLASS] rule: CELLUL|CELLIT\b|ETHOCEL|CELLIDORA|NITROC
CELLOLYN 102,CELLOLYN 102,Pentaerythritol ester of rosin modified with cellulose,rosin-modified cellulose ester,rosin ester,,,,,,21.73,0.94,8.53,15.75,Cellulosic Polymer,Rosin ester,solubility,high,[PRE] route=standard; [CAS] not found; [CAS] not found; [CLASS] rule: CELLUL|CELLIT\b|ETHOCEL|CELLIDORA|NITROC
PENTALYN 255,Pentalyn 255,Glycerol ester of hydrogenated rosin,rosin ester,hydrogenated rosin ester; Pentalyn,,,,,,17.55,9.37,14.32,10.64,Natural & Petroleum Resin,Rosin ester,solubility,high,[PRE] route=trade_name; [CAS] not found; [CLASS] class from brand prefix mapping
PENTALYN 830,Pentalyn 830,,Pentalyn 830,Pentalyn 830,,,,,,20.03,5.81,10.93,11.66,Natural & Petroleum Resin,,solubility,high,[PRE] route=trade_name; [CAS] not found; [CLASS] class from brand prefix mapping
ESTER GUM BL,ESTER GUM BL,,ESTER GUM BL,ESTER GUM BL,,,,,,19.64,4.73,7.77,10.64,Cellulosic Polymer,,solubility,high,[PRE] route=standard; [CAS] not found; [CAS] not found; [CLASS] rule: CELLUL|CELLIT\b|ETHOCEL|CELLIDORA|NITROC
VERSAMID 930,Versamid 930,"Dimer acid-based polyamide, low viscosity",polyamide resin,reactive polyamide,PA,,,,,17.43,-1.92,14.89,9.62,Polyamide,Dimer acid polyamide,solubility,high,[PRE] route=trade_name; [HSP] hsp_flag_dp_negative; [CAS] not found; [CLASS] class from brand prefix mapping
VERSAMID 961,Versamid 961,,Versamid 961,Versamid 961,PA,,,,,18.9,9.6,11.1,6.2,Polyamide,,solubility,high,[PRE] route=trade_name; [CAS] not found; [CLASS] class from brand prefix mapping
VERSAMID 965,Versamid 965,,Versamid 965,Versamid 965,PA,,,,,20.15,6.04,12.9,9.2,Polyamide,,solubility,high,[OCR] Ro rounded to 2dp; [PRE] route=trade_name; [CAS] not found; [CLASS] class from brand prefix mapping
DESMODUR L,Desmodur L,,Desmodur L,Desmodur L,PU,,,,,17.5,11.3,5.9,8.5,Polyurethane,,solubility,high,[PRE] route=trade_name; [CAS] not found; [CLASS] class from brand prefix mapping
DESMODUR N,Desmodur N,,Desmodur N,Desmodur N,PU,28574-90-5,,,,17.6,10.0,3.7,9.3,Polyurethane,,solubility,high,[PRE] route=trade_name; [CAS] from v5 cache: 28574-90-5; [CLASS] class from brand prefix mapping
SUPRASEC F-5100,SUPRASEC F-5100,,SUPRASEC F-5100,SUPRASEC F-5100,,,,,,19.7,12.9,12.8,11.4,Polyurethane,,solubility,high,[PRE] route=standard; [CAS] not found; [CAS] not found; [CLASS] rule: \bTOLONATE\b|\bSUPRASEC\b
MOWITAL B 30 H,Mowital B 30 H,Poly(vinyl butyral),polyvinyl butyral,PVB; Mowital,,,,,,18.6,12.9,10.3,8.3,Vinyl Polymer,PVB,solubility,high,[PRE] route=trade_name; [CAS] not found; [CLASS] class from brand prefix mapping
MOWITAL B 60 H,Mowital B 60 H,,Mowital B 60 H,Mowital B 60 H,,,,,,20.2,11.2,13.3,11.2,Vinyl Polymer,,solubility,high,[PRE] route=trade_name; [CAS] not found; [CLASS] class from brand prefix mapping
BUTVAR B 76,Butvar B 76,,Butvar B 76,Butvar B 76,,,,,,18.6,4.36,13.03,10.64,Vinyl Polymer,,solubility,high,[PRE] route=trade_name; [CAS] not found; [CLASS] class from brand prefix mapping
LUCITE 2042 PEMA,LUCITE 2042 PEMA,,LUCITE 2042 PEMA,LUCITE 2042 PEMA,,,,,,17.6,9.66,3.97,10.64,Acrylic,,solubility,high,[PRE] route=standard; [CAS] not found; [CAS] not found; [CLASS] rule: ACRYLIC|ACRYLATE|METHACRYLATE|\bPMMA\b|P
LUCITE 2044 PMMA,LUCITE 2044 PMMA,,LUCITE 2044 PMMA,LUCITE 2044 PMMA,,,,,,16.2,6.8,5.7,9.1,Acrylic,,solubility,high,[PRE] route=standard; [CAS] not found; [CAS] not found; [CLASS] rule: ACRYLIC|ACRYLATE|METHACRYLATE|\bPMMA\b|P
PLEXIGUM MB319,PLEXIGUM MB319,,PLEXIGUM MB319,PLEXIGUM MB319,,,,,,18.6,10.8,4.1,11.5,Acrylic,,solubility,high,[PRE] route=standard; [CAS] not found; [CAS] not found; [CLASS] rule: ACRYLIC|ACRYLATE|METHACRYLATE|\bPMMA\b|P
PLEXIGUM M527,PLEXIGUM M527,,PLEXIGUM M527,PLEXIGUM M527,,,,,,18.4,9.4,6.5,10.7,Acrylic,,solubility,high,[PRE] route=standard; [CAS] not found; [CAS] not found; [CLASS] rule: ACRYLIC|ACRYLATE|METHACRYLATE|\bPMMA\b|P
PMMA,PMMA,Poly(methyl methacrylate),acrylic glass,acrylic glass; acrylic; plexiglass; perspex,PMMA,,https://pubchem.ncbi.nlm.nih.gov/compound/6328,,,18.64,10.52,7.51,8.59,Acrylic,,solubility,high,[PRE] route=standard; [CAS] PubChem CID from acronym table: 6328; [CAS] not found; [CLASS] rule: ACRYLIC|ACRYLATE|METHACRYLATE|\bPMMA\b|P
MOWILITH 50 PVAC,MOWILITH 50 PVAC,,MOWILITH 50 PVAC,MOWILITH 50 PVAC,,,,,,20.93,11.27,9.66,13.71,Vinyl Polymer,,solubility,high,[PRE] route=standard; [CAS] not found; [CAS] not found; [CLASS] rule: POLYVINYL|VINYL ACETATE|VINYL ALCOHOL|VI
POLYSTYRENE LG,POLYSTYRENE LG,,POLYSTYRENE LG,POLYSTYRENE LG,,,,,,22.28,5.75,4.3,12.68,Styrenic,,solubility,high,[PRE] route=standard; [CAS] not found; [CAS] not found; [CLASS] rule: STYRENE|POLYSTYRENE|\bABS\b|\bSAN\b|\bSB
LAROFLEX MP 45,LAROFLEX MP 45,,LAROFLEX MP 45,LAROFLEX MP 45,,,,,,18.4,8.4,5.8,9.0,Acrylic,,solubility,high,[PRE] route=standard; [CAS] not found; [CAS] not found; [CLASS] rule: ACRYLIC|ACRYLATE|METHACRYLATE|\bPMMA\b|P
VILIT MB 30,VILIT MB 30,,VILIT MB 30,VILIT MB 30,,,,,,20.0,8.3,6.7,9.4,Vinyl Polymer,,solubility,high,[PRE] route=standard; [CAS] not found; [CAS] not found; [CLASS] rule: POLYVINYL|VINYL ACETATE|VINYL ALCOHOL|VI
VILIT MC 31,VILIT MC 31,,VILIT MC 31,VILIT MC 31,,,,,,20.0,8.3,6.7,9.4,Vinyl Polymer,,solubility,high,[PRE] route=standard; [CAS] not found; [CAS] not found; [CLASS] rule: POLYVINYL|VINYL ACETATE|VINYL ALCOHOL|VI
VILIT MC 39,VILIT MC 39,,VILIT MC 39,VILIT MC 39,,,,,,18.4,7.6,6.7,6.8,Vinyl Polymer,,solubility,high,[PRE] route=standard; [CAS] not found; [CAS] not found; [CLASS] rule: POLYVINYL|VINYL ACETATE|VINYL ALCOHOL|VI
VINYLITE VAGD,VINYLITE VAGD,,VINYLITE VAGD,VINYLITE VAGD,,,,,,17.1,10.4,6.5,7.5,Vinyl Polymer,,solubility,high,[PRE] route=standard; [CAS] not found; [CAS] not found; [CLASS] rule: POLYVINYL|VINYL ACETATE|VINYL ALCOHOL|VI
VINYLITE VAGH,VINYLITE VAGH,,VINYLITE VAGH,VINYLITE VAGH,,,,,,16.5,10.9,6.4,7.7,Vinyl Polymer,,solubility,high,[PRE] route=standard; [CAS] not found; [CAS] not found; [CLASS] rule: POLYVINYL|VINYL ACETATE|VINYL ALCOHOL|VI
VINYLITE VMCA,VINYLITE VMCA,,VINYLITE VMCA,VINYLITE VMCA,,,,,,17.7,11.1,6.9,8.7,Vinyl Polymer,,solubility,high,[PRE] route=standard; [CAS] not found; [CAS] not found; [CLASS] rule: POLYVINYL|VINYL ACETATE|VINYL ALCOHOL|VI
VINYLITE VMCC,VINYLITE VMCC,,VINYLITE VMCC,VINYLITE VMCC,,,,,,17.6,11.1,6.8,8.8,Vinyl Polymer,,solubility,high,[PRE] route=standard; [CAS] not found; [CAS] not found; [CLASS] rule: POLYVINYL|VINYL ACETATE|VINYL ALCOHOL|VI
VINYLITE VMCH,VINYLITE VMCH,,VINYLITE VMCH,VINYLITE VMCH,,,,,,17.6,11.1,6.4,8.6,Vinyl Polymer,,solubility,high,[PRE] route=standard; [CAS] not found; [CAS] not found; [CLASS] rule: POLYVINYL|VINYL ACETATE|VINYL ALCOHOL|VI
VINYLITE VYHH,VINYLITE VYHH,,VINYLITE VYHH,VINYLITE VYHH,,,,,,17.4,10.2,5.9,7.8,Vinyl Polymer,,solubility,high,[PRE] route=standard; [CAS] not found; [CAS] not found; [CLASS] rule: POLYVINYL|VINYL ACETATE|VINYL ALCOHOL|VI
VINYLITE VYLF,VINYLITE VYLF,,VINYLITE VYLF,VINYLITE VYLF,,,,,,18.1,10.3,4.2,8.3,Vinyl Polymer,,solubility,high,[PRE] route=standard; [CAS] not found; [CAS] not found; [CLASS] rule: POLYVINYL|VINYL ACETATE|VINYL ALCOHOL|VI
ALFTALAT AC 366,Alftalat AC 366,,Alftalat AC 366,Alftalat AC 366,,,,,,18.6,10.0,5.0,10.4,Polyester & Alkyd,,solubility,high,[PRE] route=trade_name; [CAS] not found; [CLASS] class from brand prefix mapping
ALFTALAT AM 756,Alftalat AM 756,,Alftalat AM 756,Alftalat AM 756,,,,,,23.0,2.2,4.2,16.9,Polyester & Alkyd,,solubility,high,[PRE] route=trade_name; [CAS] not found; [CLASS] class from brand prefix mapping
ALFTALAT AN 896,Alftalat AN 896,,Alftalat AN 896,Alftalat AN 896,,,,,,22.9,15.2,7.6,18.1,Polyester & Alkyd,,solubility,high,[PRE] route=trade_name; [CAS] not found; [CLASS] class from brand prefix mapping
ALFTALAT AN 950,Alftalat AN 950,,Alftalat AN 950,Alftalat AN 950,,,,,,22.6,13.8,8.1,17.1,Polyester & Alkyd,,solubility,high,[PRE] route=trade_name; [CAS] not found; [CLASS] class from brand prefix mapping
ALFTALAT AT 316,Alftalat AT 316,,Alftalat AT 316,Alftalat AT 316,,,,,,20.5,9.3,9.1,12.4,Polyester & Alkyd,,solubility,high,[PRE] route=trade_name; [CAS] not found; [CLASS] class from brand prefix mapping
ALFTALAT AT 576,Alftalat AT 576,,Alftalat AT 576,Alftalat AT 576,,,,,,19.2,5.3,6.3,11.9,Polyester & Alkyd,,solubility,high,[PRE] route=trade_name; [CAS] not found; [CLASS] class from brand prefix mapping
ALKYDAL F 261 HS,Alkydal F 261 HS,,Alkydal F 261 HS,Alkydal F 261 HS,,,,,,23.6,1.0,7.6,19.0,Polyester & Alkyd,,solubility,high,[PRE] route=trade_name; [CAS] not found; [CLASS] class from brand prefix mapping
ALKYDAL F 41,Alkydal F 41,,Alkydal F 41,Alkydal F 41,,,,,,20.6,4.6,5.5,12.6,Polyester & Alkyd,,solubility,high,[PRE] route=trade_name; [CAS] not found; [CLASS] class from brand prefix mapping
DUROFTAL T 354,DUROFTAL T 354,,DUROFTAL T 354,DUROFTAL T 354,,,,,,17.3,4.2,7.9,9.3,Polyester & Alkyd,Alkyd,solubility,high,[PRE] route=standard; [CAS] not found; [CAS] not found; [CLASS] rule: ALKYD|ALKYDAL|ALFTALAT|DYNAPOL|GLYPTAL|B
DYNAPOL L 812,DYNAPOL L 812,,DYNAPOL L 812,DYNAPOL L 812,,,,,,22.6,13.1,5.8,16.8,Polyester & Alkyd,,solubility,high,[OCR] Ro rounded to 2dp; [PRE] route=trade_name; [CAS] not found; [CLASS] class from brand prefix mapping
DYNAPOL L 850,DYNAPOL L 850,,DYNAPOL L 850,DYNAPOL L 850,,,,,,20.0,6.2,7.0,9.5,Polyester & Alkyd,,solubility,high,[PRE] route=trade_name; [CAS] not found; [CLASS] class from brand prefix mapping
PLEXAL C-34,PLEXAL C-34,,PLEXAL C-34,PLEXAL C-34,,,,,,18.5,9.21,4.91,10.64,Polyester & Alkyd,Alkyd,solubility,high,[PRE] route=standard; [CAS] not found; [CAS] not found; [CLASS] rule: ALKYD|ALKYDAL|ALFTALAT|DYNAPOL|GLYPTAL|B
SOALKYD 1935-EGAX,SOALKYD 1935-EGAX,,SOALKYD 1935-EGAX,SOALKYD 1935-EGAX,,,,,,18.0,11.6,8.5,9.0,Polyester & Alkyd,Alkyd,solubility,high,[PRE] route=standard; [CAS] not found; [CAS] not found; [CLASS] rule: ALKYD|ALKYDAL|ALFTALAT|DYNAPOL|GLYPTAL|B
VESTURIT BL 908,VESTURIT BL 908,,VESTURIT BL 908,VESTURIT BL 908,,,,,,18.8,12.0,6.0,11.5,Polyester & Alkyd,Alkyd,solubility,high,[PRE] route=standard; [CAS] not found; [CAS] not found; [CLASS] rule: ALKYD|ALKYDAL|ALFTALAT|DYNAPOL|GLYPTAL|B
VESTURIT BL 915,VESTURIT BL 915,,VESTURIT BL 915,VESTURIT BL 915,,,,,,17.7,13.0,7.6,11.5,Polyester & Alkyd,Alkyd,solubility,high,[PRE] route=standard; [CAS] not found; [CAS] not found; [CLASS] rule: ALKYD|ALKYDAL|ALFTALAT|DYNAPOL|GLYPTAL|B
BE 370,BE 370,,BE 370,BE 370,,,,,,20.7,6.1,12.7,14.8,Epoxy Resin,,solubility,high,[PRE] route=standard; [CAS] not found; [CAS] not found; [CLASS] rule: ^\bBE \d
BEETLE 681,BEETLE 681,,BEETLE 681,BEETLE 681,,,,,,22.2,-0.4,10.1,18.4,Biological & Other,,solubility,high,[PRE] route=standard; [HSP] hsp_flag_dp_negative; [CAS] not found; [CAS] not found; [CLASS] no rule matched
CYMEL 300,Cymel 300,,Cymel 300,Cymel 300,,,,,,19.35,12.83,12.87,9.82,Amino Resin,,solubility,high,[PRE] route=trade_name; [CAS] not found; [CLASS] class from brand prefix mapping
CYMEL 325,Cymel 325,,Cymel 325,Cymel 325,,,,,,25.5,15.2,9.5,22.2,Amino Resin,,solubility,high,[PRE] route=trade_name; [CAS] not found; [CLASS] class from brand prefix mapping
DYNOMIN MM 9,DYNOMIN MM 9,,DYNOMIN MM 9,DYNOMIN MM 9,,,,,,18.8,14.0,12.3,10.5,Amino Resin,,solubility,high,[PRE] route=standard; [CAS] not found; [CAS] not found; [CLASS] rule: MELAMINE|UREA.FORMALDEHYDE|AMINO RESIN|C
DYNOMIN UM 15,DYNOMIN UM 15,,DYNOMIN UM 15,DYNOMIN UM 15,,,,,,19.9,15.8,13.4,11.7,Amino Resin,,solubility,high,[PRE] route=standard; [CAS] not found; [CAS] not found; [CLASS] rule: MELAMINE|UREA.FORMALDEHYDE|AMINO RESIN|C
SOAMIN M 60,SOAMIN M 60,,SOAMIN M 60,SOAMIN M 60,,,,,,15.9,8.1,6.5,10.6,Amino Resin,,solubility,high,[PRE] route=standard; [CAS] not found; [CAS] not found; [CLASS] rule: MELAMINE|UREA.FORMALDEHYDE|AMINO RESIN|C
SYNRESIN A 560,SYNRESIN A 560,,SYNRESIN A 560,SYNRESIN A 560,,,,,,22.1,5.0,11.3,15.5,Polyester & Alkyd,Alkyd,solubility,high,[PRE] route=standard; [CAS] not found; [CAS] not found; [CLASS] rule: ALKYD|ALKYDAL|ALFTALAT|DYNAPOL|GLYPTAL|B
PLASTOPAL H,PLASTOPAL H,,PLASTOPAL H,PLASTOPAL H,,,,,,20.81,8.29,14.96,12.69,Amino Resin,,solubility,high,[PRE] route=standard; [CAS] not found; [CAS] not found; [CLASS] rule: MELAMINE|UREA.FORMALDEHYDE|AMINO RESIN|C
UFORMITE MX-61,UFORMITE MX-61,,UFORMITE MX-61,UFORMITE MX-61,,,,,,22.7,2.8,5.4,16.2,Amino Resin,,solubility,high,[PRE] route=standard; [CAS] not found; [CAS] not found; [CLASS] rule: MELAMINE|UREA.FORMALDEHYDE|AMINO RESIN|C
URACRON 15,URACRON 15,,URACRON 15,URACRON 15,,,,,,19.2,7.7,5.7,10.6,Amino Resin,,solubility,high,[PRE] route=standard; [CAS] not found; [CAS] not found; [CLASS] rule: MELAMINE|UREA.FORMALDEHYDE|AMINO RESIN|C
PARALOID P 400,Paraloid P 400,,Paraloid P 400,Paraloid P 400,,,,,,19.2,9.6,9.3,12.2,Acrylic,,solubility,high,[PRE] route=trade_name; [CAS] not found; [CLASS] class from brand prefix mapping
PARALOID P 410,Paraloid P 410,,Paraloid P 410,Paraloid P 410,,,,,,19.6,9.1,6.8,12.2,Acrylic,,solubility,high,[PRE] route=trade_name; [CAS] not found; [CLASS] class from brand prefix mapping
PARALOID EXPER. RES. QR 954,Paraloid EXPER. RES. QR 954,,Paraloid EXPER. RES. QR 954,Paraloid EXPER. RES. QR 954,,,,,,18.4,9.8,10.0,12.4,Acrylic,,solubility,high,[PRE] route=trade_name; [CAS] not found; [CLASS] class from brand prefix mapping
BAYSILON UD 125,BAYSILON UD 125,,BAYSILON UD 125,BAYSILON UD 125,,,,,,19.4,9.9,10.1,6.9,Elastomer,Silicone,solubility,high,[PRE] route=standard; [CAS] not found; [CAS] not found; [CLASS] rule: SILICONE|BAYSILON|SILICON RESIN|POLY.DIM
TEFLON (SL2-),TEFLON,,TEFLON,SL2-,,,,,,17.1,8.1,1.3,4.7,Fluoropolymer,,permeation,medium,[PRE] route=standard; [CAS] not found; [CAS] not found; [CLASS] rule: FLUORO|PTFE|TEFLON|PVDF|POLYVINYLIDENE F
DOW EPOXY NOVOLAC 438,DOW EPOXY NOVOLAC 438,,DOW EPOXY NOVOLAC 438,DOW EPOXY NOVOLAC 438,,,,,,20.3,15.4,5.3,15.1,Epoxy Resin,,solubility,high,[PRE] route=standard; [CAS] not found; [CAS] not found; [CLASS] rule: EPOXY|\bEPIKOTE\b|\bEPON\b|\bARALDITE\b|
DOW EPOXY NOVOLAC 444,DOW EPOXY NOVOLAC 444,,DOW EPOXY NOVOLAC 444,DOW EPOXY NOVOLAC 444,,,,,,19.5,11.6,9.3,10.0,Epoxy Resin,,solubility,high,[PRE] route=standard; [CAS] not found; [CAS] not found; [CLASS] rule: EPOXY|\bEPIKOTE\b|\bEPON\b|\bARALDITE\b|
ZINK SILICATE - CHEMICAL RES.,ZINK SILICATE - CHEMICAL RES.,,ZINK SILICATE - CHEMICAL RES.,ZINK SILICATE - CHEMICAL RES.,,,,,,23.5,17.5,16.8,15.6,Biological & Other,Inorganic,chemical_resistance,medium,[PRE] route=standard; [CAS] not found; [CAS] not found; [CLASS] rule: ZINK SILICATE|ZINC SILICATE
2-COMP EPOXY CHEMICAL RES.,2-COMP EPOXY CHEMICAL RES.,,2-COMP EPOXY CHEMICAL RES.,2-COMP EPOXY CHEMICAL RES.,,,,,,18.4,9.4,10.1,7.0,Epoxy Resin,,chemical_resistance,medium,[PRE] route=standard; [CAS] not found; [CAS] not found; [CLASS] rule: EPOXY|\bEPIKOTE\b|\bEPON\b|\bARALDITE\b|
POLYVINYLIDINE FLUORIDE SOL.,POLYVINYLIDINE FLUORIDE SOL.,,POLYVINYLIDINE FLUORIDE SOL.,POLYVINYLIDINE FLUORIDE SOL.,,,,,,17.0,12.1,10.2,4.1,Vinyl Polymer,,solubility,high,[PRE] route=standard; [CAS] not found; [CAS] not found; [CLASS] rule: POLYVINYL|VINYL ACETATE|VINYL ALCOHOL|VI
COAL TAR PITCH SOL.,COAL TAR PITCH SOL.,,COAL TAR PITCH SOL.,COAL TAR PITCH SOL.,,,,,,18.7,7.5,8.9,5.8,Natural & Petroleum Resin,,solubility,medium,[PRE] route=standard; [CAS] not found; [CAS] not found; [CLASS] rule: ROSIN|TERPENE|PETROLEUM RESIN|COUMARONE|
NITRILE 20 MIN,NITRILE 20 MIN,,NITRILE 20 MIN,NITRILE 20 MIN,,,,,,17.5,7.3,6.5,5.1,Elastomer,NBR,breakthrough_time,high,[PRE] route=time_series; [CAS] not found; [CLASS] rule: ^\s*NITRILE\b
NITRILE 1 HR,NITRILE 1 HR,,NITRILE 1 HR,NITRILE 1 HR,,,,,,16.6,9.1,4.4,10.0,Elastomer,NBR,breakthrough_time,high,[PRE] route=time_series; [CAS] not found; [CLASS] rule: ^\s*NITRILE\b
NITRILE 4 HR,NITRILE 4 HR,,NITRILE 4 HR,NITRILE 4 HR,,,,,,19.0,12.6,3.8,13.3,Elastomer,NBR,breakthrough_time,high,[PRE] route=time_series; [CAS] not found; [CLASS] rule: ^\s*NITRILE\b
BUTYL 20 MIN,BUTYL 20 MIN,,BUTYL 20 MIN,BUTYL 20 MIN,,,,,,16.5,1.0,5.1,5.0,Elastomer,Butyl Rubber,breakthrough_time,high,[PRE] route=time_series; [CAS] not found; [CLASS] rule: ^\s*BUTYL\s+\d
BUTYL 1 HR,BUTYL 1 HR,,BUTYL 1 HR,BUTYL 1 HR,,,,,,15.8,-2.1,4.0,8.2,Elastomer,Butyl Rubber,breakthrough_time,high,[PRE] route=time_series; [HSP] hsp_flag_dp_negative; [CAS] not found; [CLASS] rule: ^\s*BUTYL\s+\d
BUTYL 4 HR (2),BUTYL 4 HR (2),,BUTYL 4 HR (2),BUTYL 4 HR (2),,,,,,17.6,2.1,2.1,7.0,Elastomer,Butyl Rubber,breakthrough_time,high,[PRE] route=time_series; [CAS] not found; [CLASS] rule: ^\s*BUTYL\s+\d
NATURAL RUBBER 20 MIN,NATURAL RUBBER 20 MIN,"Polyisoprene, natural",natural rubber,NR; natural rubber; gum rubber,,,,,,14.5,7.3,4.5,11.0,Elastomer,Natural rubber,breakthrough_time,high,[PRE] route=time_series; [CAS] not found; [CLASS] rule: \bRUBBER\b(?!\s+HYDROCARBON)|ELASTOMER|\
NATURAL RUBBER 1 HR,NATURAL RUBBER 1 HR,"Polyisoprene, natural",natural rubber,NR; natural rubber; gum rubber,,,,,,15.6,3.4,9.1,14.0,Elastomer,Natural rubber,breakthrough_time,high,[PRE] route=time_series; [CAS] not found; [CLASS] rule: \bRUBBER\b(?!\s+HYDROCARBON)|ELASTOMER|\
NATURAL RUBBER 4 HR,NATURAL RUBBER 4 HR,"Polyisoprene, natural",natural rubber,NR; natural rubber; gum rubber,,,,,,19.4,13.2,7.7,19.0,Elastomer,Natural rubber,breakthrough_time,high,[PRE] route=time_series; [CAS] not found; [CLASS] rule: \bRUBBER\b(?!\s+HYDROCARBON)|ELASTOMER|\
PVC 20 MIN,PVC 20 MIN,,PVC 20 MIN,PVC 20 MIN,,,,,,16.1,7.1,5.9,9.3,Vinyl Polymer,,breakthrough_time,high,[PRE] route=time_series; [CAS] not found; [CLASS] rule: POLYVINYL|VINYL ACETATE|VINYL ALCOHOL|VI
PVC 1 HR,PVC 1 HR,,PVC 1 HR,PVC 1 HR,,,,,,14.9,11.1,3.8,13.2,Vinyl Polymer,,breakthrough_time,high,[PRE] route=time_series; [CAS] not found; [CLASS] rule: POLYVINYL|VINYL ACETATE|VINYL ALCOHOL|VI
PVC 4 HR,PVC 4 HR,,PVC 4 HR,PVC 4 HR,,,,,,24.4,4.9,9.9,22.7,Vinyl Polymer,,breakthrough_time,high,[OCR] Ro rounded to 2dp; [PRE] route=time_series; [CAS] not found; [CLASS] rule: POLYVINYL|VINYL ACETATE|VINYL ALCOHOL|VI
POLYVINYLALCOHOL 20 MIN,POLYVINYLALCOHOL 20 MIN,,POLYVINYLALCOHOL 20 MIN,POLYVINYLALCOHOL 20 MIN,,,,,,11.2,12.4,13.0,12.1,Vinyl Polymer,,breakthrough_time,high,[PRE] route=time_series; [CAS] not found; [CLASS] rule: POLYVINYL|VINYL ACETATE|VINYL ALCOHOL|VI
POLYVINYLALCOHOL 1 HR,POLYVINYLALCOHOL 1 HR,,POLYVINYLALCOHOL 1 HR,POLYVINYLALCOHOL 1 HR,,,,,,15.3,13.2,13.5,8.8,Vinyl Polymer,,breakthrough_time,high,[PRE] route=time_series; [CAS] not found; [CLASS] rule: POLYVINYL|VINYL ACETATE|VINYL ALCOHOL|VI
POLYVINYLALCOHOL 4 HR,POLYVINYLALCOHOL 4 HR,,POLYVINYLALCOHOL 4 HR,POLYVINYLALCOHOL 4 HR,,,,,,17.2,13.6,15.4,10.9,Vinyl Polymer,,breakthrough_time,high,[PRE] route=time_series; [CAS] not found; [CLASS] rule: POLYVINYL|VINYL ACETATE|VINYL ALCOHOL|VI
POLYETHYLENE 20 MIN,POLYETHYLENE 20 MIN,,POLYETHYLENE 20 MIN,POLYETHYLENE 20 MIN,,,,,,16.9,3.3,4.1,8.1,Polyolefin,,breakthrough_time,high,[PRE] route=time_series; [CAS] not found; [CLASS] rule: POLYETHYLENE(?!\s*OXIDE)|\bHDPE\b|\bLDPE
POLYETHYLENE 1 HR,POLYETHYLENE 1 HR,,POLYETHYLENE 1 HR,POLYETHYLENE 1 HR,,,,,,17.1,3.1,5.2,8.2,Polyolefin,,breakthrough_time,high,[PRE] route=time_series; [CAS] not found; [CLASS] rule: POLYETHYLENE(?!\s*OXIDE)|\bHDPE\b|\bLDPE
POLYETHYLENE 4 HR,POLYETHYLENE 4 HR,,POLYETHYLENE 4 HR,POLYETHYLENE 4 HR,,,,,,24.1,14.9,0.3,24.3,Polyolefin,,breakthrough_time,high,[PRE] route=time_series; [CAS] not found; [CLASS] rule: POLYETHYLENE(?!\s*OXIDE)|\bHDPE\b|\bLDPE
VITON 20 MIN,VITON 20 MIN,,VITON 20 MIN,VITON 20 MIN,,,,,,10.9,14.5,3.1,14.1,Fluoropolymer,,breakthrough_time,high,[PRE] route=time_series; [CAS] not found; [CLASS] rule: FLUORO|PTFE|TEFLON|PVDF|POLYVINYLIDENE F
VITON 1 HR,VITON 1 HR,,VITON 1 HR,VITON 1 HR,,,,,,16.5,8.1,8.3,6.6,Fluoropolymer,,breakthrough_time,high,[PRE] route=time_series; [CAS] not found; [CLASS] rule: FLUORO|PTFE|TEFLON|PVDF|POLYVINYLIDENE F
VITON 4 HR,VITON 4 HR,,VITON 4 HR,VITON 4 HR,,,,,,13.6,15.4,8.6,14.4,Fluoropolymer,,breakthrough_time,high,[PRE] route=time_series; [CAS] not found; [CLASS] rule: FLUORO|PTFE|TEFLON|PVDF|POLYVINYLIDENE F
NEOPRENE 20 MIN,NEOPRENE 20 MIN,Polychloroprene,neoprene,CR; polychloroprene; chloroprene rubber,,,,,,17.6,2.5,5.9,6.2,Elastomer,Neoprene,breakthrough_time,high,[PRE] route=time_series; [CAS] not found; [CLASS] rule: \bRUBBER\b(?!\s+HYDROCARBON)|ELASTOMER|\
NEOPRENE 1 HR,NEOPRENE 1 HR,Polychloroprene,neoprene,CR; polychloroprene; chloroprene rubber,,,,,,19.0,8.0,0.0,13.2,Elastomer,Neoprene,breakthrough_time,high,[PRE] route=time_series; [CAS] not found; [CLASS] rule: \bRUBBER\b(?!\s+HYDROCARBON)|ELASTOMER|\
NEOPRENE 4 HR,NEOPRENE 4 HR,Polychloroprene,neoprene,CR; polychloroprene; chloroprene rubber,,,,,,14.6,13.9,2.3,15.9,Elastomer,Neoprene,breakthrough_time,high,[PRE] route=time_series; [CAS] not found; [CLASS] rule: \bRUBBER\b(?!\s+HYDROCARBON)|ELASTOMER|\
CH 5100 3 HR,CH 5100 3 HR,,CH 5100 3 HR,CH 5100 3 HR,,,,,,16.6,5.4,4.0,3.8,Elastomer,,permeation,high,[PRE] route=time_series; [CAS] not found; [CLASS] rule: ^\s*CH \d{4}
CH 5200 3 HR,CH 5200 3 HR,,CH 5200 3 HR,CH 5200 3 HR,,,,,,16.6,6.0,4.8,3.7,Elastomer,,permeation,high,[PRE] route=time_series; [CAS] not found; [CLASS] rule: ^\s*CH \d{4}
PVDC (110C) SOLUBILITY,PVDC (110C) SOLUBILITY,,PVDC (110C) SOLUBILITY,PVDC (110C) SOLUBILITY,,,,,,17.6,9.1,7.8,3.9,Vinyl Polymer,,solubility,high,[PRE] route=standard; [CAS] not found; [CAS] not found; [CLASS] rule: POLYVINYL|VINYL ACETATE|VINYL ALCOHOL|VI
PVDC (130C) SOLUBILITY,PVDC (130C) SOLUBILITY,,PVDC (130C) SOLUBILITY,PVDC (130C) SOLUBILITY,,,,,,20.4,10.0,10.2,7.6,Vinyl Polymer,,solubility,high,[PRE] route=standard; [CAS] not found; [CAS] not found; [CLASS] rule: POLYVINYL|VINYL ACETATE|VINYL ALCOHOL|VI
PES L C=1,PES L C=1,,PES L C=1,PES L C=1,,,,,,18.7,10.5,7.6,9.1,Polysulfone / PES / PPS,,chemical_resistance,medium,[PRE] route=standard; [CAS] not found; [CAS] not found; [CLASS] rule: \bPSU\b|\bPES\b
PES L B + C =1,PES L B + C =1,,PES L B + C =1,PES L B + C =1,,,,,,17.7,9.7,6.4,9.3,Polysulfone / PES / PPS,,chemical_resistance,medium,[PRE] route=standard; [CAS] not found; [CAS] not found; [CLASS] rule: \bPSU\b|\bPES\b
PPS CR 93°C,PPS CR 93°C,,PPS CR 93°C,PPS CR 93°C,,,,,,18.8,4.8,6.8,2.8,Polysulfone / PES / PPS,,chemical_resistance,medium,[PRE] route=standard; [CAS] not found; [CAS] not found; [CLASS] rule: POLYSULFONE|POLYETHERSULFONE|\bPPS\b|\bP
PPS TS60%12MO,PPS TS60%12MO,,PPS TS60%12MO,PPS TS60%12MO,,,,,,18.7,5.3,3.7,6.7,Polysulfone / PES / PPS,,chemical_resistance,medium,[PRE] route=standard; [CAS] not found; [CAS] not found; [CLASS] rule: POLYSULFONE|POLYETHERSULFONE|\bPPS\b|\bP
PA6 CR,PA6 CR,,PA6 CR,PA6 CR,,,,,,17.0,3.4,10.6,5.1,Polyamide,,chemical_resistance,medium,[PRE] route=standard; [CAS] not found; [CAS] not found; [CLASS] rule: ^\s*PA6\b|^\s*PA 6\b
PA66 SOL,PA66 SOL,,PA66 SOL,PA66 SOL,,,,,,17.4,9.8,14.6,5.1,Polyamide,,chemical_resistance,medium,[PRE] route=standard; [CAS] not found; [CAS] not found; [CLASS] rule: POLYAMIDE|\bNYLON\b|VERSAMID|POLYPHTHALA
PA11 CR,PA11 CR,,PA11 CR,PA11 CR,,,,,,17.0,4.4,10.6,5.1,Polyamide,,chemical_resistance,medium,[PRE] route=standard; [CAS] not found; [CAS] not found; [CLASS] rule: POLYAMIDE|\bNYLON\b|VERSAMID|POLYPHTHALA
POMH+POMC CR,POMH+POMC CR,,POMH+POMC CR,POMH+POMC CR,,,,,,17.1,3.1,10.7,5.2,Polyacetal / PEI / PC,Polyacetal,chemical_resistance,medium,[PRE] route=standard; [CAS] not found; [CAS] not found; [CLASS] rule: \bPOMH\b|\bPOMC\b
PETP CR,PETP CR,,PETP CR,PETP CR,,,,,,18.2,6.4,6.6,5.0,Polyester & Alkyd,Saturated Polyester,chemical_resistance,medium,[PRE] route=standard; [CAS] not found; [CAS] not found; [CLASS] rule: \bPET\b|\bPBT\b|\bPETG\b|POLY.ETHYLENE T
PTFE L80 CR,PTFE L80 CR,,PTFE L80 CR,PTFE L80 CR,,,,,,16.2,1.8,3.4,3.9,Fluoropolymer,,chemical_resistance,medium,[PRE] route=standard; [CAS] not found; [CAS] not found; [CLASS] rule: FLUORO|PTFE|TEFLON|PVDF|POLYVINYLIDENE F
PMMA CR,PMMA CR,,PMMA CR,PMMA CR,,,,,,16.0,5.0,12.0,13.0,Acrylic,,chemical_resistance,medium,[PRE] route=standard; [CAS] not found; [CAS] not found; [CLASS] rule: ACRYLIC|ACRYLATE|METHACRYLATE|\bPMMA\b|P
PE? CR QUESTIONABLE VALUES,PE CR QUESTIONABLE VALUES,,PE CR QUESTIONABLE VALUES,PE CR QUESTIONABLE VALUES,,,,,,16.8,5.4,2.4,4.7,Polyolefin,,chemical_resistance,medium,[PRE] route=standard; [NAME] source uncertainty (?); [CAS] not found; [CAS] not found; [CLASS] rule: \bPE\b(?!\s*\d)
PPO CR,PPO CR,,PPO CR,PPO CR,,,,,,17.9,3.1,8.5,8.6,Polyacetal / PEI / PC,,chemical_resistance,medium,[PRE] route=standard; [CAS] not found; [CAS] not found; [CLASS] rule: POLYCARBONATE|\bPOM\b|POLYACETAL|POLYOXY
PUR CR,PUR CR,,PUR CR,PUR CR,,,,,,18.1,9.3,4.5,9.7,Polyurethane,,chemical_resistance,medium,[PRE] route=standard; [CAS] not found; [CAS] not found; [CLASS] rule: ^\s*PUR\b|^\s*PU\b|\bPUR\s+CR\b|\bPUR\s+
ABS CR,ABS CR,,ABS CR,ABS CR,,,,,,16.3,2.7,7.1,7.8,Styrenic,,chemical_resistance,medium,[PRE] route=standard; [CAS] not found; [CAS] not found; [CLASS] rule: STYRENE|POLYSTYRENE|\bABS\b|\bSAN\b|\bSB
PSU CR,PSU CR,,PSU CR,PSU CR,,,,,,16.0,6.0,6.6,9.0,Polysulfone / PES / PPS,,chemical_resistance,medium,[PRE] route=standard; [CAS] not found; [CAS] not found; [CLASS] rule: \bPSU\b|\bPES\b
VINYL SILANE,VINYL SILANE,,VINYL SILANE,VINYL SILANE,,7291-09-0,,,,16.4,3.7,4.5,10.0,Biological & Other,,swelling,medium,[PRE] route=standard; [CAS] from v5 cache: 7291-09-0; [CLASS] no rule matched
CELLOPHAN SW,CELLOPHAN SW,,CELLOPHAN SW,CELLOPHAN SW,,,,,,16.1,18.5,14.5,9.3,Cellulosic Polymer,,swelling,high,[PRE] route=standard; [CAS] not found; [CAS] not found; [CLASS] rule: CELLUL|CELLIT\b|ETHOCEL|CELLIDORA|NITROC
EVOH SOL,EVOH SOL,,EVOH SOL,EVOH SOL,,,,,,20.5,10.5,12.3,7.3,Vinyl Polymer,,swelling,high,[PRE] route=standard; [CAS] not found; [CAS] not found; [CLASS] rule: POLYVINYL|VINYL ACETATE|VINYL ALCOHOL|VI
SARANEX 4HR,SARANEX 4HR,,SARANEX 4HR,SARANEX 4HR,,,,,,17.7,18.3,0.7,18.4,Vinyl Polymer,PVDC,breakthrough_time,high,[PRE] route=time_series; [CAS] not found; [CLASS] rule: \bSARANEX\b|\bSARAN\b
4H 35°C,4H 35°C,,4H 35°C,4H 35°C,,,,,,19.4,13.4,18.0,8.6,Biological & Other,,breakthrough_time,high,[PRE] route=standard; [CAS] not found; [CAS] not found; [CLASS] no rule matched
4H 35°C no plasticizer included,4H 35°C no plasticizer included,,4H 35°C no plasticizer included,4H 35°C no plasticizer included,,,,,,20.5,11.3,10.3,6.7,Biological & Other,,breakthrough_time,high,[PRE] route=standard; [CAS] not found; [CAS] not found; [CLASS] no rule matched
POLYVINYLALCOHOL,POLYVINYLALCOHOL,,POLYVINYLALCOHOL,POLYVINYLALCOHOL,,,,,,15.0,17.2,17.8,10.2,Vinyl Polymer,,breakthrough_time,high,[PRE] route=standard; [CAS] not found; [CAS] not found; [CLASS] rule: POLYVINYL|VINYL ACETATE|VINYL ALCOHOL|VI
ACETAL CELANESE,ACETAL CELANESE,,ACETAL CELANESE,ACETAL CELANESE,,,,,,21.1,9.3,5.9,11.4,Polyacetal / PEI / PC,Polyacetal,chemical_resistance,medium,[PRE] route=standard; [CAS] not found; [CAS] not found; [CLASS] rule: \bPOM\b|ACETAL\b
ACETALHOMO-DUO,ACETALHOMO-DUO,,ACETALHOMO-DUO,ACETALHOMO-DUO,,,,,,19.0,5.0,8.0,5.0,Polyacetal / PEI / PC,Polyacetal,chemical_resistance,medium,[PRE] route=standard; [CAS] not found; [CAS] not found; [CLASS] rule: ACETALHOMO|ACETAL.*DUO
CELLULOSE ACETATE,CELLULOSE ACETATE,,CELLULOSE ACETATE,CELLULOSE ACETATE,,,,,,16.9,16.3,3.7,13.7,Cellulosic Polymer,,chemical_resistance,medium,[OCR] Ro rounded to 2dp; [PRE] route=standard; [CAS] not found; [CAS] not found; [CLASS] rule: CELLUL|CELLIT\b|ETHOCEL|CELLIDORA|NITROC
CELL. ACET. BUTYRATE,CELL. ACET. BUTYRATE,,CELL. ACET. BUTYRATE,CELL. ACET. BUTYRATE,,,,,,17.2,13.8,2.8,12.6,Cellulosic Polymer,,chemical_resistance,medium,[PRE] route=standard; [CAS] not found; [CAS] not found; [CLASS] rule: CELL\.\s*ACET|\bETHCEL\b|\bCELLOPHAN\b
CELL. ACET. PROPIONATE,CELL. ACET. PROPIONATE,,CELL. ACET. PROPIONATE,CELL. ACET. PROPIONATE,,,,,,9.8,13.6,11.4,15.2,Cellulosic Polymer,,chemical_resistance,medium,[PRE] route=standard; [HSP] hsp_flag_dd_low; [CAS] not found; [CAS] not found; [CLASS] rule: CELL\.\s*ACET|\bETHCEL\b|\bCELLOPHAN\b
PCTFE,PCTFE,,PCTFE,PCTFE,,,,,,14.1,2.7,5.5,6.6,Fluoropolymer,,chemical_resistance,medium,[PRE] route=standard; [CAS] not found; [CAS] not found; [CLASS] rule: FLUORO|PTFE|TEFLON|PVDF|POLYVINYLIDENE F
FEP,FEP,,FEP,FEP,,,,,,19.0,4.0,3.0,4.0,Fluoropolymer,,chemical_resistance,medium,[PRE] route=standard; [CAS] not found; [CAS] not found; [CLASS] rule: FLUORO|PTFE|TEFLON|PVDF|POLYVINYLIDENE F
FURAN,FURAN,,FURAN,FURAN,,110-00-9,,,,19.0,6.0,8.0,5.0,Phenolic Resin,Furan Resin,chemical_resistance,medium,[PRE] route=standard; [CAS] from v5 cache: 110-00-9; [CLASS] rule: \bFURAN\b|FURF|FURFURYL|FURANE\b
FURF ALC,FURF ALC,,FURF ALC,FURF ALC,,,,,,19.9,3.9,5.1,3.8,Phenolic Resin,Furan Resin,chemical_resistance,medium,[PRE] route=standard; [CAS] not found; [CAS] not found; [CLASS] rule: \bFURAN\b|FURF|FURFURYL|FURANE\b
PFA(?),PFA(),,PFA(),PFA(),,,,,,16.7,7.7,-0.5,8.1,Fluoropolymer,,chemical_resistance,medium,[PRE] route=standard; [HSP] hsp_flag_dh_negative; [NAME] source uncertainty (?); [CAS] not found; [CAS] not found; [CLASS] rule: FLUORO|PTFE|TEFLON|PVDF|POLYVINYLIDENE F
PHENOLIC,PHENOLIC,,PHENOLIC,PHENOLIC,,,,,,21.6,5.2,18.8,15.4,Phenolic Resin,,chemical_resistance,medium,[PRE] route=standard; [CAS] not found; [CAS] not found; [CLASS] rule: PHENOL.FORMALDEHYDE|PHENOLIC|NOVOLAC|RES
PETG,PETG,"Poly(ethylene terephthalate-co-1,4-cyclohexanedimethanol terephthalate)",PETG,PETG; polyethylene terephthalate glycol; PETG copolyester,PETG,63407-54-5,,,,18.0,3.0,4.0,6.0,Polyester & Alkyd,Saturated Polyester,chemical_resistance,medium,[PRE] route=standard; [CAS] from v5 cache: 63407-54-5; [CLASS] rule: \bPET\b|\bPBT\b|\bPETG\b|POLY.ETHYLENE T
HDPE,HDPE,"Polyethylene, high density",high-density polyethylene,high-density polyethylene; HDPE,HDPE,,https://pubchem.ncbi.nlm.nih.gov/compound/9795,,,18.0,0.0,2.0,2.0,Polyolefin,,chemical_resistance,medium,[PRE] route=standard; [CAS] PubChem CID from acronym table: 9795; [CAS] not found; [CLASS] rule: POLYETHYLENE(?!\s*OXIDE)|\bHDPE\b|\bLDPE
PP,PP,Polypropylene,polypropylene,polypropylene,PP,,https://pubchem.ncbi.nlm.nih.gov/compound/9857,,,18.0,0.0,1.0,6.0,Polyolefin,Polypropylene,chemical_resistance,medium,[PRE] route=standard; [CAS] PubChem CID from acronym table: 9857; [CAS] not found; [CLASS] rule: \bPP\b(?!\s*\d)
PECTFE SOL AT HIGH TEMP.,PECTFE SOL AT HIGH TEMP.,,PECTFE SOL AT HIGH TEMP.,PECTFE SOL AT HIGH TEMP.,,,,,,19.5,7.3,1.7,5.1,Fluoropolymer,,solubility,medium,[PRE] route=standard; [CAS] not found; [CAS] not found; [CLASS] rule: \bPECTFE\b|\bPCTFE\b
PAN,PAN,Polyacrylonitrile,PAN,PAN; polyacrylonitrile,PAN,,https://pubchem.ncbi.nlm.nih.gov/compound/9904,,,21.7,14.1,9.1,10.9,Acrylic,PAN,solubility,high,[PRE] route=standard; [CAS] PubChem CID from acronym table: 9904; [CAS] not found; [CLASS] rule: \bPAN\b|POLYACRYLONITRILE
PEI 1200PSI,PEI 1200PSI,,PEI 1200PSI,PEI 1200PSI,,,,,,17.2,6.4,5.2,3.6,Polyacetal / PEI / PC,PEI,esc,high,[PRE] route=standard; [CAS] not found; [CAS] not found; [CLASS] rule: \bPEI\b|\bPEI\b.*PSI
PEI 2400PSI,PEI 2400PSI,,PEI 2400PSI,PEI 2400PSI,,,,,,17.4,4.6,9.0,7.2,Polyacetal / PEI / PC,PEI,esc,high,[PRE] route=standard; [CAS] not found; [CAS] not found; [CLASS] rule: \bPEI\b|\bPEI\b.*PSI
PEI 600PSI,PEI 600PSI,,PEI 600PSI,PEI 600PSI,,,,,,17.3,5.3,4.7,3.3,Polyacetal / PEI / PC,PEI,esc,high,[PRE] route=standard; [CAS] not found; [CAS] not found; [CLASS] rule: \bPEI\b|\bPEI\b.*PSI
ESTER GUM,ESTER GUM,,ESTER GUM,ESTER GUM,,,,,,16.9,4.5,6.5,9.2,Cellulosic Polymer,,estimated,low,[PRE] route=standard; [CAS] not found; [CAS] not found; [CLASS] rule: CELLUL|CELLIT\b|ETHOCEL|CELLIDORA|NITROC
ALKYD 45 SOYA,ALKYD 45 SOYA,,ALKYD 45 SOYA,ALKYD 45 SOYA,,,,,,17.5,2.3,7.7,10.0,Polyester & Alkyd,Alkyd,estimated,low,[PRE] route=standard; [CAS] not found; [CAS] not found; [CLASS] rule: ALKYD|ALKYDAL|ALFTALAT|DYNAPOL|GLYPTAL|B
SILICONE DC-1107?,SILICONE DC-1107,,SILICONE DC-1107,SILICONE DC-1107,,,,,,19.6,3.4,10.8,9.8,Elastomer,Silicone,estimated,low,[PRE] route=standard; [NAME] source uncertainty (?); [CAS] not found; [CAS] not found; [CLASS] rule: SILICONE|BAYSILON|SILICON RESIN|POLY.DIM
PVETHYLETHER?,PVETHYLETHER,,PVETHYLETHER,PVETHYLETHER,,,,,,15.1,3.1,11.9,12.9,Vinyl Polymer,Polyvinyl ethyl ether,estimated,low,[PRE] route=standard; [NAME] source uncertainty (?); [CAS] not found; [CAS] not found; [CLASS] rule: PVETHYL.*ETHER|POLYVINYLETHYLETHER
PBUTYLACRYLATE,PBUTYLACRYLATE,,PBUTYLACRYLATE,PBUTYLACRYLATE,,,,,,16.2,9.0,3.0,10.1,Acrylic,,estimated,low,[PRE] route=standard; [CAS] not found; [CAS] not found; [CLASS] rule: ACRYLIC|ACRYLATE|METHACRYLATE|\bPMMA\b|P
PBMA?,PBMA,Poly(butyl methacrylate),PBMA,PBMA,PBMA,,,,,15.9,5.5,5.9,8.5,Acrylic,PBMA,estimated,low,[PRE] route=standard; [NAME] source uncertainty (?); [CAS] not found; [CAS] not found; [CLASS] rule: \bPBMA\b
SILICONE DC 23?,SILICONE DC 23,,SILICONE DC 23,SILICONE DC 23,,,,,,16.4,0.0,7.8,5.5,Elastomer,Silicone,estimated,low,[PRE] route=standard; [NAME] source uncertainty (?); [CAS] not found; [CAS] not found; [CLASS] rule: SILICONE|BAYSILON|SILICON RESIN|POLY.DIM
PE,PE,Polyethylene,polyethylene,polyethylene; PE,PE,,https://pubchem.ncbi.nlm.nih.gov/compound/9795,,,16.0,0.8,2.8,3.2,Polyolefin,,estimated,low,[PRE] route=standard; [CAS] PubChem CID from acronym table: 9795; [CAS] not found; [CLASS] rule: \bPE\b(?!\s*\d)
GILSONITE,GILSONITE,Uintaite,gilsonite,natural asphalt; uintaite,,,,,,17.1,2.1,3.9,4.9,Natural & Petroleum Resin,Bituminous resin,estimated,low,[PRE] route=standard; [CAS] not found; [CAS] not found; [CLASS] rule: ROSIN|TERPENE|PETROLEUM RESIN|COUMARONE|
PVINYLBUTYLETHER,PVINYLBUTYLETHER,,PVINYLBUTYLETHER,PVINYLBUTYLETHER,,,,,,17.4,3.4,7.8,8.4,Vinyl Polymer,PVE,estimated,low,[PRE] route=standard; [CAS] not found; [CAS] not found; [CLASS] rule: VBE/|PVBE\b|VINYL.*ETHER
NAT RUBBER,NAT RUBBER,"Polyisoprene, natural",natural rubber,NR; natural rubber,,,,,,16.0,4.0,6.0,1.3,Elastomer,Natural rubber,estimated,low,[PRE] route=standard; [CAS] not found; [CAS] not found; [CLASS] rule: \bRUBBER\b(?!\s+HYDROCARBON)|ELASTOMER|\
HYP 20 CHLOROSULFONATED PE,HYP 20 CHLOROSULFONATED PE,,HYP 20 CHLOROSULFONATED PE,HYP 20 CHLOROSULFONATED PE,,,,,,17.4,3.2,4.0,4.8,Elastomer,Chlorinated/Halogenated Rubber,estimated,low,[PRE] route=standard; [CAS] not found; [CAS] not found; [CLASS] rule: CHLORINATED RUBBER|CHLOROPAR|CERECLOR|PE
ETHCEL N22?,ETHCEL N22,,ETHCEL N22,ETHCEL N22,,,,,,22.7,0.5,16.5,20.1,Cellulosic Polymer,,estimated,low,[PRE] route=standard; [NAME] source uncertainty (?); [CAS] not found; [CAS] not found; [CLASS] rule: CELL\.\s*ACET|\bETHCEL\b|\bCELLOPHAN\b
CHLORINATED RUBBER,CHLORINATED RUBBER,,CHLORINATED RUBBER,CHLORINATED RUBBER,,,,,,17.9,6.3,5.1,7.6,Elastomer,,estimated,low,[PRE] route=standard; [CAS] not found; [CAS] not found; [CLASS] rule: \bRUBBER\b(?!\s+HYDROCARBON)|ELASTOMER|\
DAMMAR GUM,DAMMAR GUM,Dammar resin,dammar,dammar varnish; dammer resin,,,,,,18.4,4.2,7.8,8.3,Natural & Petroleum Resin,Dammar,estimated,low,[PRE] route=standard; [CAS] not found; [CAS] not found; [CLASS] rule: ROSIN|TERPENE|PETROLEUM RESIN|COUMARONE|
VERSAMID 100?,Versamid 100,Dimer acid-based polyamide,polyamide resin,dimer acid polyamide; reactive polyamide,PA,,,,,18.8,3.0,9.2,7.8,Polyamide,Dimer acid polyamide,estimated,low,[PRE] route=trade_name; [NAME] source uncertainty (?); [CAS] not found; [CLASS] class from brand prefix mapping
PS,PS,Polystyrene,polystyrene,polystyrene; styrofoam,PS,,https://pubchem.ncbi.nlm.nih.gov/compound/6353,,,18.5,4.5,2.9,5.3,Styrenic,Polystyrene,estimated,low,[PRE] route=standard; [CAS] PubChem CID from acronym table: 6353; [CAS] not found; [CLASS] rule: \bPS\b(?!\s*\d)
PVAC,PVAC,Poly(vinyl acetate),PVAc,PVAc; polyvinyl acetate,PVAC,,,,,17.6,2.2,4.0,4.1,Vinyl Polymer,,estimated,low,[PRE] route=standard; [CAS] not found; [CAS] not found; [CLASS] rule: POLYVINYL|VINYL ACETATE|VINYL ALCOHOL|VI
PVC,PVC,Poly(vinyl chloride),polyvinyl chloride,polyvinyl chloride; vinyl plastic; PVC,PVC,,https://pubchem.ncbi.nlm.nih.gov/compound/6338,,,17.6,7.8,3.4,8.2,Vinyl Polymer,,estimated,low,[PRE] route=standard; [CAS] PubChem CID from acronym table: 6338; [CAS] not found; [CLASS] rule: POLYVINYL|VINYL ACETATE|VINYL ALCOHOL|VI
PHENOLICS,PHENOLICS,,PHENOLICS,PHENOLICS,,,,,,19.8,7.2,10.8,12.8,Phenolic Resin,,estimated,low,[PRE] route=standard; [CAS] not found; [CAS] not found; [CLASS] rule: PHENOL.FORMALDEHYDE|PHENOLIC|NOVOLAC|RES
BUNA N BUTADIENE/ACRYLONITRILE,BUNA N BUTADIENE/ACRYLONITRILE,,BUNA N BUTADIENE/ACRYLONITRILE,BUNA N BUTADIENE/ACRYLONITRILE,,,,,,17.8,3.2,3.4,3.7,Elastomer,,estimated,low,[PRE] route=standard; [CAS] not found; [CAS] not found; [CLASS] rule: \bRUBBER\b(?!\s+HYDROCARBON)|ELASTOMER|\
PMMA,PMMA,Poly(methyl methacrylate),acrylic glass,acrylic glass; acrylic; plexiglass; perspex,PMMA,,https://pubchem.ncbi.nlm.nih.gov/compound/6328,,,18.1,10.5,5.1,9.5,Acrylic,,estimated,low,[PRE] route=standard; [CAS] PubChem CID from acronym table: 6328; [CAS] not found; [CLASS] rule: ACRYLIC|ACRYLATE|METHACRYLATE|\bPMMA\b|P
PEO 4000 ? HEATED SAMPLES,PEO 4000 HEATED SAMPLES,,PEO 4000 HEATED SAMPLES,PEO 4000 HEATED SAMPLES,,,,,,21.5,10.9,13.1,15.9,Polyolefin,PEO,estimated,low,[PRE] route=standard; [NAME] source uncertainty (?); [CAS] not found; [CAS] not found; [CLASS] rule: POLYETHYLENEOXIDE|POLYETHYLENE OXIDE|PEO
POLYETHYLENESULFIDE (GOOD),POLYETHYLENESULFIDE,,POLYETHYLENESULFIDE,GOOD,,,,,,17.8,3.8,2.2,4.1,Polyolefin,,estimated,low,[PRE] route=standard; [CAS] not found; [CAS] not found; [CLASS] rule: POLYETHYLENE(?!\s*OXIDE)|\bHDPE\b|\bLDPE
PC,PC,Polycarbonate,polycarbonate,polycarbonate; PC; Makrolon; Lexan,PC,,,,,18.1,5.9,6.9,5.5,Polyacetal / PEI / PC,Polycarbonate,estimated,low,[PRE] route=standard; [CAS] not found; [CAS] not found; [CLASS] rule: \bPC\b(?!\s*\d)
PLIOLITE P1230,PLIOLITE P1230,,PLIOLITE P1230,PLIOLITE P1230,,,,,,18.1,4.7,3.7,3.9,Natural & Petroleum Resin,,estimated,low,[OCR] Ro rounded to 2dp; [PRE] route=standard; [CAS] not found; [CAS] not found; [CLASS] rule: HYDROCARBON M|CONOCO H-|PARAPOL|PLIOLITE
MYLAR PET,MYLAR PET,,MYLAR PET,MYLAR PET,,,,,,18.0,6.2,6.2,5.0,Polyester & Alkyd,Saturated Polyester,estimated,low,[PRE] route=standard; [CAS] not found; [CAS] not found; [CLASS] rule: \bPET\b|\bPBT\b|\bPETG\b|POLY.ETHYLENE T
VCVA COPOLY,VCVA COPOLY,,VCVA COPOLY,VCVA COPOLY,,,,,,17.3,8.7,6.1,7.8,Vinyl Polymer,,estimated,low,[PRE] route=standard; [CAS] not found; [CAS] not found; [CLASS] rule: \bV AREZ\b|\bVAREZ\b|\bVCVA\b|\bVCV A\b|
PUR,PUR,,PUR,PUR,,550-33-4,,,,17.9,6.9,3.7,2.7,Polyurethane,,estimated,low,[PRE] route=standard; [CAS] from v5 cache: 550-33-4; [CLASS] rule: ^\s*PUR\b|^\s*PU\b|\bPUR\s+CR\b|\bPUR\s+
SAN,SAN,Poly(styrene-co-acrylonitrile),SAN,SAN; styrene-acrylonitrile copolymer,SAN,,https://pubchem.ncbi.nlm.nih.gov/compound/1599,,,16.6,9.8,7.6,4.8,Styrenic,,estimated,low,"[PRE] route=standard; [CAS] CID found: 1599, CAS not in synonyms; [CAS] not found; [CLASS] rule: STYRENE|POLYSTYRENE|\bABS\b|\bSAN\b|\bSB"
VINSOL ROSIN,VINSOL ROSIN,,VINSOL ROSIN,VINSOL ROSIN,,,,,,17.4,10.0,13.0,10.5,Natural & Petroleum Resin,,estimated,low,[PRE] route=standard; [CAS] not found; [CAS] not found; [CLASS] rule: ROSIN|TERPENE|PETROLEUM RESIN|COUMARONE|
EPON 1001,EPON 1001,,EPON 1001,EPON 1001,EP,,,,,17.0,9.6,7.8,7.1,Epoxy Resin,,estimated,low,[PRE] route=trade_name; [CAS] not found; [CLASS] class from brand prefix mapping
SHELLAC,SHELLAC,Shellac resin,shellac,lac resin; bleached shellac,,,,,,19.7,10.1,15.1,10.7,Natural & Petroleum Resin,Shellac,estimated,low,[PRE] route=standard; [CAS] not found; [CAS] not found; [CLASS] rule: ROSIN|TERPENE|PETROLEUM RESIN|COUMARONE|
POLYMETHACRYLONITRILE,POLYMETHACRYLONITRILE,,POLYMETHACRYLONITRILE,POLYMETHACRYLONITRILE,,,,,,17.2,14.4,7.6,3.8,Acrylic,,estimated,low,[PRE] route=standard; [CAS] not found; [CAS] not found; [CLASS] rule: MMA/|/MMA|METHYL METHACRYLATE|PLEXIGUM|P
CELLULOSE ACETATE,CELLULOSE ACETATE,,CELLULOSE ACETATE,CELLULOSE ACETATE,,,,,,18.3,16.5,11.9,8.8,Cellulosic Polymer,,estimated,low,[PRE] route=standard; [CAS] not found; [CAS] not found; [CLASS] rule: CELLUL|CELLIT\b|ETHOCEL|CELLIDORA|NITROC
CELLULOSE NITRATE,CELLULOSE NITRATE,,CELLULOSE NITRATE,CELLULOSE NITRATE,,,,,,16.9,13.5,10.3,9.9,Cellulosic Polymer,,estimated,low,[PRE] route=standard; [CAS] not found; [CAS] not found; [CLASS] rule: CELLUL|CELLIT\b|ETHOCEL|CELLIDORA|NITROC
"PVOH (NOT GOOD, SEE CHAP. 5)",PVOH,Poly(vinyl alcohol),PVOH,PVOH; PVA; polyvinyl alcohol,PVOH,,https://pubchem.ncbi.nlm.nih.gov/compound/11199,,,17.0,9.0,18.0,4.0,Vinyl Polymer,PVOH,estimated,low,[PRE] route=standard; [CAS] PubChem CID from acronym table: 11199; [CAS] not found; [CLASS] rule: \bPVOH\b|\bPVAL\b
NYLON 66,NYLON 66,Poly(caprolactam),nylon 6,PA6; polyamide 6; polycaprolactam,,,https://pubchem.ncbi.nlm.nih.gov/compound/36070,,,16.0,11.0,24.0,3.0,Polyamide,PA6,estimated,low,"[PRE] route=standard; [CAS] CID found: 36070, CAS not in synonyms; [CAS] not found; [CLASS] rule: POLYAMIDE|\bNYLON\b|VERSAMID|POLYPHTHALA"
ACRYLOID B-44,Acryloid B-44,Poly(methyl methacrylate-co-ethyl acrylate),Acryloid B-44,acrylic copolymer,,,,,,19.4,11.2,4.4,10.5,Acrylic,MMA/EA copolymer,estimated,low,[PRE] route=trade_name; [CAS] not found; [CLASS] class from brand prefix mapping
ACRYLOID B-66,Acryloid B-66,,Acryloid B-66,Acryloid B-66,,,,,,18.0,9.0,3.0,9.0,Acrylic,,estimated,low,[PRE] route=trade_name; [CAS] not found; [CLASS] class from brand prefix mapping
ACRYLOID B-72,Acryloid B-72,,Acryloid B-72,Acryloid B-72,,,,,,19.2,11.2,1.8,11.0,Acrylic,,estimated,low,[PRE] route=trade_name; [CAS] not found; [CLASS] class from brand prefix mapping
ACRYLOID B-82,Acryloid B-82,,Acryloid B-82,Acryloid B-82,,,,,,19.1,9.1,3.3,9.0,Acrylic,,estimated,low,[PRE] route=trade_name; [CAS] not found; [CLASS] class from brand prefix mapping
R+H PBA,R+H PBA,,R+H PBA,R+H PBA,,,,,,16.0,8.0,8.0,12.0,Acrylic,,estimated,low,[PRE] route=standard; [CAS] not found; [CAS] not found; [CLASS] rule: R\+H\b
R+H PiMBA,R+H PiMBA,,R+H PiMBA,R+H PiMBA,,,,,,20.7,4.1,10.7,11.5,Acrylic,,estimated,low,[PRE] route=standard; [CAS] not found; [CAS] not found; [CLASS] rule: R\+H\b
R+H PNBMA,R+H PNBMA,,R+H PNBMA,R+H PNBMA,,,,,,16.0,6.2,6.6,9.5,Acrylic,,estimated,low,[PRE] route=standard; [CAS] not found; [CAS] not found; [CLASS] rule: R\+H\b
R+H PEMA,R+H PEMA,,R+H PEMA,R+H PEMA,,,,,,19.0,9.0,8.0,11.0,Acrylic,PEMA,estimated,low,[PRE] route=standard; [CAS] not found; [CAS] not found; [CLASS] rule: \bPEMA\b
R+H PMAA,R+H PMAA,,R+H PMAA,R+H PMAA,,,,,,25.6,11.2,19.6,20.3,Acrylic,,estimated,low,[PRE] route=standard; [CAS] not found; [CAS] not found; [CLASS] rule: R\+H\b
R+H PMMA,R+H PMMA,,R+H PMMA,R+H PMMA,,,,,,19.1,11.3,4.1,10.3,Acrylic,,estimated,low,[PRE] route=standard; [CAS] not found; [CAS] not found; [CLASS] rule: ACRYLIC|ACRYLATE|METHACRYLATE|\bPMMA\b|P
BMA/AN 80/20,BMA/AN 80/20,,BMA/AN 80/20,BMA/AN 80/20,,,,,,17.5,9.9,4.1,9.5,Acrylic,,estimated,low,[PRE] route=copolymer; [CAS] not found; [CAS] not found; [CLASS] rule: ^BMA/
ISOB MALANH/CYCLOL 75/25,ISOB MALANH/CYCLOL 75/25,,ISOB MALANH/CYCLOL 75/25,ISOB MALANH/CYCLOL 75/25,,,,,,16.8,-0.4,7.2,8.5,Acrylic,,estimated,low,[PRE] route=standard; [HSP] hsp_flag_dp_negative; [CAS] not found; [CAS] not found; [CLASS] rule: CYCLOL|POLYCYCLOL
MAA/EA/ST 15/38/47,MAA/EA/ST 15/38/47,,MAA/EA/ST 15/38/47,MAA/EA/ST 15/38/47,,,,,,17.6,5.2,7.0,4.5,Acrylic,,estimated,low,[PRE] route=copolymer; [CAS] not found; [CAS] not found; [CLASS] rule: ^MAA/
MAA/MA/VA 15/27.5/57.5,MAA/MA/VA 15/27.5/57.5,,MAA/MA/VA 15/27.5/57.5,MAA/MA/VA 15/27.5/57.5,,,,,,28.5,15.7,18.1,21.5,Acrylic,,estimated,low,[OCR] HSP column-shift corrected; [PRE] route=copolymer; [HSP] hsp_flag_dd_high; [CAS] not found; [CAS] not found; [CLASS] rule: ^MAA/
MAA/MA/VA 15/17.5/67.5,MAA/MA/VA 15/17.5/67.5,,MAA/MA/VA 15/17.5/67.5,MAA/MA/VA 15/17.5/67.5,,,,,,25.5,15.7,18.1,21.5,Acrylic,,estimated,low,[OCR] HSP column-shift corrected; [PRE] route=copolymer; [CAS] not found; [CAS] not found; [CLASS] rule: ^MAA/
MMA/CYCLOL 58/42,MMA/CYCLOL 58/42,,MMA/CYCLOL 58/42,MMA/CYCLOL 58/42,,,,,,18.7,9.9,8.7,8.8,Acrylic,,estimated,low,[PRE] route=copolymer; [CAS] not found; [CAS] not found; [CLASS] rule: CYCLOL|POLYCYCLOL
MMA/EA 50/50,MMA/EA 50/50,,MMA/EA 50/50,MMA/EA 50/50,,,,,,17.5,9.9,4.1,9.5,Acrylic,,estimated,low,[PRE] route=copolymer; [CAS] not found; [CAS] not found; [CLASS] rule: MMA/|/MMA|METHYL METHACRYLATE|PLEXIGUM|P
MMA/EA 25/75,MMA/EA 25/75,,MMA/EA 25/75,MMA/EA 25/75,,,,,,19.0,9.0,15.0,12.0,Acrylic,,estimated,low,[PRE] route=copolymer; [CAS] not found; [CAS] not found; [CLASS] rule: MMA/|/MMA|METHYL METHACRYLATE|PLEXIGUM|P
MMA/EA/AGE 40/40/20,MMA/EA/AGE 40/40/20,,MMA/EA/AGE 40/40/20,MMA/EA/AGE 40/40/20,,,,,,17.6,9.8,5.6,9.7,Acrylic,,estimated,low,[PRE] route=copolymer; [CAS] not found; [CAS] not found; [CLASS] rule: MMA/|/MMA|METHYL METHACRYLATE|PLEXIGUM|P
MMA/EA/AA,MMA/EA/AA,,MMA/EA/AA,MMA/EA/AA,,,,,,15.9,15.9,11.5,11.1,Acrylic,,estimated,low,[PRE] route=copolymer; [CAS] not found; [CAS] not found; [CLASS] rule: MMA/|/MMA|METHYL METHACRYLATE|PLEXIGUM|P
MMA/EA/AN 55/30/15?,MMA/EA/AN 55/30/15,,MMA/EA/AN 55/30/15,MMA/EA/AN 55/30/15,,,,,,16.7,10.9,8.5,8.5,Acrylic,,estimated,low,[PRE] route=copolymer; [NAME] source uncertainty (?); [CAS] not found; [CAS] not found; [CLASS] rule: MMA/|/MMA|METHYL METHACRYLATE|PLEXIGUM|P
MMA/EA/AN 40/40/20,MMA/EA/AN 40/40/20,,MMA/EA/AN 40/40/20,MMA/EA/AN 40/40/20,,,,,,20.4,13.2,11.0,12.3,Acrylic,,estimated,low,[PRE] route=copolymer; [CAS] not found; [CAS] not found; [CLASS] rule: MMA/|/MMA|METHYL METHACRYLATE|PLEXIGUM|P
MMA/EA/BAMA 40/40/20,MMA/EA/BAMA 40/40/20,,MMA/EA/BAMA 40/40/20,MMA/EA/BAMA 40/40/20,,,,,,17.9,8.5,11.7,12.9,Acrylic,,estimated,low,[PRE] route=copolymer; [CAS] not found; [CAS] not found; [CLASS] rule: MMA/|/MMA|METHYL METHACRYLATE|PLEXIGUM|P
MMA/EA/CYCLOL,MMA/EA/CYCLOL,,MMA/EA/CYCLOL,MMA/EA/CYCLOL,,,,,,17.6,9.8,6.4,9.8,Acrylic,,estimated,low,[PRE] route=copolymer; [CAS] not found; [CAS] not found; [CLASS] rule: CYCLOL|POLYCYCLOL
MMA/EA/MAM 40/40/20,MMA/EA/MAM 40/40/20,,MMA/EA/MAM 40/40/20,MMA/EA/MAM 40/40/20,,,,,,19.0,9.0,15.0,12.0,Acrylic,,estimated,low,[PRE] route=copolymer; [CAS] not found; [CAS] not found; [CLASS] rule: MMA/|/MMA|METHYL METHACRYLATE|PLEXIGUM|P
MMA/EA/MAM 45/45/10?,MMA/EA/MAM 45/45/10,,MMA/EA/MAM 45/45/10,MMA/EA/MAM 45/45/10,,,,,,19.5,11.1,8.7,11.2,Acrylic,,estimated,low,[PRE] route=copolymer; [NAME] source uncertainty (?); [CAS] not found; [CAS] not found; [CLASS] rule: MMA/|/MMA|METHYL METHACRYLATE|PLEXIGUM|P
MMA/EA/BVBE 40/40/20,MMA/EA/BVBE 40/40/20,,MMA/EA/BVBE 40/40/20,MMA/EA/BVBE 40/40/20,,,,,,17.8,10.0,6.6,9.8,Acrylic,,estimated,low,[PRE] route=copolymer; [CAS] not found; [CAS] not found; [CLASS] rule: MMA/|/MMA|METHYL METHACRYLATE|PLEXIGUM|P
ACID DEGMP,ACID DEGMP,,ACID DEGMP,ACID DEGMP,,,,,,15.3,13.3,14.9,15.6,Polyester & Alkyd,,estimated,low,[PRE] route=standard; [CAS] not found; [CAS] not found; [CLASS] rule: ADIP.*TEREP|TEREP.*ADIP|VITEL|HYD BIS|PE
CARB DEG PTH,CARB DEG PTH,,CARB DEG PTH,CARB DEG PTH,,,,,,19.4,13.4,11.6,11.1,Polyester & Alkyd,,estimated,low,[PRE] route=standard; [CAS] not found; [CAS] not found; [CLASS] rule: \bDEG\b|\bDPG\b|\bTEG\b|ISOPH|TEREPH|MAL
CRYPLEX 1473-5,CRYPLEX 1473-5,,CRYPLEX 1473-5,CRYPLEX 1473-5,,,,,,19.2,9.4,5.6,8.9,Acrylic,,estimated,low,[PRE] route=standard; [CAS] not found; [CAS] not found; [CLASS] rule: \bSINCLAIR\b|\bCRYPLEX\b|\bVYSET\b
DEG ISOPH,DEG ISOPH,,DEG ISOPH,DEG ISOPH,,,,,,19.2,17.2,14.6,11.8,Polyester & Alkyd,,estimated,low,[PRE] route=standard; [CAS] not found; [CAS] not found; [CLASS] rule: \bDEG\b|\bDPG\b|\bTEG\b|ISOPH|TEREPH|MAL
DEG PHTH,DEG PHTH,,DEG PHTH,DEG PHTH,,,,,,21.0,15.2,13.2,13.7,Polyester & Alkyd,,estimated,low,[PRE] route=standard; [CAS] not found; [CAS] not found; [CLASS] rule: \bDEG\b|\bDPG\b|\bTEG\b|ISOPH|TEREPH|MAL
DPG PHTH,DPG PHTH,,DPG PHTH,DPG PHTH,,,,,,20.1,11.5,6.7,11.6,Polyester & Alkyd,,estimated,low,[OCR] Ro rounded to 2dp; [PRE] route=standard; [CAS] not found; [CAS] not found; [CLASS] rule: \bDEG\b|\bDPG\b|\bTEG\b|ISOPH|TEREPH|MAL
DOW ADIP TEREP,DOW ADIP TEREP,,DOW ADIP TEREP,DOW ADIP TEREP,,,,,,17.8,10.4,6.8,9.3,Polyester & Alkyd,,estimated,low,[PRE] route=standard; [CAS] not found; [CAS] not found; [CLASS] rule: ADIP.*TEREP|TEREP.*ADIP|VITEL|HYD BIS|PE
DOW X-2635 MALEATE,DOW X-2635 MALEATE,,DOW X-2635 MALEATE,DOW X-2635 MALEATE,,,,,,17.8,5.6,6.8,4.5,Polyester & Alkyd,,estimated,low,[PRE] route=standard; [CAS] not found; [CAS] not found; [CLASS] rule: \bDEG\b|\bDPG\b|\bTEG\b|ISOPH|TEREPH|MAL
VITEL PE LINEAR,VITEL PE LINEAR,,VITEL PE LINEAR,VITEL PE LINEAR,,,,,,14.9,10.1,2.9,6.1,Polyolefin,,estimated,low,[PRE] route=standard; [CAS] not found; [CAS] not found; [CLASS] rule: \bPE\b(?!\s*\d)
VITEL PE101-X,VITEL PE101-X,,VITEL PE101-X,VITEL PE101-X,,,,,,21.3,6.3,4.7,7.3,Polyester & Alkyd,,estimated,low,[PRE] route=standard; [CAS] not found; [CAS] not found; [CLASS] rule: ADIP.*TEREP|TEREP.*ADIP|VITEL|HYD BIS|PE
HYD BIS A FUM ISPH,HYD BIS A FUM ISPH,,HYD BIS A FUM ISPH,HYD BIS A FUM ISPH,,,,,,17.0,4.4,6.2,5.0,Polyester & Alkyd,,estimated,low,[PRE] route=standard; [CAS] not found; [CAS] not found; [CLASS] rule: ADIP.*TEREP|TEREP.*ADIP|VITEL|HYD BIS|PE
HYD BIS A PG FUM ISPH,HYD BIS A PG FUM ISPH,,HYD BIS A PG FUM ISPH,HYD BIS A PG FUM ISPH,,,,,,18.7,8.9,5.5,8.4,Polyester & Alkyd,,estimated,low,[PRE] route=standard; [CAS] not found; [CAS] not found; [CLASS] rule: ADIP.*TEREP|TEREP.*ADIP|VITEL|HYD BIS|PE
PENTA BENZ MAL,PENTA BENZ MAL,,PENTA BENZ MAL,PENTA BENZ MAL,,,,,,19.4,12.2,10.2,10.8,Polyester & Alkyd,,estimated,low,[PRE] route=standard; [CAS] not found; [CAS] not found; [CLASS] rule: ADIP.*TEREP|TEREP.*ADIP|VITEL|HYD BIS|PE
SOL MYLAR 49001,SOL MYLAR 49001,,SOL MYLAR 49001,SOL MYLAR 49001,,,,,,19.0,5.0,4.0,5.0,Polyester & Alkyd,Saturated Polyester,estimated,low,[PRE] route=standard; [CAS] not found; [CAS] not found; [CLASS] rule: \bPET\b|\bPBT\b|\bPETG\b|POLY.ETHYLENE T
SOL MYLAR 49002,SOL MYLAR 49002,,SOL MYLAR 49002,SOL MYLAR 49002,,,,,,19.0,5.0,5.0,5.0,Polyester & Alkyd,Saturated Polyester,estimated,low,[PRE] route=standard; [CAS] not found; [CAS] not found; [CLASS] rule: \bPET\b|\bPBT\b|\bPETG\b|POLY.ETHYLENE T
TEG EG MAL TEREP,TEG EG MAL TEREP,,TEG EG MAL TEREP,TEG EG MAL TEREP,,,,,,18.8,11.4,9.2,10.2,Polyester & Alkyd,,estimated,low,[PRE] route=standard; [CAS] not found; [CAS] not found; [CLASS] rule: \bDEG\b|\bDPG\b|\bTEG\b|ISOPH|TEREPH|MAL
TEG MALEATE,TEG MALEATE,,TEG MALEATE,TEG MALEATE,,,,,,18.1,13.9,12.1,9.7,Polyester & Alkyd,,estimated,low,[PRE] route=standard; [CAS] not found; [CAS] not found; [CLASS] rule: \bDEG\b|\bDPG\b|\bTEG\b|ISOPH|TEREPH|MAL
VAREZ 123,VAREZ 123,,VAREZ 123,VAREZ 123,,,,,,17.3,10.9,11.9,10.7,Vinyl Polymer,,estimated,low,[PRE] route=standard; [CAS] not found; [CAS] not found; [CLASS] rule: \bV AREZ\b|\bVAREZ\b|\bVCVA\b|\bVCV A\b|
AMOCO 18-290,AMOCO 18-290,,AMOCO 18-290,AMOCO 18-290,,,,,,19.3,3.7,7.9,7.8,Polyolefin,,estimated,low,[PRE] route=standard; [CAS] not found; [CAS] not found; [CLASS] rule: \bAMOCO\b|\bTOPAS\b
BUTON 100 BUTAD-STY,BUTON 100 BUTAD-STY,,BUTON 100 BUTAD-STY,BUTON 100 BUTAD-STY,,,,,,17.0,4.0,3.0,7.3,Styrenic,SBS,estimated,low,[PRE] route=standard; [CAS] not found; [CAS] not found; [CLASS] rule: \bBUTON\b
BUTON 300,BUTON 300,,BUTON 300,BUTON 300,,,,,,17.3,3.7,7.3,7.0,Styrenic,SBS,estimated,low,[PRE] route=standard; [CAS] not found; [CAS] not found; [CLASS] rule: \bBUTON\b
KOPPERS KTPL-A,KOPPERS KTPL-A,,KOPPERS KTPL-A,KOPPERS KTPL-A,,,,,,19.3,3.7,7.9,7.8,Phenolic Resin,,estimated,low,[PRE] route=standard; [CAS] not found; [CAS] not found; [CLASS] rule: KOPPERS
RUBBER MOD PS,RUBBER MOD PS,,RUBBER MOD PS,RUBBER MOD PS,,,,,,20.0,5.0,1.0,7.0,Elastomer,,estimated,low,[PRE] route=standard; [CAS] not found; [CAS] not found; [CLASS] rule: \bRUBBER\b(?!\s+HYDROCARBON)|ELASTOMER|\
STY MAL ANH,STY MAL ANH,,STY MAL ANH,STY MAL ANH,,,,,,23.4,13.8,15.2,16.5,Styrenic,SMA,estimated,low,[PRE] route=standard; [CAS] not found; [CAS] not found; [CLASS] rule: STY.*MAL|MAL.*ANH.*STY|STYRENE.*MALEI
LYTRON 820,LYTRON 820,,LYTRON 820,LYTRON 820,,,,,,21.1,13.1,14.5,14.4,Natural & Petroleum Resin,,estimated,low,[PRE] route=standard; [CAS] not found; [CAS] not found; [CLASS] rule: HYDROCARBON M|CONOCO H-|PARAPOL|PLIOLITE
MARBON 9200,MARBON 9200,,MARBON 9200,MARBON 9200,,61789-96-6,,,,19.0,4.0,4.0,6.0,Styrenic,,estimated,low,[PRE] route=standard; [CAS] from v5 cache: 61789-96-6; [CLASS] rule: \bMARBON\b
PARAPOL S-50,PARAPOL S-50,,PARAPOL S-50,PARAPOL S-50,,,,,,17.9,3.9,4.9,3.9,Natural & Petroleum Resin,,estimated,low,[PRE] route=standard; [CAS] not found; [CAS] not found; [CLASS] rule: HYDROCARBON M|CONOCO H-|PARAPOL|PLIOLITE
PARAPOL S-60,PARAPOL S-60,,PARAPOL S-60,PARAPOL S-60,,,,,,17.9,3.9,4.9,3.9,Natural & Petroleum Resin,,estimated,low,[PRE] route=standard; [CAS] not found; [CAS] not found; [CLASS] rule: HYDROCARBON M|CONOCO H-|PARAPOL|PLIOLITE
PICCOFLEX 120,PICCOFLEX 120,,PICCOFLEX 120,PICCOFLEX 120,,,,,,17.4,7.8,3.8,7.7,Natural & Petroleum Resin,,estimated,low,[PRE] route=standard; [CAS] not found; [CAS] not found; [CLASS] rule: ROSIN|TERPENE|PETROLEUM RESIN|COUMARONE|
SHELL POLYALDEHYDE EX 39,SHELL POLYALDEHYDE EX 39,,SHELL POLYALDEHYDE EX 39,SHELL POLYALDEHYDE EX 39,,,,,,19.6,10.0,3.6,9.4,Polyacetal / PEI / PC,Polyaldehyde,estimated,low,[PRE] route=standard; [CAS] not found; [CAS] not found; [CLASS] rule: SHELL X-\d|SHELL POLYALD
SHELL POLYALDEHYDE EX 40,SHELL POLYALDEHYDE EX 40,,SHELL POLYALDEHYDE EX 40,SHELL POLYALDEHYDE EX 40,,,,,,19.6,10.0,3.6,9.4,Polyacetal / PEI / PC,Polyaldehyde,estimated,low,[PRE] route=standard; [CAS] not found; [CAS] not found; [CLASS] rule: SHELL X-\d|SHELL POLYALD
SHELL X-450,SHELL X-450,,SHELL X-450,SHELL X-450,,,,,,19.3,9.5,11.1,11.1,Polyacetal / PEI / PC,Polyaldehyde,estimated,low,[PRE] route=standard; [CAS] not found; [CAS] not found; [CLASS] rule: SHELL X-\d|SHELL POLYALD
SMA 1430A,SMA 1430A,,SMA 1430A,SMA 1430A,,,,,,18.8,11.4,16.4,14.1,Styrenic,,estimated,low,[PRE] route=standard; [CAS] not found; [CAS] not found; [CLASS] rule: STY/|/STY\b|SMA\b
SAN 85/15,SAN 85/15,,SAN 85/15,SAN 85/15,,,,,,19.1,9.5,3.1,8.7,Styrenic,,estimated,low,[PRE] route=standard; [CAS] not found; [CAS] not found; [CLASS] rule: STYRENE|POLYSTYRENE|\bABS\b|\bSAN\b|\bSB
STY/BUTENOL 85/15,STY/BUTENOL 85/15,,STY/BUTENOL 85/15,STY/BUTENOL 85/15,,,,,,17.4,7.8,3.8,7.7,Styrenic,,estimated,low,[PRE] route=copolymer; [CAS] not found; [CAS] not found; [CLASS] rule: STY/|/STY\b|SMA\b
STY/CYCLOL 82/18,STY/CYCLOL 82/18,,STY/CYCLOL 82/18,STY/CYCLOL 82/18,,,,,,18.2,5.6,7.2,5.7,Acrylic,,estimated,low,[PRE] route=copolymer; [CAS] not found; [CAS] not found; [CLASS] rule: CYCLOL|POLYCYCLOL
STY/2EHA/AA 81/11/8,STY/2EHA/AA 81/11/8,,STY/2EHA/AA 81/11/8,STY/2EHA/AA 81/11/8,,,,,,17.7,4.9,5.9,5.9,Styrenic,,estimated,low,[PRE] route=standard; [CAS] not found; [CAS] not found; [CLASS] rule: STY/|/STY\b|SMA\b
STY/MAA 90/10,STY/MAA 90/10,,STY/MAA 90/10,STY/MAA 90/10,,,,,,18.7,6.3,7.3,6.7,Styrenic,,estimated,low,[PRE] route=copolymer; [CAS] not found; [CAS] not found; [CLASS] rule: STY/|/STY\b|SMA\b
STY/MA 85/15,STY/MA 85/15,,STY/MA 85/15,STY/MA 85/15,,,,,,18.0,9.0,3.0,9.0,Styrenic,,estimated,low,[PRE] route=copolymer; [CAS] not found; [CAS] not found; [CLASS] rule: STY/|/STY\b|SMA\b
STY/HALF ESTER MA 60/40,STY/HALF ESTER MA 60/40,,STY/HALF ESTER MA 60/40,STY/HALF ESTER MA 60/40,,,,,,18.9,10.9,10.7,9.7,Styrenic,,estimated,low,[PRE] route=copolymer; [CAS] not found; [CAS] not found; [CLASS] rule: STY/|/STY\b|SMA\b
STY/PROP HALF E MA 57/43,STY/PROP HALF E MA 57/43,,STY/PROP HALF E MA 57/43,STY/PROP HALF E MA 57/43,,,,,,18.0,9.8,8.4,10.1,Styrenic,,estimated,low,[PRE] route=copolymer; [CAS] not found; [CAS] not found; [CLASS] rule: STY/|/STY\b|SMA\b
STY/VBE 85/15,STY/VBE 85/15,,STY/VBE 85/15,STY/VBE 85/15,,,,,,17.4,7.8,3.8,7.7,Styrenic,,estimated,low,[PRE] route=copolymer; [CAS] not found; [CAS] not found; [CLASS] rule: STY/|/STY\b|SMA\b
STYRON 440M-27 MOD PS,Styron 440M-27 MOD PS,,Styron 440M-27 MOD PS,Styron 440M-27 MOD PS,,,,,,20.0,5.0,1.0,7.0,Styrenic,,estimated,low,[OCR] name: 'STYRON 44OM-27 MOD PS' → 'STYRON 440M-27 MOD PS'; [PRE] route=trade_name; [CAS] not found; [CLASS] class from brand prefix mapping
STYRON 475M-27,Styron 475M-27,High-impact polystyrene,HIPS,high-impact polystyrene; HIPS,,,,,,20.0,5.0,1.0,7.0,Styrenic,HIPS,estimated,low,[PRE] route=trade_name; [CAS] not found; [CLASS] class from brand prefix mapping
STYRON 480-27,Styron 480-27,,Styron 480-27,Styron 480-27,,,,,,20.0,6.0,4.0,5.3,Styrenic,,estimated,low,[PRE] route=trade_name; [CAS] not found; [CLASS] class from brand prefix mapping
ACRYLOID K120N,Acryloid K120N,,Acryloid K120N,Acryloid K120N,,,,,,17.6,10.0,3.8,9.5,Acrylic,,estimated,low,[PRE] route=trade_name; [CAS] not found; [CLASS] class from brand prefix mapping
DODA 6225,DODA 6225,,DODA 6225,DODA 6225,,,,,,19.0,2.0,1.0,3.0,Polyester & Alkyd,,estimated,low,[PRE] route=standard; [CAS] not found; [CAS] not found; [CLASS] rule: \bACID DEG\b|\bACID DPG\b|\bDODA\b
DODA 3457,DODA 3457,,DODA 3457,DODA 3457,,,,,,19.0,2.0,1.0,3.0,Polyester & Alkyd,,estimated,low,[PRE] route=standard; [CAS] not found; [CAS] not found; [CLASS] rule: \bACID DEG\b|\bACID DPG\b|\bDODA\b
ELVAX 250,ELVAX 250,,ELVAX 250,ELVAX 250,,,,,,19.0,2.0,1.0,3.0,Vinyl Polymer,,estimated,low,[PRE] route=trade_name; [CAS] not found; [CLASS] class from brand prefix mapping
ELVAX 150,ELVAX 150,,ELVAX 150,ELVAX 150,,,,,,18.7,2.3,0.7,6.0,Vinyl Polymer,,estimated,low,[PRE] route=trade_name; [CAS] not found; [CLASS] class from brand prefix mapping
ELVAX EOD 3602-1,ELVAX EOD 3602-1,,ELVAX EOD 3602-1,ELVAX EOD 3602-1,,,,,,17.7,3.3,2.7,5.4,Vinyl Polymer,,estimated,low,[OCR] Ro rounded to 2dp; [PRE] route=trade_name; [CAS] not found; [CLASS] class from brand prefix mapping
EXON 470 PVC,EXON 470 PVC,,EXON 470 PVC,EXON 470 PVC,,,,,,17.4,7.8,3.8,7.7,Vinyl Polymer,,estimated,low,[PRE] route=standard; [CAS] not found; [CAS] not found; [CLASS] rule: POLYVINYL|VINYL ACETATE|VINYL ALCOHOL|VI
EXON 471,EXON 471,,EXON 471,EXON 471,,,,,,17.9,8.7,2.5,9.0,Vinyl Polymer,PVC,estimated,low,[PRE] route=standard; [CAS] not found; [CAS] not found; [CLASS] rule: \bGEON\b|\bEXON\b|\bVYHH\b
EXON 473,EXON 473,,EXON 473,EXON 473,,,,,,17.4,7.8,3.8,7.7,Vinyl Polymer,PVC,estimated,low,[PRE] route=standard; [CAS] not found; [CAS] not found; [CLASS] rule: \bGEON\b|\bEXON\b|\bVYHH\b
GEON 121,GEON 121,,GEON 121,GEON 121,,,,,,19.5,6.7,11.1,8.0,Vinyl Polymer,PVC,estimated,low,[PRE] route=standard; [CAS] not found; [CAS] not found; [CLASS] rule: \bGEON\b|\bEXON\b|\bVYHH\b
POLYCYCLOLa,POLYCYCLOLa,,POLYCYCLOLa,POLYCYCLOLa,,,,,,19.0,9.0,15.0,12.0,Acrylic,,estimated,low,[PRE] route=standard; [CAS] not found; [CAS] not found; [CLASS] rule: CYCLOL|POLYCYCLOL
PVBE,PVBE,,PVBE,PVBE,,,,,,16.7,3.7,8.3,8.6,Vinyl Polymer,PVE,estimated,low,[PRE] route=standard; [CAS] not found; [CAS] not found; [CLASS] rule: VBE/|PVBE\b|VINYL.*ETHER
PVEE,PVEE,,PVEE,PVEE,,,,,,16.0,4.0,12.0,14.0,Vinyl Polymer,PVEE,estimated,low,[PRE] route=standard; [CAS] not found; [CAS] not found; [CLASS] rule: \bPVEE\b
FORMVAR 7/70E PVFORMAL,FORMVAR 7/70E PVFORMAL,,FORMVAR 7/70E PVFORMAL,FORMVAR 7/70E PVFORMAL,,,,,,22.2,12.6,14.2,14.0,Vinyl Polymer,PVFormal,estimated,low,[PRE] route=standard; [CAS] not found; [CAS] not found; [CLASS] rule: FORMV AR|PVFORMAL|POLYVINYL FORMAL|FORMV
FORMVAR 15/95E,FORMVAR 15/95E,,FORMVAR 15/95E,FORMVAR 15/95E,,,,,,22.2,12.6,14.2,14.0,Vinyl Polymer,PVFormal,estimated,low,[PRE] route=standard; [CAS] not found; [CAS] not found; [CLASS] rule: FORMV AR|PVFORMAL|POLYVINYL FORMAL|FORMV
PVIBE,PVIBE,,PVIBE,PVIBE,,,,,,16.0,1.0,8.0,10.0,Vinyl Polymer,PVIBE,estimated,low,[PRE] route=standard; [CAS] not found; [CAS] not found; [CLASS] rule: \bPVIBE\b
SARAN F-120 VCL2/AN?,SARAN F-120 VCL2/AN,,SARAN F-120 VCL2/AN,SARAN F-120 VCL2/AN,,,,,,28.8,16.8,0.8,23.7,Vinyl Polymer,PVDC,estimated,low,[PRE] route=standard; [HSP] hsp_flag_dd_high; [NAME] source uncertainty (?); [CAS] not found; [CAS] not found; [CLASS] rule: VDC/|VCL2/
SARAN F-220 ?,SARAN F-220,,SARAN F-220,SARAN F-220,,,,,,28.8,16.8,0.8,23.7,Vinyl Polymer,PVDC,estimated,low,[PRE] route=standard; [HSP] hsp_flag_dd_high; [NAME] source uncertainty (?); [CAS] not found; [CAS] not found; [CLASS] rule: \bSARANEX\b|\bSARAN\b
SINCLAIR 3840A,SINCLAIR 3840A,,SINCLAIR 3840A,SINCLAIR 3840A,,,,,,18.4,4.0,9.6,7.3,Acrylic,,estimated,low,[PRE] route=standard; [CAS] not found; [CAS] not found; [CLASS] rule: \bSINCLAIR\b|\bCRYPLEX\b|\bVYSET\b
VA/EHA/MA 63/33/4,VA/EHA/MA 63/33/4,,VA/EHA/MA 63/33/4,VA/EHA/MA 63/33/4,,,,,,17.7,6.3,7.7,5.3,Vinyl Polymer,PVAc,estimated,low,[PRE] route=copolymer; [CAS] not found; [CAS] not found; [CLASS] rule: V A/|VA/|/V A|VINYL ACETATE/
VA/EHA/CYC/MAA/76/12/8/4,VA/EHA/CYC/MAA/76/12/8/4,,VA/EHA/CYC/MAA/76/12/8/4,VA/EHA/CYC/MAA/76/12/8/4,,,,,,21.2,12.4,13.0,12.6,Vinyl Polymer,PVAc,estimated,low,[PRE] route=copolymer; [CAS] not found; [CAS] not found; [CLASS] rule: V A/|VA/|/V A|VINYL ACETATE/
VA/EA/CY 70/20/10,VA/EA/CY 70/20/10,,VA/EA/CY 70/20/10,VA/EA/CY 70/20/10,,,,,,20.0,12.0,11.0,15.0,Vinyl Polymer,PVAc,estimated,low,[PRE] route=copolymer; [CAS] not found; [CAS] not found; [CLASS] rule: V A/|VA/|/V A|VINYL ACETATE/
VBE/AN/MAA 46/27/27,VBE/AN/MAA 46/27/27,,VBE/AN/MAA 46/27/27,VBE/AN/MAA 46/27/27,,,,,,18.9,11.7,11.1,9.6,Vinyl Polymer,PVE,estimated,low,[PRE] route=copolymer; [CAS] not found; [CAS] not found; [CLASS] rule: VBE/|PVBE\b|VINYL.*ETHER
VBE/MA/MAC46/27/27,VBE/MA/MAC46/27/27,,VBE/MA/MAC46/27/27,VBE/MA/MAC46/27/27,,,,,,19.4,13.0,13.8,12.3,Vinyl Polymer,PVE,estimated,low,[PRE] route=copolymer; [CAS] not found; [CAS] not found; [CLASS] rule: VBE/|PVBE\b|VINYL.*ETHER
VDC/AA 75/25 ?,VDC/AA 75/25,,VDC/AA 75/25,VDC/AA 75/25,,,,,,20.4,11.0,0.8,11.7,Vinyl Polymer,PVDC,estimated,low,[PRE] route=copolymer; [NAME] source uncertainty (?); [CAS] not found; [CAS] not found; [CLASS] rule: VDC/|VCL2/
VINYLITE AYAA PVAC,VINYLITE AYAA PVAC,,VINYLITE AYAA PVAC,VINYLITE AYAA PVAC,,,,,,22.9,18.3,7.7,20.4,Vinyl Polymer,,estimated,low,[PRE] route=standard; [CAS] not found; [CAS] not found; [CLASS] rule: POLYVINYL|VINYL ACETATE|VINYL ALCOHOL|VI
VINYLITE VAGH,VINYLITE VAGH,,VINYLITE VAGH,VINYLITE VAGH,,,,,,17.0,7.8,6.8,7.1,Vinyl Polymer,,estimated,low,[PRE] route=standard; [CAS] not found; [CAS] not found; [CLASS] rule: POLYVINYL|VINYL ACETATE|VINYL ALCOHOL|VI
VINYLITE VMCH,VINYLITE VMCH,,VINYLITE VMCH,VINYLITE VMCH,,,,,,18.3,9.7,7.7,8.5,Vinyl Polymer,,estimated,low,[PRE] route=standard; [CAS] not found; [CAS] not found; [CLASS] rule: POLYVINYL|VINYL ACETATE|VINYL ALCOHOL|VI
VINYLITE VXCC,VINYLITE VXCC,,VINYLITE VXCC,VINYLITE VXCC,,,,,,18.0,9.4,4.6,8.4,Vinyl Polymer,,estimated,low,[PRE] route=standard; [CAS] not found; [CAS] not found; [CLASS] rule: POLYVINYL|VINYL ACETATE|VINYL ALCOHOL|VI
VINYLITE VYHH,VINYLITE VYHH,,VINYLITE VYHH,VINYLITE VYHH,,,,,,19.0,11.0,5.0,10.0,Vinyl Polymer,,estimated,low,[PRE] route=standard; [CAS] not found; [CAS] not found; [CLASS] rule: POLYVINYL|VINYL ACETATE|VINYL ALCOHOL|VI
VINYLITE VYLF,VINYLITE VYLF,,VINYLITE VYLF,VINYLITE VYLF,,,,,,18.0,9.4,4.6,8.4,Vinyl Polymer,,estimated,low,[PRE] route=standard; [CAS] not found; [CAS] not found; [CLASS] rule: POLYVINYL|VINYL ACETATE|VINYL ALCOHOL|VI
VINYLITE XYHL PVBUTYRAL,VINYLITE XYHL PVBUTYRAL,,VINYLITE XYHL PVBUTYRAL,VINYLITE XYHL PVBUTYRAL,,,,,,19.0,9.0,15.0,12.0,Vinyl Polymer,,estimated,low,[PRE] route=standard; [CAS] not found; [CAS] not found; [CLASS] rule: POLYVINYL|VINYL ACETATE|VINYL ALCOHOL|VI
VINYLITE XYSG PVBUTYRAL,VINYLITE XYSG PVBUTYRAL,,VINYLITE XYSG PVBUTYRAL,VINYLITE XYSG PVBUTYRAL,,,,,,19.0,9.0,15.0,12.0,Vinyl Polymer,,estimated,low,[PRE] route=standard; [CAS] not found; [CAS] not found; [CLASS] rule: POLYVINYL|VINYL ACETATE|VINYL ALCOHOL|VI
VYSET 69,VYSET 69,,VYSET 69,VYSET 69,,,,,,17.9,3.5,7.5,5.9,Acrylic,,estimated,low,[PRE] route=standard; [CAS] not found; [CAS] not found; [CLASS] rule: \bSINCLAIR\b|\bCRYPLEX\b|\bVYSET\b
ACRYLAMIDE MONOMER,ACRYLAMIDE MONOMER,,ACRYLAMIDE MONOMER,ACRYLAMIDE MONOMER,,79-06-1,,,,16.9,18.1,19.9,17.0,Biological & Other,Monomer,estimated,low,[PRE] route=standard; [CAS] from v5 cache: 79-06-1; [CLASS] rule: MONOMER\b
BAKELITE SULFONE P-47,BAKELITE SULFONE P-47,,BAKELITE SULFONE P-47,BAKELITE SULFONE P-47,,,,,,20.0,3.0,6.0,3.0,Phenolic Resin,,estimated,low,[PRE] route=standard; [CAS] not found; [CAS] not found; [CLASS] rule: PHENOL.FORMALDEHYDE|PHENOLIC|NOVOLAC|RES
BECKOLIN 27 MODIF OIL,BECKOLIN 27 MODIF OIL,,BECKOLIN 27 MODIF OIL,BECKOLIN 27 MODIF OIL,,,,,,11.4,0.0,3.0,18.1,Polyester & Alkyd,Alkyd,estimated,low,[PRE] route=standard; [CAS] not found; [CAS] not found; [CLASS] rule: ALKYD|ALKYDAL|ALFTALAT|DYNAPOL|GLYPTAL|B
PEO 4000 ? SAMPLES HEATED,PEO 4000 SAMPLES HEATED,,PEO 4000 SAMPLES HEATED,PEO 4000 SAMPLES HEATED,,,,,,22.2,11.2,13.2,17.1,Polyolefin,PEO,estimated,low,[PRE] route=standard; [NAME] source uncertainty (?); [CAS] not found; [CAS] not found; [CLASS] rule: POLYETHYLENEOXIDE|POLYETHYLENE OXIDE|PEO
CHLORINATED RUBBER,CHLORINATED RUBBER,,CHLORINATED RUBBER,CHLORINATED RUBBER,,,,,,18.0,6.0,5.0,7.0,Elastomer,,estimated,low,[PRE] route=standard; [CAS] not found; [CAS] not found; [CLASS] rule: \bRUBBER\b(?!\s+HYDROCARBON)|ELASTOMER|\
CONOCO H-35 HYDROCARBON M,CONOCO H-35 HYDROCARBON M,,CONOCO H-35 HYDROCARBON M,CONOCO H-35 HYDROCARBON M,,,,,,11.4,0.0,3.0,18.1,Natural & Petroleum Resin,,estimated,low,[PRE] route=standard; [CAS] not found; [CAS] not found; [CLASS] rule: HYDROCARBON M|CONOCO H-|PARAPOL|PLIOLITE
DAMMAR GUM DEWAXED,DAMMAR GUM DEWAXED,Dammar resin,dammar,dammar varnish; dammer resin,,,,,,19.0,2.0,9.0,9.0,Natural & Petroleum Resin,Dammar,estimated,low,[PRE] route=standard; [CAS] not found; [CAS] not found; [CLASS] rule: ROSIN|TERPENE|PETROLEUM RESIN|COUMARONE|
EPOCRYL E-11 ?,EPOCRYL E-11,,EPOCRYL E-11,EPOCRYL E-11,,,,,,17.3,12.9,12.1,8.5,Acrylic,Epoxy Acrylate,estimated,low,[PRE] route=standard; [NAME] source uncertainty (?); [CAS] not found; [CAS] not found; [CLASS] rule: \bEPOCRYL\b
ESTANE X-7 ?? DIOXANE ONLY,ESTANE X-7 DIOXANE ONLY,,ESTANE X-7 DIOXANE ONLY,ESTANE X-7 DIOXANE ONLY,,,,,,19.0,1.8,7.4,1.0,Polyurethane,TPU,estimated,low,[PRE] route=standard; [NAME] source uncertainty (?); [CAS] not found; [CAS] not found; [CLASS] rule: \bESTANE\b
HEXADECYL MONOESTER TRIME,HEXADECYL MONOESTER TRIME,,HEXADECYL MONOESTER TRIME,HEXADECYL MONOESTER TRIME,,,,,,19.0,11.6,14.0,11.9,Polyester & Alkyd,,estimated,low,[PRE] route=standard; [CAS] not found; [CAS] not found; [CLASS] rule: ADIP.*TEREP|TEREP.*ADIP|VITEL|HYD BIS|PE
HYDR SPERM OIL WX135,HYDR SPERM OIL WX135,,HYDR SPERM OIL WX135,HYDR SPERM OIL WX135,,,,,,20.0,4.0,2.0,5.0,Natural & Petroleum Resin,,estimated,low,[PRE] route=standard; [CAS] not found; [CAS] not found; [CLASS] rule: ROSIN|TERPENE|PETROLEUM RESIN|COUMARONE|
HYPALON 20 CHL SULF PE,HYPALON 20 CHL SULF PE,Chlorosulfonated polyethylene,chlorosulfonated PE,CSM; CSPE,,,,,,17.8,3.2,4.4,4.1,Elastomer,CSM,estimated,low,[PRE] route=standard; [CAS] not found; [CAS] not found; [CLASS] rule: \bRUBBER\b(?!\s+HYDROCARBON)|ELASTOMER|\
HYPALON 30,HYPALON 30,Chlorosulfonated polyethylene,chlorosulfonated PE,CSM; CSPE,,,,,,17.8,3.4,3.2,5.1,Elastomer,CSM,estimated,low,[PRE] route=standard; [CAS] not found; [CAS] not found; [CLASS] rule: \bRUBBER\b(?!\s+HYDROCARBON)|ELASTOMER|\
KETONE RESIN S588,KETONE RESIN S588,,KETONE RESIN S588,KETONE RESIN S588,,,,,,18.0,10.8,13.2,12.2,Natural & Petroleum Resin,Ketone Resin,estimated,low,[PRE] route=standard; [CAS] not found; [CAS] not found; [CLASS] rule: KETONE RESIN
SANTOLITE MHP ARYLSULFONA,SANTOLITE MHP ARYLSULFONA,,SANTOLITE MHP ARYLSULFONA,SANTOLITE MHP ARYLSULFONA,,,,,,18.4,12.0,8.4,10.6,Amino Resin,,estimated,low,[PRE] route=standard; [CAS] not found; [CAS] not found; [CLASS] rule: FORMALDEH|SULFONAMIDE.*FORMALD|pTOLSULFO
pTOLSULFONAMIDE-FORMALDEH,pTOLSULFONAMIDE-FORMALDEH,,pTOLSULFONAMIDE-FORMALDEH,pTOLSULFONAMIDE-FORMALDEH,,,,,,24.6,18.6,16.4,20.9,Amino Resin,,estimated,low,[OCR] Ro rounded to 2dp; [PRE] route=standard; [CAS] not found; [CAS] not found; [CLASS] rule: FORMALDEH|SULFONAMIDE.*FORMALD|pTOLSULFO
VYHH-NIF REPT,VYHH-NIF REPT,,VYHH-NIF REPT,VYHH-NIF REPT,,,,,,17.4,9.9,6.7,7.5,Vinyl Polymer,PVC,solubility,high,[PRE] route=standard; [CAS] not found; [CAS] not found; [CLASS] rule: \bGEON\b|\bEXON\b|\bVYHH\b
PVF? (DMF ONLY GOOD SOLVENT),PVF,,PVF,DMF ONLY GOOD SOLVENT,,,,,,17.4,13.7,11.3,2.0,Fluoropolymer,,solubility,low,[PRE] route=standard; [NAME] source uncertainty (?); [CAS] not found; [CAS] not found; [CLASS] rule: \bPVF\b|POLY.VINYL FLUORIDE
PES SOL,PES SOL,,PES SOL,PES SOL,,,,,,19.6,10.8,9.2,6.2,Polysulfone / PES / PPS,,solubility,high,[PRE] route=standard; [CAS] not found; [CAS] not found; [CLASS] rule: \bPSU\b|\bPES\b
LARD 37C,LARD 37C,,LARD 37C,LARD 37C,,,,,,15.9,1.16,5.41,12.03,Biological & Other,,estimated,medium,[PRE] route=flag_out_of_scope; [PRE] out-of-scope entry; [CAS] not found; [CLASS] class from brand prefix mapping
LARD 23C,LARD 23C,,LARD 23C,LARD 23C,,,,,,17.69,2.66,4.36,7.98,Biological & Other,,estimated,medium,[PRE] route=flag_out_of_scope; [PRE] out-of-scope entry; [CAS] not found; [CLASS] class from brand prefix mapping
1%IN WATER -AMINES,1%IN WATER -AMINES,,1%IN WATER -AMINES,1%IN WATER -AMINES,,,,,,15.07,20.44,16.5,18.12,Biological & Other,Aqueous,estimated,medium,[PRE] route=standard; [CAS] not found; [CAS] not found; [CLASS] rule: IN WATER|WATER\s*\+
1%IN WATER +AMINES,1%IN WATER +AMINES,,1%IN WATER +AMINES,1%IN WATER +AMINES,,,,,,14.96,18.33,15.15,16.22,Biological & Other,Aqueous,estimated,medium,[PRE] route=standard; [CAS] not found; [CAS] not found; [CLASS] rule: IN WATER|WATER\s*\+
BLOOD SERUM,BLOOD SERUM,,BLOOD SERUM,BLOOD SERUM,,,,,,23.2,22.73,30.6,20.48,Biological & Other,,estimated,medium,[PRE] route=flag_out_of_scope; [PRE] out-of-scope entry; [CAS] not found; [CLASS] class from brand prefix mapping
SUCROSE,SUCROSE,,SUCROSE,SUCROSE,,,,,,21.67,26.26,29.62,20.44,Biological & Other,,estimated,medium,[PRE] route=flag_out_of_scope; [PRE] out-of-scope entry; [CAS] not found; [CLASS] class from brand prefix mapping
UREA,UREA,,UREA,UREA,,,,,,20.9,18.7,26.4,19.42,Biological & Other,,estimated,medium,[PRE] route=flag_out_of_scope; [PRE] out-of-scope entry; [CAS] not found; [CLASS] class from brand prefix mapping
PSORIASIS SCALES,PSORIASIS SCALES,,PSORIASIS SCALES,PSORIASIS SCALES,,,,,,24.64,11.94,12.92,19.04,Biological & Other,,estimated,medium,[PRE] route=flag_out_of_scope; [PRE] out-of-scope entry; [CAS] not found; [CLASS] class from brand prefix mapping
LIGNIN,LIGNIN,Lignin,lignin,lignosulfonate; technical lignin,,9005-53-2,,,,20.61,13.88,15.25,11.83,Natural & Petroleum Resin,Lignin,estimated,medium,[PRE] route=standard; [CAS] from v5 cache: 9005-53-2; [CLASS] rule: ROSIN|TERPENE|PETROLEUM RESIN|COUMARONE|
CHOLESTEROL,CHOLESTEROL,,CHOLESTEROL,CHOLESTEROL,,,,,,20.4,2.8,9.4,12.6,Biological & Other,,estimated,medium,[PRE] route=flag_out_of_scope; [PRE] out-of-scope entry; [CAS] not found; [CLASS] class from brand prefix mapping
CHLOROPHYLL,CHLOROPHYLL,,CHLOROPHYLL,CHLOROPHYLL,,,,,,20.2,15.6,18.2,11.1,Biological & Other,,estimated,medium,[PRE] route=flag_out_of_scope; [PRE] out-of-scope entry; [CAS] not found; [CLASS] class from brand prefix mapping
CELLULOSE-PAPER STRENGTH,CELLULOSE-PAPER STRENGTH,,CELLULOSE-PAPER STRENGTH,CELLULOSE-PAPER STRENGTH,,,,,,25.4,18.6,24.8,21.7,Cellulosic Polymer,,estimated,medium,[PRE] route=standard; [CAS] not found; [CAS] not found; [CLASS] rule: CELLUL|CELLIT\b|ETHOCEL|CELLIDORA|NITROC
PSU ULTRASON S,PSU ULTRASON S,,PSU ULTRASON S,PSU ULTRASON S,,,,,,19.7,8.3,8.3,8.0,Polysulfone / PES / PPS,,solubility,high,[PRE] route=standard; [CAS] not found; [CAS] not found; [CLASS] rule: \bPSU\b|\bPES\b
BAREX 210 CR,BAREX 210 CR,,BAREX 210 CR,BAREX 210 CR,,,,,,20.1,9.1,12.7,10.9,Acrylic,Acrylonitrile copolymer,chemical_resistance,medium,[PRE] route=standard; [CAS] not found; [CAS] not found; [CLASS] rule: \bBAREX\b
BAREX 210 CR-STYRENE,BAREX 210 CR-STYRENE,,BAREX 210 CR-STYRENE,BAREX 210 CR-STYRENE,,,,,,17.7,8.9,10.9,6.4,Styrenic,,chemical_resistance,medium,[PRE] route=standard; [CAS] not found; [CAS] not found; [CLASS] rule: STYRENE|POLYSTYRENE|\bABS\b|\bSAN\b|\bSB
PARALOID B72,Paraloid B72,,Paraloid B72,Paraloid B72,,,,,,17.6,7.4,5.6,9.4,Acrylic,,solubility,medium,[PRE] route=trade_name; [CAS] not found; [CLASS] class from brand prefix mapping
ESTIMATE DRIED OIL,ESTIMATE DRIED OIL,,ESTIMATE DRIED OIL,ESTIMATE DRIED OIL,,,,,,16.0,6.0,7.0,5.0,Natural & Petroleum Resin,Drying oil,solubility,medium,[PRE] route=standard; [CAS] not found; [CAS] not found; [CLASS] rule: DRIED OIL|ESTIMATE DRIED
DAMMAR DEWAXED,DAMMAR DEWAXED,Dammar resin,dammar,dammar varnish; dammer resin,,,,,,19.0,2.0,9.0,9.0,Natural & Petroleum Resin,Dammar,solubility,medium,[PRE] route=standard; [CAS] not found; [CAS] not found; [CLASS] rule: ROSIN|TERPENE|PETROLEUM RESIN|COUMARONE|
LDPE PERM>80,LDPE PERM>80,,LDPE PERM>80,LDPE PERM>80,,,,,,16.5,4.5,0.5,6.0,Polyolefin,,permeation,high,[PRE] route=standard; [CAS] not found; [CAS] not found; [CLASS] rule: POLYETHYLENE(?!\s*OXIDE)|\bHDPE\b|\bLDPE
LDPE PERM<0.8,LDPE PERM<0.8,,LDPE PERM<0.8,LDPE PERM<0.8,,,,,,15.3,5.3,2.5,10.1,Polyolefin,,permeation,high,[OCR] HSP column-shift corrected; [PRE] route=standard; [CAS] not found; [CAS] not found; [CLASS] rule: POLYETHYLENE(?!\s*OXIDE)|\bHDPE\b|\bLDPE
TOLONATE HDT (RH-POULENC),TOLONATE HDT,,TOLONATE HDT,RH-POULENC,,,,,,19.0,11.0,3.0,12.0,Polyurethane,,solubility,high,[PRE] route=standard; [CAS] not found; [CAS] not found; [CLASS] rule: \bTOLONATE\b|\bSUPRASEC\b
TOLONATE HDB (RH-POULENC),TOLONATE HDB,,TOLONATE HDB,RH-POULENC,,,,,,19.0,11.0,2.0,11.3,Polyurethane,,solubility,high,[PRE] route=standard; [CAS] not found; [CAS] not found; [CLASS] rule: \bTOLONATE\b|\bSUPRASEC\b
R ACM,R ACM,,R ACM,R ACM,,,,,,16.8,11.8,11.6,17.0,Elastomer,,chemical_resistance,medium,[PRE] route=resistance_data; [CAS] not found; [CLASS] rule: \bR BUTYL\b|\bR CSM\b|\bR ACM\b|\bR EPDM
R BUTYL,R BUTYL,,R BUTYL,R BUTYL,,,,,,18.0,0.0,3.0,9.0,Elastomer,,chemical_resistance,medium,[PRE] route=resistance_data; [CAS] not found; [CLASS] rule: \bR BUTYL\b|\bR CSM\b|\bR ACM\b|\bR EPDM
R ECO,R ECO,,R ECO,R ECO,,,,,,21.3,8.1,6.1,12.0,Elastomer,ECO,chemical_resistance,medium,[PRE] route=resistance_data; [CAS] not found; [CLASS] rule: \bECO\b.*RUBBER|\bR ECO\b
R CSM,R CSM,,R CSM,R CSM,,,,,,28.0,14.0,3.4,28.3,Elastomer,Chlorinated/Halogenated Rubber,chemical_resistance,medium,[PRE] route=resistance_data; [CAS] not found; [CLASS] rule: CHLORINATED RUBBER|CHLOROPAR|CERECLOR|PE
R EBONITE (DATA FIT 0.722),R EBONITE,,R EBONITE,DATA FIT 0.722,,,,,,18.7,6.1,2.7,6.6,Elastomer,Ebonite,chemical_resistance,medium,[PRE] route=resistance_data; [CAS] not found; [CLASS] rule: \bR EBONITE\b
R ETHYLENE/PROPYLENE,R ETHYLENE/PROPYLENE,,R ETHYLENE/PROPYLENE,R ETHYLENE/PROPYLENE,,,,,,16.6,0.0,5.2,9.1,Elastomer,EPDM,chemical_resistance,medium,[PRE] route=resistance_data; [CAS] not found; [CLASS] rule: ^R\s+ETHYLENE.*PROPYLENE|^R\s+PROP.*ETHY
R EPDM,R EPDM,,R EPDM,R EPDM,,,,,,18.6,-3.4,4.4,10.7,Elastomer,,chemical_resistance,medium,[PRE] route=resistance_data; [HSP] hsp_flag_dp_negative; [CAS] not found; [CLASS] rule: \bRUBBER\b(?!\s+HYDROCARBON)|ELASTOMER|\
R FQ FL/SI,R FQ FL/SI,,R FQ FL/SI,R FQ FL/SI,,,,,,15.9,20.1,6.9,16.8,Fluoropolymer,,chemical_resistance,medium,[PRE] route=resistance_data; [CAS] not found; [CLASS] rule: ^R\s+.*FLUOROCARBON|^R\s+.*TETFL|^R\s+.*
R FKM (VITON) (0.76 DATA FIT),R FKM,,R FKM,VITON,,,,,,11.6,23.0,5.0,21.6,Fluoropolymer,,chemical_resistance,medium,[PRE] route=resistance_data; [CAS] not found; [CLASS] rule: FLUORO|PTFE|TEFLON|PVDF|POLYVINYLIDENE F
R NR NAT RUB,R NR NAT RUB,"Polyisoprene, natural",natural rubber,NR; natural rubber,,,,,,20.8,1.8,3.6,14.0,Elastomer,Natural rubber,chemical_resistance,medium,[PRE] route=resistance_data; [CAS] not found; [CLASS] rule: \bR BUTYL\b|\bR CSM\b|\bR ACM\b|\bR EPDM
R NBR,R NBR,,R NBR,R NBR,,,,,,19.8,17.8,3.2,19.0,Elastomer,,chemical_resistance,medium,[OCR] Ro rounded to 2dp; [PRE] route=resistance_data; [CAS] not found; [CLASS] rule: \bRUBBER\b(?!\s+HYDROCARBON)|ELASTOMER|\
R CR CHLOROPRENE,R CR CHLOROPRENE,,R CR CHLOROPRENE,R CR CHLOROPRENE,,,,,,24.6,8.6,6.4,20.4,Elastomer,,chemical_resistance,medium,[PRE] route=resistance_data; [CAS] not found; [CLASS] rule: \bRUBBER\b(?!\s+HYDROCARBON)|ELASTOMER|\
R AU ESTER PU,R AU ESTER PU,,R AU ESTER PU,R AU ESTER PU,,,,,,17.9,13.3,10.7,17.1,Polyurethane,,chemical_resistance,medium,[PRE] route=resistance_data; [CAS] not found; [CLASS] rule: ^R\s+.*POLYURETHANE|^R\s+.*\bPU\b|\bR AU
R PEU ETHER PU,R PEU ETHER PU,,R PEU ETHER PU,R PEU ETHER PU,,,,,,17.9,13.3,10.7,17.1,Polyurethane,,chemical_resistance,medium,[PRE] route=resistance_data; [CAS] not found; [CLASS] rule: ^R\s+.*POLYURETHANE|^R\s+.*\bPU\b|\bR AU
R T SULPHIDE,R T SULPHIDE,,R T SULPHIDE,R T SULPHIDE,,,,,,25.3,17.3,6.7,23.6,Polysulfone / PES / PPS,Polysulfide,chemical_resistance,medium,[PRE] route=resistance_data; [CAS] not found; [CLASS] rule: ^R\s+.*POLYSULPHIDE|\bR T SULPHIDE\b
R Q SILICONE (0.748 DATA FIT),R Q SILICONE (0.748 DATA FIT),,R Q SILICONE (0.748 DATA FIT),R Q SILICONE (0.748 DATA FIT),,,,,,13.8,5.0,1.2,14.3,Elastomer,Silicone,chemical_resistance,medium,[PRE] route=resistance_data; [CAS] not found; [CLASS] rule: SILICONE|BAYSILON|SILICON RESIN|POLY.DIM
R SBR,R SBR,,R SBR,R SBR,,,,,,17.2,6.0,4.6,9.8,Elastomer,,chemical_resistance,medium,[PRE] route=resistance_data; [CAS] not found; [CLASS] rule: \bRUBBER\b(?!\s+HYDROCARBON)|ELASTOMER|\
R TFP TETFLPROP (0.744 DATA FIT),R TFP TETFLPROP (0.744 DATA FIT),,R TFP TETFLPROP (0.744 DATA FIT),R TFP TETFLPROP (0.744 DATA FIT),,,,,,16.6,6.8,0.6,7.9,Fluoropolymer,,chemical_resistance,medium,[PRE] route=resistance_data; [CAS] not found; [CLASS] rule: ^R\s+.*FLUOROCARBON|^R\s+.*TETFL|^R\s+.*
R ABS,R ABS,,R ABS,R ABS,,,,,,17.6,8.6,6.4,10.9,Styrenic,,chemical_resistance,medium,[PRE] route=resistance_data; [CAS] not found; [CLASS] rule: STYRENE|POLYSTYRENE|\bABS\b|\bSAN\b|\bSB
R CELLULOSE ACETATE,R CELLULOSE ACETATE,,R CELLULOSE ACETATE,R CELLULOSE ACETATE,,,,,,14.9,7.1,11.1,12.4,Cellulosic Polymer,,chemical_resistance,medium,[PRE] route=resistance_data; [CAS] not found; [CLASS] rule: CELLUL|CELLIT\b|ETHOCEL|CELLIDORA|NITROC
R CHLORINATED PVC,R CHLORINATED PVC,,R CHLORINATED PVC,R CHLORINATED PVC,,,,,,17.5,6.5,5.5,6.3,Vinyl Polymer,,chemical_resistance,medium,[PRE] route=resistance_data; [CAS] not found; [CLASS] rule: POLYVINYL|VINYL ACETATE|VINYL ALCOHOL|VI
R DIALLYLPHTHALATE,R DIALLYLPHTHALATE,,R DIALLYLPHTHALATE,R DIALLYLPHTHALATE,,,,,,22.2,12.2,8.6,15.8,Polyester & Alkyd,,chemical_resistance,medium,[PRE] route=resistance_data; [CAS] not found; [CLASS] rule: \bDEG\b|\bDPG\b|\bTEG\b|ISOPH|TEREPH|MAL
R POM ACETAL,R POM ACETAL,,R POM ACETAL,R POM ACETAL,,,,,,17.2,9.0,9.8,5.3,Polyacetal / PEI / PC,,chemical_resistance,medium,[PRE] route=resistance_data; [CAS] not found; [CLASS] rule: POLYCARBONATE|\bPOM\b|POLYACETAL|POLYOXY
R PA12,R PA12,,R PA12,R PA12,,,,,,18.5,8.1,9.1,6.3,Polyamide,,chemical_resistance,medium,[PRE] route=resistance_data; [CAS] not found; [CLASS] rule: ^R\s+.*POLYAMIDE|^R\s+.*PA\d|\bR PA12\b
R PA66,R PA66,,R PA66,R PA66,,,,,,18.2,8.8,10.8,5.2,Polyamide,,chemical_resistance,medium,[PRE] route=resistance_data; [CAS] not found; [CLASS] rule: POLYAMIDE|\bNYLON\b|VERSAMID|POLYPHTHALA
R POLYAMIDEIMIDE,R POLYAMIDEIMIDE,,R POLYAMIDEIMIDE,R POLYAMIDEIMIDE,,,,,,18.5,5.7,8.7,4.2,Polyamide,,chemical_resistance,medium,[PRE] route=resistance_data; [CAS] not found; [CLASS] rule: POLYAMIDE|\bNYLON\b|VERSAMID|POLYPHTHALA
R POLYBUTYLENETEREPH,R POLYBUTYLENETEREPH,,R POLYBUTYLENETEREPH,R POLYBUTYLENETEREPH,,,,,,18.0,5.6,8.4,4.5,Polyester & Alkyd,,chemical_resistance,medium,[PRE] route=resistance_data; [CAS] not found; [CLASS] rule: \bDEG\b|\bDPG\b|\bTEG\b|ISOPH|TEREPH|MAL
R POLYCARBONATE,R POLYCARBONATE,,R POLYCARBONATE,R POLYCARBONATE,,,,,,19.1,10.9,5.1,12.1,Polyacetal / PEI / PC,,chemical_resistance,medium,[PRE] route=resistance_data; [CAS] not found; [CLASS] rule: POLYCARBONATE|\bPOM\b|POLYACETAL|POLYOXY
R HDPE/LDPE,R HDPE/LDPE,,R HDPE/LDPE,R HDPE/LDPE,,,,,,17.5,4.3,8.3,3.9,Polyolefin,,chemical_resistance,medium,[PRE] route=resistance_data; [CAS] not found; [CLASS] rule: POLYETHYLENE(?!\s*OXIDE)|\bHDPE\b|\bLDPE
R PET,R PET,,R PET,R PET,,,,,,19.1,6.3,9.1,4.8,Polyester & Alkyd,Saturated Polyester,chemical_resistance,medium,[PRE] route=resistance_data; [CAS] not found; [CLASS] rule: \bPET\b|\bPBT\b|\bPETG\b|POLY.ETHYLENE T
R POLYIMIDES,R POLYIMIDES,,R POLYIMIDES,R POLYIMIDES,,,,,,24.3,19.5,22.9,21.6,Polysulfone / PES / PPS,Polyimide,chemical_resistance,medium,[PRE] route=resistance_data; [CAS] not found; [CLASS] rule: POLYIMIDE|\bPI\b|KAPTON
R PMMA,R PMMA,,R PMMA,R PMMA,,,,,,19.3,16.7,4.7,17.4,Acrylic,,chemical_resistance,medium,[PRE] route=resistance_data; [CAS] not found; [CLASS] rule: ACRYLIC|ACRYLATE|METHACRYLATE|\bPMMA\b|P
R TPX,R TPX,,R TPX,R TPX,,,,,,18.8,1.4,6.4,7.9,Polyolefin,Poly(4-methylpentene),chemical_resistance,medium,[PRE] route=resistance_data; [CAS] not found; [CLASS] rule: \bTPX\b|POLY.4.METHYLPENT
R POLYPHENYLENEOXIDE,R POLYPHENYLENEOXIDE,,R POLYPHENYLENEOXIDE,R POLYPHENYLENEOXIDE,,,,,,16.9,8.9,2.7,11.7,Polyacetal / PEI / PC,,chemical_resistance,medium,[PRE] route=resistance_data; [CAS] not found; [CLASS] rule: ^R\s+.*POLYCARBONATE|^R\s+.*PPO|\bR POLY
R POLYSULPHONE,R POLYSULPHONE,,R POLYSULPHONE,R POLYSULPHONE,,,,,,19.8,11.2,6.2,11.3,Polysulfone / PES / PPS,,chemical_resistance,medium,[PRE] route=resistance_data; [CAS] not found; [CLASS] rule: ^R\s+.*POLYSULFONE|^R\s+.*PSU|\bR POLYSU
R POLYPROPYLENE,R POLYPROPYLENE,,R POLYPROPYLENE,R POLYPROPYLENE,,,,,,17.2,5.6,-0.4,4.5,Polyolefin,,chemical_resistance,medium,[PRE] route=resistance_data; [HSP] hsp_flag_dh_negative; [CAS] not found; [CLASS] rule: POLYETHYLENE(?!\s*OXIDE)|\bHDPE\b|\bLDPE
R EPOXY COLD CURING,R EPOXY COLD CURING,,R EPOXY COLD CURING,R EPOXY COLD CURING,,,,,,16.8,10.8,8.8,8.2,Epoxy Resin,,chemical_resistance,medium,[PRE] route=resistance_data; [CAS] not found; [CLASS] rule: EPOXY|\bEPIKOTE\b|\bEPON\b|\bARALDITE\b|
R EPOXY HOT CURING,R EPOXY HOT CURING,,R EPOXY HOT CURING,R EPOXY HOT CURING,,,,,,18.3,12.3,9.7,7.3,Epoxy Resin,,chemical_resistance,medium,[PRE] route=resistance_data; [CAS] not found; [CLASS] rule: EPOXY|\bEPIKOTE\b|\bEPON\b|\bARALDITE\b|
R HET RESIN,R HET RESIN,,R HET RESIN,R HET RESIN,,,,,,17.5,11.3,8.3,8.6,Phenolic Resin,HET resin,chemical_resistance,medium,[PRE] route=resistance_data; [CAS] not found; [CLASS] rule: \bHET RESIN\b|^R\s+HET
R ISOPHTHALIC,R ISOPHTHALIC,,R ISOPHTHALIC,R ISOPHTHALIC,,,,,,19.8,17.4,4.2,18.0,Polyester & Alkyd,,chemical_resistance,medium,[PRE] route=resistance_data; [CAS] not found; [CLASS] rule: \bDEG\b|\bDPG\b|\bTEG\b|ISOPH|TEREPH|MAL
R TEREPHTALIC,R TEREPHTALIC,,R TEREPHTALIC,R TEREPHTALIC,,,,,,19.8,17.4,4.2,18.0,Polyester & Alkyd,,chemical_resistance,medium,[PRE] route=resistance_data; [CAS] not found; [CLASS] rule: \bDEG\b|\bDPG\b|\bTEG\b|ISOPH|TEREPH|MAL
EPIKOTE 828 (60%),EPIKOTE 828 (60%),Bisphenol A diglycidyl ether,DGEBA epoxy resin,DGEBA; bisphenol-A epoxy; liquid epoxy resin,EP,,,,,16.6,14.0,2.8,14.9,Epoxy Resin,DGEBA epoxy,concentration_series,high,[PRE] route=trade_name; [CAS] not found; [CLASS] class from brand prefix mapping
EPIKOTE 828 (30%),EPIKOTE 828 (30%),Bisphenol A diglycidyl ether,DGEBA epoxy resin,DGEBA; bisphenol-A epoxy; liquid epoxy resin,EP,,,,,16.3,16.4,1.9,16.7,Epoxy Resin,DGEBA epoxy,concentration_series,high,[PRE] route=trade_name; [CAS] not found; [CLASS] class from brand prefix mapping
EPIKOTE 1001 (60%),EPIKOTE 1001 (60%),"Bisphenol A diglycidyl ether, MW ~1000",solid epoxy resin,BPA epoxy; DGEBA; solid epoxy,EP,,,,,15.8,16.3,3.3,16.4,Epoxy Resin,BPA epoxy solid,concentration_series,high,[PRE] route=trade_name; [CAS] not found; [CLASS] class from brand prefix mapping
EPIKOTE 1001 (40%),EPIKOTE 1001 (40%),"Bisphenol A diglycidyl ether, MW ~1000",solid epoxy resin,BPA epoxy; DGEBA; solid epoxy,EP,,,,,16.3,13.1,6.3,10.9,Epoxy Resin,BPA epoxy solid,concentration_series,high,[PRE] route=trade_name; [CAS] not found; [CLASS] class from brand prefix mapping
EPIKOTE 1001 (20%),EPIKOTE 1001 (20%),"Bisphenol A diglycidyl ether, MW ~1000",solid epoxy resin,BPA epoxy; DGEBA; solid epoxy,EP,,,,,19.8,13.6,8.9,12.0,Epoxy Resin,BPA epoxy solid,concentration_series,high,[PRE] route=trade_name; [CAS] not found; [CLASS] class from brand prefix mapping
EPIKOTE 1001 (10%),EPIKOTE 1001 (10%),"Bisphenol A diglycidyl ether, MW ~1000",solid epoxy resin,BPA epoxy; DGEBA; solid epoxy,EP,,,,,18.1,11.4,9.0,9.1,Epoxy Resin,BPA epoxy solid,concentration_series,high,[PRE] route=trade_name; [CAS] not found; [CLASS] class from brand prefix mapping
EPIKOTE 1004 (60%),EPIKOTE 1004 (60%),"Bisphenol A diglycidyl ether, MW ~1600",solid epoxy resin,BPA epoxy; solid epoxy resin,EP,,,,,17.7,10.1,7.6,9.8,Epoxy Resin,BPA epoxy solid,concentration_series,high,[PRE] route=trade_name; [CAS] not found; [CLASS] class from brand prefix mapping
EPIKOTE 1004 (30%),EPIKOTE 1004 (30%),"Bisphenol A diglycidyl ether, MW ~1600",solid epoxy resin,BPA epoxy; solid epoxy resin,EP,,,,,18.5,9.3,8.0,9.6,Epoxy Resin,BPA epoxy solid,concentration_series,high,[PRE] route=trade_name; [CAS] not found; [CLASS] class from brand prefix mapping
EPIKOTE 1007 (30%),EPIKOTE 1007 (30%),"Bisphenol A diglycidyl ether, MW ~2900",high-MW solid epoxy resin,DGEBA; solid epoxy,EP,,,,,18.6,10.6,8.1,8.8,Epoxy Resin,BPA epoxy solid,concentration_series,high,[PRE] route=trade_name; [CAS] not found; [CLASS] class from brand prefix mapping
EPIKOTE 1009 (60%),EPIKOTE 1009 (60%),"Bisphenol A diglycidyl ether, MW ~3750",high-MW solid epoxy resin,DGEBA; solid epoxy,EP,,,,,17.0,9.6,8.5,7.6,Epoxy Resin,BPA epoxy solid,concentration_series,high,[PRE] route=trade_name; [CAS] not found; [CLASS] class from brand prefix mapping
EPIKOTE 1009 (30%),EPIKOTE 1009 (30%),"Bisphenol A diglycidyl ether, MW ~3750",high-MW solid epoxy resin,DGEBA; solid epoxy,EP,,,,,19.8,10.6,10.3,9.7,Epoxy Resin,BPA epoxy solid,concentration_series,high,[PRE] route=trade_name; [CAS] not found; [CLASS] class from brand prefix mapping
EPIKOTE 1009 (10%),EPIKOTE 1009 (10%),"Bisphenol A diglycidyl ether, MW ~3750",high-MW solid epoxy resin,DGEBA; solid epoxy,EP,,,,,19.0,9.1,10.7,8.0,Epoxy Resin,BPA epoxy solid,concentration_series,high,[PRE] route=trade_name; [CAS] not found; [CLASS] class from brand prefix mapping
PIBMA (10%),PIBMA (10%),,PIBMA (10%),PIBMA (10%),,,,,,17.0,4.6,7.6,9.5,Acrylic,PIBMA,concentration_series,high,[PRE] route=standard; [CAS] not found; [CAS] not found; [CLASS] rule: \bPIBMA\b
PIBMA (30%),PIBMA (30%),,PIBMA (30%),PIBMA (30%),,,,,,17.1,5.9,0.7,7.3,Acrylic,PIBMA,concentration_series,high,[OCR] Ro rounded to 2dp; [PRE] route=standard; [CAS] not found; [CAS] not found; [CLASS] rule: \bPIBMA\b
PMMA (10%),PMMA (10%),,PMMA (10%),PMMA (10%),,,,,,17.8,10.4,2.9,9.6,Acrylic,,concentration_series,high,[PRE] route=standard; [CAS] not found; [CAS] not found; [CLASS] rule: ACRYLIC|ACRYLATE|METHACRYLATE|\bPMMA\b|P
PMMA (30%),PMMA (30%),,PMMA (30%),PMMA (30%),,,,,,17.2,7.2,3.5,4.8,Acrylic,,concentration_series,high,[PRE] route=standard; [CAS] not found; [CAS] not found; [CLASS] rule: ACRYLIC|ACRYLATE|METHACRYLATE|\bPMMA\b|P
PBMA (10%),PBMA (10%),,PBMA (10%),PBMA (10%),,,,,,20.6,3.5,7.2,12.8,Acrylic,PBMA,concentration_series,high,[PRE] route=standard; [CAS] not found; [CAS] not found; [CLASS] rule: \bPBMA\b
PBMA (30%),PBMA (30%),,PBMA (30%),PBMA (30%),,,,,,18.1,5.7,0.0,8.5,Acrylic,PBMA,concentration_series,high,[PRE] route=standard; [CAS] not found; [CAS] not found; [CLASS] rule: \bPBMA\b
PMMA (10%),PMMA (10%),,PMMA (10%),PMMA (10%),,,,,,17.6,10.1,5.8,9.4,Acrylic,,concentration_series,high,[PRE] route=standard; [CAS] not found; [CAS] not found; [CLASS] rule: ACRYLIC|ACRYLATE|METHACRYLATE|\bPMMA\b|P
PMMA (30%),PMMA (30%),,PMMA (30%),PMMA (30%),,,,,,17.5,5.5,3.8,4.5,Acrylic,,concentration_series,high,[PRE] route=standard; [CAS] not found; [CAS] not found; [CLASS] rule: ACRYLIC|ACRYLATE|METHACRYLATE|\bPMMA\b|P
PEMA (10%),PEMA (10%),,PEMA (10%),PEMA (10%),,,,,,16.5,8.7,5.0,10.4,Acrylic,PEMA,concentration_series,high,[PRE] route=standard; [CAS] not found; [CAS] not found; [CLASS] rule: \bPEMA\b
PEMA (30%),PEMA (30%),,PEMA (30%),PEMA (30%),,,,,,16.9,7.8,0.5,7.3,Acrylic,PEMA,concentration_series,high,[PRE] route=standard; [CAS] not found; [CAS] not found; [CLASS] rule: \bPEMA\b
CRODA AC500 THERMOSET (10%),CRODA AC500 THERMOSET (10%),,CRODA AC500 THERMOSET (10%),CRODA AC500 THERMOSET (10%),,,,,,17.8,6.4,4.7,10.7,Acrylic,Thermoset Acrylic,concentration_series,high,[PRE] route=standard; [CAS] not found; [CAS] not found; [CLASS] rule: \bCRODA\b
CRODA AC500 THERMOSET (30%),CRODA AC500 THERMOSET (30%),,CRODA AC500 THERMOSET (30%),CRODA AC500 THERMOSET (30%),,,,,,21.2,1.4,10.7,12.3,Acrylic,Thermoset Acrylic,concentration_series,high,[PRE] route=standard; [CAS] not found; [CAS] not found; [CLASS] rule: \bCRODA\b
CRODA AC550 THERMOSET (10%),CRODA AC550 THERMOSET (10%),,CRODA AC550 THERMOSET (10%),CRODA AC550 THERMOSET (10%),,,,,,16.3,10.6,7.4,12.9,Acrylic,Thermoset Acrylic,concentration_series,high,[PRE] route=standard; [CAS] not found; [CAS] not found; [CLASS] rule: \bCRODA\b
CRODA AC550 THERMOSET (30%),CRODA AC550 THERMOSET (30%),,CRODA AC550 THERMOSET (30%),CRODA AC550 THERMOSET (30%),,,,,,16.3,10.6,7.4,12.9,Acrylic,Thermoset Acrylic,concentration_series,high,[PRE] route=standard; [CAS] not found; [CAS] not found; [CLASS] rule: \bCRODA\b
LUMIFLON LF-200 (10%),Lumiflon LF-200 (10%),Fluoroethylene-alkyl vinyl ether copolymer,Lumiflon fluoropolymer resin,FEVE resin; Lumiflon,,,,,,18.5,5.4,6.9,9.9,Fluoropolymer,FEVE,concentration_series,high,[OCR] name: 'LUMFLON LF200 (10%)' → 'LUMIFLON LF-200 (10%)'; [PRE] route=trade_name; [CAS] not found; [CLASS] class from brand prefix mapping
LUMIFLON LF-200 (30%),Lumiflon LF-200 (30%),Fluoroethylene-alkyl vinyl ether copolymer,Lumiflon fluoropolymer resin,FEVE resin; Lumiflon,,,,,,20.1,4.4,3.2,8.5,Fluoropolymer,FEVE,concentration_series,high,[OCR] name: 'LUMFLON LF200 (30%)' → 'LUMIFLON LF-200 (30%)'; [PRE] route=trade_name; [CAS] not found; [CLASS] class from brand prefix mapping
LUMIFLON LF-916 (10%),Lumiflon LF-916 (10%),Fluoroethylene-alkyl vinyl ether copolymer,Lumiflon fluoropolymer resin,FEVE resin,,,,,,17.5,6.8,10.5,12.5,Fluoropolymer,FEVE,concentration_series,high,[OCR] name: 'LUMFLON LF916 (10%)' → 'LUMIFLON LF-916 (10%)'; [PRE] route=trade_name; [CAS] not found; [CLASS] class from brand prefix mapping
LUMIFLON LF-916 (30%),Lumiflon LF-916 (30%),Fluoroethylene-alkyl vinyl ether copolymer,Lumiflon fluoropolymer resin,FEVE resin,,,,,,18.1,3.9,8.3,8.8,Fluoropolymer,FEVE,concentration_series,high,[OCR] name: 'LUMFLON LF916 (30%)' → 'LUMIFLON LF-916 (30%)'; [PRE] route=trade_name; [CAS] not found; [CLASS] class from brand prefix mapping
PLASTOKYD S27 (30%),PLASTOKYD S27 (30%),,PLASTOKYD S27 (30%),PLASTOKYD S27 (30%),,,,,,20.1,5.7,5.3,20.0,Polyester & Alkyd,Alkyd,concentration_series,high,[PRE] route=standard; [CAS] not found; [CAS] not found; [CLASS] rule: ALKYD|ALKYDAL|ALFTALAT|DYNAPOL|GLYPTAL|B
PLASTOKYD SC140 (30%),PLASTOKYD SC140 (30%),,PLASTOKYD SC140 (30%),PLASTOKYD SC140 (30%),,,,,,25.2,9.2,3.7,20.0,Polyester & Alkyd,Alkyd,concentration_series,high,[PRE] route=standard; [CAS] not found; [CAS] not found; [CLASS] rule: ALKYD|ALKYDAL|ALFTALAT|DYNAPOL|GLYPTAL|B
PLASTOKYD SC400 (30%),PLASTOKYD SC400 (30%),,PLASTOKYD SC400 (30%),PLASTOKYD SC400 (30%),,,,,,23.7,0.5,10.3,20.0,Polyester & Alkyd,Alkyd,concentration_series,high,[PRE] route=standard; [CAS] not found; [CAS] not found; [CLASS] rule: ALKYD|ALKYDAL|ALFTALAT|DYNAPOL|GLYPTAL|B
PLASTOKYD AC4X (30%),PLASTOKYD AC4X (30%),,PLASTOKYD AC4X (30%),PLASTOKYD AC4X (30%),,,,,,23.9,7.8,8.8,19.9,Polyester & Alkyd,Alkyd,concentration_series,high,[PRE] route=standard; [CAS] not found; [CAS] not found; [CLASS] rule: ALKYD|ALKYDAL|ALFTALAT|DYNAPOL|GLYPTAL|B
ALLOPRENE R10 (10%),ALLOPRENE R10 (10%),,ALLOPRENE R10 (10%),ALLOPRENE R10 (10%),,,,,,19.5,9.2,6.9,7.5,Elastomer,,concentration_series,high,[PRE] route=standard; [CAS] not found; [CAS] not found; [CLASS] rule: \bRUBBER\b(?!\s+HYDROCARBON)|ELASTOMER|\
ALLOPRENE R10 (30%),ALLOPRENE R10 (30%),,ALLOPRENE R10 (30%),ALLOPRENE R10 (30%),,,,,,17.9,5.6,6.7,5.8,Elastomer,,concentration_series,high,[PRE] route=standard; [CAS] not found; [CAS] not found; [CLASS] rule: \bRUBBER\b(?!\s+HYDROCARBON)|ELASTOMER|\
ALLOPRENE R10 (60%),ALLOPRENE R10 (60%),,ALLOPRENE R10 (60%),ALLOPRENE R10 (60%),,,,,,19.6,6.5,5.8,9.1,Elastomer,,concentration_series,high,[PRE] route=standard; [CAS] not found; [CAS] not found; [CLASS] rule: \bRUBBER\b(?!\s+HYDROCARBON)|ELASTOMER|\
HYPALON 20 (30%),HYPALON 20 (30%),Chlorosulfonated polyethylene,chlorosulfonated PE,CSM; CSPE,,,,,,20.3,3.2,0.7,11.3,Elastomer,CSM,concentration_series,high,[PRE] route=standard; [CAS] not found; [CAS] not found; [CLASS] rule: \bRUBBER\b(?!\s+HYDROCARBON)|ELASTOMER|\
POLYISOPRENE SW,POLYISOPRENE SW,,POLYISOPRENE SW,POLYISOPRENE SW,,,,,,17.0,4.0,4.0,7.3,Elastomer,,swelling,medium,[PRE] route=standard; [CAS] not found; [CAS] not found; [CLASS] rule: \bRUBBER\b(?!\s+HYDROCARBON)|ELASTOMER|\
BROMOBUTYL RUBBER S,BROMOBUTYL RUBBER S,,BROMOBUTYL RUBBER S,BROMOBUTYL RUBBER S,,,,,,17.6,1.7,2.0,6.0,Elastomer,,swelling,medium,[PRE] route=standard; [CAS] not found; [CAS] not found; [CLASS] rule: \bRUBBER\b(?!\s+HYDROCARBON)|ELASTOMER|\
BROMOBUTYL RUBBER L,BROMOBUTYL RUBBER L,,BROMOBUTYL RUBBER L,BROMOBUTYL RUBBER L,,,,,,17.0,3.4,2.0,6.0,Elastomer,,swelling,medium,[PRE] route=standard; [CAS] not found; [CAS] not found; [CLASS] rule: \bRUBBER\b(?!\s+HYDROCARBON)|ELASTOMER|\
NEOPRENE CR,NEOPRENE CR,Polychloroprene,neoprene,CR; polychloroprene; chloroprene rubber,,,,,,18.1,4.3,6.7,8.9,Elastomer,Neoprene,chemical_resistance,medium,[PRE] route=standard; [CAS] not found; [CAS] not found; [CLASS] rule: \bRUBBER\b(?!\s+HYDROCARBON)|ELASTOMER|\
HYTREL +/- OK,HYTREL,,HYTREL,HYTREL,,,,,,24.2,14.6,13.2,18.8,Elastomer,TPE-E,chemical_resistance,medium,[PRE] route=standard; [CAS] not found; [CAS] not found; [CLASS] rule: \bHYTREL\b(?!.*POLYESTER)
HYTREL +/- NOT OK,HYTREL,,HYTREL,HYTREL,,,,,,26.4,18.8,7.4,26.3,Elastomer,TPE-E,chemical_resistance,medium,[PRE] route=standard; [CAS] not found; [CAS] not found; [CLASS] rule: \bHYTREL\b(?!.*POLYESTER)
HYPALON +/- OK,HYPALON,,HYPALON,HYPALON,,,,,,18.4,3.6,6.4,9.0,Elastomer,,chemical_resistance,medium,[PRE] route=standard; [CAS] not found; [CAS] not found; [CLASS] rule: \bRUBBER\b(?!\s+HYDROCARBON)|ELASTOMER|\
HYPALON +/- NOT OK,HYPALON,,HYPALON,HYPALON,,,,,,18.4,5.6,6.0,9.4,Elastomer,,chemical_resistance,medium,[PRE] route=standard; [CAS] not found; [CAS] not found; [CLASS] rule: \bRUBBER\b(?!\s+HYDROCARBON)|ELASTOMER|\
EVA 4055 SOL,EVA 4055 SOL,,EVA 4055 SOL,EVA 4055 SOL,,,,,,17.7,3.5,3.7,4.7,Vinyl Polymer,EVA,solubility,high,[OCR] Ro rounded to 2dp; [PRE] route=standard; [CAS] not found; [CAS] not found; [CLASS] rule: \bEVA\b|\bEVA \d|\bELVAX\b
TOPAS 6013 SOL,TOPAS 6013 SOL,,TOPAS 6013 SOL,TOPAS 6013 SOL,,,,,,18.0,3.0,2.0,5.0,Polyolefin,,solubility,high,[PRE] route=standard; [CAS] not found; [CAS] not found; [CLASS] rule: \bAMOCO\b|\bTOPAS\b
CZ RESIN SOL,CZ RESIN SOL,,CZ RESIN SOL,CZ RESIN SOL,,,,,,18.0,1.0,3.0,4.0,Natural & Petroleum Resin,,solubility,high,[PRE] route=standard; [CAS] not found; [CAS] not found; [CLASS] rule: HYDROCARBON M|CONOCO H-|PARAPOL|PLIOLITE
KAURI GUM,KAURI GUM,,KAURI GUM,KAURI GUM,,,,,,18.7,8.1,13.0,8.2,Natural & Petroleum Resin,,solubility,medium,[PRE] route=standard; [CAS] not found; [CAS] not found; [CLASS] rule: ROSIN|TERPENE|PETROLEUM RESIN|COUMARONE|
POLYVINYLPYRROLIDONE (PVP),POLYVINYLPYRROLIDONE,,POLYVINYLPYRROLIDONE,PVP,,,,,,21.4,11.6,21.6,17.3,Vinyl Polymer,,solubility,medium,[PRE] route=standard; [CAS] not found; [CAS] not found; [CLASS] rule: POLYVINYL|VINYL ACETATE|VINYL ALCOHOL|VI
PALM OIL,PALM OIL,,PALM OIL,PALM OIL,,,,,,17.7,3.5,3.7,4.7,Biological & Other,,solubility,medium,[PRE] route=flag_out_of_scope; [PRE] out-of-scope entry; [CAS] not found; [CLASS] class from brand prefix mapping
BETHOXAZIN,BETHOXAZIN,,BETHOXAZIN,BETHOXAZIN,,163269-30-5,,,,22.4,7.6,10.8,13.9,Phenolic Resin,Benzoxazine,solubility,medium,[PRE] route=standard; [CAS] from v5 cache: 163269-30-5; [CLASS] rule: BETHOXAZIN|BENZOXAZIN
CARBON-60,CARBON-60,,CARBON-60,CARBON-60,,,,,,19.7,2.9,2.7,3.9,Biological & Other,,solubility,medium,[PRE] route=flag_out_of_scope; [PRE] out-of-scope entry; [CAS] not found; [CLASS] class from brand prefix mapping
