name,name_input,cas_number,smiles,molecular_formula,delta_d,delta_p,delta_h,molar_volume,molecular_weight,boiling_point,density,category,cf_class,cf_subclass,name_iupac,name_common,name_common_all,name_acronyms,ghs_hazard,confidence,source_count,source,source_url,processing_notes
"1,1,1,2-Tetrachloroethane","1,1,1,2-Tetrachloroethane",630-20-6,ClCC(Cl)(Cl)Cl,C2H2Cl4,18.0,4.4,4.2,105.0,167.8,130.6,,halogenated,Organochlorides,,"1,1,1,2-tetrachloroethane","1,1,1,2-Tetrachloroethane","1,1,1,2-Tetrachloroethane",,H302; H310; H318; H319; H331; H332; H351; H412; H320; H335; H341; H373; H402,0.85,1,hsp_polymers_6,https://pubchem.ncbi.nlm.nih.gov/compound/12418,[REF] matched hsp_solvents_2
"1,1,1-Trichloroethane","1,1,1-Trichloroethane",71-55-6,CC(Cl)(Cl)Cl,C2H3Cl3,16.8,4.3,2.0,99.3,133.4,,,halogenated,Organochlorides,,"1,1,1-trichloroethane","1,1,1-Trichloroethane","1,1,1-Trichloroethane",,H332; H420; H225; H315; H319; H290; H320; H336; H350; H360; H370; H372; H400; H410; H335; H351; H361; H373,0.85,1,hsp_polymers_6,https://pubchem.ncbi.nlm.nih.gov/compound/6278,[REF] matched hsp_solvents_2
"1,1,1-Trifluoroethan","1,1,1-Trifluoroethan",,,,14.6,10.7,0.0,64.6,,,,halogenated,,,,,,,,0.7,1,hsp_polymers_6,,"[CAS] PubChem CID not found for: 1,1,1-Trifluoroethan"
"1,1,2,2-Tetrabromoethane","1,1,2,2-Tetrabromoethane",79-27-6,BrC(Br)C(Br)Br,C2H2Br4,22.6,5.1,8.2,116.8,345.65,243.6,,halogenated,Organobromides,,"1,1,2,2-tetrabromoethane","1,1,2,2-Tetrabromoethane","1,1,2,2-Tetrabromoethane",,H319; H330; H412; H302; H315; H331; H335; H370; H372; H373; H320; H371,0.85,1,hsp_polymers_6,https://pubchem.ncbi.nlm.nih.gov/compound/6588,[REF] matched hsp_solvents_2
"1,1,2,2-Tetrachloroethane","1,1,2,2-Tetrachloroethane",79-34-5,ClC(Cl)C(Cl)Cl,C2H2Cl4,18.8,5.1,5.3,105.2,167.8,,,halogenated,Organochlorides,,"1,1,2,2-tetrachloroethane","1,1,2,2-Tetrachloroethane","1,1,2,2-Tetrachloroethane",,H310; H330; H411; H302; H350; H315; H319; H331; H335; H336; H341; H351; H370; H372; H227; H301; H401,0.85,1,hsp_polymers_6,https://pubchem.ncbi.nlm.nih.gov/compound/6591,[REF] matched hsp_solvents_2
"1,1,2,2-Tetrachloropropane","1,1,2,2-Tetrachloropropane",13116-60-4,CC(Cl)(Cl)C(Cl)Cl,C3H4Cl4,17.9,6.7,3.3,123.7,181.9,153.0,,halogenated,Organochlorides,,"1,1,2,2-tetrachloropropane","1,1,2,2-Tetrachloropropane","1,1,2,2-Tetrachloropropane",,,0.85,1,hsp_polymers_6,https://pubchem.ncbi.nlm.nih.gov/compound/83154,[REF] matched hsp_solvents_2
"1,1,2-Trichloro Propene","1,1,2-Trichloro Propene",21400-25-9,CC(Cl)=C(Cl)Cl,C3H3Cl3,17.7,15.7,3.4,104.8,145.41,,,halogenated,Vinyl halides,Vinyl chlorides,"1,1,2-trichloroprop-1-ene","1,1,2-Trichloro Propene","1,1,2-Trichloro Propene",,,0.85,1,hsp_polymers_6,https://pubchem.ncbi.nlm.nih.gov/compound/30616,[REF] matched hsp_solvents_2
"1,1,2-Trichloroethane","1,1,2-Trichloroethane",79-00-5,ClCC(Cl)Cl,C2H3Cl3,18.2,5.3,6.8,92.9,133.4,,,halogenated,Organochlorides,,"1,1,2-trichloroethane","1,1,2-Trichloroethane","1,1,2-Trichloroethane",,H302; H312; H332; H351; H331; H412; H315; H320; H335; H336; H370; H372; H402; H373,0.85,1,hsp_polymers_6,https://pubchem.ncbi.nlm.nih.gov/compound/6574,[REF] matched hsp_solvents_2
"1,1,2-Trichlorotrifluoroethane (Freon 113)","1,1,2-Trichlorotrifluoroethane (Freon 113)",,,,14.7,1.6,0.0,119.2,,,,halogenated,,,,,,,,0.7,1,hsp_polymers_6,,"[CAS] PubChem CID not found for: 1,1,2-Trichlorotrifluoroethane (Freon 113)"
"1,1,3,3-Tetramethoxypropane","1,1,3,3-Tetramethoxypropane",102-52-3,COC(CC(OC)OC)OC,C7H16O4,15.0,7.1,6.8,164.7,164.2,183.1,,ether,Organooxygen compounds,Ethers,"1,1,3,3-tetramethoxypropane","1,1,3,3-Tetramethoxypropane","1,1,3,3-Tetramethoxypropane",,H226; H315,0.85,1,hsp_polymers_6,https://pubchem.ncbi.nlm.nih.gov/compound/66019,[REF] matched hsp_solvents_2
"1,1-Diallyloxyethane","1,1-Diallyloxyethane",20682-69-3,CC(OCC=C)OCC=C,C8H14O2,15.4,5.1,4.8,163.3,142.2,,,ether,Organooxygen compounds,Ethers,3-(1-prop-2-enoxyethoxy)prop-1-ene,"1,1-Diallyloxyethane","1,1-Diallyloxyethane",,,0.85,1,hsp_polymers_6,https://pubchem.ncbi.nlm.nih.gov/compound/225379,[REF] matched hsp_solvents_2
"1,1-Dibromo Ethylene","1,1-Dibromo Ethylene",,,,15.1,4.8,7.0,85.3,,,,halogenated,,,,,,,,0.7,1,hsp_polymers_6,,"[CAS] PubChem CID not found for: 1,1-Dibromo Ethylene"
"1,1-Dibromoethane","1,1-Dibromoethane",557-91-5,CC(Br)Br,C2H4Br2,18.5,8.4,8.8,91.4,187.86,109.5,,halogenated,Organobromides,,"1,1-dibromoethane","1,1-Dibromoethane","1,1-Dibromoethane",,H301; H302; H311; H312; H315; H319; H331; H332; H335; H351,0.85,1,hsp_polymers_6,https://pubchem.ncbi.nlm.nih.gov/compound/11201,[REF] matched hsp_solvents_2
"1,1-Dichloroacetone","1,1-Dichloroacetone",513-88-2,CC(=O)C(Cl)Cl,C3H4Cl2O,17.1,7.6,5.4,97.3,126.97,120.1,,ether,Organooxygen compounds,Carbonyl compounds,"1,1-dichloropropan-2-one","1,1-Dichloroacetone","1,1-Dichloroacetone",,H226; H301; H302; H314; H318; H319; H400; H410,0.85,1,hsp_polymers_6,https://pubchem.ncbi.nlm.nih.gov/compound/10567,[REF] matched hsp_solvents_2
"1,1-Dichloroethane","1,1-Dichloroethane",75-34-3,CC(Cl)Cl,C2H4Cl2,16.5,7.8,3.0,84.2,98.96,,,halogenated,Organochlorides,,"1,1-dichloroethane","1,1-Dichloroethane","1,1-Dichloroethane",,H225; H302; H319; H335; H412; H332; H315; H336; H341; H370; H402; H411; H333; H373,0.85,1,hsp_polymers_6,https://pubchem.ncbi.nlm.nih.gov/compound/6365,[REF] matched hsp_solvents_2
"1,1-Dichloroethylene","1,1-Dichloroethylene",75-35-4,ClC(Cl)=C,C2H2Cl2,16.4,5.2,2.4,79.9,96.94,31.4,,ether,Organooxygen compounds,Ketene acetals,"1,1-dichloroethene","1,1-Dichloroethylene","1,1-Dichloroethylene",,H224; H332; H351; H302; H319; H372; H412; H341; H350; H401; H336; H361; H370; H305; H331; H373; H301; H315,0.85,1,hsp_polymers_6,https://pubchem.ncbi.nlm.nih.gov/compound/6366,[REF] matched hsp_solvents_2
"1,1-Dichloropropane","1,1-Dichloropropane",78-99-9,CCC(Cl)Cl,C3H6Cl2,16.1,7.8,3.5,98.3,112.98,88.1,,halogenated,Organochlorides,,"1,1-dichloropropane","1,1-Dichloropropane","1,1-Dichloropropane",,H225; H315; H319; H332; H335; H351; H402; H412,0.85,1,hsp_polymers_6,https://pubchem.ncbi.nlm.nih.gov/compound/6573,[REF] matched hsp_solvents_2
"1,1-Dichloropropene","1,1-Dichloropropene",563-58-6,CC=C(Cl)Cl,C3H4Cl2,16.9,6.7,2.9,93.5,110.97,76.6,,ether,Organooxygen compounds,Ketene acetals,"1,1-dichloroprop-1-ene","1,1-Dichloropropene","1,1-Dichloropropene",,H225; H301; H412,0.85,1,hsp_polymers_6,https://pubchem.ncbi.nlm.nih.gov/compound/11245,[REF] matched hsp_solvents_2
"1,1-Diethoxy Butane","1,1-Diethoxy Butane",3658-95-5,CCCC(OCC)OCC,C8H18O2,15.4,4.9,4.6,177.6,146.23,143.1,,ether,Organooxygen compounds,Ethers,"1,1-diethoxybutane","1,1-Diethoxy Butane","1,1-Diethoxy Butane",,H225; H226; H315; H317; H319,0.85,1,hsp_polymers_6,https://pubchem.ncbi.nlm.nih.gov/compound/77225,[REF] matched hsp_solvents_2
"1,1-Diethoxy Ethane","1,1-Diethoxy Ethane",105-57-7,CCOC(C)OCC,C6H14O2,15.0,3.4,4.0,143.9,118.17,,,ether,Organooxygen compounds,Ethers,"1,1-diethoxyethane","1,1-Diethoxy Ethane","1,1-Diethoxy Ethane",,H225; H315; H319; H318; H320; H335; H336,0.85,1,hsp_polymers_6,https://pubchem.ncbi.nlm.nih.gov/compound/7765,[REF] matched hsp_solvents_2
"1,1-Diethoxy Ethane (Acetal)","1,1-Diethoxy Ethane (Acetal)",,,,15.2,5.4,5.3,142.2,,,,glycol ether,,,,,,,,0.7,1,hsp_polymers_6,,"[CAS] PubChem CID not found for: 1,1-Diethoxy Ethane (Acetal)"
"1,1-Difluoroet ylene","1,1-Difluoroet ylene",,,,15.0,6.8,3.6,58.2,,,,halogenated,,,,,,,,0.7,1,hsp_polymers_6,,"[CAS] PubChem CID not found for: 1,1-Difluoroet ylene"
"1,1-Difluoroethan","1,1-Difluoroethan",,,,14.9,10.2,3.0,69.5,,,,halogenated,,,,,,,,0.7,1,hsp_polymers_6,,"[CAS] PubChem CID not found for: 1,1-Difluoroethan"
"1,1-Dimethoxy Ethane","1,1-Dimethoxy Ethane",534-15-6,COC(C)OC,C4H10O2,15.1,4.9,4.9,106.7,90.12,62.9,,ether,Organooxygen compounds,Ethers,"1,1-dimethoxyethane","1,1-Dimethoxy Ethane","1,1-Dimethoxy Ethane",,H225,0.85,1,hsp_polymers_6,https://pubchem.ncbi.nlm.nih.gov/compound/10795,[REF] matched hsp_solvents_2
"1,1-Dimethyl Hydrazine","1,1-Dimethyl Hydrazine",57-14-7,CN(C)N,C2H8N2,15.3,5.9,11.0,76.0,60.1,64.0,,amine,Organonitrogen compounds,Hydrazines and derivatives,"1,1-dimethylhydrazine","1,1-Dimethyl Hydrazine","1,1-Dimethyl Hydrazine",,H225; H301; H314; H331; H350; H411; H311; H335; H317; H312; H315; H319; H330; H341; H351; H370; H372; H340; H361,0.85,1,hsp_polymers_6,https://pubchem.ncbi.nlm.nih.gov/compound/5976,[REF] matched hsp_solvents_2
"1,2,3,4-Tetramethylbenzene","1,2,3,4-Tetramethylbenzene",488-23-3,Cc1ccc(C)c(C)c1C,C10H14,18.8,0.5,0.5,148.3,134.22,,,aromatic,Benzene and substituted derivatives,,"1,2,3,4-tetramethylbenzene","1,2,3,4-Tetramethylbenzene","1,2,3,4-Tetramethylbenzene",,H315; H319; H335,0.85,1,hsp_polymers_6,https://pubchem.ncbi.nlm.nih.gov/compound/10263,[REF] matched hsp_solvents_2
"1,2,3,5-Tetramethylbenzene","1,2,3,5-Tetramethylbenzene",527-53-7,Cc1cc(C)c(C)c(C)c1,C10H14,18.6,0.5,0.5,150.8,134.22,,,aromatic,Benzene and substituted derivatives,,"1,2,3,5-tetramethylbenzene","1,2,3,5-Tetramethylbenzene","1,2,3,5-Tetramethylbenzene",,H315; H319,0.85,1,hsp_polymers_6,https://pubchem.ncbi.nlm.nih.gov/compound/10695,[REF] matched hsp_solvents_2
"1,2,3-Triazole","1,2,3-Triazole",288-36-8,[nH]1ccnn1,C2H3N3,20.7,8.8,15.0,58.2,69.07,,,heterocyclic,Azoles,Triazoles,2H-triazole,"1,2,3-Triazole","1,2,3-Triazole",,H315; H319; H335,0.85,1,hsp_polymers_6,https://pubchem.ncbi.nlm.nih.gov/compound/67516,[REF] matched hsp_solvents_2
"1,2,3-Trichloro Propene","1,2,3-Trichloro Propene",96-19-5,ClCC(Cl)=CCl,C3H3Cl3,17.8,15.7,3.4,105.0,145.41,,,halogenated,Vinyl halides,Vinyl chlorides,"1,2,3-trichloroprop-1-ene","1,2,3-Trichloro Propene","1,2,3-Trichloro Propene",,H227; H301; H302; H311; H315; H319; H330; H331; H335,0.85,1,hsp_polymers_6,https://pubchem.ncbi.nlm.nih.gov/compound/7286,[REF] matched hsp_solvents_2
"1,2,3-Trichloropropane","1,2,3-Trichloropropane",96-18-4,ClCC(Cl)CCl,C3H5Cl3,17.8,12.3,3.4,106.1,147.43,,,halogenated,Organochlorides,,"1,2,3-trichloropropane","1,2,3-Trichloropropane","1,2,3-Trichloropropane",,H302; H312; H332; H350; H360; H301; H311; H319; H331; H341; H372; H373; H411; H227; H330; H335; H370; H401; H336; H371,0.85,1,hsp_polymers_6,https://pubchem.ncbi.nlm.nih.gov/compound/7285,[REF] matched hsp_solvents_2
"1,2,4,5-Tetrachlorobenzene 1,2,4,5-T","1,2,4,5-Tetrachlorobenzene 1,2,4,5-T",,,,21.2,10.7,3.4,116.2,,,,halogenated,,,,,,,,0.7,1,hsp_polymers_6,,"[CAS] PubChem CID not found for: 1,2,4,5-Tetrachlorobenzene 1,2,4,5-T"
"1,2,4-Trichlorobenzene","1,2,4-Trichlorobenzene",120-82-1,Clc1ccc(Cl)c(Cl)c1,C6H3Cl3,20.2,6.0,3.2,125.5,181.4,213.6,,aromatic,Benzene and substituted derivatives,Halobenzenes,"1,2,4-trichlorobenzene","1,2,4-Trichlorobenzene","1,2,4-Trichlorobenzene",,H302; H315; H400; H410; H319; H335; H336; H351; H373; H316,0.85,1,hsp_polymers_6,https://pubchem.ncbi.nlm.nih.gov/compound/13,[REF] matched hsp_solvents_2
"1,2-Butadiene","1,2-Butadiene",590-19-2,C[CH]=[C]=[CH2],C4H6,14.7,1.7,6.2,82.3,54.09,10.9,,hydrocarbon,Acyclic allenes,,"buta-1,2-diene","1,2-Butadiene","1,2-Butadiene",,H220; H224; H280; H411,0.85,1,hsp_polymers_6,https://pubchem.ncbi.nlm.nih.gov/compound/11535,[REF] matched hsp_solvents_2
"1,2-Chlorobromoethylene","1,2-Chlorobromoethylene",,,,17.2,6.6,2.3,78.7,,,,halogenated,,,"1,2-chlorobromoethylene","1,2-Chlorobromoethylene","1,2-Chlorobromoethylene",,,0.7,1,hsp_polymers_6,,"[REF] matched hsp_solvents_2 | [CAS] PubChem CID not found for: 1,2-Chlorobromoethylene"
"1,2-Dibromoethylene","1,2-Dibromoethylene",540-49-8,BrC=CBr,C2H2Br2,18.0,4.9,3.0,82.7,185.85,111.9,,halogenated,Vinyl halides,Vinyl bromides,"1,2-dibromoethene","1,2-Dibromoethylene","1,2-Dibromoethylene",,H301; H315; H319; H335,0.85,1,hsp_polymers_6,https://pubchem.ncbi.nlm.nih.gov/compound/10897,[REF] matched hsp_solvents_2
"1,2-Dichloroethylene (cis)","1,2-Dichloroethylene (cis)",156-59-2,,,17.0,8.0,3.2,75.5,,,,halogenated,Vinyl halides,Vinyl chlorides,"(Z)-1,2-dichloroethene","1,2-Dichloroethylene (Cis)","1,2-Dichloroethylene (Cis)",,,0.7,1,hsp_polymers_6,,"[REF] matched hsp_solvents_2 | [CAS] PubChem CID not found for: 1,2-Dichloroethylene (cis)"
"1,2-Dichloropropene (cis)","1,2-Dichloropropene (cis)",6923-20-2,,,17.0,8.5,2.9,93.9,,,,halogenated,Vinyl halides,Vinyl chlorides,"(Z)-1,2-dichloroprop-1-ene","1,2-Dichloropropene (Cis)","1,2-Dichloropropene (Cis)",,,0.7,1,hsp_polymers_6,,"[REF] matched hsp_solvents_2 | [CAS] PubChem CID not found for: 1,2-Dichloropropene (cis)"
"1,2-Dichlorotetrafluoroethane","1,2-Dichlorotetrafluoroethane",,,,12.6,1.8,0.0,117.6,,,,halogenated,,,,,,,,0.7,1,hsp_polymers_6,,"[CAS] PubChem CID not found for: 1,2-Dichlorotetrafluoroethane"
"1,2-Dichlorovinyl Ethyl Ether","1,2-Dichlorovinyl Ethyl Ether",42345-82-4,CCOC(Cl)=CCl,C4H6Cl2O,16.9,10.5,6.0,117.8,140.99,,,halogenated,Vinyl halides,Vinyl chlorides,"1,2-dichloro-1-ethoxyethene","1,2-Dichlorovinyl Ethyl Ether","1,2-Dichlorovinyl Ethyl Ether",,,0.85,1,hsp_polymers_6,https://pubchem.ncbi.nlm.nih.gov/compound/53440473,[REF] matched hsp_solvents_2
"1,2-Diethyl Benzene","1,2-Diethyl Benzene",135-01-3,CCc1ccccc1CC,C10H14,17.7,0.1,1.0,153.5,134.22,,,aromatic,Benzene and substituted derivatives,,"1,2-diethylbenzene","1,2-Diethyl Benzene","1,2-Diethyl Benzene",,H226; H304; H315; H319; H335; H411; H412; H373,0.85,1,hsp_polymers_6,https://pubchem.ncbi.nlm.nih.gov/compound/8657,[REF] matched hsp_solvents_2
"1,2-Dihydroxybenzene (Catechol)","1,2-Dihydroxybenzene (Catechol)",120-80-9,,,20.0,11.3,21.8,81.9,,,,alcohol,Phenols,Benzenediols,"benzene-1,2-diol","1,2-Dihydroxybenzene (Catechol)","1,2-Dihydroxybenzene (Catechol)",,,0.7,1,hsp_polymers_6,,"[REF] matched hsp_solvents_2 | [CAS] PubChem CID not found for: 1,2-Dihydroxybenzene (Catechol)"
"1,2-Dimethoxybenzene","1,2-Dimethoxybenzene",91-16-7,COc1ccccc1OC,C8H10O2,19.2,4.4,9.4,127.7,138.16,206.1,,aromatic,Benzene and substituted derivatives,Methoxybenzenes,"1,2-dimethoxybenzene","1,2-Dimethoxybenzene","1,2-Dimethoxybenzene",,H302; H371,0.85,1,hsp_polymers_6,https://pubchem.ncbi.nlm.nih.gov/compound/7043,[REF] matched hsp_solvents_2
"1,2-Dinitrobenzene","1,2-Dinitrobenzene",528-29-0,[O-][N+](=O)c1ccccc1[N+]([O-])=O,C6H4N2O4,20.6,22.7,5.4,107.4,168.11,,,aromatic,Benzene and substituted derivatives,Nitrobenzenes,"1,2-dinitrobenzene","1,2-Dinitrobenzene","1,2-Dinitrobenzene",,H300; H310; H330; H373; H400; H410; H370; H372; H317; H319; H361; H316; H335,0.85,1,hsp_polymers_6,https://pubchem.ncbi.nlm.nih.gov/compound/10707,[REF] matched hsp_solvents_2
"1,2-Epoxy Butane","1,2-Epoxy Butane",,,,15.6,8.0,4.6,87.9,,,,other,,,,,,,,0.7,1,hsp_polymers_6,,"[CAS] PubChem CID not found for: 1,2-Epoxy Butane"
"1,2-Epoxy-2-Propene","1,2-Epoxy-2-Propene",40079-14-9,C=C1CO1,C3H4O,16.5,8.6,6.7,70.0,56.06,,,hydrocarbon,Epoxides,,2-methylideneoxirane,"1,2-Epoxy-2-Propene","1,2-Epoxy-2-Propene",,,0.85,1,hsp_polymers_6,https://pubchem.ncbi.nlm.nih.gov/compound/3029326,[REF] matched hsp_solvents_2
"1,2-Ethane Dithiol","1,2-Ethane Dithiol",540-63-6,,C2H6S2,17.9,7.2,8.7,83.9,94.2,146.1,,sulfur compound,Thiols,Alkylthiols,"ethane-1,2-dithiol","1,2-Ethane Dithiol","1,2-Ethane Dithiol",,H226; H301; H302; H310; H312; H319; H330,0.7,1,hsp_polymers_6,https://pubchem.ncbi.nlm.nih.gov/compound/10902,"[REF] matched hsp_solvents_2 | [CAS] PubChem CID not found for: 1,2-Ethane Dithiol"
"1,2-Methylenedioxybenzene","1,2-Methylenedioxybenzene",,,,19.0,6.7,5.9,114.8,,,,aromatic,,,,,,,,0.7,1,hsp_polymers_6,,"[CAS] PubChem CID not found for: 1,2-Methylenedioxybenzene"
"1,2-Propadiene (Allene)","1,2-Propadiene (Allene)",463-49-0,,,15.3,3.0,6.8,60.1,,,,hydrocarbon,Acyclic allenes,,"propa-1,2-diene","1,2-Propadiene (Allene)","1,2-Propadiene (Allene)",,,0.7,1,hsp_polymers_6,,"[REF] matched hsp_solvents_2 | [CAS] PubChem CID not found for: 1,2-Propadiene (Allene)"
"1,3,5-Trioxane","1,3,5-Trioxane",110-88-3,C1OCOCO1,C3H6O3,18.7,9.2,8.6,77.0,90.08,,,ether,Trioxanes,,"1,3,5-trioxane","1,3,5-Trioxane","1,3,5-Trioxane",,H228; H335; H361; H370; H372; H336; H360; H373,0.85,1,hsp_polymers_6,https://pubchem.ncbi.nlm.nih.gov/compound/8081,[REF] matched hsp_solvents_2
"1,3-Benzenediol","1,3-Benzenediol",108-46-3,Oc1cccc(O)c1,C6H6O2,18.0,8.4,21.0,87.5,110.11,276.9,,alcohol,Phenols,Benzenediols,"benzene-1,3-diol","1,3-Benzenediol","1,3-Benzenediol",,H302; H315; H317; H319; H370; H400; H371; H318; H372; H313; H333; H410,0.85,1,hsp_polymers_6,https://pubchem.ncbi.nlm.nih.gov/compound/5054,[REF] matched hsp_solvents_2
"1,3-Butadiene","1,3-Butadiene",106-99-0,C=CC=C,C4H6,14.8,2.8,5.6,83.2,54.09,,,hydrocarbon,Unsaturated hydrocarbons,Olefins,"buta-1,3-diene","1,3-Butadiene","1,3-Butadiene",,H220; H340; H350; H280; H361; H412; H319; H335; H336; H360; H372; H373,0.85,1,hsp_polymers_6,https://pubchem.ncbi.nlm.nih.gov/compound/7845,[REF] matched hsp_solvents_2
"1,3-Butadiene-1,2-Di-Chloro","1,3-Butadiene-1,2-Di-Chloro",3574-40-1,,C4H4Cl2,17.0,10.7,2.8,102.5,122.98,,,halogenated,Vinyl halides,Vinyl chlorides,"(1Z)-1,2-dichlorobuta-1,3-diene","1,3-Butadiene-1,2-Di-Chloro","1,3-Butadiene-1,2-Di-Chloro",,,0.7,1,hsp_polymers_6,https://pubchem.ncbi.nlm.nih.gov/compound/5463151,"[REF] matched hsp_solvents_2 | [CAS] PubChem CID not found for: 1,3-Butadiene-1,2-Di-Chloro"
"1,3-Butadiene-1-Chloro","1,3-Butadiene-1-Chloro",627-22-5,,C4H5Cl,15.6,8.5,2.0,92.2,88.53,,,halogenated,Vinyl halides,Vinyl chlorides,"1-chlorobuta-1,3-diene","1,3-Butadiene-1-Chloro","1,3-Butadiene-1-Chloro",,H225; H315; H319; H335; H373,0.7,1,hsp_polymers_6,https://pubchem.ncbi.nlm.nih.gov/compound/12311,"[REF] matched hsp_solvents_2 | [CAS] PubChem CID not found for: 1,3-Butadiene-1-Chloro"
"1,3-Butanediol","1,3-Butanediol",107-88-0,CC(O)CCO,C4H10O2,16.6,10.0,21.5,89.9,90.12,,,ether,Organooxygen compounds,Alcohols and polyols,"butane-1,3-diol","1,3-Butanediol","1,3-Butanediol",,H226,0.85,1,hsp_polymers_6,https://pubchem.ncbi.nlm.nih.gov/compound/7896,[REF] matched hsp_solvents_2
"1,3-Dichloro-2-butene","1,3-Dichloro-2-butene",926-57-8,CC(Cl)=CCCl,C4H6Cl2,16.9,7.8,2.7,107.7,124.99,127.1,,halogenated,Vinyl halides,Vinyl chlorides,"1,3-dichlorobut-2-ene","1,3-Dichloro-2-Butene","1,3-Dichloro-2-Butene",,H226; H301; H302; H312; H315; H319; H331; H335,0.85,1,hsp_polymers_6,https://pubchem.ncbi.nlm.nih.gov/compound/13556,[REF] matched hsp_solvents_2
"1,3-Dichloro-2-Fluorobenzene","1,3-Dichloro-2-Fluorobenzene",2268-05-5,Fc1c(Cl)cccc1Cl,C6H3Cl2F,19.4,9.1,2.7,117.1,164.99,168.6,,aromatic,Benzene and substituted derivatives,Halobenzenes,"1,3-dichloro-2-fluorobenzene","1,3-Dichloro-2-Fluorobenzene","1,3-Dichloro-2-Fluorobenzene",,H228; H315; H319; H335,0.85,1,hsp_polymers_6,https://pubchem.ncbi.nlm.nih.gov/compound/137520,[REF] matched hsp_solvents_2
"1,3-Dichloro-2-Propanol","1,3-Dichloro-2-Propanol",96-23-1,OC(CCl)CCl,C3H6Cl2O,17.5,9.9,14.6,95.5,128.98,175.2,,alcohol,Halohydrins,Chlorohydrins,"1,3-dichloropropan-2-ol","1,3-Dichloro-2-Propanol","1,3-Dichloro-2-Propanol",,H301; H312; H350; H311; H314; H318; H330; H335; H336; H341; H370; H373; H227; H315; H319; H351; H372,0.85,1,hsp_polymers_6,https://pubchem.ncbi.nlm.nih.gov/compound/7289,[REF] matched hsp_solvents_2
"1,3-Dichloropropane","1,3-Dichloropropane",,,,18.6,8.2,3.0,95.1,,,,halogenated,,,,,,,,0.7,1,hsp_polymers_6,,"[CAS] PubChem CID not found for: 1,3-Dichloropropane"
"1,3-Dimethoxy Butane","1,3-Dimethoxy Butane",10143-66-5,COCCC(C)OC,C6H14O2,15.6,5.5,5.2,140.0,118.17,,,ether,Organooxygen compounds,Ethers,"1,3-dimethoxybutane","1,3-Dimethoxy Butane","1,3-Dimethoxy Butane",,,0.85,1,hsp_polymers_6,https://pubchem.ncbi.nlm.nih.gov/compound/25011,[REF] matched hsp_solvents_2
"1,3-Dioxolane","1,3-Dioxolane",646-06-0,C1COCO1,C3H6O2,18.1,6.6,9.3,69.9,74.08,74.6,,ether,Dioxolanes,"1,3-dioxolanes","1,3-dioxolane","1,3-Dioxolane","1,3-Dioxolane",,H225; H319; H360; H318; H361; H303; H316; H341,0.85,1,hsp_polymers_6,https://pubchem.ncbi.nlm.nih.gov/compound/12586,[REF] matched hsp_solvents_2
"1,3-Pentadiene (Trans)","1,3-Pentadiene (Trans)",2004-70-8,,,14.7,2.5,5.0,101.7,,,,hydrocarbon,Unsaturated hydrocarbons,Olefins,"(3E)-penta-1,3-diene","1,3-Pentadiene (Trans)","1,3-Pentadiene (Trans)",,,0.7,1,hsp_polymers_6,,"[REF] matched hsp_solvents_2 | [CAS] PubChem CID not found for: 1,3-Pentadiene (Trans)"
"1,3-Propane Sultone","1,3-Propane Sultone",1120-71-4,O=[S]1(=O)CCCO1,C3H6O3S,18.4,16.0,9.0,87.7,122.15,,,hydrocarbon,Oxathiolanes,Gamma sultones,"oxathiolane 2,2-dioxide","1,3-Propane Sultone","1,3-Propane Sultone",,H302; H312; H350; H301; H311; H315; H318; H319; H332; H341; H412; H370; H402; H316; H320; H335; H351; H330,0.85,1,hsp_polymers_6,https://pubchem.ncbi.nlm.nih.gov/compound/14264,[REF] matched hsp_solvents_2
"1,4-Butandiol Diacrylate","1,4-Butandiol Diacrylate",1070-70-8,OCCCCO.OC(=O)C=C.OC(=O)C=C,C10H14O4,16.8,9.1,4.2,194.4,198.22,,,acid,Carboxylic acids and derivatives,Acrylic acids and derivatives,4-prop-2-enoyloxybutyl prop-2-enoate,"1,4-Butandiol Diacrylate","1,4-Butandiol Diacrylate",,H312; H314; H317; H302; H311; H318; H319; H332; H412; H315,0.85,1,hsp_polymers_6,https://pubchem.ncbi.nlm.nih.gov/compound/70613,[REF] matched hsp_solvents_2
"1,4-Butanediol","1,4-Butanediol",110-63-4,OCCCCO,C4H10O2,16.6,15.3,21.7,88.9,90.12,229.7,,ether,Organooxygen compounds,Alcohols and polyols,"butane-1,4-diol","1,4-Butanediol","1,4-Butanediol",,H302; H336,0.85,1,hsp_polymers_6,https://pubchem.ncbi.nlm.nih.gov/compound/8064,[REF] matched hsp_solvents_2
"1,4-Dichloro-2-Butene","1,4-Dichloro-2-Butene",764-41-0,ClCC=CCCl,C4H6Cl2,17.8,7.6,2.0,97.8,124.99,,,halogenated,Organochlorides,,"1,4-dichlorobut-2-ene","1,4-Dichloro-2-Butene","1,4-Dichloro-2-Butene",,H301; H311; H314; H330; H350; H400; H410; H226; H318; H336; H341; H370; H372; H340; H361,0.85,1,hsp_polymers_6,https://pubchem.ncbi.nlm.nih.gov/compound/15122,[REF] matched hsp_solvents_2
"1,4-Dihydroxybenzene (1,4-Benzenediol)","1,4-Dihydroxybenzene (1,4-Benzenediol)",123-31-9,,,21.0,10.2,27.2,82.7,,,,alcohol,Phenols,Benzenediols,"benzene-1,4-diol","1,4-Dihydroxybenzene (1,4-Benzenediol)","1,4-Dihydroxybenzene (1,4-Benzenediol)",,,0.7,1,hsp_polymers_6,,"[REF] matched hsp_solvents_2 | [CAS] PubChem CID not found for: 1,4-Dihydroxybenzene (1,4-Benzenediol)"
"1,4-Dioxane","1,4-Dioxane",123-91-1,C1COCCO1,C4H8O2,19.0,1.8,7.4,85.7,88.11,,,ether,Dioxanes,"1,4-dioxanes","1,4-dioxane","1,4-Dioxane","1,4-Dioxane; dioxane",dioxane,H225; H319; H335; H350; H351; H332; H336; H372; H315; H370; H373; H313; H331,0.85,1,hsp_polymers_6,https://pubchem.ncbi.nlm.nih.gov/compound/31275,[REF] matched hsp_solvents_2
"1,4-Thioxane","1,4-Thioxane",15980-15-1,C1CSCCO1,C4H8OS,19.0,6.6,7.7,93.5,104.17,,,sulfur compound,Oxathianes,,"1,4-oxathiane","1,4-Thioxane","1,4-Thioxane",,H226; H315; H319; H335,0.85,1,hsp_polymers_6,https://pubchem.ncbi.nlm.nih.gov/compound/27596,[REF] matched hsp_solvents_2
"1,5-Dichloropentane","1,5-Dichloropentane",628-76-2,ClCCCCCCl,C5H10Cl2,19.0,7.8,1.5,127.5,141.04,180.1,,halogenated,Organochlorides,,"1,5-dichloropentane","1,5-Dichloropentane","1,5-Dichloropentane",,H226; H301; H315; H319; H335,0.85,1,hsp_polymers_6,https://pubchem.ncbi.nlm.nih.gov/compound/12353,[REF] matched hsp_solvents_2
"1-Acetoxy-1,3-butadiene","1-Acetoxy-1,3-butadiene",1515-76-0,CC(=O)OC=CC=C,C6H8O2,16.1,4.4,8.3,118.4,112.13,,,acid,Carboxylic acids and derivatives,Carboxylic acid derivatives,"[(1E)-buta-1,3-dienyl] acetate","1-Acetoxy-1,3-Butadiene","1-Acetoxy-1,3-Butadiene",,H226; H302; H311; H315; H319; H335,0.85,1,hsp_polymers_6,https://pubchem.ncbi.nlm.nih.gov/compound/5363433,[REF] matched hsp_solvents_2
1-Bromo Propene (CIS),1-Bromo Propene (CIS),590-13-6,,,16.3,6.4,5.0,84.7,,,,halogenated,Vinyl halides,Vinyl bromides,(Z)-1-bromoprop-1-ene,1-Bromo Propene (Cis),1-Bromo Propene (Cis),,,0.7,1,hsp_polymers_6,,[REF] matched hsp_solvents_2 | [CAS] PubChem CID not found for: 1-Bromo Propene (CIS)
1-Bromo-4-Ethoxy Benzene,1-Bromo-4-Ethoxy Benzene,588-96-5,CCOc1ccc(Br)cc1,C8H9BrO,19.5,7.7,5.3,140.0,201.06,233.1,,halogenated,Phenol ethers,,1-bromo-4-ethoxybenzene,1-Bromo-4-Ethoxy Benzene,1-Bromo-4-Ethoxy Benzene,,H315; H319; H335,0.85,1,hsp_polymers_6,https://pubchem.ncbi.nlm.nih.gov/compound/68523,[REF] matched hsp_solvents_2
1-Bromonaphtalene,1-Bromonaphtalene,,,,20.3,3.1,4.1,140.0,,,,halogenated,,,,,,,,0.7,1,hsp_polymers_6,,[CAS] PubChem CID not found for: 1-Bromonaphtalene
1-Butanethiol,1-Butanethiol,109-79-5,CCCCS,C4H10S,16.3,5.3,4.5,107.8,90.19,,,hydrocarbon,Thiols,Alkylthiols,butane-1-thiol,1-Butanethiol,1-Butanethiol,,H225; H302; H319; H332; H317; H335; H336; H370; H316; H320; H361; H371,0.85,1,hsp_polymers_6,https://pubchem.ncbi.nlm.nih.gov/compound/8012,[REF] matched hsp_solvents_2
1-Butanol,1-Butanol,71-36-3,CCCCO,C4H10O,16.0,5.7,15.8,91.5,74.12,,,ether,Organooxygen compounds,Alcohols and polyols,butan-1-ol,1-Butanol,1-Butanol; n-BuOH,n-BuOH,H226; H302; H315; H318; H335; H336; H319; H372; H305; H313,0.85,1,hsp_polymers_6,https://pubchem.ncbi.nlm.nih.gov/compound/263,[REF] matched hsp_solvents_2
1-Butene,1-Butene,106-98-9,CCC=C,C4H8,13.2,1.3,3.9,94.3,56.11,,,hydrocarbon,Unsaturated hydrocarbons,Unsaturated aliphatic hydrocarbons,but-1-ene,1-Butene,1-Butene,,H220; H280; H320; H336,0.85,1,hsp_polymers_6,https://pubchem.ncbi.nlm.nih.gov/compound/7844,[REF] matched hsp_solvents_2
1-Butenyl Methyl Ether,1-Butenyl Methyl Ether,4696-30-4,CCC=COC,C5H10O,15.1,5.3,5.2,111.9,86.13,,,ether,Organooxygen compounds,,4-methoxybut-1-ene,1-Butenyl Methyl Ether,1-Butenyl Methyl Ether,,H225; H315; H319; H335,0.85,1,hsp_polymers_6,https://pubchem.ncbi.nlm.nih.gov/compound/317680,[REF] matched hsp_solvents_2
1-Chloro Methyl Acrylate,1-Chloro Methyl Acrylate,,,,15.9,7.3,8.5,101.4,,,,ester,,,,,,,,0.7,1,hsp_polymers_6,,[CAS] PubChem CID not found for: 1-Chloro Methyl Acrylate
1-Chloro Pentane,1-Chloro Pentane,543-59-9,CCCCCCl,C5H11Cl,16.0,6.9,1.9,120.8,106.59,,,halogenated,Organochlorides,,1-chloropentane,1-Chloro Pentane,1-Chloro Pentane,,H225; H302; H312; H332,0.85,1,hsp_polymers_6,https://pubchem.ncbi.nlm.nih.gov/compound/10977,[REF] matched hsp_solvents_2
1-Chloro Vinyl Ethyl Ether,1-Chloro Vinyl Ethyl Ether,54722-81-5,CCOC(Cl)=C,,16.8,6.5,5.7,104.5,,,,ether,Organooxygen compounds,Ketene acetals,1-chloro vinyl ethyl ether,1-Chloro Vinyl Ethyl Ether,1-Chloro Vinyl Ethyl Ether,,,0.85,1,hsp_polymers_6,https://webbook.nist.gov/cgi/cbook.cgi?ID=54722-81-5,[REF] matched hsp_solvents_2
1-Chloro-1-Fluoro Ethylene,1-Chloro-1-Fluoro Ethylene,2317-91-1,FC(Cl)=C,C2H2ClF,16.0,6.9,4.0,67.6,80.49,-24.1,,ether,Organooxygen compounds,Ketene acetals,1-chloro-1-fluoroethene,1-Chloro-1-Fluoro Ethylene,1-Chloro-1-Fluoro Ethylene,,,0.85,1,hsp_polymers_6,https://pubchem.ncbi.nlm.nih.gov/compound/75344,[REF] matched hsp_solvents_2
1-Chloro-1-Nitroethane,1-Chloro-1-Nitroethane,598-92-5,CC(Cl)[N+]([O-])=O,C2H4ClNO2,16.8,13.5,4.7,85.1,109.51,,,hydrocarbon,"Allyl-type 1,3-dipolar organic compounds",Organic nitro compounds,1-chloro-1-nitroethane,1-Chloro-1-Nitroethane,1-Chloro-1-Nitroethane,,,0.85,1,hsp_polymers_6,https://pubchem.ncbi.nlm.nih.gov/compound/61149,[REF] matched hsp_solvents_2
1-Chloro-2-Butene,1-Chloro-2-Butene,591-97-9,CC=CCCl,C4H7Cl,16.2,7.7,2.0,97.4,90.55,84.0,,halogenated,Organochlorides,,1-chlorobut-2-ene,1-Chloro-2-Butene,1-Chloro-2-Butene,,H225; H302; H314; H315; H317; H318; H332; H412,0.85,1,hsp_polymers_6,https://pubchem.ncbi.nlm.nih.gov/compound/11589,[REF] matched hsp_solvents_2
1-Chloro-2-Ethoxy Benzene,1-Chloro-2-Ethoxy Benzene,614-72-2,CCOc1ccccc1Cl,C8H9ClO,19.2,8.1,4.4,138.7,156.61,,,halogenated,Phenol ethers,,1-chloro-2-ethoxybenzene,1-Chloro-2-Ethoxy Benzene,1-Chloro-2-Ethoxy Benzene,,,0.85,1,hsp_polymers_6,https://pubchem.ncbi.nlm.nih.gov/compound/69197,[REF] matched hsp_solvents_2
1-Chloro-2-Methyl Propene,1-Chloro-2-Methyl Propene,513-37-1,CC(C)=CCl,C4H7Cl,16.1,7.1,4.2,95.6,90.55,68.1,,halogenated,Vinyl halides,Vinyl chlorides,1-chloro-2-methylprop-1-ene,1-Chloro-2-Methyl Propene,1-Chloro-2-Methyl Propene,,H225; H311; H315; H319; H330; H335; H350; H301; H341; H351; H373,0.85,1,hsp_polymers_6,https://pubchem.ncbi.nlm.nih.gov/compound/10555,[REF] matched hsp_solvents_2
1-Chloro-4-Ethoxy Benzene,1-Chloro-4-Ethoxy Benzene,622-61-7,CCOc1ccc(Cl)cc1,C8H9ClO,19.3,6.3,4.4,139.2,156.61,211.9,,halogenated,Phenol ethers,,1-chloro-4-ethoxybenzene,1-Chloro-4-Ethoxy Benzene,1-Chloro-4-Ethoxy Benzene,,H227; H302; H312; H315; H319; H332; H335,0.85,1,hsp_polymers_6,https://pubchem.ncbi.nlm.nih.gov/compound/69326,[REF] matched hsp_solvents_2
1-Chlorobutane,1-Chlorobutane,109-69-3,CCCCCl,C4H9Cl,16.2,5.5,2.0,104.5,92.57,,,halogenated,Organochlorides,,1-chlorobutane,1-Chlorobutane,1-Chlorobutane,,H225; H412; H315; H320; H361,0.85,1,hsp_polymers_6,https://pubchem.ncbi.nlm.nih.gov/compound/8005,[REF] matched hsp_solvents_2
1-Chlorohexane,1-Chlorohexane,544-10-5,CCCCCCCl,C6H13Cl,16.1,6.2,1.7,138.1,120.62,135.0,,halogenated,Organochlorides,,1-chlorohexane,1-Chlorohexane,1-Chlorohexane,,H226; H412,0.85,1,hsp_polymers_6,https://pubchem.ncbi.nlm.nih.gov/compound/10992,[REF] matched hsp_solvents_2
1-Chloronaphthalene,1-Chloronaphthalene,90-13-1,Clc1cccc2ccccc12,C10H7Cl,19.9,4.9,2.5,136.2,162.61,,,aromatic,Naphthalenes,Chloronaphthalenes,1-chloronaphthalene,1-Chloronaphthalene,1-Chloronaphthalene,,H302; H315; H319; H335; H400; H320; H373; H410; H371,0.85,1,hsp_polymers_6,https://pubchem.ncbi.nlm.nih.gov/compound/7003,[REF] matched hsp_solvents_2
1-Chloropropene,1-Chloropropene,590-21-6,CC=CCl,C3H5Cl,15.3,6.9,2.2,82.3,76.52,,,halogenated,Vinyl halides,Vinyl chlorides,1-chloroprop-1-ene,1-Chloropropene,1-Chloropropene,,H224; H225; H302; H315; H319; H336,0.85,1,hsp_polymers_6,https://pubchem.ncbi.nlm.nih.gov/compound/11536,[REF] matched hsp_solvents_2
1-Decanol,1-Decanol,112-30-1,CCCCCCCCCCO,C10H22O,16.0,4.7,10.0,191.8,158.28,,,alcohol,Fatty Acyls,Fatty alcohols,decan-1-ol,1-Decanol,1-Decanol,,H315; H319; H411; H412; H335; H400; H304; H332; H361; H227; H402,0.85,1,hsp_polymers_6,https://pubchem.ncbi.nlm.nih.gov/compound/8174,[REF] matched hsp_solvents_2
1-Decene,1-Decene,872-05-9,CCCCCCCCC=C,C10H20,15.8,1.0,2.2,190.6,140.27,,,hydrocarbon,Unsaturated hydrocarbons,Unsaturated aliphatic hydrocarbons,dec-1-ene,1-Decene,1-Decene,,H226; H304; H400; H410; H411; H315,0.85,1,hsp_polymers_6,https://pubchem.ncbi.nlm.nih.gov/compound/13381,[REF] matched hsp_solvents_2
1-Ethoxy Ethoxy-2-Propanol,1-Ethoxy Ethoxy-2-Propanol,4043-59-8,CCOC(C)OCC(C)O,C7H16O3,15.9,5.7,11.7,156.0,148.2,,,ether,Organooxygen compounds,Alcohols and polyols,"1,3-diethoxypropan-2-ol",1-Ethoxy Ethoxy-2-Propanol,1-Ethoxy Ethoxy-2-Propanol,,H319,0.85,1,hsp_polymers_6,https://pubchem.ncbi.nlm.nih.gov/compound/77664,[REF] matched hsp_solvents_2
1-Ethyl Vinyl Ethyl Ether,1-Ethyl Vinyl Ethyl Ether,1528-20-7,CCOC(=C)CC,C6H12O,15.3,4.2,4.6,125.6,100.16,,,ether,Organooxygen compounds,,(E)-1-ethoxybut-1-ene,1-Ethyl Vinyl Ethyl Ether,1-Ethyl Vinyl Ethyl Ether,,,0.85,1,hsp_polymers_6,https://pubchem.ncbi.nlm.nih.gov/compound/5364930,[REF] matched hsp_solvents_2
1-Fluoro Acrylic Acid,1-Fluoro Acrylic Acid,430-99-9,,C3H3FO2,16.0,8.7,13.0,90.0,90.05,,,acid,Carboxylic acids and derivatives,Alpha-halocarboxylic acids and derivatives,2-fluoroprop-2-enoic acid,1-Fluoro Acrylic Acid,1-Fluoro Acrylic Acid,,H314; H318,0.7,1,hsp_polymers_6,https://pubchem.ncbi.nlm.nih.gov/compound/2782523,[REF] matched hsp_solvents_2 | [CAS] PubChem CID not found for: 1-Fluoro Acrylic Acid
1-Fluoro Acrylonitrile,1-Fluoro Acrylonitrile,430-49-9,,C3H2FN,14.1,15.4,5.7,88.8,71.05,,,nitrile,Vinyl halides,Vinyl fluorides,2-fluoroprop-2-enenitrile,1-Fluoro Acrylonitrile,1-Fluoro Acrylonitrile,,,0.7,1,hsp_polymers_6,https://pubchem.ncbi.nlm.nih.gov/compound/15576991,[REF] matched hsp_solvents_2 | [CAS] PubChem CID not found for: 1-Fluoro Acrylonitrile
1-Heptanol,1-Heptanol,111-70-6,CCCCCCCO,C7H16O,16.0,5.3,11.7,141.4,116.2,,,alcohol,Fatty Acyls,Fatty alcohols,heptan-1-ol,1-Heptanol,1-Heptanol,,H319; H227; H315,0.85,1,hsp_polymers_6,https://pubchem.ncbi.nlm.nih.gov/compound/8129,[REF] matched hsp_solvents_2
1-Heptene,1-Heptene,592-76-7,CCCCCC=C,C7H14,15.0,1.1,2.6,141.9,98.19,,,hydrocarbon,Unsaturated hydrocarbons,Unsaturated aliphatic hydrocarbons,hept-1-ene,1-Heptene,1-Heptene,,H225; H304; H400; H410; H315; H319; H335; H320,0.85,1,hsp_polymers_6,https://pubchem.ncbi.nlm.nih.gov/compound/11610,[REF] matched hsp_solvents_2
1-Hexanol,1-Hexanol,111-27-3,CCCCCCO,C6H14O,15.9,5.8,12.5,124.9,102.17,,,alcohol,Fatty Acyls,Fatty alcohols,hexan-1-ol,1-Hexanol,1-Hexanol,,H302; H226; H312; H319; H315,0.85,1,hsp_polymers_6,https://pubchem.ncbi.nlm.nih.gov/compound/8103,[REF] matched hsp_solvents_2
1-Hexene,1-Hexene,592-41-6,CCCCC=C,C6H12,14.7,1.1,0.0,126.1,84.16,,,hydrocarbon,Unsaturated hydrocarbons,Unsaturated aliphatic hydrocarbons,hex-1-ene,1-Hexene,1-Hexene,,H225; H304; H319; H401; H335; H336,0.85,1,hsp_polymers_6,https://pubchem.ncbi.nlm.nih.gov/compound/11597,[REF] matched hsp_solvents_2
"1-Methoxy-1,3-Butadiene","1-Methoxy-1,3-Butadiene",3036-66-6,COC=CC=C,C5H8O,15.5,8.3,5.4,101.8,84.12,91.6,,ether,Organooxygen compounds,,"(1E)-1-methoxybuta-1,3-diene","1-Methoxy-1,3-Butadiene","1-Methoxy-1,3-Butadiene",,H225; H302,0.85,1,hsp_polymers_6,https://pubchem.ncbi.nlm.nih.gov/compound/5462719,[REF] matched hsp_solvents_2
1-Methyl Imidazole,1-Methyl Imidazole,616-47-7,Cn1ccnc1,C4H6N2,19.7,15.6,11.2,79.5,82.1,198.1,,heterocyclic,Azoles,Imidazoles,1-methylimidazole,1-Methyl Imidazole,1-Methyl Imidazole,,H302; H312; H314; H311; H318; H361,0.85,1,hsp_polymers_6,https://pubchem.ncbi.nlm.nih.gov/compound/1390,[REF] matched hsp_solvents_2
1-Methyl Naphthalene,1-Methyl Naphthalene,90-12-0,Cc1cccc2ccccc12,C11H10,20.6,0.8,4.7,138.8,142.2,,,aromatic,Naphthalenes,,1-methylnaphthalene,1-Methyl Naphthalene,1-Methyl Naphthalene,,H302; H304; H411; H319; H335; H336; H373; H400; H410; H227; H401; H315; H334,0.85,1,hsp_polymers_6,https://pubchem.ncbi.nlm.nih.gov/compound/7002,[REF] matched hsp_solvents_2
1-Methyl Vinyl Methyl Ether,1-Methyl Vinyl Methyl Ether,116-11-0,COC(C)=C,C4H8O,14.8,4.2,5.6,96.1,72.11,35.1,,ether,Organooxygen compounds,,2-methoxyprop-1-ene,1-Methyl Vinyl Methyl Ether,1-Methyl Vinyl Methyl Ether,,H224; H302; H412,0.85,1,hsp_polymers_6,https://pubchem.ncbi.nlm.nih.gov/compound/8300,[REF] matched hsp_solvents_2
1-Naphthol,1-Naphthol,90-15-3,Oc1cccc2ccccc12,C10H8O,19.7,6.3,12.3,131.7,144.17,288.0,,aromatic,Naphthalenes,Naphthols and derivatives,naphthalen-1-ol,1-Naphthol,1-Naphthol,,H302; H312; H315; H318; H335; H311; H317; H400; H410; H412; H411; H314; H371,0.85,1,hsp_polymers_6,https://pubchem.ncbi.nlm.nih.gov/compound/7005,[REF] matched hsp_solvents_2
1-Nitropropane,1-Nitropropane,108-03-2,CCC[N+]([O-])=O,C3H7NO2,16.6,12.3,5.5,88.4,89.09,,,hydrocarbon,"Allyl-type 1,3-dipolar organic compounds",Organic nitro compounds,1-nitropropane,1-Nitropropane,1-Nitropropane,,H226; H302; H312; H332; H331; H319; H335; H336; H370; H351,0.85,1,hsp_polymers_6,https://pubchem.ncbi.nlm.nih.gov/compound/7903,[REF] matched hsp_solvents_2
1-Nonanol,1-Nonanol,143-08-8,CCCCCCCCCO,C9H20O,16.0,4.8,10.6,174.4,144.25,,,alcohol,Fatty Acyls,Fatty alcohols,nonan-1-ol,1-Nonanol,1-Nonanol,,H315; H319; H411; H227; H332; H335; H373,0.85,1,hsp_polymers_6,https://pubchem.ncbi.nlm.nih.gov/compound/8914,[REF] matched hsp_solvents_2
1-Octanol,1-Octanol,111-87-5,CCCCCCCCO,C8H18O,16.0,5.0,11.9,157.7,130.23,,,alcohol,Fatty Acyls,Fatty alcohols,octan-1-ol,1-Octanol,1-Octanol,,H302; H312; H315; H319; H412; H227; H370; H371; H401; H305; H316; H335; H341; H402,0.85,1,hsp_polymers_6,https://pubchem.ncbi.nlm.nih.gov/compound/957,[REF] matched hsp_solvents_2
1-Octene,1-Octene,111-66-0,CCCCCCC=C,C8H16,15.3,1.0,2.4,158.0,112.21,,,hydrocarbon,Unsaturated hydrocarbons,Unsaturated aliphatic hydrocarbons,oct-1-ene,1-Octene,1-Octene,,H225; H304; H315; H411; H400; H410; H332; H336,0.85,1,hsp_polymers_6,https://pubchem.ncbi.nlm.nih.gov/compound/8125,[REF] matched hsp_solvents_2
1-Pentanol,1-Pentanol,71-41-0,CCCCCO,C5H12O,15.9,5.9,13.9,108.6,88.15,,,ether,Organooxygen compounds,Alcohols and polyols,pentan-1-ol,1-Pentanol,1-Pentanol,,H226; H315; H332; H335; H314; H318; H319; H371,0.85,1,hsp_polymers_6,https://pubchem.ncbi.nlm.nih.gov/compound/6276,[REF] matched hsp_solvents_2
1-Pentene,1-Pentene,109-67-1,CCCC=C,C5H10,13.9,1.4,3.8,110.4,70.13,,,hydrocarbon,Unsaturated hydrocarbons,Unsaturated aliphatic hydrocarbons,pent-1-ene,1-Pentene,1-Pentene,,H224; H304; H315; H319; H412,0.85,1,hsp_polymers_6,https://pubchem.ncbi.nlm.nih.gov/compound/8004,[REF] matched hsp_solvents_2
1-Propanethiol,1-Propanethiol,107-03-9,CCCS,C3H8S,16.1,5.8,5.7,90.5,76.16,,,hydrocarbon,Thiols,Alkylthiols,propane-1-thiol,1-Propanethiol,1-Propanethiol,,H225; H302; H319; H317; H400; H332; H335,0.85,1,hsp_polymers_6,https://pubchem.ncbi.nlm.nih.gov/compound/7848,[REF] matched hsp_solvents_2
1-Propanol,1-Propanol,71-23-8,CCCO,C3H8O,16.0,6.8,17.4,75.2,60.1,,,ether,Organooxygen compounds,Alcohols and polyols,propan-1-ol,1-Propanol,1-Propanol,,H225; H318; H336; H302; H361; H303; H305; H313; H315; H319; H335; H351,0.85,1,hsp_polymers_6,https://pubchem.ncbi.nlm.nih.gov/compound/1031,[REF] matched hsp_solvents_2
"2,2',5,5'-Tetrathiafulvalen","2,2',5,5'-Tetrathiafulvalen",31366-25-3,,C6H4S4,21.0,8.2,8.4,204.0,204.4,,,alcohol,Dithioles,"1,3-dithioles","2-(1,3-dithiol-2-ylidene)-1,3-dithiole","2,2',5,5'-Tetrathiafulvalen","2,2',5,5'-Tetrathiafulvalen",,H317,0.7,1,hsp_polymers_6,https://pubchem.ncbi.nlm.nih.gov/compound/99451,"[REF] matched hsp_solvents_2 | [CAS] PubChem CID not found for: 2,2',5,5'-Tetrathiafulvalen"
"2,2,2-Trifluoro Ethano","2,2,2-Trifluoro Ethano",,,,15.4,8.3,16.4,72.3,,,,halogenated,,,,,,,,0.7,1,hsp_polymers_6,,"[CAS] PubChem CID not found for: 2,2,2-Trifluoro Ethano"
"2,2,4-Trimethyl-1,3-Pentanediol","2,2,4-Trimethyl-1,3-Pentanediol",,,,15.1,6.1,9.8,227.4,,,,alcohol,,,,,,,,0.7,1,hsp_polymers_6,,"[CAS] PubChem CID not found for: 2,2,4-Trimethyl-1,3-Pentanediol"
"2,2,4-Trimethylpentane","2,2,4-Trimethylpentane",540-84-1,CC(C)CC(C)(C)C,C8H18,14.1,0.0,0.0,166.1,114.23,,,hydrocarbon,Saturated hydrocarbons,Alkanes,"2,2,4-trimethylpentane","2,2,4-Trimethylpentane","2,2,4-Trimethylpentane",,H225; H304; H315; H336; H400; H410; H224; H302; H335,0.85,1,hsp_polymers_6,,[REF] matched hsp_solvents_2
"2,2,6,6-Tetrachlorocyclohexanone","2,2,6,6-Tetrachlorocyclohexanone",3776-30-5,ClC1(Cl)CCCC(Cl)(Cl)C1=O,C6H6Cl4O,19.5,14.0,6.3,138.8,235.9,,,ether,Organooxygen compounds,Carbonyl compounds,"2,2,6,6-tetrachlorocyclohexan-1-one","2,2,6,6-Tetrachlorocyclohexanone","2,2,6,6-Tetrachlorocyclohexanone",,H302,0.85,1,hsp_polymers_6,https://pubchem.ncbi.nlm.nih.gov/compound/77407,[REF] matched hsp_solvents_2
"2,3,4-Trifluoro Nitrobenzen","2,3,4-Trifluoro Nitrobenzen",,,,19.5,7.7,3.5,122.0,,,,halogenated,,,,,,,,0.7,1,hsp_polymers_6,,"[CAS] PubChem CID not found for: 2,3,4-Trifluoro Nitrobenzen"
"2,3-Benzofuran (Cumaron)","2,3-Benzofuran (Cumaron)",271-89-6,,,18.7,5.1,5.7,110.2,,,,ether,Benzofurans,,1-benzofuran,"2,3-Benzofuran (Cumaron)","2,3-Benzofuran (Cumaron)",,,0.7,1,hsp_polymers_6,,"[REF] matched hsp_solvents_2 | [CAS] PubChem CID not found for: 2,3-Benzofuran (Cumaron)"
"2,3-Butadiene-1-ol","2,3-Butadiene-1-ol",18913-31-0,OC[CH]=[C]=[CH2],C4H6O,16.2,6.6,16.8,76.5,70.09,,,ether,Organooxygen compounds,Alcohols and polyols,"buta-2,3-dien-1-ol","2,3-Butadiene-1-ol","2,3-Butadiene-1-ol",,H226; H315; H319; H335,0.85,1,hsp_polymers_6,https://pubchem.ncbi.nlm.nih.gov/compound/140447,[REF] matched hsp_solvents_2
"2,3-Butylene Carbonate","2,3-Butylene Carbonate",4437-70-1,CC1OC(=O)OC1C,C5H8O3,18.0,16.8,3.1,105.5,116.11,,,ester,Organic carbonic acids and derivatives,Carbonic acid diesters,"4,5-dimethyl-1,3-dioxolan-2-one","2,3-Butylene Carbonate","2,3-Butylene Carbonate",,,0.85,1,hsp_polymers_6,https://pubchem.ncbi.nlm.nih.gov/compound/536113,[REF] matched hsp_solvents_2
"2,3-Dibromoprene","2,3-Dibromoprene",34994-48-4,,C4H4Br2,17.7,11.8,6.4,103.4,211.88,,,halogenated,Vinyl halides,Vinyl bromides,"2,3-dibromobuta-1,3-diene","2,3-Dibromoprene","2,3-Dibromoprene",,,0.7,1,hsp_polymers_6,https://pubchem.ncbi.nlm.nih.gov/compound/21863425,"[REF] matched hsp_solvents_2 | [CAS] PubChem CID not found for: 2,3-Dibromoprene"
"2,3-Dichloro-1,3-Butadiene","2,3-Dichloro-1,3-Butadiene",1653-19-6,ClC(=C)C(Cl)=C,C4H4Cl2,17.1,2.3,2.8,104.0,122.98,98.1,,halogenated,Vinyl halides,Vinyl chlorides,"2,3-dichlorobuta-1,3-diene","2,3-Dichloro-1,3-Butadiene","2,3-Dichloro-1,3-Butadiene",,H302; H315; H319; H335; H411,0.85,1,hsp_polymers_6,https://pubchem.ncbi.nlm.nih.gov/compound/15447,[REF] matched hsp_solvents_2
"2,3-Dichloronitrobenzene","2,3-Dichloronitrobenzene",3209-22-1,[O-][N+](=O)c1cccc(Cl)c1Cl,C6H3Cl2NO2,19.7,12.6,4.4,132.5,192.0,257.6,,aromatic,Benzene and substituted derivatives,Nitrobenzenes,"1,2-dichloro-3-nitrobenzene","2,3-Dichloronitrobenzene","2,3-Dichloronitrobenzene",,H301; H302; H373; H411; H401; H315; H370,0.85,1,hsp_polymers_6,https://pubchem.ncbi.nlm.nih.gov/compound/18555,[REF] matched hsp_solvents_2
"2,3-Dichloropropanol","2,3-Dichloropropanol",616-23-9,OCC(Cl)CCl,C3H6Cl2O,17.5,9.2,14.6,95.2,128.98,182.9,,alcohol,Halohydrins,Chlorohydrins,"2,3-dichloropropan-1-ol","2,3-Dichloropropanol","2,3-Dichloropropanol",,H301; H310; H315; H318; H319; H332; H227; H371; H373,0.85,1,hsp_polymers_6,https://pubchem.ncbi.nlm.nih.gov/compound/12018,[REF] matched hsp_solvents_2
"2,3-Dichloropropene","2,3-Dichloropropene",78-88-6,ClCC(Cl)=C,C3H4Cl2,16.2,7.8,3.0,91.6,110.97,94.1,,halogenated,Vinyl halides,Vinyl chlorides,"2,3-dichloroprop-1-ene","2,3-Dichloropropene","2,3-Dichloropropene",,H225; H302; H312; H315; H318; H332; H335; H341; H412; H319; H336,0.85,1,hsp_polymers_6,https://pubchem.ncbi.nlm.nih.gov/compound/6565,[REF] matched hsp_solvents_2
"2,3-Dimethyl-1-Butene","2,3-Dimethyl-1-Butene",,,,14.9,1.2,2.8,125.2,,,,other,,,,,,,,0.7,1,hsp_polymers_6,,"[CAS] PubChem CID not found for: 2,3-Dimethyl-1-Butene"
"2,3-Dithiabutane","2,3-Dithiabutane",,,,17.3,7.8,6.5,88.6,,,,other,,,,,,,,0.7,1,hsp_polymers_6,,"[CAS] PubChem CID not found for: 2,3-Dithiabutane"
"2,4,5-Trichlorothiophenol","2,4,5-Trichlorothiophenol",3773-14-6,Sc1cc(Cl)c(Cl)cc1Cl,C6H3Cl3S,21.0,4.5,9.1,145.0,213.5,,,alcohol,Thiophenols,,"2,4,5-trichlorobenzenethiol","2,4,5-Trichlorothiophenol","2,4,5-Trichlorothiophenol",,H315; H318; H319; H335; H413,0.85,1,hsp_polymers_6,https://pubchem.ncbi.nlm.nih.gov/compound/19597,[REF] matched hsp_solvents_2
"2,4,6-Trichlorophenol","2,4,6-Trichlorophenol",88-06-2,Oc1c(Cl)cc(Cl)cc1Cl,C6H3Cl3O,20.3,5.1,10.8,132.5,197.4,246.1,,alcohol,Phenols,Halophenols,"2,4,6-trichlorophenol","2,4,6-Trichlorophenol","2,4,6-Trichlorophenol",,H302; H315; H319; H351; H400; H410; H335; H361; H370; H372; H411,0.85,1,hsp_polymers_6,https://pubchem.ncbi.nlm.nih.gov/compound/6914,[REF] matched hsp_solvents_2
"2,4-Dichloro-3-Fluoronitrobenzene","2,4-Dichloro-3-Fluoronitrobenzene",393-79-3,[O-][N+](=O)c1ccc(Cl)c(F)c1Cl,C6H2Cl2FNO2,19.9,7.2,4.2,140.0,209.99,,,aromatic,Benzene and substituted derivatives,Nitrobenzenes,"1,3-dichloro-2-fluoro-4-nitrobenzene","2,4-Dichloro-3-Fluoronitrobenzene","2,4-Dichloro-3-Fluoronitrobenzene",,H302; H312; H332,0.85,1,hsp_polymers_6,https://pubchem.ncbi.nlm.nih.gov/compound/223081,[REF] matched hsp_solvents_2
"2,4-Dichloro-5-Nitrobenzotrifluorid","2,4-Dichloro-5-Nitrobenzotrifluorid",,,,19.9,7.6,3.7,162.0,,,,halogenated,,,,,,,,0.7,1,hsp_polymers_6,,"[CAS] PubChem CID not found for: 2,4-Dichloro-5-Nitrobenzotrifluorid"
"2,4-Dichlorobenzaldehyde","2,4-Dichlorobenzaldehyde",874-42-0,Clc1ccc(C=O)c(Cl)c1,C7H4Cl2O,19.7,8.8,5.4,135.7,175.01,233.1,,aromatic,Benzene and substituted derivatives,Halobenzenes,"2,4-dichlorobenzaldehyde","2,4-Dichlorobenzaldehyde","2,4-Dichlorobenzaldehyde",,H314; H318; H411,0.85,1,hsp_polymers_6,https://pubchem.ncbi.nlm.nih.gov/compound/13404,[REF] matched hsp_solvents_2
"2,4-Dichloronitrobenzene","2,4-Dichloronitrobenzene",611-06-3,[O-][N+](=O)c1ccc(Cl)cc1Cl,C6H3Cl2NO2,20.4,8.7,4.2,133.4,192.0,258.6,,aromatic,Benzene and substituted derivatives,Nitrobenzenes,"2,4-dichloro-1-nitrobenzene","2,4-Dichloronitrobenzene","2,4-Dichloronitrobenzene",,H302; H311; H315; H317; H319; H335; H341; H350; H411; H351; H361; H373; H312,0.85,1,hsp_polymers_6,https://pubchem.ncbi.nlm.nih.gov/compound/11899,[REF] matched hsp_solvents_2
"2,4-Difluoronitrobenzen","2,4-Difluoronitrobenzen",,,,19.4,11.0,3.7,109.6,,,,halogenated,,,,,,,,0.7,1,hsp_polymers_6,,"[CAS] PubChem CID not found for: 2,4-Difluoronitrobenzen"
"2,4-Dimethylaniline","2,4-Dimethylaniline",95-68-1,Cc1ccc(N)c(C)c1,C8H11N,19.2,5.2,8.7,123.7,121.18,218.1,,aromatic,Benzene and substituted derivatives,Xylenes,"2,4-dimethylaniline","2,4-Dimethylaniline","2,4-Dimethylaniline",,H301; H311; H319; H330; H331; H373; H411; H227; H302; H332; H370; H372; H312; H315; H335; H341; H351,0.85,1,hsp_polymers_6,https://pubchem.ncbi.nlm.nih.gov/compound/7250,[REF] matched hsp_solvents_2
"2,4-Dinitrotoluene","2,4-Dinitrotoluene",121-14-2,Cc1ccc(cc1[N+]([O-])=O)[N+]([O-])=O,C7H6N2O4,20.0,13.1,4.9,137.9,182.13,,,aromatic,Benzene and substituted derivatives,Toluenes,"1-methyl-2,4-dinitrobenzene","2,4-Dinitrotoluene","2,4-Dinitrotoluene",,H301; H311; H331; H341; H350; H361; H373; H400; H410; H330; H336; H370; H372; H302; H316; H351,0.85,1,hsp_polymers_6,https://pubchem.ncbi.nlm.nih.gov/compound/8461,[REF] matched hsp_solvents_2
"2,4-Pentanedione","2,4-Pentanedione",,,,17.1,9.0,4.1,103.1,,,,other,,,,,,,,0.7,1,hsp_polymers_6,,"[CAS] PubChem CID not found for: 2,4-Pentanedione"
"2,5-Dichlorobenzotrifluorid","2,5-Dichlorobenzotrifluorid",,,,20.0,4.7,2.4,145.5,,,,halogenated,,,,,,,,0.7,1,hsp_polymers_6,,"[CAS] PubChem CID not found for: 2,5-Dichlorobenzotrifluorid"
"2,5-Dichlorophenol","2,5-Dichlorophenol",583-78-8,Oc1cc(Cl)ccc1Cl,C6H4Cl2O,20.0,6.3,12.1,119.0,163.0,211.1,,aromatic,Benzene and substituted derivatives,Halobenzenes,"2,5-dichlorophenol","2,5-Dichlorophenol","2,5-Dichlorophenol",,H302; H314; H315; H318; H319; H411; H335; H371; H372; H401,0.85,1,hsp_polymers_6,https://pubchem.ncbi.nlm.nih.gov/compound/66,[REF] matched hsp_solvents_2
"2,5-Dimethoxytetrahydrofuran","2,5-Dimethoxytetrahydrofuran",696-59-3,COC1CCC(OC)O1,C6H12O3,16.8,7.2,8.2,129.6,132.16,145.8,,ether,Tetrahydrofurans,,"2,5-dimethoxyoxolane","2,5-Dimethoxytetrahydrofuran","2,5-Dimethoxytetrahydrofuran; THF",THF,H226; H315; H318; H319; H335,0.85,1,hsp_polymers_6,https://pubchem.ncbi.nlm.nih.gov/compound/79098,[REF] matched hsp_solvents_2
"2,5-Dimethyl Pyrrole","2,5-Dimethyl Pyrrole",625-84-3,Cc1[nH]c(C)cc1,C6H9N,18.3,7.6,6.8,101.8,95.14,,,heterocyclic,Pyrroles,Substituted pyrroles,"2,5-dimethyl-1H-pyrrole","2,5-Dimethyl Pyrrole","2,5-Dimethyl Pyrrole",,H226; H301,0.85,1,hsp_polymers_6,https://pubchem.ncbi.nlm.nih.gov/compound/12265,[REF] matched hsp_solvents_2
"2,5-Tetrahydrofuran Dimethanol","2,5-Tetrahydrofuran Dimethanol",104-80-3,,C6H12O3,17.9,8.5,18.9,114.5,132.16,,,alcohol,,,[5-(hydroxymethyl)oxolan-2-yl]methanol,"2,5-Tetrahydrofuran Dimethanol","2,5-Tetrahydrofuran Dimethanol; THF",THF,H315; H319; H335,0.7,1,hsp_polymers_6,https://pubchem.ncbi.nlm.nih.gov/compound/97792,"[REF] matched hsp_solvents_2 | [CAS] PubChem CID not found for: 2,5-Tetrahydrofuran Dimethanol"
"2,6-Dichloroanisole","2,6-Dichloroanisole",1984-65-2,COc1c(Cl)cccc1Cl,C7H6Cl2O,19.8,8.4,6.5,137.1,177.02,,,aromatic,Benzene and substituted derivatives,Halobenzenes,"1,3-dichloro-2-methoxybenzene","2,6-Dichloroanisole","2,6-Dichloroanisole",,H302; H315; H319; H335,0.85,1,hsp_polymers_6,https://pubchem.ncbi.nlm.nih.gov/compound/16127,[REF] matched hsp_solvents_2
"2,6-Dichlorophenol","2,6-Dichlorophenol",87-65-0,Oc1c(Cl)cccc1Cl,C6H4Cl2O,20.1,7.5,10.9,119.0,163.0,219.1,,aromatic,Benzene and substituted derivatives,Halobenzenes,"2,6-dichlorophenol","2,6-Dichlorophenol","2,6-Dichlorophenol",,H314; H411; H315; H319; H371; H401,0.85,1,hsp_polymers_6,https://pubchem.ncbi.nlm.nih.gov/compound/6899,[REF] matched hsp_solvents_2
"2,6-Difluorobenzonitril","2,6-Difluorobenzonitril",,,,18.8,11.2,3.2,111.6,,,,halogenated,,,,,,,,0.7,1,hsp_polymers_6,,"[CAS] PubChem CID not found for: 2,6-Difluorobenzonitril"
"2,6-Dimethyl Phenol","2,6-Dimethyl Phenol",576-26-1,Cc1cccc(C)c1O,C8H10O,19.1,4.9,12.9,116.3,122.16,,,alcohol,Phenols,Cresols,"2,6-dimethylphenol","2,6-Dimethyl Phenol","2,6-Dimethyl Phenol",,H301; H311; H314; H411; H318; H335; H336; H370; H372; H373; H401,0.85,1,hsp_polymers_6,https://pubchem.ncbi.nlm.nih.gov/compound/11335,[REF] matched hsp_solvents_2
2-(Diethylamino) Ethanol,2-(Diethylamino) Ethanol,,,,14.9,5.8,12.0,133.2,,,,alcohol,,,,,,,,0.7,1,hsp_polymers_6,,[CAS] PubChem CID not found for: 2-(Diethylamino) Ethanol
2-Acetyl Thiophene,2-Acetyl Thiophene,88-15-3,CC(=O)c1sccc1,C6H6OS,19.1,12.2,9.3,108.0,126.18,213.6,,ether,Organooxygen compounds,Carbonyl compounds,1-thiophen-2-ylethanone,2-Acetyl Thiophene,2-Acetyl Thiophene,,H302; H311; H312; H332,0.85,1,hsp_polymers_6,https://pubchem.ncbi.nlm.nih.gov/compound/6920,[REF] matched hsp_solvents_2
2-Bromo Allyl Alcohol,2-Bromo Allyl Alcohol,598-19-6,OCC(Br)=C,C3H5BrO,17.1,9.9,16.2,84.5,136.98,,,alcohol,Halohydrins,Bromohydrins,2-bromoprop-2-en-1-ol,2-Bromo Allyl Alcohol,2-Bromo Allyl Alcohol,,H302; H315; H318; H335,0.85,1,hsp_polymers_6,https://pubchem.ncbi.nlm.nih.gov/compound/446627,[REF] matched hsp_solvents_2
2-Bromo Propene,2-Bromo Propene,557-93-7,CC(Br)=C,C3H5Br,16.1,6.0,4.9,88.8,120.98,48.5,,halogenated,Vinyl halides,Vinyl bromides,2-bromoprop-1-ene,2-Bromo Propene,2-Bromo Propene,,H225; H315; H319; H335,0.85,1,hsp_polymers_6,https://pubchem.ncbi.nlm.nih.gov/compound/11202,[REF] matched hsp_solvents_2
2-Bromobutane,2-Bromobutane,78-76-2,CCC(C)Br,C4H9Br,16.3,7.7,4.4,109.5,137.02,,,halogenated,Organobromides,,2-bromobutane,2-Bromobutane,2-Bromobutane,,H225; H412,0.85,1,hsp_polymers_6,https://pubchem.ncbi.nlm.nih.gov/compound/6554,[REF] matched hsp_solvents_2
2-Bromothiophene,2-Bromothiophene,1003-09-4,Brc1sccc1,C4H3BrS,20.1,5.2,4.6,96.8,163.04,150.1,,halogenated,Aryl halides,Aryl bromides,2-bromothiophene,2-Bromothiophene,2-Bromothiophene,,H226; H300; H301; H310; H315; H318; H319; H330,0.85,1,hsp_polymers_6,https://pubchem.ncbi.nlm.nih.gov/compound/13851,[REF] matched hsp_solvents_2
2-Butanol,2-Butanol,78-92-2,CCC(C)O,C4H10O,15.8,5.7,14.5,92.0,74.12,,,ether,Organooxygen compounds,Alcohols and polyols,butan-2-ol,2-Butanol,2-Butanol; s-BuOH,s-BuOH,H226; H319; H335; H336; H332; H361; H303,0.85,1,hsp_polymers_6,https://pubchem.ncbi.nlm.nih.gov/compound/6568,[REF] matched hsp_solvents_2
2-Butene (cis),2-Butene (cis),590-18-1,,,14.7,1.3,4.1,90.3,,,,hydrocarbon,Unsaturated hydrocarbons,Unsaturated aliphatic hydrocarbons,(Z)-but-2-ene,2-Butene (Cis),2-Butene (Cis),,,0.7,1,hsp_polymers_6,,[REF] matched hsp_solvents_2 | [CAS] PubChem CID not found for: 2-Butene (cis)
2-Butene (trans),2-Butene (trans),624-64-6,CC=CC,C4H8,14.6,0.0,2.9,92.9,56.11,,,hydrocarbon,Unsaturated hydrocarbons,Unsaturated aliphatic hydrocarbons,(E)-but-2-ene,2-Butene (Trans),2-Butene (Trans),,H220; H280; H412; H270,0.85,1,hsp_polymers_6,,[REF] matched hsp_solvents_2
2-Butenyl Methyl Ether (cis),2-Butenyl Methyl Ether (cis),25125-85-3,,,15.2,3.4,5.0,118.8,,,,ether,Organooxygen compounds,Ethers,2-methoxybut-2-ene,2-Butenyl Methyl Ether (Cis),2-Butenyl Methyl Ether (Cis),,,0.7,1,hsp_polymers_6,,[REF] matched hsp_solvents_2 | [CAS] PubChem CID not found for: 2-Butenyl Methyl Ether (cis)
2-Butenyl Methyl Ether (trans),2-Butenyl Methyl Ether (trans),10034-14-7,,,15.3,4.4,4.3,110.4,,,,ether,Organooxygen compounds,Ethers,1-methoxybut-2-ene,2-Butenyl Methyl Ether (Trans),2-Butenyl Methyl Ether (Trans),,,0.7,1,hsp_polymers_6,,[REF] matched hsp_solvents_2 | [CAS] PubChem CID not found for: 2-Butenyl Methyl Ether (trans)
2-Butyl Octanol,2-Butyl Octanol,,,,16.1,3.6,9.3,224.2,,,,alcohol,,,,,,,,0.7,1,hsp_polymers_6,,[CAS] PubChem CID not found for: 2-Butyl Octanol
2-Butynedinitrile,2-Butynedinitrile,1071-98-3,N#CC#CC#N,C4N2,15.2,16.2,8.0,78.4,76.06,76.6,,amine,Organonitrogen compounds,Organic cyanides,but-2-ynedinitrile,2-Butynedinitrile,2-Butynedinitrile,,,0.85,1,hsp_polymers_6,https://pubchem.ncbi.nlm.nih.gov/compound/14068,[REF] matched hsp_solvents_2
2-Chloro Allyl Alcohol,2-Chloro Allyl Alcohol,5976-47-6,OCC(Cl)=C,C3H5ClO,17.1,10.2,16.4,79.6,92.52,138.1,,alcohol,Halohydrins,Chlorohydrins,2-chloroprop-2-en-1-ol,2-Chloro Allyl Alcohol,2-Chloro Allyl Alcohol,,H226; H302; H312; H332,0.85,1,hsp_polymers_6,https://pubchem.ncbi.nlm.nih.gov/compound/80076,[REF] matched hsp_solvents_2
2-Chloro Propene (Isopropenyl Chloride),2-Chloro Propene (Isopropenyl Chloride),557-98-2,,,15.5,6.7,2.2,84.9,,,,halogenated,Vinyl halides,Vinyl chlorides,2-chloroprop-1-ene,2-Chloro Propene (Isopropenyl Chloride),2-Chloro Propene (Isopropenyl Chloride),,,0.7,1,hsp_polymers_6,,[REF] matched hsp_solvents_2 | [CAS] PubChem CID not found for: 2-Chloro Propene (Isopropenyl Chloride)
2-Chloro-2-Methyl Propane,2-Chloro-2-Methyl Propane,507-20-0,CC(C)(C)Cl,C4H9Cl,15.6,7.6,2.0,110.0,92.57,,,halogenated,Organochlorides,,2-chloro-2-methylpropane,2-Chloro-2-Methyl Propane,2-Chloro-2-Methyl Propane,,H225,0.85,1,hsp_polymers_6,https://pubchem.ncbi.nlm.nih.gov/compound/10486,[REF] matched hsp_solvents_2
2-Chloro-4-Methylaniline,2-Chloro-4-Methylaniline,615-65-6,Cc1ccc(N)c(Cl)c1,C7H8ClN,19.7,7.4,8.9,123.0,141.6,224.1,,aromatic,Benzene and substituted derivatives,Toluenes,2-chloro-4-methylaniline,2-Chloro-4-Methylaniline,2-Chloro-4-Methylaniline,,H302; H312; H315; H318; H319; H332; H412,0.85,1,hsp_polymers_6,https://pubchem.ncbi.nlm.nih.gov/compound/12007,[REF] matched hsp_solvents_2
2-Chloro-5-Methyl Phenol,2-Chloro-5-Methyl Phenol,615-74-7,Cc1ccc(Cl)c(O)c1,C7H7ClO,19.0,7.7,13.1,117.4,142.58,197.9,,alcohol,Phenols,Cresols,2-chloro-5-methylphenol,2-Chloro-5-Methyl Phenol,2-Chloro-5-Methyl Phenol,,H302; H312; H315; H317; H318; H319; H335; H400,0.85,1,hsp_polymers_6,https://pubchem.ncbi.nlm.nih.gov/compound/12008,[REF] matched hsp_solvents_2
2-Chloroallylidene Diacetate,2-Chloroallylidene Diacetate,5459-90-5,CC(=O)OC(OC(C)=O)C(Cl)=C,C7H9ClO4,16.7,7.3,8.8,160.2,192.6,,,acid,Carboxylic acids and derivatives,Carboxylic acid derivatives,(1-acetyloxy-2-chloroprop-2-enyl) acetate,2-Chloroallylidene Diacetate,2-Chloroallylidene Diacetate,,,0.85,1,hsp_polymers_6,https://pubchem.ncbi.nlm.nih.gov/compound/79576,[REF] matched hsp_solvents_2
2-Chlorobutane,2-Chlorobutane,78-86-4,CCC(C)Cl,C4H9Cl,15.8,7.6,2.0,106.8,92.57,,,halogenated,Organochlorides,,2-chlorobutane,2-Chlorobutane,2-Chlorobutane,,H225; H290; H315; H319; H335; H412,0.85,1,hsp_polymers_6,https://pubchem.ncbi.nlm.nih.gov/compound/6563,[REF] matched hsp_solvents_2
2-Chlorocyclohexanone,2-Chlorocyclohexanone,822-87-7,ClC1CCCCC1=O,C6H9ClO,18.5,13.0,5.1,113.9,132.59,,,ether,Organooxygen compounds,Carbonyl compounds,2-chlorocyclohexan-1-one,2-Chlorocyclohexanone,2-Chlorocyclohexanone,,H315; H317; H319; H335,0.85,1,hsp_polymers_6,https://pubchem.ncbi.nlm.nih.gov/compound/13203,[REF] matched hsp_solvents_2
2-Chloroethyl Acetate,2-Chloroethyl Acetate,542-58-5,CC(=O)OCCCl,C4H7ClO2,16.7,9.6,8.8,107.5,122.55,145.1,,acid,Carboxylic acids and derivatives,Carboxylic acid derivatives,2-chloroethyl acetate,2-Chloroethyl Acetate,2-Chloroethyl Acetate; EtOAc; EA,EtOAc; EA,H226; H300; H310; H330,0.85,1,hsp_polymers_6,https://pubchem.ncbi.nlm.nih.gov/compound/10959,[REF] matched hsp_solvents_2
2-Chloroethyl Ethyl Ether,2-Chloroethyl Ethyl Ether,628-34-2,CCOCCCl,C4H9ClO,16.3,7.9,4.6,109.5,108.57,107.6,,ether,Organooxygen compounds,Ethers,1-chloro-2-ethoxyethane,2-Chloroethyl Ethyl Ether,2-Chloroethyl Ethyl Ether,,H225; H301; H315; H319; H331; H332; H335,0.85,1,hsp_polymers_6,https://pubchem.ncbi.nlm.nih.gov/compound/12341,[REF] matched hsp_solvents_2
2-Chloroethyl Ethyl Sulfid,2-Chloroethyl Ethyl Sulfid,,,,17.2,5.0,6.1,116.9,,,,halogenated,,,,,,,,0.7,1,hsp_polymers_6,,[CAS] PubChem CID not found for: 2-Chloroethyl Ethyl Sulfid
2-Chlorophenol,2-Chlorophenol,95-57-8,Oc1ccccc1Cl,C6H5ClO,20.3,5.5,13.9,102.3,128.55,175.8,,alcohol,Phenols,Halophenols,2-chlorophenol,2-Chlorophenol,2-Chlorophenol,,H302; H312; H332; H411; H300; H227; H314; H318; H330; H360; H370; H301; H335; H351; H361; H373,0.85,1,hsp_polymers_6,https://pubchem.ncbi.nlm.nih.gov/compound/7245,[REF] matched hsp_solvents_2
2-Chloropropenal,2-Chloropropenal,683-51-2,ClC(=C)C=O,C3H3ClO,17.1,12.9,8.1,75.5,90.51,,,ether,Organooxygen compounds,Carbonyl compounds,2-chloroprop-2-enal,2-Chloropropenal,2-Chloropropenal,,,0.85,1,hsp_polymers_6,https://pubchem.ncbi.nlm.nih.gov/compound/560790,[REF] matched hsp_solvents_2
2-Chloropropenoic Acid,2-Chloropropenoic Acid,598-79-8,OC(=O)C(Cl)=C,C3H3ClO2,19.1,9.4,12.4,86.6,106.51,,,acid,Carboxylic acids and derivatives,Alpha-halocarboxylic acids and derivatives,2-chloroprop-2-enoic acid,2-Chloropropenoic Acid,2-Chloropropenoic Acid,,H314,0.85,1,hsp_polymers_6,https://pubchem.ncbi.nlm.nih.gov/compound/11735,[REF] matched hsp_solvents_2
2-Chlorothiophene,2-Chlorothiophene,96-43-5,Clc1sccc1,C4H3ClS,19.2,6.2,8.0,92.2,118.59,128.5,,halogenated,Aryl halides,Aryl chlorides,2-chlorothiophene,2-Chlorothiophene,2-Chlorothiophene,,H225; H226; H301; H311; H315; H319; H330; H335,0.85,1,hsp_polymers_6,https://pubchem.ncbi.nlm.nih.gov/compound/7299,[REF] matched hsp_solvents_2
2-Cyclopentenyl Alcohol,2-Cyclopentenyl Alcohol,3212-60-0,OC1CCC=C1,C5H8O,18.1,7.6,15.6,86.2,84.12,,,ether,Organooxygen compounds,Alcohols and polyols,cyclopent-2-en-1-ol,2-Cyclopentenyl Alcohol,2-Cyclopentenyl Alcohol,,H225; H226; H315; H319; H332; H335,0.85,1,hsp_polymers_6,https://pubchem.ncbi.nlm.nih.gov/compound/220164,[REF] matched hsp_solvents_2
2-Decanol,2-Decanol,1120-06-5,CCCCCCCCC(C)O,C10H22O,15.8,3.9,10.0,192.8,158.28,210.5,,alcohol,Fatty Acyls,Fatty alcohols,decan-2-ol,2-Decanol,2-Decanol,,H319,0.85,1,hsp_polymers_6,https://pubchem.ncbi.nlm.nih.gov/compound/14254,[REF] matched hsp_solvents_2
2-Ethyl Croton Aldehyde,2-Ethyl Croton Aldehyde,19780-25-7,CC\C(=C/C)C=O,C6H10O,16.1,8.0,5.5,115.2,98.14,,,ether,Organooxygen compounds,Carbonyl compounds,(E)-2-ethylbut-2-enal,2-Ethyl Croton Aldehyde,2-Ethyl Croton Aldehyde,,H226; H311; H315; H319; H335,0.85,1,hsp_polymers_6,https://pubchem.ncbi.nlm.nih.gov/compound/5362897,[REF] matched hsp_solvents_2
2-Ethyl Hexyl Acetate,2-Ethyl Hexyl Acetate,103-09-3,,C10H20O2,15.8,2.9,5.1,196.0,172.26,199.9,,ester,Carboxylic acids and derivatives,Carboxylic acid derivatives,2-ethylhexyl acetate,2-Ethyl Hexyl Acetate,2-Ethyl Hexyl Acetate,,H315,0.7,1,hsp_polymers_6,https://pubchem.ncbi.nlm.nih.gov/compound/7635,[REF] matched hsp_solvents_2 | [CAS] PubChem CID not found for: 2-Ethyl Hexyl Acetate
2-Ethyl Hexyl Acrylate,2-Ethyl Hexyl Acrylate,103-11-7,,C11H20O2,14.8,4.7,3.4,208.2,184.27,217.1,,ester,Carboxylic acids and derivatives,Acrylic acids and derivatives,2-ethylhexyl prop-2-enoate,2-Ethyl Hexyl Acrylate,2-Ethyl Hexyl Acrylate,,H315; H317; H335; H412; H319; H227; H336; H351; H373; H401; H411,0.7,1,hsp_polymers_6,https://pubchem.ncbi.nlm.nih.gov/compound/7636,[REF] matched hsp_solvents_2 | [CAS] PubChem CID not found for: 2-Ethyl Hexyl Acrylate
"2-Ethyl-1,3-Butadiene","2-Ethyl-1,3-Butadiene",3404-63-5,CCC(=C)C=C,C6H10,15.3,1.6,3.8,115.2,82.14,72.9,,hydrocarbon,Unsaturated hydrocarbons,Branched unsaturated hydrocarbons,3-methylidenepent-1-ene,"2-Ethyl-1,3-Butadiene","2-Ethyl-1,3-Butadiene",,,0.85,1,hsp_polymers_6,https://pubchem.ncbi.nlm.nih.gov/compound/18850,[REF] matched hsp_solvents_2
2-Ethyl-1-Butanol,2-Ethyl-1-Butanol,97-95-0,CCC(CC)CO,C6H14O,15.8,4.3,13.5,123.2,102.17,,,ether,Organooxygen compounds,Alcohols and polyols,2-ethylbutan-1-ol,2-Ethyl-1-Butanol,2-Ethyl-1-Butanol,,H302; H312; H226,0.85,1,hsp_polymers_6,https://pubchem.ncbi.nlm.nih.gov/compound/7358,[REF] matched hsp_solvents_2
2-Ethyl-1-Butene,2-Ethyl-1-Butene,760-21-4,CCC(=C)CC,C6H12,14.9,1.7,3.5,123.1,84.16,,,hydrocarbon,Unsaturated hydrocarbons,Branched unsaturated hydrocarbons,3-methylidenepentane,2-Ethyl-1-Butene,2-Ethyl-1-Butene,,H225; H304; H317; H319; H336,0.85,1,hsp_polymers_6,https://pubchem.ncbi.nlm.nih.gov/compound/12970,[REF] matched hsp_solvents_2
2-Ethyl-hexanol,2-Ethyl-hexanol,104-76-7,CCCCC(CC)CO,C8H18O,15.9,3.3,11.8,156.6,130.23,,,alcohol,Fatty Acyls,Fatty alcohols,2-ethylhexan-1-ol,2-Ethyl-Hexanol,2-Ethyl-Hexanol,,H315; H319; H332; H335; H402; H227; H336; H361; H371; H401; H312; H314,0.85,1,hsp_polymers_6,https://pubchem.ncbi.nlm.nih.gov/compound/7720,[REF] matched hsp_solvents_2
2-Ethylhexylamine,2-Ethylhexylamine,,,,15.7,4.2,6.1,163.3,,,,amine,,,,,,,,0.7,1,hsp_polymers_6,,[CAS] PubChem CID not found for: 2-Ethylhexylamine
2-Furonitrile,2-Furonitrile,617-90-3,N#Cc1occc1,C5H3NO,18.4,15.0,8.2,87.5,93.08,147.1,,nitrile,Heteroaromatic compounds,,furan-2-carbonitrile,2-Furonitrile,2-Furonitrile,,H226; H302; H312; H318; H332,0.85,1,hsp_polymers_6,https://pubchem.ncbi.nlm.nih.gov/compound/69245,[REF] matched hsp_solvents_2
2-Methoxy Tetrahydropyrane,2-Methoxy Tetrahydropyrane,6581-66-4,COC1CCCCO1,C6H12O2,17.2,6.6,6.0,105.1,116.16,128.6,,ether,Oxanes,,2-methoxyoxane,2-Methoxy Tetrahydropyrane,2-Methoxy Tetrahydropyrane,,H226,0.85,1,hsp_polymers_6,https://pubchem.ncbi.nlm.nih.gov/compound/23057,[REF] matched hsp_solvents_2
"2-Methoxy-1,3-Dioxolane","2-Methoxy-1,3-Dioxolane",19693-75-5,COC1OCCO1,C4H8O3,17.8,8.4,7.7,95.3,104.1,129.6,,ether,Organooxygen compounds,Ortho esters,"2-methoxy-1,3-dioxolane","2-Methoxy-1,3-Dioxolane","2-Methoxy-1,3-Dioxolane",,H226,0.85,1,hsp_polymers_6,https://pubchem.ncbi.nlm.nih.gov/compound/29744,[REF] matched hsp_solvents_2
2-Methyl (cis) Acrylic Acid,2-Methyl (cis) Acrylic Acid,503-64-0,,,16.8,5.2,12.4,83.9,,,,acid,Carboxylic acids and derivatives,Carboxylic acids,(Z)-but-2-enoic acid,2-Methyl (Cis) Acrylic Acid,2-Methyl (Cis) Acrylic Acid,,,0.7,1,hsp_polymers_6,,[REF] matched hsp_solvents_2 | [CAS] PubChem CID not found for: 2-Methyl (cis) Acrylic Acid
2-Methyl Cyclohexanone,2-Methyl Cyclohexanone,583-60-8,CC1CCCCC1=O,C7H12O,17.6,6.3,4.7,121.3,112.17,162.6,,ether,Organooxygen compounds,Carbonyl compounds,2-methylcyclohexan-1-one,2-Methyl Cyclohexanone,2-Methyl Cyclohexanone,,H226; H332; H302; H312; H319; H335; H336,0.85,1,hsp_polymers_6,https://pubchem.ncbi.nlm.nih.gov/compound/11419,[REF] matched hsp_solvents_2
2-Methyl Pyrazine,2-Methyl Pyrazine,109-08-0,Cc1cnccn1,C5H6N2,18.3,12.3,10.5,91.4,94.11,135.7,,heterocyclic,Diazines,Pyrazines,2-methylpyrazine,2-Methyl Pyrazine,2-Methyl Pyrazine,,H226; H302,0.85,1,hsp_polymers_6,https://pubchem.ncbi.nlm.nih.gov/compound/7976,[REF] matched hsp_solvents_2
2-Methyl Tetrahydrofuran,2-Methyl Tetrahydrofuran,96-47-9,CC1CCCO1,C5H10O,16.9,5.0,4.3,100.2,86.13,,,ether,Tetrahydrofurans,,2-methyloxolane,2-Methyl Tetrahydrofuran,2-Methyl Tetrahydrofuran; THF,THF,H225; H302; H315; H318; H319; H335; H336; H314,0.85,1,hsp_polymers_6,https://pubchem.ncbi.nlm.nih.gov/compound/7301,[REF] matched hsp_solvents_2
"2-Methyl-1,3-Dioxolane","2-Methyl-1,3-Dioxolane",497-26-7,CC1OCCO1,C4H8O2,17.3,4.8,5.8,89.8,88.11,82.6,,ether,Dioxolanes,"1,3-dioxolanes","2-methyl-1,3-dioxolane","2-Methyl-1,3-Dioxolane","2-Methyl-1,3-Dioxolane",,H225; H319,0.85,1,hsp_polymers_6,https://pubchem.ncbi.nlm.nih.gov/compound/10342,[REF] matched hsp_solvents_2
2-Methyl-1-Butanol,2-Methyl-1-Butanol,137-32-6,CCC(C)CO,C5H12O,16.0,5.1,14.3,109.5,88.15,,,ether,Organooxygen compounds,Alcohols and polyols,2-methylbutan-1-ol,2-Methyl-1-Butanol,2-Methyl-1-Butanol,,H226; H315; H318; H332; H335; H319,0.85,1,hsp_polymers_6,https://pubchem.ncbi.nlm.nih.gov/compound/8723,[REF] matched hsp_solvents_2
2-Methyl-1-Butene,2-Methyl-1-Butene,563-46-2,CCC(C)=C,C5H10,14.2,1.8,2.3,108.7,70.13,,,hydrocarbon,Unsaturated hydrocarbons,Branched unsaturated hydrocarbons,2-methylbut-1-ene,2-Methyl-1-Butene,2-Methyl-1-Butene,,H224; H225; H302; H304; H315; H336; H341; H351; H411; H319; H332; H335,0.85,1,hsp_polymers_6,https://pubchem.ncbi.nlm.nih.gov/compound/11240,[REF] matched hsp_solvents_2
2-Methyl-1-Chloro Acrolein,2-Methyl-1-Chloro Acrolein,53175-28-3,CC(=C)C(Cl)=O,C4H5ClO,17.1,10.6,7.3,91.7,104.53,,,halogenated,Acyl halides,Acyl chlorides,(Z)-2-chlorobut-2-enal,2-Methyl-1-Chloro Acrolein,2-Methyl-1-Chloro Acrolein,,H226; H301; H311; H315; H318; H330; H335; H400,0.85,1,hsp_polymers_6,https://pubchem.ncbi.nlm.nih.gov/compound/5355510,[REF] matched hsp_solvents_2
2-Methyl-1-Propanol,2-Methyl-1-Propanol,,,,15.1,5.7,15.9,92.8,,,,alcohol,,,,,,,,0.7,1,hsp_polymers_6,,[CAS] PubChem CID not found for: 2-Methyl-1-Propanol
2-Methyl-2-Butanol,2-Methyl-2-Butanol,75-85-4,CCC(C)(C)O,C5H12O,15.3,6.1,13.3,109.6,88.15,,,ether,Organooxygen compounds,Alcohols and polyols,2-methylbutan-2-ol,2-Methyl-2-Butanol,2-Methyl-2-Butanol,,H225; H315; H332; H335; H312; H318; H336; H302; H319; H370,0.85,1,hsp_polymers_6,https://pubchem.ncbi.nlm.nih.gov/compound/6405,[REF] matched hsp_solvents_2
2-Methyl-2-Butene,2-Methyl-2-Butene,513-35-9,CC=C(C)C,C5H10,14.3,2.0,3.9,106.7,70.13,,,hydrocarbon,Unsaturated hydrocarbons,Branched unsaturated hydrocarbons,2-methylbut-2-ene,2-Methyl-2-Butene,2-Methyl-2-Butene,,H224; H225; H302; H304; H315; H336; H341; H350; H351; H411,0.85,1,hsp_polymers_6,https://pubchem.ncbi.nlm.nih.gov/compound/10553,[REF] matched hsp_solvents_2
2-Methylfuran,2-Methylfuran,534-22-5,Cc1occc1,C5H6O,17.3,2.8,7.4,89.7,82.1,,,ether,Heteroaromatic compounds,,2-methylfuran,2-Methylfuran,2-Methylfuran,,H225; H301; H319; H330; H331; H411,0.85,1,hsp_polymers_6,https://pubchem.ncbi.nlm.nih.gov/compound/10797,[REF] matched hsp_solvents_2
2-Nitropropane,2-Nitropropane,79-46-9,CC(C)[N+]([O-])=O,C3H7NO2,16.2,12.1,4.1,86.9,89.09,120.4,,hydrocarbon,"Allyl-type 1,3-dipolar organic compounds",Organic nitro compounds,2-nitropropane,2-Nitropropane,2-Nitropropane,,H226; H302; H332; H350; H331; H341; H412; H320; H330; H336; H370; H372; H373; H351,0.85,1,hsp_polymers_6,https://pubchem.ncbi.nlm.nih.gov/compound/398,[REF] matched hsp_solvents_2
2-Nitrothiophene,2-Nitrothiophene,609-40-5,[O-][N+](=O)c1sccc1,C4H3NO2S,19.7,16.2,8.2,94.6,129.14,224.6,,nitro,Thiophenes,Nitrothiophenes,2-nitrothiophene,2-Nitrothiophene,2-Nitrothiophene,,H302; H312; H332; H341,0.85,1,hsp_polymers_6,https://pubchem.ncbi.nlm.nih.gov/compound/11866,[REF] matched hsp_solvents_2
2-Octanol,2-Octanol,123-96-6,CCCCCCC(C)O,C8H18O,16.1,4.9,11.0,159.1,130.23,,,alcohol,Fatty Acyls,Fatty alcohols,octan-2-ol,2-Octanol,2-Octanol,,H315; H318; H319; H226; H411; H227; H305; H316; H335; H402; H412,0.85,1,hsp_polymers_6,https://pubchem.ncbi.nlm.nih.gov/compound/20083,[REF] matched hsp_solvents_2
2-Pentanol,2-Pentanol,6032-29-7,CCCC(C)O,C5H12O,15.6,6.4,13.3,109.6,88.15,,,ether,Organooxygen compounds,Alcohols and polyols,pentan-2-ol,2-Pentanol,2-Pentanol,,H226; H332; H335; H315; H319,0.85,1,hsp_polymers_6,https://pubchem.ncbi.nlm.nih.gov/compound/22386,[REF] matched hsp_solvents_2
2-Phenoxy Ethanol,2-Phenoxy Ethanol,122-99-6,OCCOc1ccccc1,C8H10O2,17.8,5.7,14.3,124.7,138.16,245.1,,alcohol,Phenol ethers,,2-phenoxyethanol,2-Phenoxy Ethanol,2-Phenoxy Ethanol,,H302; H318; H335; H319; H336; H320; H361,0.85,1,hsp_polymers_6,https://pubchem.ncbi.nlm.nih.gov/compound/31236,[REF] matched hsp_solvents_2
2-Pinene (dl),2-Pinene (dl),80-56-8,,,16.9,1.8,3.1,159.5,,,,terpene,Prenol lipids,Monoterpenoids,"2,6,6-trimethylbicyclo[3.1.1]hept-2-ene",2-Pinene (dl),2-Pinene (dl),,,0.7,1,hsp_polymers_6,,[REF] matched hsp_solvents_2 | [CAS] PubChem CID not found for: 2-Pinene (dl)
2-Propanethiol,2-Propanethiol,75-33-2,CC(C)S,C3H8S,16.3,6.8,6.5,94.1,76.16,,,hydrocarbon,Thiols,Alkylthiols,propane-2-thiol,2-Propanethiol,2-Propanethiol,,H225; H302; H315; H319; H331,0.85,1,hsp_polymers_6,https://pubchem.ncbi.nlm.nih.gov/compound/6364,[REF] matched hsp_solvents_2
2-Propanol,2-Propanol,67-63-0,CC(C)O,C3H8O,15.8,6.1,16.4,76.8,60.1,,,ether,Organooxygen compounds,Alcohols and polyols,propan-2-ol,2-Propanol,2-Propanol; IPA; iPrOH,IPA; iPrOH,H225; H319; H336; H318; H373; H400; H410; H335; H361; H370; H372; H303; H305; H313,0.85,1,hsp_polymers_6,https://pubchem.ncbi.nlm.nih.gov/compound/3776,[REF] matched hsp_solvents_2
2-Pyrrolidone,2-Pyrrolidone,616-45-5,O=C1CCCN1,C4H7NO,19.4,17.4,11.3,76.4,85.1,245.1,,amide,Pyrrolidines,Pyrrolidones,pyrrolidin-2-one,2-Pyrrolidone,2-Pyrrolidone,,H315; H318; H319; H335; H360,0.85,1,hsp_polymers_6,https://pubchem.ncbi.nlm.nih.gov/compound/12025,[REF] matched hsp_solvents_2
2-Thiabutane,2-Thiabutane,624-89-5,CCSC,C3H8S,16.2,5.9,5.3,90.4,76.16,66.7,,hydrocarbon,Thioethers,Dialkylthioethers,methylsulfanylethane,2-Thiabutane,2-Thiabutane,,H225; H315,0.85,1,hsp_polymers_6,https://pubchem.ncbi.nlm.nih.gov/compound/12230,[REF] matched hsp_solvents_2
2-Toluidine,2-Toluidine,95-53-4,Cc1ccccc1N,C7H9N,19.4,5.8,9.4,107.8,107.15,,,aromatic,Benzene and substituted derivatives,Toluenes,2-methylaniline,2-Toluidine,2-Toluidine,,H301; H319; H331; H350; H400; H312; H315; H341; H411; H227; H302; H332; H336; H370; H372; H410; H313; H316; H340; H373,0.85,1,hsp_polymers_6,https://pubchem.ncbi.nlm.nih.gov/compound/7242,[REF] matched hsp_solvents_2
2-Vinyl Toluene,2-Vinyl Toluene,611-15-4,Cc1ccccc1C=C,C9H10,18.6,1.0,3.8,131.8,118.18,160.0,,aromatic,Benzene and substituted derivatives,Styrenes,1-ethenyl-2-methylbenzene,2-Vinyl Toluene,2-Vinyl Toluene,,H332; H411; H226; H304; H315; H319; H400; H401,0.85,1,hsp_polymers_6,https://pubchem.ncbi.nlm.nih.gov/compound/11904,[REF] matched hsp_solvents_2
"3,3,3-Trichloro Propene","3,3,3-Trichloro Propene",2233-00-3,ClC(Cl)(Cl)C=C,C3H3Cl3,17.7,15.5,3.4,106.2,145.41,,,halogenated,Organochlorides,,"3,3,3-trichloroprop-1-ene","3,3,3-Trichloro Propene","3,3,3-Trichloro Propene",,H226; H302; H312; H315; H319; H332; H335,0.85,1,hsp_polymers_6,https://pubchem.ncbi.nlm.nih.gov/compound/16690,[REF] matched hsp_solvents_2
"3,4-Dichloro α,α,α-Trifluorotoluen","3,4-Dichloro α,α,α-Trifluorotoluen",,,,20.0,4.7,2.4,145.5,,,,halogenated,,,,,,,,0.7,1,hsp_polymers_6,,"[CAS] PubChem CID not found for: 3,4-Dichloro α,α,α-Trifluorotoluen"
"3,4-Dichloronitrobenzene","3,4-Dichloronitrobenzene",99-54-7,[O-][N+](=O)c1ccc(Cl)c(Cl)c1,C6H3Cl2NO2,20.1,7.2,4.1,130.6,192.0,255.6,,aromatic,Benzene and substituted derivatives,Nitrobenzenes,"1,2-dichloro-4-nitrobenzene","3,4-Dichloronitrobenzene","3,4-Dichloronitrobenzene",,H302; H317; H319; H411; H336; H361; H372; H373,0.85,1,hsp_polymers_6,https://pubchem.ncbi.nlm.nih.gov/compound/7443,[REF] matched hsp_solvents_2
"3,4-Dichlorophenyl Acetonitrile","3,4-Dichlorophenyl Acetonitrile",3218-49-3,Clc1ccc(CC#N)cc1Cl,C8H5Cl2N,20.5,10.8,4.4,148.8,186.03,,,aromatic,Benzene and substituted derivatives,Benzyl cyanides,"2-(3,4-dichlorophenyl)acetonitrile","3,4-Dichlorophenyl Acetonitrile","3,4-Dichlorophenyl Acetonitrile; MeCN; ACN",MeCN; ACN,H301; H302; H311; H312; H315; H319; H331; H332; H335,0.85,1,hsp_polymers_6,https://pubchem.ncbi.nlm.nih.gov/compound/76690,[REF] matched hsp_solvents_2
"3,4-Dichlorotoluene","3,4-Dichlorotoluene",95-75-0,,,19.8,9.8,2.5,128.7,,,,halogenated,Benzene and substituted derivatives,Halobenzenes,"3,4-dichlorotoluene","3,4-Dichlorotoluene","3,4-Dichlorotoluene",,,0.7,1,hsp_polymers_6,,"[REF] matched hsp_solvents_2 | [CAS] PubChem CID not found for: 3,4-Dichlorotoluene"
"3,4-Dimethyl Phenol","3,4-Dimethyl Phenol",95-65-8,,,19.2,6.0,13.4,121.0,,,,alcohol,Phenols,Cresols,"3,4-dimethyl phenol","3,4-Dimethyl Phenol","3,4-Dimethyl Phenol",,,0.7,1,hsp_polymers_6,,"[REF] matched hsp_solvents_2 | [CAS] PubChem CID not found for: 3,4-Dimethyl Phenol"
"3,4-Dinitrophenol","3,4-Dinitrophenol",577-71-9,,,19.5,12.8,14.3,110.1,,,,alcohol,Phenols,Nitrophenols,"3,4-dinitrophenol","3,4-Dinitrophenol","3,4-Dinitrophenol",,,0.7,1,hsp_polymers_6,,"[REF] matched hsp_solvents_2 | [CAS] PubChem CID not found for: 3,4-Dinitrophenol"
"3,4-Epoxy-1-Butene","3,4-Epoxy-1-Butene",930-22-3,,,16.6,7.7,7.4,80.7,,,,hydrocarbon,Epoxides,,"3,4-epoxy-1-butene","3,4-Epoxy-1-Butene","3,4-Epoxy-1-Butene",,,0.7,1,hsp_polymers_6,,"[REF] matched hsp_solvents_2 | [CAS] PubChem CID not found for: 3,4-Epoxy-1-Butene"
"3,5-Difluorobenzonitril","3,5-Difluorobenzonitril",,,,18.8,11.2,3.2,111.6,,,,halogenated,,,,,,,,0.7,1,hsp_polymers_6,,"[CAS] PubChem CID not found for: 3,5-Difluorobenzonitril"
"3,5-Dinitrophenol","3,5-Dinitrophenol",586-11-8,,,19.5,12.9,14.4,108.2,,,,alcohol,Phenols,Nitrophenols,"3,5-dinitrophenol","3,5-Dinitrophenol","3,5-Dinitrophenol",,,0.7,1,hsp_polymers_6,,"[REF] matched hsp_solvents_2 | [CAS] PubChem CID not found for: 3,5-Dinitrophenol"
3-Azidopropene,3-Azidopropene,821-13-6,,,16.8,7.7,13.4,83.0,,,,hydrocarbon,"Allyl-type 1,3-dipolar organic compounds",Azo imides,3-azidopropene,3-Azidopropene,3-Azidopropene,,,0.7,1,hsp_polymers_6,,[REF] matched hsp_solvents_2 | [CAS] PubChem CID not found for: 3-Azidopropene
3-Bromopropyne,3-Bromopropyne,106-96-7,,,18.1,6.5,5.3,75.3,,,,halogenated,,,3-bromopropyne,3-Bromopropyne,3-Bromopropyne,,,0.7,1,hsp_polymers_6,,[REF] matched hsp_solvents_2 | [CAS] PubChem CID not found for: 3-Bromopropyne
3-Butenenitrile,3-Butenenitrile,109-75-1,,,16.2,14.3,5.6,80.5,,,,nitrile,Organonitrogen compounds,Organic cyanides,3-butenenitrile,3-Butenenitrile,3-Butenenitrile,,,0.7,1,hsp_polymers_6,,[REF] matched hsp_solvents_2 | [CAS] PubChem CID not found for: 3-Butenenitrile
3-Butoxybutanol,3-Butoxybutanol,,,,15.9,5.5,10.6,166.3,,,,alcohol,,,3-butoxybutanol,3-Butoxybutanol,3-Butoxybutanol,,,0.7,1,hsp_polymers_6,,[REF] matched hsp_solvents_2 | [CAS] PubChem CID not found for: 3-Butoxybutanol
3-Chloro Allyl Alcohol,3-Chloro Allyl Alcohol,29560-84-7,,,17.2,10.3,16.5,78.6,,,,alcohol,Vinyl halides,Vinyl chlorides,3-chloro allyl alcohol,3-Chloro Allyl Alcohol,3-Chloro Allyl Alcohol,,,0.7,1,hsp_polymers_6,,[REF] matched hsp_solvents_2 | [CAS] PubChem CID not found for: 3-Chloro Allyl Alcohol
3-Chloro-1-Propanol,3-Chloro-1-Propanol,627-30-5,,,17.5,5.7,14.7,84.2,,,,alcohol,,,3-chloro-1-propanol,3-Chloro-1-Propanol,3-Chloro-1-Propanol,,,0.7,1,hsp_polymers_6,,[REF] matched hsp_solvents_2 | [CAS] PubChem CID not found for: 3-Chloro-1-Propanol
3-Chloro-2-Methyl Propene,3-Chloro-2-Methyl Propene,563-47-3,,,16.2,5.6,2.0,98.8,,,,halogenated,,,3-chloro-2-methyl propene,3-Chloro-2-Methyl Propene,3-Chloro-2-Methyl Propene,,,0.7,1,hsp_polymers_6,,[REF] matched hsp_solvents_2 | [CAS] PubChem CID not found for: 3-Chloro-2-Methyl Propene
3-Chlorobenzylchloride,3-Chlorobenzylchloride,620-20-2,,,19.9,9.3,2.6,117.7,,,,halogenated,Benzene and substituted derivatives,Benzyl halides,3-chlorobenzylchloride,3-Chlorobenzylchloride,3-Chlorobenzylchloride,,,0.7,1,hsp_polymers_6,,[REF] matched hsp_solvents_2 | [CAS] PubChem CID not found for: 3-Chlorobenzylchloride
3-Chloropropionaldehyde,3-Chloropropionaldehyde,19434-65-2,,,17.0,13.3,8.2,73.0,,,,halogenated,,,3-chloropropionaldehyde,3-Chloropropionaldehyde,3-Chloropropionaldehyde,,,0.7,1,hsp_polymers_6,,[REF] matched hsp_solvents_2 | [CAS] PubChem CID not found for: 3-Chloropropionaldehyde
3-Chloropropionitrile,3-Chloropropionitrile,542-76-7,,,17.3,15.9,6.1,77.4,,,,nitrile,Organonitrogen compounds,Organic cyanides,3-chloropropionitrile,3-Chloropropionitrile,3-Chloropropionitrile,,,0.7,1,hsp_polymers_6,,[REF] matched hsp_solvents_2 | [CAS] PubChem CID not found for: 3-Chloropropionitrile
3-Chloropropyne,3-Chloropropyne,624-65-7,,,16.7,7.4,2.3,72.4,,,,halogenated,,,3-chloropropyne,3-Chloropropyne,3-Chloropropyne,,,0.7,1,hsp_polymers_6,,[REF] matched hsp_solvents_2 | [CAS] PubChem CID not found for: 3-Chloropropyne
3-Ethoxy Propionaldehyde,3-Ethoxy Propionaldehyde,2806-85-1,,,16.0,8.8,7.4,112.1,,,,aldehyde,,,3-ethoxy propionaldehyde,3-Ethoxy Propionaldehyde,3-Ethoxy Propionaldehyde,,,0.7,1,hsp_polymers_6,,[REF] matched hsp_solvents_2 | [CAS] PubChem CID not found for: 3-Ethoxy Propionaldehyde
3-Hydroxy Tetrahydrofuran,3-Hydroxy Tetrahydrofuran,453-20-3,,,18.9,9.4,16.3,80.0,,,,ether,Tetrahydrofurans,,3-hydroxy tetrahydrofuran,3-Hydroxy Tetrahydrofuran,3-Hydroxy Tetrahydrofuran; THF,THF,,0.7,1,hsp_polymers_6,,[REF] matched hsp_solvents_2 | [CAS] PubChem CID not found for: 3-Hydroxy Tetrahydrofuran
3-Methoxypropionitrile,3-Methoxypropionitrile,110-67-8,,,16.6,14.4,7.8,91.1,,,,nitrile,,,3-methoxypropionitrile,3-Methoxypropionitrile,3-Methoxypropionitrile,,,0.7,1,hsp_polymers_6,,[REF] matched hsp_solvents_2 | [CAS] PubChem CID not found for: 3-Methoxypropionitrile
3-Methyl Allyl Alcohol,3-Methyl Allyl Alcohol,504-61-0,,,16.0,6.0,15.5,84.4,,,,alcohol,Organooxygen compounds,Alcohols and polyols,3-methyl allyl alcohol,3-Methyl Allyl Alcohol,3-Methyl Allyl Alcohol,,,0.7,1,hsp_polymers_6,,[REF] matched hsp_solvents_2 | [CAS] PubChem CID not found for: 3-Methyl Allyl Alcohol
3-Methyl Cyclohexanone,3-Methyl Cyclohexanone,591-24-2,,,17.7,6.3,4.7,122.5,,,,ketone,Organooxygen compounds,Carbonyl compounds,3-methyl cyclohexanone,3-Methyl Cyclohexanone,3-Methyl Cyclohexanone,,,0.7,1,hsp_polymers_6,,[REF] matched hsp_solvents_2 | [CAS] PubChem CID not found for: 3-Methyl Cyclohexanone
3-Methyl Isoxazole,3-Methyl Isoxazole,30842-90-1,,,19.4,14.8,11.8,57.7,,,,heterocyclic,Azoles,Isoxazoles,3-methyl isoxazole,3-Methyl Isoxazole,3-Methyl Isoxazole,,,0.7,1,hsp_polymers_6,,[REF] matched hsp_solvents_2 | [CAS] PubChem CID not found for: 3-Methyl Isoxazole
"3-Methyl-1,2-Butadiene","3-Methyl-1,2-Butadiene",598-25-4,,,15.1,2.5,4.5,99.7,,,,hydrocarbon,Unsaturated hydrocarbons,Branched unsaturated hydrocarbons,"3-methyl-1,2-butadiene","3-Methyl-1,2-Butadiene","3-Methyl-1,2-Butadiene",,,0.7,1,hsp_polymers_6,,"[REF] matched hsp_solvents_2 | [CAS] PubChem CID not found for: 3-Methyl-1,2-Butadiene"
3-Methyl-1-Butene,3-Methyl-1-Butene,563-45-1,,,14.0,1.4,3.8,112.9,,,,hydrocarbon,Unsaturated hydrocarbons,Unsaturated aliphatic hydrocarbons,3-methyl-1-butene,3-Methyl-1-Butene,3-Methyl-1-Butene,,,0.7,1,hsp_polymers_6,,[REF] matched hsp_solvents_2 | [CAS] PubChem CID not found for: 3-Methyl-1-Butene
3-n-Butyl Toluene,3-n-Butyl Toluene,1595-04-6,,,17.4,0.1,1.0,173.7,,,,aromatic,Benzene and substituted derivatives,Toluenes,3-n-butyl toluene,3-n-Butyl Toluene,3-n-Butyl Toluene,,,0.7,1,hsp_polymers_6,,[REF] matched hsp_solvents_2 | [CAS] PubChem CID not found for: 3-n-Butyl Toluene
3-Nitroaniline,3-Nitroaniline,99-09-2,,,21.2,18.7,10.3,96.1,,,,amine,,,3-nitroaniline,3-Nitroaniline,3-Nitroaniline,,,0.7,1,hsp_polymers_6,,[REF] matched hsp_solvents_2 | [CAS] PubChem CID not found for: 3-Nitroaniline
4-(Trifluoromet yl) Acetophenone,4-(Trifluoromet yl) Acetophenone,,,,18.8,6.1,3.5,151.7,,,,halogenated,,,,,,,,0.7,1,hsp_polymers_6,,[CAS] PubChem CID not found for: 4-(Trifluoromet yl) Acetophenone
"4-Bromo-1,2-Butadiene","4-Bromo-1,2-Butadiene",18668-68-3,,,17.0,6.5,4.7,93.3,,,,halogenated,Organobromides,,"4-bromo-1,2-butadiene","4-Bromo-1,2-Butadiene","4-Bromo-1,2-Butadiene",,,0.7,1,hsp_polymers_6,,"[REF] matched hsp_solvents_2 | [CAS] PubChem CID not found for: 4-Bromo-1,2-Butadiene"
4-Bromo-1-Butene,4-Bromo-1-Butene,5162-44-7,,,16.5,6.0,4.5,102.0,,,,halogenated,Organobromides,,4-bromo-1-butene,4-Bromo-1-Butene,4-Bromo-1-Butene,,,0.7,1,hsp_polymers_6,,[REF] matched hsp_solvents_2 | [CAS] PubChem CID not found for: 4-Bromo-1-Butene
"4-Chloro-1,2-Butadiene","4-Chloro-1,2-Butadiene",25790-55-0,,,16.6,8.0,6.7,89.5,,,,halogenated,,,"4-chloro-1,2-butadiene","4-Chloro-1,2-Butadiene","4-Chloro-1,2-Butadiene",,,0.7,1,hsp_polymers_6,,"[REF] matched hsp_solvents_2 | [CAS] PubChem CID not found for: 4-Chloro-1,2-Butadiene"
4-Chloro-2-Nitrotoluene,4-Chloro-2-Nitrotoluene,89-59-8,,,19.9,11.8,3.8,132.0,,,,nitro,Benzene and substituted derivatives,Nitrobenzenes,4-chloro-2-nitrotoluene,4-Chloro-2-Nitrotoluene,4-Chloro-2-Nitrotoluene,,,0.7,1,hsp_polymers_6,,[REF] matched hsp_solvents_2 | [CAS] PubChem CID not found for: 4-Chloro-2-Nitrotoluene
4-Chloroanisole,4-Chloroanisole,623-12-1,,,19.6,7.8,6.7,122.5,,,,ether,Phenol ethers,Anisoles,4-chloroanisole,4-Chloroanisole,4-Chloroanisole,,,0.7,1,hsp_polymers_6,,[REF] matched hsp_solvents_2 | [CAS] PubChem CID not found for: 4-Chloroanisole
4-Chlorobenzaldehyde,4-Chlorobenzaldehyde,104-88-1,,,19.9,7.2,5.6,113.4,,,,halogenated,Benzene and substituted derivatives,Benzoyl derivatives,4-chlorobenzaldehyde,4-Chlorobenzaldehyde,4-Chlorobenzaldehyde,,,0.7,1,hsp_polymers_6,,[REF] matched hsp_solvents_2 | [CAS] PubChem CID not found for: 4-Chlorobenzaldehyde
4-Chlorobenzonitrile,4-Chlorobenzonitrile,623-03-0,,,19.5,8.0,4.1,125.1,,,,nitrile,Benzene and substituted derivatives,Benzonitriles,4-chlorobenzonitrile,4-Chlorobenzonitrile,4-Chlorobenzonitrile,,,0.7,1,hsp_polymers_6,,[REF] matched hsp_solvents_2 | [CAS] PubChem CID not found for: 4-Chlorobenzonitrile
4-Chlorobenzotrichloride,4-Chlorobenzotrichloride,5216-25-1,,,20.3,5.5,3.5,153.8,,,,halogenated,Benzene and substituted derivatives,Halobenzenes,4-chlorobenzotrichloride,4-Chlorobenzotrichloride,4-Chlorobenzotrichloride,,,0.7,1,hsp_polymers_6,,[REF] matched hsp_solvents_2 | [CAS] PubChem CID not found for: 4-Chlorobenzotrichloride
4-Chlorobenzyl Alcohol,4-Chlorobenzyl Alcohol,873-76-7,,,19.6,7.5,13.0,117.7,,,,alcohol,Benzene and substituted derivatives,Benzyl alcohols,4-chlorobenzyl alcohol,4-Chlorobenzyl Alcohol,4-Chlorobenzyl Alcohol,,,0.7,1,hsp_polymers_6,,[REF] matched hsp_solvents_2 | [CAS] PubChem CID not found for: 4-Chlorobenzyl Alcohol
4-Chlorothiophenol,4-Chlorothiophenol,106-54-7,,,20.8,8.6,10.6,100.0,,,,alcohol,Thiophenols,,4-chlorothiophenol,4-Chlorothiophenol,4-Chlorothiophenol,,,0.7,1,hsp_polymers_6,,[REF] matched hsp_solvents_2 | [CAS] PubChem CID not found for: 4-Chlorothiophenol
4-Ethoxy Acetophenone,4-Ethoxy Acetophenone,1676-63-7,,,18.8,10.3,6.4,162.6,,,,ketone,,,4-ethoxy acetophenone,4-Ethoxy Acetophenone,4-Ethoxy Acetophenone,,,0.7,1,hsp_polymers_6,,[REF] matched hsp_solvents_2 | [CAS] PubChem CID not found for: 4-Ethoxy Acetophenone
4-Fluoro-3-Nitrobenzofluorid,4-Fluoro-3-Nitrobenzofluorid,,,,19.4,7.2,3.7,108.4,,,,halogenated,,,,,,,,0.7,1,hsp_polymers_6,,[CAS] PubChem CID not found for: 4-Fluoro-3-Nitrobenzofluorid
4-Fluoropropiophenone,4-Fluoropropiophenone,582-83-2,,,19.6,7.1,3.5,138.8,,,,ketone,Organooxygen compounds,Carbonyl compounds,4-fluoropropiophenone,4-Fluoropropiophenone,4-Fluoropropiophenone,,,0.7,1,hsp_polymers_6,,[REF] matched hsp_solvents_2 | [CAS] PubChem CID not found for: 4-Fluoropropiophenone
4-Hydroxy Benzaldehyde,4-Hydroxy Benzaldehyde,123-08-0,,,19.4,15.2,14.5,108.2,,,,aldehyde,Organooxygen compounds,Carbonyl compounds,4-hydroxy benzaldehyde,4-Hydroxy Benzaldehyde,4-Hydroxy Benzaldehyde,,,0.7,1,hsp_polymers_6,,[REF] matched hsp_solvents_2 | [CAS] PubChem CID not found for: 4-Hydroxy Benzaldehyde
"4-Iodo-1,2-Butadiene","4-Iodo-1,2-Butadiene",29871-57-6,,,17.4,6.3,6.2,105.1,,,,halogenated,,,"4-iodo-1,2-butadiene","4-Iodo-1,2-Butadiene","4-Iodo-1,2-Butadiene",,,0.7,1,hsp_polymers_6,,"[REF] matched hsp_solvents_2 | [CAS] PubChem CID not found for: 4-Iodo-1,2-Butadiene"
4-Methoxy Acetophenone,4-Methoxy Acetophenone,100-06-1,,,18.9,11.2,7.0,137.8,,,,ketone,Organooxygen compounds,Carbonyl compounds,4-methoxy acetophenone,4-Methoxy Acetophenone,4-Methoxy Acetophenone,,,0.7,1,hsp_polymers_6,,[REF] matched hsp_solvents_2 | [CAS] PubChem CID not found for: 4-Methoxy Acetophenone
4-Methoxy Benzonitrile,4-Methoxy Benzonitrile,874-90-8,,,19.4,16.7,5.4,121.0,,,,nitrile,Benzene and substituted derivatives,Benzonitriles,4-methoxy benzonitrile,4-Methoxy Benzonitrile,4-Methoxy Benzonitrile,,,0.7,1,hsp_polymers_6,,[REF] matched hsp_solvents_2 | [CAS] PubChem CID not found for: 4-Methoxy Benzonitrile
4-Nitrochlorobenzene,4-Nitrochlorobenzene,,,,20.0,8.8,3.9,121.2,,,,halogenated,,,,,,,,0.7,1,hsp_polymers_6,,[CAS] PubChem CID not found for: 4-Nitrochlorobenzene
4-Nitrophenol,4-Nitrophenol,100-02-7,,,20.4,20.9,15.1,93.1,,,,alcohol,Phenols,Nitrophenols,4-nitrophenol,4-Nitrophenol,4-Nitrophenol,,,0.7,1,hsp_polymers_6,,[REF] matched hsp_solvents_2 | [CAS] PubChem CID not found for: 4-Nitrophenol
4-Pentenal,4-Pentenal,2100-17-6,,,15.5,8.1,6.8,98.7,,,,aldehyde,Organooxygen compounds,Carbonyl compounds,4-pentenal,4-Pentenal,4-Pentenal,,,0.7,1,hsp_polymers_6,,[REF] matched hsp_solvents_2 | [CAS] PubChem CID not found for: 4-Pentenal
4-Vinyl Pyridine,4-Vinyl Pyridine,100-43-6,,,18.1,7.2,6.8,107.3,,,,amine,Pyridines and derivatives,,4-vinyl pyridine,4-Vinyl Pyridine,4-Vinyl Pyridine,,,0.7,1,hsp_polymers_6,,[REF] matched hsp_solvents_2 | [CAS] PubChem CID not found for: 4-Vinyl Pyridine
5-Bromo-2-Nitrobenzotrifluorid,5-Bromo-2-Nitrobenzotrifluorid,,,,20.0,6.0,4.9,150.1,,,,halogenated,,,,,,,,0.7,1,hsp_polymers_6,,[CAS] PubChem CID not found for: 5-Bromo-2-Nitrobenzotrifluorid
6-Chloro-2-Nitrotoluene,6-Chloro-2-Nitrotoluene,83-42-1,,,20.3,9.6,3.8,132.0,,,,nitro,Benzene and substituted derivatives,Nitrobenzenes,6-chloro-2-nitrotoluene,6-Chloro-2-Nitrotoluene,6-Chloro-2-Nitrotoluene,,,0.7,1,hsp_polymers_6,,[REF] matched hsp_solvents_2 | [CAS] PubChem CID not found for: 6-Chloro-2-Nitrotoluene
"9,10-Phenanthrenequinone","9,10-Phenanthrenequinone",84-11-7,,,20.3,17.1,4.8,148.2,,,,ketone,Phenanthrenes and derivatives,Phenanthraquinones,"9,10-phenanthrenequinone","9,10-Phenanthrenequinone","9,10-Phenanthrenequinone",,,0.7,1,hsp_polymers_6,,"[REF] matched hsp_solvents_2 | [CAS] PubChem CID not found for: 9,10-Phenanthrenequinone"
Acetaldehyde,Acetaldehyde,75-07-0,,,14.7,12.5,7.9,56.6,,,,aldehyde,Organooxygen compounds,Carbonyl compounds,acetaldehyde,Acetaldehyde,Acetaldehyde,,,0.7,1,hsp_polymers_6,,[REF] matched hsp_solvents_2 | [CAS] PubChem CID not found for: Acetaldehyde
Acetaldoxime,Acetaldoxime,107-29-9,,,16.3,4.0,20.2,61.2,,,,amine,Organonitrogen compounds,Oximes,acetaldoxime,Acetaldoxime,Acetaldoxime,,,0.7,1,hsp_polymers_6,,[REF] matched hsp_solvents_2 | [CAS] PubChem CID not found for: Acetaldoxime
Acetamide,Acetamide,60-35-5,,,17.3,18.7,22.4,60.8,,,,amide,Carboximidic acids and derivatives,Carboximidic acids,acetamide,Acetamide,Acetamide,,,0.7,1,hsp_polymers_6,,[REF] matched hsp_solvents_2 | [CAS] PubChem CID not found for: Acetamide
Acetanilide,Acetanilide,103-84-4,,,20.6,13.3,12.4,110.9,,,,amide,Benzene and substituted derivatives,,acetanilide,Acetanilide,Acetanilide,,,0.7,1,hsp_polymers_6,,[REF] matched hsp_solvents_2 | [CAS] PubChem CID not found for: Acetanilide
Acetic Acid,Acetic Acid,64-19-7,,,14.5,8.0,13.5,57.1,,,,acid,Carboxylic acids and derivatives,Carboxylic acids,acetic acid,Acetic Acid,Acetic Acid; AcOH; HOAc,AcOH; HOAc,,0.7,1,hsp_polymers_6,,[REF] matched hsp_solvents_2 | [CAS] PubChem CID not found for: Acetic Acid
Acetic Anhydride,Acetic Anhydride,108-24-7,,,16.0,11.7,10.2,94.5,,,,ester,Carboxylic acids and derivatives,Dicarboxylic acids and derivatives,acetic anhydride,Acetic Anhydride,Acetic Anhydride; Ac2O,Ac2O,,0.7,1,hsp_polymers_6,,[REF] matched hsp_solvents_2 | [CAS] PubChem CID not found for: Acetic Anhydride
Acetone,Acetone,67-64-1,,,15.5,10.4,7.0,74.0,,,,ketone,Organooxygen compounds,Carbonyl compounds,acetone,Acetone,Acetone,,,0.7,1,hsp_polymers_6,,[REF] matched hsp_solvents_2 | [CAS] PubChem CID not found for: Acetone
Acetonecyanhydrin,Acetonecyanhydrin,75-86-5,,,16.6,12.2,15.5,94.0,,,,ketone,Organooxygen compounds,Alcohols and polyols,acetonecyanhydrin,Acetonecyanhydrin,Acetonecyanhydrin,,,0.7,1,hsp_polymers_6,,[REF] matched hsp_solvents_2 | [CAS] PubChem CID not found for: Acetonecyanhydrin
Acetonemethyloxime,Acetonemethyloxime,3376-35-0,,,14.7,4.6,4.6,96.7,,,,ketone,Organonitrogen compounds,Oximes,acetonemethyloxime,Acetonemethyloxime,Acetonemethyloxime,,,0.7,1,hsp_polymers_6,,[REF] matched hsp_solvents_2 | [CAS] PubChem CID not found for: Acetonemethyloxime
Acetonitrile,Acetonitrile,75-05-8,,,15.3,18.0,6.1,52.6,,,,nitrile,Organonitrogen compounds,Organic cyanides,acetonitrile,Acetonitrile,Acetonitrile; MeCN; ACN,MeCN; ACN,,0.7,1,hsp_polymers_6,,[REF] matched hsp_solvents_2 | [CAS] PubChem CID not found for: Acetonitrile
Acetophenone,Acetophenone,98-86-2,,,19.6,8.6,3.7,117.4,,,,ketone,Organooxygen compounds,Carbonyl compounds,acetophenone,Acetophenone,Acetophenone,,,0.7,1,hsp_polymers_6,,[REF] matched hsp_solvents_2 | [CAS] PubChem CID not found for: Acetophenone
Acetoxime,Acetoxime,127-06-0,,,16.3,3.7,10.9,80.2,,,,amine,Organonitrogen compounds,Oximes,acetoxime,Acetoxime,Acetoxime,,,0.7,1,hsp_polymers_6,,[REF] matched hsp_solvents_2 | [CAS] PubChem CID not found for: Acetoxime
Acetyl Salicylic Acid,Acetyl Salicylic Acid,50-78-2,,,19.0,6.6,9.3,133.5,,,,acid,Benzene and substituted derivatives,Benzoic acids and derivatives,acetyl salicylic acid,Acetyl Salicylic Acid,Acetyl Salicylic Acid,,,0.7,1,hsp_polymers_6,,[REF] matched hsp_solvents_2 | [CAS] PubChem CID not found for: Acetyl Salicylic Acid
Acetyl Triethyl Citrate,Acetyl Triethyl Citrate,77-89-4,,,16.6,3.5,8.6,279.9,,,,ester,Carboxylic acids and derivatives,Tetracarboxylic acids and derivatives,acetyl triethyl citrate,Acetyl Triethyl Citrate,Acetyl Triethyl Citrate,,,0.7,1,hsp_polymers_6,,[REF] matched hsp_solvents_2 | [CAS] PubChem CID not found for: Acetyl Triethyl Citrate
Acetylacetone,Acetylacetone,123-54-6,,,16.1,11.2,6.2,103.0,,,,ketone,Organooxygen compounds,Carbonyl compounds,acetylacetone,Acetylacetone,Acetylacetone,,,0.7,1,hsp_polymers_6,,[REF] matched hsp_solvents_2 | [CAS] PubChem CID not found for: Acetylacetone
Acetylbromide,Acetylbromide,506-96-7,,,16.7,10.6,5.2,74.0,,,,halogenated,Acyl halides,Acyl bromides,acetylbromide,Acetylbromide,Acetylbromide,,,0.7,1,hsp_polymers_6,,[REF] matched hsp_solvents_2 | [CAS] PubChem CID not found for: Acetylbromide
Acetylchloride,Acetylchloride,75-36-5,,,16.2,11.2,5.8,71.4,,,,halogenated,,,acetylchloride,Acetylchloride,Acetylchloride,,,0.7,1,hsp_polymers_6,,[REF] matched hsp_solvents_2 | [CAS] PubChem CID not found for: Acetylchloride
Acetylene (Ethyne),Acetylene (Ethyne),74-86-2,,,14.4,4.2,11.9,42.1,,,,hydrocarbon,,,acetylene (ethyne),Acetylene (Ethyne),Acetylene (Ethyne),,,0.7,1,hsp_polymers_6,,[REF] matched hsp_solvents_2 | [CAS] PubChem CID not found for: Acetylene (Ethyne)
Acetylfluorid,Acetylfluorid,,,,14.7,14.0,5.7,62.0,,,,other,,,,,,,,0.7,1,hsp_polymers_6,,[CAS] PubChem CID not found for: Acetylfluorid
Acridine,Acridine,260-94-6,,,21.7,5.9,2.0,163.0,,,,heterocyclic,,,acridine,Acridine,Acridine,,,0.7,1,hsp_polymers_6,,[REF] matched hsp_solvents_2 | [CAS] PubChem CID not found for: Acridine
Acrolein,Acrolein,107-02-8,,,15.0,7.2,7.8,66.7,,,,aldehyde,Organooxygen compounds,Carbonyl compounds,acrolein,Acrolein,Acrolein,,,0.7,1,hsp_polymers_6,,[REF] matched hsp_solvents_2 | [CAS] PubChem CID not found for: Acrolein
Acrylamide,Acrylamide,79-06-1,,,15.8,12.1,12.8,63.4,,,,amide,,,acrylamide,Acrylamide,Acrylamide,,,0.7,1,hsp_polymers_6,,[REF] matched hsp_solvents_2 | [CAS] PubChem CID not found for: Acrylamide
Acrylic Acid,Acrylic Acid,79-10-7,,,17.7,6.4,14.9,68.5,,,,acid,Carboxylic acids and derivatives,Acrylic acids and derivatives,acrylic acid,Acrylic Acid,Acrylic Acid,,,0.7,1,hsp_polymers_6,,[REF] matched hsp_solvents_2 | [CAS] PubChem CID not found for: Acrylic Acid
Acrylonitrile,Acrylonitrile,107-13-1,,,16.0,12.8,6.8,67.1,,,,nitrile,,,acrylonitrile,Acrylonitrile,Acrylonitrile,,,0.7,1,hsp_polymers_6,,[REF] matched hsp_solvents_2 | [CAS] PubChem CID not found for: Acrylonitrile
Acrylylchloride,Acrylylchloride,814-68-6,,,16.2,11.6,5.4,81.3,,,,halogenated,,,acrylylchloride,Acrylylchloride,Acrylylchloride,,,0.7,1,hsp_polymers_6,,[REF] matched hsp_solvents_2 | [CAS] PubChem CID not found for: Acrylylchloride
"Adipic Acid (1,6-Hexanedioic)","Adipic Acid (1,6-Hexanedioic)",124-04-9,,,17.1,9.0,14.6,107.5,,,,acid,,,"adipic acid (1,6-hexanedioic)","Adipic Acid (1,6-Hexanedioic)","Adipic Acid (1,6-Hexanedioic)",,,0.7,1,hsp_polymers_6,,"[REF] matched hsp_solvents_2 | [CAS] PubChem CID not found for: Adipic Acid (1,6-Hexanedioic)"
Adrenaline,Adrenaline,,,,20.5,8.7,19.9,154.5,,,,other,,,,,,,,0.7,1,hsp_polymers_6,,[CAS] PubChem CID not found for: Adrenaline
alfa-Chloro Acetophenone,alfa-Chloro Acetophenone,,,,20.0,9.6,5.7,116.8,,,,halogenated,,,,,,,,0.7,1,hsp_polymers_6,,[CAS] PubChem CID not found for: alfa-Chloro Acetophenone
alfa-Methyl Styrene,alfa-Methyl Styrene,,,,18.5,2.4,2.4,130.0,,,,aromatic,,,,,,,,0.7,1,hsp_polymers_6,,[CAS] PubChem CID not found for: alfa-Methyl Styrene
Allyl Acetate,Allyl Acetate,591-87-7,,,15.7,4.5,8.0,108.5,,,,ester,,,allyl acetate,Allyl Acetate,Allyl Acetate,,,0.7,1,hsp_polymers_6,,[REF] matched hsp_solvents_2 | [CAS] PubChem CID not found for: Allyl Acetate
Allyl Acetic Acid,Allyl Acetic Acid,591-80-0,,,16.7,4.7,11.3,102.1,,,,acid,Fatty Acyls,Fatty acids and conjugates,allyl acetic acid,Allyl Acetic Acid,Allyl Acetic Acid,,,0.7,1,hsp_polymers_6,,[REF] matched hsp_solvents_2 | [CAS] PubChem CID not found for: Allyl Acetic Acid
Allyl Acetoacetate,Allyl Acetoacetate,1118-84-9,,,15.9,6.9,8.6,137.8,,,,ester,Keto acids and derivatives,Beta-keto acids and derivatives,allyl acetoacetate,Allyl Acetoacetate,Allyl Acetoacetate,,,0.7,1,hsp_polymers_6,,[REF] matched hsp_solvents_2 | [CAS] PubChem CID not found for: Allyl Acetoacetate
Allyl Acetonitrile (4-Pentenenitrile),Allyl Acetonitrile (4-Pentenenitrile),,,,16.3,11.2,5.0,98.5,,,,nitrile,,,,,,,,0.7,1,hsp_polymers_6,,[CAS] PubChem CID not found for: Allyl Acetonitrile (4-Pentenenitrile)
Allyl Alcohol,Allyl Alcohol,107-18-6,,,16.2,10.8,16.8,68.4,,,,alcohol,Organooxygen compounds,Alcohols and polyols,allyl alcohol,Allyl Alcohol,Allyl Alcohol,,,0.7,1,hsp_polymers_6,,[REF] matched hsp_solvents_2 | [CAS] PubChem CID not found for: Allyl Alcohol
Allyl Amine,Allyl Amine,107-11-9,,,15.5,5.7,10.6,74.9,,,,amine,Organonitrogen compounds,Amines,allyl amine,Allyl Amine,Allyl Amine,,,0.7,1,hsp_polymers_6,,[REF] matched hsp_solvents_2 | [CAS] PubChem CID not found for: Allyl Amine
Allyl Bromide (3-Bromoprene),Allyl Bromide (3-Bromoprene),106-95-6,,,16.5,7.3,4.9,86.5,,,,halogenated,Organobromides,,allyl bromide (3-bromoprene),Allyl Bromide (3-Bromoprene),Allyl Bromide (3-Bromoprene),,,0.7,1,hsp_polymers_6,,[REF] matched hsp_solvents_2 | [CAS] PubChem CID not found for: Allyl Bromide (3-Bromoprene)
Allyl Chloride,Allyl Chloride,107-05-1,,,17.0,6.2,2.3,82.3,,,,halogenated,Organochlorides,,allyl chloride,Allyl Chloride,Allyl Chloride,,,0.7,1,hsp_polymers_6,,[REF] matched hsp_solvents_2 | [CAS] PubChem CID not found for: Allyl Chloride
Allyl Cyanide,Allyl Cyanide,109-75-1,,,16.0,14.3,5.6,80.5,,,,nitrile,Organonitrogen compounds,Organic cyanides,allyl cyanide,Allyl Cyanide,Allyl Cyanide,,,0.7,1,hsp_polymers_6,,[REF] matched hsp_solvents_2 | [CAS] PubChem CID not found for: Allyl Cyanide
Allyl Ethylether,Allyl Ethylether,557-31-3,,,15.0,4.8,5.1,112.6,,,,ether,Organooxygen compounds,Ethers,allyl ethylether,Allyl Ethylether,Allyl Ethylether,,,0.7,1,hsp_polymers_6,,[REF] matched hsp_solvents_2 | [CAS] PubChem CID not found for: Allyl Ethylether
Allyl Fluoride,Allyl Fluoride,818-92-8,,,14.9,6.4,1.0,71.5,,,,halogenated,Organofluorides,,allyl fluoride,Allyl Fluoride,Allyl Fluoride,,,0.7,1,hsp_polymers_6,,[REF] matched hsp_solvents_2 | [CAS] PubChem CID not found for: Allyl Fluoride
Allyl Formate,Allyl Formate,1838-59-1,,,15.7,5.4,8.8,91.0,,,,ester,Carboxylic acids and derivatives,Carboxylic acid derivatives,allyl formate,Allyl Formate,Allyl Formate,,,0.7,1,hsp_polymers_6,,[REF] matched hsp_solvents_2 | [CAS] PubChem CID not found for: Allyl Formate
Allyl Iodide,Allyl Iodide,556-56-9,,,17.4,6.4,3.3,90.8,,,,halogenated,Organoiodides,,allyl iodide,Allyl Iodide,Allyl Iodide,,,0.7,1,hsp_polymers_6,,[REF] matched hsp_solvents_2 | [CAS] PubChem CID not found for: Allyl Iodide
Allyl Isocyanide,Allyl Isocyanide,2835-21-4,,,16.1,13.0,5.4,84.5,,,,nitrile,Organonitrogen compounds,Organic isocyanides,allyl isocyanide,Allyl Isocyanide,Allyl Isocyanide,,,0.7,1,hsp_polymers_6,,[REF] matched hsp_solvents_2 | [CAS] PubChem CID not found for: Allyl Isocyanide
Allyl Isopropyl Ether,Allyl Isopropyl Ether,6140-80-3,,,15.0,4.1,7.1,129.0,,,,ether,,,allyl isopropyl ether,Allyl Isopropyl Ether,Allyl Isopropyl Ether,,,0.7,1,hsp_polymers_6,,[REF] matched hsp_solvents_2 | [CAS] PubChem CID not found for: Allyl Isopropyl Ether
Allyl Isothiocyanate,Allyl Isothiocyanate,57-06-7,,,17.0,11.3,8.5,98.0,,,,sulfur compound,Isothiocyanates,,allyl isothiocyanate,Allyl Isothiocyanate,Allyl Isothiocyanate,,,0.7,1,hsp_polymers_6,,[REF] matched hsp_solvents_2 | [CAS] PubChem CID not found for: Allyl Isothiocyanate
Allyl Mercaptan,Allyl Mercaptan,870-23-5,,,16.4,6.2,7.9,80.2,,,,sulfur compound,Allyl sulfur compounds,,allyl mercaptan,Allyl Mercaptan,Allyl Mercaptan,,,0.7,1,hsp_polymers_6,,[REF] matched hsp_solvents_2 | [CAS] PubChem CID not found for: Allyl Mercaptan
Allyl Methacrylate,Allyl Methacrylate,96-05-9,,,15.2,4.1,7.5,134.8,,,,ester,Carboxylic acids and derivatives,Carboxylic acid derivatives,allyl methacrylate,Allyl Methacrylate,Allyl Methacrylate,,,0.7,1,hsp_polymers_6,,[REF] matched hsp_solvents_2 | [CAS] PubChem CID not found for: Allyl Methacrylate
Allyl Methylether,Allyl Methylether,,,,15.0,4.3,5.9,93.7,,,,ether,,,,,,,,0.7,1,hsp_polymers_6,,[CAS] PubChem CID not found for: Allyl Methylether
"alpha,alpha,alpha Trifluoro oluene","alpha,alpha,alpha Trifluoro oluene",,,,17.5,8.8,0.0,122.9,,,,halogenated,,,,,,,,0.7,1,hsp_polymers_6,,"[CAS] PubChem CID not found for: alpha,alpha,alpha Trifluoro oluene"
Ammonia,Ammonia,7664-41-7,,,13.7,15.7,17.8,20.8,,,,inorganic,,,ammonia,Ammonia,Ammonia,,,0.7,1,hsp_polymers_6,,[REF] matched hsp_solvents_2 | [CAS] PubChem CID not found for: Ammonia
Amphetamine,Amphetamine,300-62-9,,,17.5,4.3,6.3,148.1,,,,amine,,,amphetamine,Amphetamine,Amphetamine,,,0.7,1,hsp_polymers_6,,[REF] matched hsp_solvents_2 | [CAS] PubChem CID not found for: Amphetamine
Amyl Acetate,Amyl Acetate,628-63-7,,,15.8,3.3,6.1,148.0,,,,ester,Carboxylic acids and derivatives,Carboxylic acid derivatives,amyl acetate,Amyl Acetate,Amyl Acetate,,,0.7,1,hsp_polymers_6,,[REF] matched hsp_solvents_2 | [CAS] PubChem CID not found for: Amyl Acetate
Anethole (Trans),Anethole (Trans),104-46-1,,,19.0,4.3,8.7,150.0,,,,aromatic,Phenol ethers,Anisoles,anethole (trans),Anethole (Trans),Anethole (Trans),,,0.7,1,hsp_polymers_6,,[REF] matched hsp_solvents_2 | [CAS] PubChem CID not found for: Anethole (Trans)
Aniline,Aniline,62-53-3,,,19.4,5.1,10.2,91.5,,,,amine,,,aniline,Aniline,Aniline,,,0.7,1,hsp_polymers_6,,[REF] matched hsp_solvents_2 | [CAS] PubChem CID not found for: Aniline
Anisaldehyde (2-Methoxy,Anisaldehyde (2-Methoxy,,,,19.4,11.9,8.3,120.8,,,,glycol ether,,,,,,,,0.7,1,hsp_polymers_6,,[CAS] PubChem CID not found for: Anisaldehyde (2-Methoxy
Anisidine (2-Methoxyaniline),Anisidine (2-Methoxyaniline),90-04-0,,,19.5,5.4,11.4,112.2,,,,amine,,,anisidine (2-methoxyaniline),Anisidine (2-Methoxyaniline),Anisidine (2-Methoxyaniline),,,0.7,1,hsp_polymers_6,,[REF] matched hsp_solvents_2 | [CAS] PubChem CID not found for: Anisidine (2-Methoxyaniline)
Anisole,Anisole,100-66-3,,,17.8,4.1,6.7,119.1,,,,ether,Phenol ethers,Anisoles,anisole,Anisole,Anisole,,,0.7,1,hsp_polymers_6,,[REF] matched hsp_solvents_2 | [CAS] PubChem CID not found for: Anisole
Ascorbic Acid,Ascorbic Acid,50-81-7,,,18.0,12.6,27.6,106.7,,,,acid,,,ascorbic acid,Ascorbic Acid,Ascorbic Acid,,,0.7,1,hsp_polymers_6,,[REF] matched hsp_solvents_2 | [CAS] PubChem CID not found for: Ascorbic Acid
Azidoethane,Azidoethane,871-31-8,,,15.9,8.9,12.9,79.0,,,,alcohol,"Allyl-type 1,3-dipolar organic compounds",Azo imides,azidoethane,Azidoethane,Azidoethane,,,0.7,1,hsp_polymers_6,,[REF] matched hsp_solvents_2 | [CAS] PubChem CID not found for: Azidoethane
Benzal Chloride,Benzal Chloride,,,,19.9,6.6,2.4,134.2,,,,other,,,,,,,,0.7,1,hsp_polymers_6,,[CAS] PubChem CID not found for: Benzal Chloride
Benzaldehyde,Benzaldehyde,100-52-7,,,19.4,7.4,5.3,101.5,,,,aldehyde,Benzene and substituted derivatives,Benzoyl derivatives,benzaldehyde,Benzaldehyde,Benzaldehyde,,,0.7,1,hsp_polymers_6,,[REF] matched hsp_solvents_2 | [CAS] PubChem CID not found for: Benzaldehyde
Benzamide,Benzamide,55-21-0,,,21.2,14.7,11.2,90.3,,,,amide,Benzene and substituted derivatives,Benzoic acids and derivatives,benzamide,Benzamide,Benzamide,,,0.7,1,hsp_polymers_6,,[REF] matched hsp_solvents_2 | [CAS] PubChem CID not found for: Benzamide
Benzene,Benzene,71-43-2,,,18.4,0.0,2.0,89.4,,,,aromatic,,,benzene,Benzene,Benzene,,,0.7,1,hsp_polymers_6,,[REF] matched hsp_solvents_2 | [CAS] PubChem CID not found for: Benzene
Benzimidazole,Benzimidazole,51-17-2,,,20.6,14.9,11.0,102.7,,,,amine,Benzimidazoles,,benzimidazole,Benzimidazole,Benzimidazole,,,0.7,1,hsp_polymers_6,,[REF] matched hsp_solvents_2 | [CAS] PubChem CID not found for: Benzimidazole
Benzisoxazole,Benzisoxazole,271-58-9,,,20.6,11.5,8.8,100.7,,,,heterocyclic,,,benzisoxazole,Benzisoxazole,Benzisoxazole,,,0.7,1,hsp_polymers_6,,[REF] matched hsp_solvents_2 | [CAS] PubChem CID not found for: Benzisoxazole
Benzoic Acid,Benzoic Acid,65-85-0,,,18.2,6.9,9.8,113.1,,,,acid,,,benzoic acid,Benzoic Acid,Benzoic Acid,,,0.7,1,hsp_polymers_6,,[REF] matched hsp_solvents_2 | [CAS] PubChem CID not found for: Benzoic Acid
Benzoin,Benzoin,119-53-9,,,19.9,9.7,10.7,187.7,,,,ketone,Stilbenes,Benzoins,benzoin,Benzoin,Benzoin,,,0.7,1,hsp_polymers_6,,[REF] matched hsp_solvents_2 | [CAS] PubChem CID not found for: Benzoin
Benzonitrile,Benzonitrile,100-47-0,,,17.4,9.0,3.3,102.6,,,,nitrile,,,benzonitrile,Benzonitrile,Benzonitrile,,,0.7,1,hsp_polymers_6,,[REF] matched hsp_solvents_2 | [CAS] PubChem CID not found for: Benzonitrile
Benzophenone,Benzophenone,119-61-9,,,19.6,8.6,5.7,164.2,,,,ketone,Benzene and substituted derivatives,Benzophenones,benzophenone,Benzophenone,Benzophenone,,,0.7,1,hsp_polymers_6,,[REF] matched hsp_solvents_2 | [CAS] PubChem CID not found for: Benzophenone
Benzothiazole,Benzothiazole,95-16-9,,,20.6,5.2,8.4,108.5,,,,heterocyclic,,,benzothiazole,Benzothiazole,Benzothiazole,,,0.7,1,hsp_polymers_6,,[REF] matched hsp_solvents_2 | [CAS] PubChem CID not found for: Benzothiazole
Benzotrichloride,Benzotrichloride,98-07-7,,,20.2,6.6,3.2,142.1,,,,halogenated,Benzene and substituted derivatives,,benzotrichloride,Benzotrichloride,Benzotrichloride,,,0.7,1,hsp_polymers_6,,[REF] matched hsp_solvents_2 | [CAS] PubChem CID not found for: Benzotrichloride
Benzoyl Chloride,Benzoyl Chloride,98-88-4,,,20.7,8.2,4.5,116.0,,,,halogenated,Benzene and substituted derivatives,Benzoic acids and derivatives,benzoyl chloride,Benzoyl Chloride,Benzoyl Chloride,,,0.7,1,hsp_polymers_6,,[REF] matched hsp_solvents_2 | [CAS] PubChem CID not found for: Benzoyl Chloride
Benzyl Acetate,Benzyl Acetate,140-11-4,,,18.3,5.7,6.0,142.8,,,,ester,Benzene and substituted derivatives,Benzyloxycarbonyls,benzyl acetate,Benzyl Acetate,Benzyl Acetate,,,0.7,1,hsp_polymers_6,,[REF] matched hsp_solvents_2 | [CAS] PubChem CID not found for: Benzyl Acetate
Benzyl Alcohol,Benzyl Alcohol,100-51-6,,,18.4,6.3,13.7,103.6,,,,alcohol,,,benzyl alcohol,Benzyl Alcohol,Benzyl Alcohol; BnOH,BnOH,,0.7,1,hsp_polymers_6,,[REF] matched hsp_solvents_2 | [CAS] PubChem CID not found for: Benzyl Alcohol
Benzyl Amine,Benzyl Amine,100-46-9,,,19.2,4.6,11.7,109.2,,,,amine,Benzene and substituted derivatives,Phenylmethylamines,benzyl amine,Benzyl Amine,Benzyl Amine,,,0.7,1,hsp_polymers_6,,[REF] matched hsp_solvents_2 | [CAS] PubChem CID not found for: Benzyl Amine
Benzyl Benzoate,Benzyl Benzoate,120-51-4,,,20.0,5.1,5.2,191.2,,,,ester,Benzene and substituted derivatives,Benzoic acids and derivatives,benzyl benzoate,Benzyl Benzoate,Benzyl Benzoate,,,0.7,1,hsp_polymers_6,,[REF] matched hsp_solvents_2 | [CAS] PubChem CID not found for: Benzyl Benzoate
Benzyl Butyl Phthalate,Benzyl Butyl Phthalate,85-68-7,,,19.0,11.2,3.1,306.0,,,,ester,Benzene and substituted derivatives,Benzoic acids and derivatives,benzyl butyl phthalate,Benzyl Butyl Phthalate,Benzyl Butyl Phthalate,,,0.7,1,hsp_polymers_6,,[REF] matched hsp_solvents_2 | [CAS] PubChem CID not found for: Benzyl Butyl Phthalate
Benzyl Chloride,Benzyl Chloride,100-44-7,,,18.8,7.1,2.6,115.0,,,,halogenated,,,benzyl chloride,Benzyl Chloride,Benzyl Chloride,,,0.7,1,hsp_polymers_6,,[REF] matched hsp_solvents_2 | [CAS] PubChem CID not found for: Benzyl Chloride
Benzyl Methacrylate,Benzyl Methacrylate,2495-37-6,,,16.8,4.1,4.1,167.8,,,,ester,Benzene and substituted derivatives,Benzyloxycarbonyls,benzyl methacrylate,Benzyl Methacrylate,Benzyl Methacrylate,,,0.7,1,hsp_polymers_6,,[REF] matched hsp_solvents_2 | [CAS] PubChem CID not found for: Benzyl Methacrylate
Benzylethyl Ether,Benzylethyl Ether,,,,18.4,3.8,3.8,144.2,,,,ether,,,,,,,,0.7,1,hsp_polymers_6,,[CAS] PubChem CID not found for: Benzylethyl Ether
beta-Propiolactone,beta-Propiolactone,,,,19.7,18.2,10.3,65.5,,,,heterocyclic,,,,,,,,0.7,1,hsp_polymers_6,,[CAS] PubChem CID not found for: beta-Propiolactone
Bicyclohexyl,Bicyclohexyl,92-51-3,,,18.6,0.0,0.0,188.5,,,,hydrocarbon,Saturated hydrocarbons,,bicyclohexyl,Bicyclohexyl,Bicyclohexyl,,,0.7,1,hsp_polymers_6,,[REF] matched hsp_solvents_2 | [CAS] PubChem CID not found for: Bicyclohexyl
Biphenyl,Biphenyl,92-52-4,,,19.7,1.0,2.0,155.1,,,,aromatic,Benzene and substituted derivatives,Biphenyls and derivatives,biphenyl,Biphenyl,Biphenyl,,,0.7,1,hsp_polymers_6,,[REF] matched hsp_solvents_2 | [CAS] PubChem CID not found for: Biphenyl
Bis(Chloromethyl) Ether,Bis(Chloromethyl) Ether,,,,17.2,4.9,6.6,86.6,,,,ether,,,,,,,,0.7,1,hsp_polymers_6,,[CAS] PubChem CID not found for: Bis(Chloromethyl) Ether
Bis-(m-Phenoxyphenyl) Ether,Bis-(m-Phenoxyphenyl) Ether,748-30-1,,,19.6,3.1,5.1,373.0,,,,ether,Benzene and substituted derivatives,Diphenylethers,bis-(m-phenoxyphenyl) ether,Bis-(M-Phenoxyphenyl) Ether,Bis-(M-Phenoxyphenyl) Ether,,,0.7,1,hsp_polymers_6,,[REF] matched hsp_solvents_2 | [CAS] PubChem CID not found for: Bis-(m-Phenoxyphenyl) Ether
Bisphenol A,Bisphenol A,80-05-7,,,19.2,5.9,13.8,207.5,,,,alcohol,Benzene and substituted derivatives,Diphenylmethanes,bisphenol a,Bisphenol A,Bisphenol A,,,0.7,1,hsp_polymers_6,,[REF] matched hsp_solvents_2 | [CAS] PubChem CID not found for: Bisphenol A
Bisphenol-S,Bisphenol-S,80-09-1,,,20.0,14.6,16.3,183.2,,,,alcohol,Benzene and substituted derivatives,Benzenesulfonyl compounds,bisphenol-s,Bisphenol-S,Bisphenol-S,,,0.7,1,hsp_polymers_6,,[REF] matched hsp_solvents_2 | [CAS] PubChem CID not found for: Bisphenol-S
Biuret,Biuret,108-19-0,,,20.0,14.6,18.8,70.3,,,,amide,Carboximidic acids and derivatives,Carboximidic acids,biuret,Biuret,Biuret,,,0.7,1,hsp_polymers_6,,[REF] matched hsp_solvents_2 | [CAS] PubChem CID not found for: Biuret
Borine Carbonyl,Borine Carbonyl,13205-44-2,,,17.0,10.2,6.9,41.8,,,,inorganic,Organic metal salts,Organic metalloid salts,borine carbonyl,Borine Carbonyl,Borine Carbonyl,,,0.7,1,hsp_polymers_6,,[REF] matched hsp_solvents_2 | [CAS] PubChem CID not found for: Borine Carbonyl
Boron Trichloride,Boron Trichloride,10294-34-5,,,16.6,2.5,0.0,85.3,,,,halogenated,Metalloid salts,Metalloid chlorides,boron trichloride,Boron Trichloride,Boron Trichloride,,,0.7,1,hsp_polymers_6,,[REF] matched hsp_solvents_2 | [CAS] PubChem CID not found for: Boron Trichloride
Bromine (P From Dipole Moment),Bromine (P From Dipole Moment),,,,18.2,2.1,0.0,51.5,,,,other,,,,,,,,0.7,1,hsp_polymers_6,,[CAS] PubChem CID not found for: Bromine (P From Dipole Moment)
Bromine (P From Group Cont.),Bromine (P From Group Cont.),,,,18.2,14.9,0.0,51.5,,,,other,,,,,,,,0.7,1,hsp_polymers_6,,[CAS] PubChem CID not found for: Bromine (P From Group Cont.)
Bromoacetylene,Bromoacetylene,593-61-3,,,15.7,9.9,5.6,67.7,,,,halogenated,,,bromoacetylene,Bromoacetylene,Bromoacetylene,,,0.7,1,hsp_polymers_6,,[REF] matched hsp_solvents_2 | [CAS] PubChem CID not found for: Bromoacetylene
Bromobenzene,Bromobenzene,108-86-1,,,20.5,5.5,4.1,105.3,,,,halogenated,Benzene and substituted derivatives,Halobenzenes,bromobenzene,Bromobenzene,Bromobenzene,,,0.7,1,hsp_polymers_6,,[REF] matched hsp_solvents_2 | [CAS] PubChem CID not found for: Bromobenzene
Bromochloromethane,Bromochloromethane,74-97-5,,,17.3,5.7,3.5,65.0,,,,halogenated,Alkyl halides,Halomethanes,bromochloromethane,Bromochloromethane,Bromochloromethane,,,0.7,1,hsp_polymers_6,,[REF] matched hsp_solvents_2 | [CAS] PubChem CID not found for: Bromochloromethane
Bromoethylene,Bromoethylene,593-60-2,,,16.1,6.3,2.3,71.6,,,,halogenated,,,bromoethylene,Bromoethylene,Bromoethylene,,,0.7,1,hsp_polymers_6,,[REF] matched hsp_solvents_2 | [CAS] PubChem CID not found for: Bromoethylene
Bromoform,Bromoform,75-25-2,,,21.4,4.1,6.1,87.5,,,,halogenated,,,bromoform,Bromoform,Bromoform,,,0.7,1,hsp_polymers_6,,[REF] matched hsp_solvents_2 | [CAS] PubChem CID not found for: Bromoform
Bromomethyl Methyl Ether,Bromomethyl Methyl Ether,13057-17-5,,,16.9,8.5,7.0,81.6,,,,ether,Organooxygen compounds,Ethers,bromomethyl methyl ether,Bromomethyl Methyl Ether,Bromomethyl Methyl Ether,,,0.7,1,hsp_polymers_6,,[REF] matched hsp_solvents_2 | [CAS] PubChem CID not found for: Bromomethyl Methyl Ether
Bromoprene,Bromoprene,1822-86-2,,,16.9,6.4,4.7,95.2,,,,halogenated,Vinyl halides,Vinyl bromides,bromoprene,Bromoprene,Bromoprene,,,0.7,1,hsp_polymers_6,,[REF] matched hsp_solvents_2 | [CAS] PubChem CID not found for: Bromoprene
Bromotrichloro Methane (P and H from Group cont.),Bromotrichloro Methane (P and H from Group cont.),,,,18.3,8.1,6.0,99.2,,,,halogenated,,,,,,,,0.7,1,hsp_polymers_6,,[CAS] PubChem CID not found for: Bromotrichloro Methane (P and H from Group cont.)
Bromotrichloro Methane (P from Dipole Moment),Bromotrichloro Methane (P from Dipole Moment),,,,18.3,0.8,0.0,99.2,,,,halogenated,,,,,,,,0.7,1,hsp_polymers_6,,[CAS] PubChem CID not found for: Bromotrichloro Methane (P from Dipole Moment)
Bromotrichloro Methane (P from Group cont.),Bromotrichloro Methane (P from Group cont.),,,,18.3,8.1,0.0,99.2,,,,halogenated,,,,,,,,0.7,1,hsp_polymers_6,,[CAS] PubChem CID not found for: Bromotrichloro Methane (P from Group cont.)
Bromotrifluoromethane (Freon 1381),Bromotrifluoromethane (Freon 1381),75-63-8,,,9.6,2.4,0.0,97.0,,,,halogenated,Alkyl halides,Halomethanes,bromotrifluoromethane (freon 1381),Bromotrifluoromethane (Freon 1381),Bromotrifluoromethane (Freon 1381),,,0.7,1,hsp_polymers_6,,[HSP] dD_low (<10) | [REF] matched hsp_solvents_2 | [CAS] PubChem CID not found for: Bromotrifluoromethane (Freon 1381)
Butadiene-4-Cyano,Butadiene-4-Cyano,1615-70-9,,,16.2,11.7,5.2,93.7,,,,hydrocarbon,Organonitrogen compounds,Organic cyanides,butadiene-4-cyano,Butadiene-4-Cyano,Butadiene-4-Cyano,,,0.7,1,hsp_polymers_6,,[REF] matched hsp_solvents_2 | [CAS] PubChem CID not found for: Butadiene-4-Cyano
Butadienedioxide,Butadienedioxide,1464-53-5,,,18.3,14.4,6.2,77.8,,,,hydrocarbon,Epoxides,,butadienedioxide,Butadienedioxide,Butadienedioxide,,,0.7,1,hsp_polymers_6,,[REF] matched hsp_solvents_2 | [CAS] PubChem CID not found for: Butadienedioxide
Butadione,Butadione,431-03-8,,,15.7,5.1,6.8,87.8,,,,ketone,Organooxygen compounds,Carbonyl compounds,butadione,Butadione,Butadione,,,0.7,1,hsp_polymers_6,,[REF] matched hsp_solvents_2 | [CAS] PubChem CID not found for: Butadione
Butane,Butane,106-97-8,,,14.1,0.0,0.0,101.4,,,,hydrocarbon,Saturated hydrocarbons,Alkanes,butane,Butane,Butane,,,0.7,1,hsp_polymers_6,,[REF] matched hsp_solvents_2 | [CAS] PubChem CID not found for: Butane
Butoxy Ethoxy Pr opanol,Butoxy Ethoxy Pr opanol,,,,15.5,6.5,10.2,185.9,,,,alcohol,,,,,,,,0.7,1,hsp_polymers_6,,[CAS] PubChem CID not found for: Butoxy Ethoxy Pr opanol
Butyl Benzoate,Butyl Benzoate,136-60-7,,,18.3,5.6,5.5,178.0,,,,ester,Benzene and substituted derivatives,Benzoic acids and derivatives,butyl benzoate,Butyl Benzoate,Butyl Benzoate,,,0.7,1,hsp_polymers_6,,[REF] matched hsp_solvents_2 | [CAS] PubChem CID not found for: Butyl Benzoate
Butyl Formate,Butyl Formate,592-84-7,,,15.7,6.5,9.2,114.8,,,,ester,Carboxylic acids and derivatives,Carboxylic acid derivatives,butyl formate,Butyl Formate,Butyl Formate,,,0.7,1,hsp_polymers_6,,[REF] matched hsp_solvents_2 | [CAS] PubChem CID not found for: Butyl Formate
Butyl Isopropenyl Ether,Butyl Isopropenyl Ether,22022-33-9,,,14.8,5.3,5.0,145.7,,,,ether,,,butyl isopropenyl ether,Butyl Isopropenyl Ether,Butyl Isopropenyl Ether,,,0.7,1,hsp_polymers_6,,[REF] matched hsp_solvents_2 | [CAS] PubChem CID not found for: Butyl Isopropenyl Ether
Butyl Lactate,Butyl Lactate,138-22-7,,,15.8,6.5,10.2,149.0,,,,ester,Carboxylic acids and derivatives,Carboxylic acid derivatives,butyl lactate,Butyl Lactate,Butyl Lactate,,,0.7,1,hsp_polymers_6,,[REF] matched hsp_solvents_2 | [CAS] PubChem CID not found for: Butyl Lactate
Butyl Stearate,Butyl Stearate,123-95-5,,,14.5,3.7,3.5,382.0,,,,ester,Fatty Acyls,Fatty acid esters,butyl stearate,Butyl Stearate,Butyl Stearate,,,0.7,1,hsp_polymers_6,,[REF] matched hsp_solvents_2 | [CAS] PubChem CID not found for: Butyl Stearate
Butyl-6-Methyl-3-Cyclohexene,Butyl-6-Methyl-3-Cyclohexene,,,,16.1,2.5,5.7,209.1,,,,other,,,,,,,,0.7,1,hsp_polymers_6,,[CAS] PubChem CID not found for: Butyl-6-Methyl-3-Cyclohexene
Butyleneoxide,Butyleneoxide,106-88-7,,,16.3,6.2,5.9,87.5,,,,ether,Epoxides,,butyleneoxide,Butyleneoxide,Butyleneoxide,,,0.7,1,hsp_polymers_6,,[REF] matched hsp_solvents_2 | [CAS] PubChem CID not found for: Butyleneoxide
Butyraldehyde,Butyraldehyde,123-72-8,,,15.6,10.1,6.2,90.5,,,,aldehyde,Organooxygen compounds,Carbonyl compounds,butyraldehyde,Butyraldehyde,Butyraldehyde,,,0.7,1,hsp_polymers_6,,[REF] matched hsp_solvents_2 | [CAS] PubChem CID not found for: Butyraldehyde
Butyric Acid,Butyric Acid,107-92-6,,,14.9,4.1,10.6,110.0,,,,acid,Fatty Acyls,Fatty acids and conjugates,butyric acid,Butyric Acid,Butyric Acid,,,0.7,1,hsp_polymers_6,,[REF] matched hsp_solvents_2 | [CAS] PubChem CID not found for: Butyric Acid
Butyric Anhydride,Butyric Anhydride,106-31-0,,,16.0,6.3,7.7,164.4,,,,ester,Carboxylic acids and derivatives,Dicarboxylic acids and derivatives,butyric anhydride,Butyric Anhydride,Butyric Anhydride,,,0.7,1,hsp_polymers_6,,[REF] matched hsp_solvents_2 | [CAS] PubChem CID not found for: Butyric Anhydride
Butyronitrile,Butyronitrile,109-74-0,,,15.3,12.4,5.1,87.3,,,,nitrile,Organonitrogen compounds,Organic cyanides,butyronitrile,Butyronitrile,Butyronitrile,,,0.7,1,hsp_polymers_6,,[REF] matched hsp_solvents_2 | [CAS] PubChem CID not found for: Butyronitrile
Butyrylchloride,Butyrylchloride,141-75-3,,,16.8,9.4,4.8,103.6,,,,halogenated,,,butyrylchloride,Butyrylchloride,Butyrylchloride,,,0.7,1,hsp_polymers_6,,[REF] matched hsp_solvents_2 | [CAS] PubChem CID not found for: Butyrylchloride
Caffeine,Caffeine,58-08-2,,,19.5,10.1,13.0,157.9,,,,heterocyclic,Imidazopyrimidines,Purines and purine derivatives,caffeine,Caffeine,Caffeine,,,0.7,1,hsp_polymers_6,,[REF] matched hsp_solvents_2 | [CAS] PubChem CID not found for: Caffeine
Caprolactone (Epsilon),Caprolactone (Epsilon),502-44-3,,,19.7,15.0,7.4,110.8,,,,ester,,,caprolactone (epsilon),Caprolactone (Epsilon),Caprolactone (Epsilon),,,0.7,1,hsp_polymers_6,,[REF] matched hsp_solvents_2 | [CAS] PubChem CID not found for: Caprolactone (Epsilon)
Carbazole (Diphenylenimine),Carbazole (Diphenylenimine),86-74-8,,,21.7,6.4,6.2,152.0,,,,amine,,,carbazole (diphenylenimine),Carbazole (Diphenylenimine),Carbazole (Diphenylenimine),,,0.7,1,hsp_polymers_6,,[REF] matched hsp_solvents_2 | [CAS] PubChem CID not found for: Carbazole (Diphenylenimine)
Carbon Dioxide,Carbon Dioxide,,,,15.7,6.3,5.7,38.0,,,,other,,,,,,,,0.7,1,hsp_polymers_6,,[CAS] PubChem CID not found for: Carbon Dioxide
Carbon Disulfid,Carbon Disulfid,,,,20.5,0.0,0.6,60.0,,,,other,,,,,,,,0.7,1,hsp_polymers_6,,[CAS] PubChem CID not found for: Carbon Disulfid
Carbon Disulfid,Carbon Disulfid,,,,19.9,5.8,0.6,60.0,,,,other,,,,,,,,0.7,1,hsp_polymers_6,,[CAS] PubChem CID not found for: Carbon Disulfid
Carbon tetrachloride,Carbon tetrachloride,,,,17.8,0.0,0.6,97.1,,,,other,,,,,,,,0.7,1,hsp_polymers_6,,[CAS] PubChem CID not found for: Carbon tetrachloride
Carbon Tetrachloride,Carbon Tetrachloride,,,,16.1,8.3,0.0,97.1,,,,other,,,,,,,,0.7,1,hsp_polymers_6,,[CAS] PubChem CID not found for: Carbon Tetrachloride
Carbonyl Cyanide,Carbonyl Cyanide,922-64-5,,,15.0,6.3,8.0,71.2,,,,nitrile,,,carbonyl cyanide,Carbonyl Cyanide,Carbonyl Cyanide,,,0.7,1,hsp_polymers_6,,[REF] matched hsp_solvents_2 | [CAS] PubChem CID not found for: Carbonyl Cyanide
Carbonyl Sulfid,Carbonyl Sulfid,,,,17.4,3.7,0.0,51.0,,,,other,,,,,,,,0.7,1,hsp_polymers_6,,[CAS] PubChem CID not found for: Carbonyl Sulfid
Castor Oil,Castor Oil,8001-79-4,,,15.9,4.6,12.0,436.0,,,,ester,,,castor oil,Castor Oil,Castor Oil,,,0.7,1,hsp_polymers_6,,[REF] matched hsp_solvents_2 | [CAS] PubChem CID not found for: Castor Oil
Cetyl Alcohol (1-Hexadecanol),Cetyl Alcohol (1-Hexadecanol),36653-82-4,,,15.1,3.7,8.1,298.7,,,,alcohol,,,cetyl alcohol (1-hexadecanol),Cetyl Alcohol (1-Hexadecanol),Cetyl Alcohol (1-Hexadecanol),,,0.7,1,hsp_polymers_6,,[REF] matched hsp_solvents_2 | [CAS] PubChem CID not found for: Cetyl Alcohol (1-Hexadecanol)
Chloral,Chloral,75-87-6,,,17.2,7.4,7.6,97.5,,,,halogenated,Organochlorides,,chloral,Chloral,Chloral,,,0.7,1,hsp_polymers_6,,[REF] matched hsp_solvents_2 | [CAS] PubChem CID not found for: Chloral
Chlorine,Chlorine,7782-50-5,,,17.3,10.0,0.0,46.0,,,,halogenated,,,chlorine,Chlorine,Chlorine,,,0.7,1,hsp_polymers_6,,[REF] matched hsp_solvents_2 | [CAS] PubChem CID not found for: Chlorine
Chloro Acetaldehyde,Chloro Acetaldehyde,107-20-0,,,16.2,16.1,9.0,60.4,,,,halogenated,Organochlorides,,chloro acetaldehyde,Chloro Acetaldehyde,Chloro Acetaldehyde,,,0.7,1,hsp_polymers_6,,[REF] matched hsp_solvents_2 | [CAS] PubChem CID not found for: Chloro Acetaldehyde
Chloro Acetic Acid,Chloro Acetic Acid,79-11-8,,,17.7,10.4,12.3,68.6,,,,acid,Carboxylic acids and derivatives,Alpha-halocarboxylic acids and derivatives,chloro acetic acid,Chloro Acetic Acid,Chloro Acetic Acid,,,0.7,1,hsp_polymers_6,,[REF] matched hsp_solvents_2 | [CAS] PubChem CID not found for: Chloro Acetic Acid
Chloro Maleic Anhydride,Chloro Maleic Anhydride,96-02-6,,,20.4,17.3,11.5,89.5,,,,ester,Dihydrofurans,Furanones,chloro maleic anhydride,Chloro Maleic Anhydride,Chloro Maleic Anhydride,,,0.7,1,hsp_polymers_6,,[REF] matched hsp_solvents_2 | [CAS] PubChem CID not found for: Chloro Maleic Anhydride
Chloroacetone,Chloroacetone,78-95-5,,,16.8,9.6,5.5,80.5,,,,ketone,Organooxygen compounds,Carbonyl compounds,chloroacetone,Chloroacetone,Chloroacetone,,,0.7,1,hsp_polymers_6,,[REF] matched hsp_solvents_2 | [CAS] PubChem CID not found for: Chloroacetone
Chloroacetonitrile,Chloroacetonitrile,107-14-2,,,17.4,13.6,2.0,63.3,,,,nitrile,,,chloroacetonitrile,Chloroacetonitrile,Chloroacetonitrile; MeCN; ACN,MeCN; ACN,,0.7,1,hsp_polymers_6,,[REF] matched hsp_solvents_2 | [CAS] PubChem CID not found for: Chloroacetonitrile
Chloroacetylchloride,Chloroacetylchloride,79-04-9,,,17.5,9.2,5.5,79.5,,,,halogenated,Acyl halides,Acyl chlorides,chloroacetylchloride,Chloroacetylchloride,Chloroacetylchloride,,,0.7,1,hsp_polymers_6,,[REF] matched hsp_solvents_2 | [CAS] PubChem CID not found for: Chloroacetylchloride
Chloroacetylene,Chloroacetylene,593-63-5,,,16.2,2.1,2.5,63.7,,,,halogenated,Haloacetylenes and derivatives,,chloroacetylene,Chloroacetylene,Chloroacetylene,,,0.7,1,hsp_polymers_6,,[REF] matched hsp_solvents_2 | [CAS] PubChem CID not found for: Chloroacetylene
Chlorobenzene,Chlorobenzene,108-90-7,,,19.0,4.3,2.0,102.1,,,,halogenated,,,chlorobenzene,Chlorobenzene,Chlorobenzene,,,0.7,1,hsp_polymers_6,,[REF] matched hsp_solvents_2 | [CAS] PubChem CID not found for: Chlorobenzene
Chlorocyclopropane,Chlorocyclopropane,7393-45-5,,,17.6,7.2,2.2,84.9,,,,halogenated,,,chlorocyclopropane,Chlorocyclopropane,Chlorocyclopropane,,,0.7,1,hsp_polymers_6,,[REF] matched hsp_solvents_2 | [CAS] PubChem CID not found for: Chlorocyclopropane
Chlorodifluoromethane (Freon 22),Chlorodifluoromethane (Freon 22),75-45-6,,,12.3,6.3,5.7,72.9,,,,halogenated,Alkyl halides,Halomethanes,chlorodifluoromethane (freon 22),Chlorodifluoromethane (Freon 22),Chlorodifluoromethane (Freon 22),,,0.7,1,hsp_polymers_6,,[REF] matched hsp_solvents_2 | [CAS] PubChem CID not found for: Chlorodifluoromethane (Freon 22)
Chloroform,Chloroform,67-66-3,,,17.8,3.1,5.7,80.7,,,,halogenated,Alkyl halides,Halomethanes,chloroform,Chloroform,Chloroform; CHCl3,CHCl3,,0.7,1,hsp_polymers_6,,[REF] matched hsp_solvents_2 | [CAS] PubChem CID not found for: Chloroform
Chloromethylsulfid,Chloromethylsulfid,,,,16.6,6.4,2.0,95.0,,,,halogenated,,,,,,,,0.7,1,hsp_polymers_6,,[CAS] PubChem CID not found for: Chloromethylsulfid
Chloronitromethane,Chloronitromethane,1794-84-9,,,17.4,13.5,5.5,65.1,,,,nitro,"Allyl-type 1,3-dipolar organic compounds",Organic nitro compounds,chloronitromethane,Chloronitromethane,Chloronitromethane,,,0.7,1,hsp_polymers_6,,[REF] matched hsp_solvents_2 | [CAS] PubChem CID not found for: Chloronitromethane
Chloropicrin (Trichloronitromethane),Chloropicrin (Trichloronitromethane),76-06-2,,,17.6,6.8,7.0,101.7,,,,nitro,Alkyl halides,Halomethanes,chloropicrin (trichloronitromethane),Chloropicrin (Trichloronitromethane),Chloropicrin (Trichloronitromethane),,,0.7,1,hsp_polymers_6,,[REF] matched hsp_solvents_2 | [CAS] PubChem CID not found for: Chloropicrin (Trichloronitromethane)
Chlorotrifluoroet ylene (CTFE),Chlorotrifluoroet ylene (CTFE),,,,15.3,6.3,0.0,75.6,,,,halogenated,,,,,,,,0.7,1,hsp_polymers_6,,[CAS] PubChem CID not found for: Chlorotrifluoroet ylene (CTFE)
Chlorprene,Chlorprene,,,,16.1,5.4,2.1,93.2,,,,other,,,,,,,,0.7,1,hsp_polymers_6,,[CAS] PubChem CID not found for: Chlorprene
Cineol (Eucalyptol),Cineol (Eucalyptol),,,,16.7,4.6,3.4,167.5,,,,alcohol,,,,,,,,0.7,1,hsp_polymers_6,,[CAS] PubChem CID not found for: Cineol (Eucalyptol)
Cinnamyl Alcohol,Cinnamyl Alcohol,104-54-1,,,19.1,6.0,13.0,129.1,,,,alcohol,Cinnamyl alcohols,,cinnamyl alcohol,Cinnamyl Alcohol,Cinnamyl Alcohol,,,0.7,1,hsp_polymers_6,,[REF] matched hsp_solvents_2 | [CAS] PubChem CID not found for: Cinnamyl Alcohol
cis-Cinnamic Acid,cis-Cinnamic Acid,102-94-3,,,19.1,3.9,10.6,115.4,,,,acid,Cinnamic acids and derivatives,Cinnamic acids,cis-cinnamic acid,Cis-Cinnamic Acid,Cis-Cinnamic Acid,,,0.7,1,hsp_polymers_6,,[REF] matched hsp_solvents_2 | [CAS] PubChem CID not found for: cis-Cinnamic Acid
Cis-Decahydronaphthalene,Cis-Decahydronaphthalene,493-01-6,,,18.8,0.0,0.0,156.9,,,,aromatic,,,cis-decahydronaphthalene,Cis-Decahydronaphthalene,Cis-Decahydronaphthalene,,,0.7,1,hsp_polymers_6,,[REF] matched hsp_solvents_2 | [CAS] PubChem CID not found for: Cis-Decahydronaphthalene
Citraconic Anhydride,Citraconic Anhydride,616-02-4,,,19.2,17.0,11.2,89.9,,,,ester,Dihydrofurans,Furanones,citraconic anhydride,Citraconic Anhydride,Citraconic Anhydride,,,0.7,1,hsp_polymers_6,,[REF] matched hsp_solvents_2 | [CAS] PubChem CID not found for: Citraconic Anhydride
Coniferyl Alcohol,Coniferyl Alcohol,458-35-5,,,19.0,7.0,16.3,171.6,,,,alcohol,,,coniferyl alcohol,Coniferyl Alcohol,Coniferyl Alcohol,,,0.7,1,hsp_polymers_6,,[REF] matched hsp_solvents_2 | [CAS] PubChem CID not found for: Coniferyl Alcohol
Coumarin,Coumarin,91-64-5,,,20.0,12.5,6.7,156.3,,,,heterocyclic,Coumarins and derivatives,,coumarin,Coumarin,Coumarin,,,0.7,1,hsp_polymers_6,,[REF] matched hsp_solvents_2 | [CAS] PubChem CID not found for: Coumarin
Crotonaldehyde,Crotonaldehyde,123-73-9,,,16.2,14.9,7.4,82.5,,,,aldehyde,Organooxygen compounds,Carbonyl compounds,crotonaldehyde,Crotonaldehyde,Crotonaldehyde,,,0.7,1,hsp_polymers_6,,[REF] matched hsp_solvents_2 | [CAS] PubChem CID not found for: Crotonaldehyde
Crotonic Acid,Crotonic Acid,107-93-7,,,16.8,8.7,12.0,84.6,,,,acid,,,crotonic acid,Crotonic Acid,Crotonic Acid,,,0.7,1,hsp_polymers_6,,[REF] matched hsp_solvents_2 | [CAS] PubChem CID not found for: Crotonic Acid
Crotonlactone,Crotonlactone,497-23-4,,,19.0,19.8,9.6,76.4,,,,ester,Dihydrofurans,Furanones,crotonlactone,Crotonlactone,Crotonlactone,,,0.7,1,hsp_polymers_6,,[REF] matched hsp_solvents_2 | [CAS] PubChem CID not found for: Crotonlactone
Cyanamid (Carbamonitrile),Cyanamid (Carbamonitrile),420-04-2,,,15.5,27.6,16.8,32.8,,,,nitrile,Organonitrogen compounds,Amines,cyanamid (carbamonitrile),Cyanamid (Carbamonitrile),Cyanamid (Carbamonitrile),,,0.7,1,hsp_polymers_6,,[REF] matched hsp_solvents_2 | [CAS] PubChem CID not found for: Cyanamid (Carbamonitrile)
Cyanogen,Cyanogen,460-19-5,,,15.1,11.8,0.0,54.6,,,,nitrile,Organonitrogen compounds,Organic cyanides,cyanogen,Cyanogen,Cyanogen,,,0.7,1,hsp_polymers_6,,[REF] matched hsp_solvents_2 | [CAS] PubChem CID not found for: Cyanogen
Cyanogen Bromide,Cyanogen Bromide,506-68-3,,,18.3,15.2,0.0,52.6,,,,nitrile,,,cyanogen bromide,Cyanogen Bromide,Cyanogen Bromide,,,0.7,1,hsp_polymers_6,,[REF] matched hsp_solvents_2 | [CAS] PubChem CID not found for: Cyanogen Bromide
Cyanogen Chloride,Cyanogen Chloride,506-77-4,,,15.6,14.5,0.0,51.8,,,,nitrile,Organonitrogen compounds,Organic cyanides,cyanogen chloride,Cyanogen Chloride,Cyanogen Chloride,,,0.7,1,hsp_polymers_6,,[REF] matched hsp_solvents_2 | [CAS] PubChem CID not found for: Cyanogen Chloride
Cyclobutanone,Cyclobutanone,1191-95-3,,,18.3,11.4,5.2,73.4,,,,ketone,Organooxygen compounds,Carbonyl compounds,cyclobutanone,Cyclobutanone,Cyclobutanone,,,0.7,1,hsp_polymers_6,,[REF] matched hsp_solvents_2 | [CAS] PubChem CID not found for: Cyclobutanone
Cyclodecanone,Cyclodecanone,1502-06-3,,,16.8,8.0,4.1,161.0,,,,ketone,Organooxygen compounds,Carbonyl compounds,cyclodecanone,Cyclodecanone,Cyclodecanone,,,0.7,1,hsp_polymers_6,,[REF] matched hsp_solvents_2 | [CAS] PubChem CID not found for: Cyclodecanone
Cycloheptanone,Cycloheptanone,502-42-1,,,17.2,10.6,4.8,118.2,,,,ketone,Organooxygen compounds,Carbonyl compounds,cycloheptanone,Cycloheptanone,Cycloheptanone,,,0.7,1,hsp_polymers_6,,[REF] matched hsp_solvents_2 | [CAS] PubChem CID not found for: Cycloheptanone
Cyclohexane,Cyclohexane,110-82-7,,,16.8,0.0,0.2,108.7,,,,hydrocarbon,Saturated hydrocarbons,Cycloalkanes,cyclohexane,Cyclohexane,Cyclohexane,,,0.7,1,hsp_polymers_6,,[REF] matched hsp_solvents_2 | [CAS] PubChem CID not found for: Cyclohexane
"Cyclohexane-1,2-Dicarboxylic Acid","Cyclohexane-1,2-Dicarboxylic Acid",,,,16.4,2.2,5.0,422.4,,,,acid,,,,,,,,0.7,1,hsp_polymers_6,,"[CAS] PubChem CID not found for: Cyclohexane-1,2-Dicarboxylic Acid"
Cyclohexanol,Cyclohexanol,108-93-0,,,17.4,4.1,13.5,106.0,,,,alcohol,Organooxygen compounds,Alcohols and polyols,cyclohexanol,Cyclohexanol,Cyclohexanol,,,0.7,1,hsp_polymers_6,,[REF] matched hsp_solvents_2 | [CAS] PubChem CID not found for: Cyclohexanol
Cyclohexanone,Cyclohexanone,108-94-1,,,17.8,6.3,5.1,104.0,,,,ketone,Organooxygen compounds,Carbonyl compounds,cyclohexanone,Cyclohexanone,Cyclohexanone,,,0.7,1,hsp_polymers_6,,[REF] matched hsp_solvents_2 | [CAS] PubChem CID not found for: Cyclohexanone
Cyclohexene,Cyclohexene,110-83-8,,,17.2,1.0,5.0,101.9,,,,hydrocarbon,Unsaturated hydrocarbons,Olefins,cyclohexene,Cyclohexene,Cyclohexene,,,0.7,1,hsp_polymers_6,,[REF] matched hsp_solvents_2 | [CAS] PubChem CID not found for: Cyclohexene
Cycloheximide,Cycloheximide,66-81-9,,,18.3,11.0,13.8,171.0,,,,other,Pyridines and derivatives,Hydropyridines,cycloheximide,Cycloheximide,Cycloheximide,,,0.7,1,hsp_polymers_6,,[REF] matched hsp_solvents_2 | [CAS] PubChem CID not found for: Cycloheximide
Cyclohexyl Benzene,Cyclohexyl Benzene,827-52-1,,,18.7,0.0,1.0,169.9,,,,aromatic,Benzene and substituted derivatives,,cyclohexyl benzene,Cyclohexyl Benzene,Cyclohexyl Benzene,,,0.7,1,hsp_polymers_6,,[REF] matched hsp_solvents_2 | [CAS] PubChem CID not found for: Cyclohexyl Benzene
Cyclohexylamine,Cyclohexylamine,108-91-8,,,17.2,3.1,6.5,113.8,,,,amine,,,cyclohexylamine,Cyclohexylamine,Cyclohexylamine,,,0.7,1,hsp_polymers_6,,[REF] matched hsp_solvents_2 | [CAS] PubChem CID not found for: Cyclohexylamine
Cyclohexylchloride,Cyclohexylchloride,542-18-7,,,17.3,5.5,2.0,118.6,,,,halogenated,Alkyl halides,Cyclohexyl halides,cyclohexylchloride,Cyclohexylchloride,Cyclohexylchloride,,,0.7,1,hsp_polymers_6,,[REF] matched hsp_solvents_2 | [CAS] PubChem CID not found for: Cyclohexylchloride
Cyclooctanone,Cyclooctanone,502-49-8,,,17.0,9.6,4.5,131.7,,,,ketone,,,cyclooctanone,Cyclooctanone,Cyclooctanone,,,0.7,1,hsp_polymers_6,,[REF] matched hsp_solvents_2 | [CAS] PubChem CID not found for: Cyclooctanone
Cyclopentadiene,Cyclopentadiene,542-92-7,,,17.2,1.9,6.1,82.1,,,,hydrocarbon,,,cyclopentadiene,Cyclopentadiene,Cyclopentadiene,,,0.7,1,hsp_polymers_6,,[REF] matched hsp_solvents_2 | [CAS] PubChem CID not found for: Cyclopentadiene
Cyclopentane,Cyclopentane,287-92-3,,,16.4,0.0,1.8,94.9,,,,hydrocarbon,,,cyclopentane,Cyclopentane,Cyclopentane,,,0.7,1,hsp_polymers_6,,[REF] matched hsp_solvents_2 | [CAS] PubChem CID not found for: Cyclopentane
Cyclopentanone,Cyclopentanone,120-92-3,,,17.9,11.9,5.2,89.1,,,,ketone,Organooxygen compounds,Carbonyl compounds,cyclopentanone,Cyclopentanone,Cyclopentanone,,,0.7,1,hsp_polymers_6,,[REF] matched hsp_solvents_2 | [CAS] PubChem CID not found for: Cyclopentanone
Cyclopentene,Cyclopentene,142-29-0,,,16.7,3.8,1.7,89.0,,,,hydrocarbon,Unsaturated hydrocarbons,Olefins,cyclopentene,Cyclopentene,Cyclopentene,,,0.7,1,hsp_polymers_6,,[REF] matched hsp_solvents_2 | [CAS] PubChem CID not found for: Cyclopentene
Cyclopropane,Cyclopropane,75-19-4,,,17.6,0.0,0.0,58.3,,,,hydrocarbon,,,cyclopropane,Cyclopropane,Cyclopropane,,,0.7,1,hsp_polymers_6,,[REF] matched hsp_solvents_2 | [CAS] PubChem CID not found for: Cyclopropane
Cyclopropene,Cyclopropene,2781-85-3,,,17.2,2.4,2.0,50.0,,,,hydrocarbon,Unsaturated hydrocarbons,Olefins,cyclopropene,Cyclopropene,Cyclopropene,,,0.7,1,hsp_polymers_6,,[REF] matched hsp_solvents_2 | [CAS] PubChem CID not found for: Cyclopropene
Cyclopropylmethylketone,Cyclopropylmethylketone,765-43-5,,,17.0,11.1,4.6,93.6,,,,ketone,,,cyclopropylmethylketone,Cyclopropylmethylketone,Cyclopropylmethylketone,,,0.7,1,hsp_polymers_6,,[REF] matched hsp_solvents_2 | [CAS] PubChem CID not found for: Cyclopropylmethylketone
Cyclopropylnitrile,Cyclopropylnitrile,5500-21-0,,,18.6,16.2,5.7,75.4,,,,nitrile,Organonitrogen compounds,Organic cyanides,cyclopropylnitrile,Cyclopropylnitrile,Cyclopropylnitrile,,,0.7,1,hsp_polymers_6,,[REF] matched hsp_solvents_2 | [CAS] PubChem CID not found for: Cyclopropylnitrile
d-Camphor,d-Camphor,464-49-3,,,17.8,9.4,4.7,153.7,,,,terpene,,,d-camphor,d-Camphor,d-Camphor,,,0.7,1,hsp_polymers_6,,[REF] matched hsp_solvents_2 | [CAS] PubChem CID not found for: d-Camphor
DDT,DDT,50-29-3,,,20.0,5.5,3.1,268.8,,,,halogenated,Benzene and substituted derivatives,Diphenylmethanes,ddt,DDT,DDT,,,0.7,1,hsp_polymers_6,,[REF] matched hsp_solvents_2 | [CAS] PubChem CID not found for: DDT
Decane,Decane,124-18-5,,,15.7,0.0,0.0,195.9,,,,hydrocarbon,Saturated hydrocarbons,Alkanes,decane,Decane,Decane,,,0.7,1,hsp_polymers_6,,[REF] matched hsp_solvents_2 | [CAS] PubChem CID not found for: Decane
Di-(2-Chloro-Isopropyl) Ether,Di-(2-Chloro-Isopropyl) Ether,108-60-1,,,19.0,8.2,5.1,146.0,,,,ether,Organooxygen compounds,Ethers,di-(2-chloro-isopropyl) ether,Di-(2-Chloro-Isopropyl) Ether,Di-(2-Chloro-Isopropyl) Ether,,,0.7,1,hsp_polymers_6,,[REF] matched hsp_solvents_2 | [CAS] PubChem CID not found for: Di-(2-Chloro-Isopropyl) Ether
Di-(2-Chloroethoxy) Methane,Di-(2-Chloroethoxy) Methane,111-91-1,,,17.1,10.2,7.1,141.1,,,,halogenated,Organooxygen compounds,Ethers,di-(2-chloroethoxy) methane,Di-(2-Chloroethoxy) Methane,Di-(2-Chloroethoxy) Methane,,,0.7,1,hsp_polymers_6,,[REF] matched hsp_solvents_2 | [CAS] PubChem CID not found for: Di-(2-Chloroethoxy) Methane
Di-(2-Chloroethyl) Ether,Di-(2-Chloroethyl) Ether,111-44-4,,,18.8,9.0,5.7,117.2,,,,ether,Organooxygen compounds,Ethers,di-(2-chloroethyl) ether,Di-(2-Chloroethyl) Ether,Di-(2-Chloroethyl) Ether,,,0.7,1,hsp_polymers_6,,[REF] matched hsp_solvents_2 | [CAS] PubChem CID not found for: Di-(2-Chloroethyl) Ether
Di-(2-Ethyl Hexyl)azelate,Di-(2-Ethyl Hexyl)azelate,,,,16.7,1.4,4.8,449.9,,,,other,,,,,,,,0.7,1,hsp_polymers_6,,[CAS] PubChem CID not found for: Di-(2-Ethyl Hexyl)azelate
Di-(2-Ethyl Hexyl)sebacate,Di-(2-Ethyl Hexyl)sebacate,,,,16.8,1.0,4.7,468.7,,,,other,,,,,,,,0.7,1,hsp_polymers_6,,[CAS] PubChem CID not found for: Di-(2-Ethyl Hexyl)sebacate
Di-(2-Methoxyethyl) Ether,Di-(2-Methoxyethyl) Ether,111-96-6,,,15.7,6.1,6.5,142.0,,,,ether,Organooxygen compounds,Ethers,di-(2-methoxyethyl) ether,Di-(2-Methoxyethyl) Ether,Di-(2-Methoxyethyl) Ether,,,0.7,1,hsp_polymers_6,,[REF] matched hsp_solvents_2 | [CAS] PubChem CID not found for: Di-(2-Methoxyethyl) Ether
Di-2-Ethyl Hexyl Amine,Di-2-Ethyl Hexyl Amine,,,,15.6,0.8,3.2,301.5,,,,amine,,,,,,,,0.7,1,hsp_polymers_6,,[CAS] PubChem CID not found for: Di-2-Ethyl Hexyl Amine
Di-2-Ethyl Hexyl Ether,Di-2-Ethyl Hexyl Ether,,,,15.9,2.6,2.5,300.5,,,,ether,,,,,,,,0.7,1,hsp_polymers_6,,[CAS] PubChem CID not found for: Di-2-Ethyl Hexyl Ether
Di-Isobutyl Carbinol,Di-Isobutyl Carbinol,108-82-7,,,14.9,3.1,10.8,177.8,,,,alcohol,Organooxygen compounds,Alcohols and polyols,di-isobutyl carbinol,Di-Isobutyl Carbinol,Di-Isobutyl Carbinol,,,0.7,1,hsp_polymers_6,,[REF] matched hsp_solvents_2 | [CAS] PubChem CID not found for: Di-Isobutyl Carbinol
Di-Isobutyl Ketone,Di-Isobutyl Ketone,108-83-8,,,16.0,3.7,4.1,177.1,,,,ketone,,,di-isobutyl ketone,Di-Isobutyl Ketone,Di-Isobutyl Ketone,,,0.7,1,hsp_polymers_6,,[REF] matched hsp_solvents_2 | [CAS] PubChem CID not found for: Di-Isobutyl Ketone
Di-Isobutyl Sulfoxide,Di-Isobutyl Sulfoxide,3085-40-3,,,16.3,10.5,6.1,195.0,,,,sulfoxide,Sulfoxides,,di-isobutyl sulfoxide,Di-Isobutyl Sulfoxide,Di-Isobutyl Sulfoxide,,,0.7,1,hsp_polymers_6,,[REF] matched hsp_solvents_2 | [CAS] PubChem CID not found for: Di-Isobutyl Sulfoxide
Di-Isodecyl Phthalate,Di-Isodecyl Phthalate,26761-40-0,,,16.6,6.2,2.6,464.2,,,,ester,Benzene and substituted derivatives,Benzoic acids and derivatives,di-isodecyl phthalate,Di-Isodecyl Phthalate,Di-Isodecyl Phthalate,,,0.7,1,hsp_polymers_6,,[REF] matched hsp_solvents_2 | [CAS] PubChem CID not found for: Di-Isodecyl Phthalate
Di-Isoheptyl Phthalate,Di-Isoheptyl Phthalate,71888-89-6,,,16.8,7.2,3.4,364.9,,,,ester,,,di-isoheptyl phthalate,Di-Isoheptyl Phthalate,Di-Isoheptyl Phthalate,,,0.7,1,hsp_polymers_6,,[REF] matched hsp_solvents_2 | [CAS] PubChem CID not found for: Di-Isoheptyl Phthalate
Di-Isononyl Adipate,Di-Isononyl Adipate,33703-08-1,,,16.2,1.8,4.9,433.7,,,,ester,,,di-isononyl adipate,Di-Isononyl Adipate,Di-Isononyl Adipate,,,0.7,1,hsp_polymers_6,,[REF] matched hsp_solvents_2 | [CAS] PubChem CID not found for: Di-Isononyl Adipate
Di-Isononyl Phthalate,Di-Isononyl Phthalate,28553-12-0,,,16.6,6.6,2.9,432.4,,,,ester,Benzene and substituted derivatives,Benzoic acids and derivatives,di-isononyl phthalate,Di-Isononyl Phthalate,Di-Isononyl Phthalate,,,0.7,1,hsp_polymers_6,,[REF] matched hsp_solvents_2 | [CAS] PubChem CID not found for: Di-Isononyl Phthalate
Di-Isopropyl Methyl Phosphonate,Di-Isopropyl Methyl Phosphonate,1445-75-6,,,16.4,10.0,5.7,184.4,,,,inorganic,Organic phosphonic acids and derivatives,Phosphonic acid diesters,di-isopropyl methyl phosphonate,Di-Isopropyl Methyl Phosphonate,Di-Isopropyl Methyl Phosphonate,,,0.7,1,hsp_polymers_6,,[REF] matched hsp_solvents_2 | [CAS] PubChem CID not found for: Di-Isopropyl Methyl Phosphonate
Di-Isopropyl Phosphonofluoridat,Di-Isopropyl Phosphonofluoridat,,,,15.7,10.2,5.9,174.5,,,,other,,,,,,,,0.7,1,hsp_polymers_6,,[CAS] PubChem CID not found for: Di-Isopropyl Phosphonofluoridat
Di-Isopropyl Sulfoxide,Di-Isopropyl Sulfoxide,2211-89-4,,,17.0,11.5,7.4,159.9,,,,sulfoxide,,,di-isopropyl sulfoxide,Di-Isopropyl Sulfoxide,Di-Isopropyl Sulfoxide,,,0.7,1,hsp_polymers_6,,[REF] matched hsp_solvents_2 | [CAS] PubChem CID not found for: Di-Isopropyl Sulfoxide
Di-n-Butyl Ether,Di-n-Butyl Ether,142-96-1,,,15.2,3.4,4.2,170.3,,,,ether,,,di-n-butyl ether,Di-n-Butyl Ether,Di-n-Butyl Ether,,,0.7,1,hsp_polymers_6,,[REF] matched hsp_solvents_2 | [CAS] PubChem CID not found for: Di-n-Butyl Ether
Di-n-Butyl Sulfoxide,Di-n-Butyl Sulfoxide,2168-93-6,,,16.4,10.5,6.1,195.0,,,,sulfoxide,Sulfoxides,,di-n-butyl sulfoxide,Di-n-Butyl Sulfoxide,Di-n-Butyl Sulfoxide,,,0.7,1,hsp_polymers_6,,[REF] matched hsp_solvents_2 | [CAS] PubChem CID not found for: Di-n-Butyl Sulfoxide
Di-n-Pentyl Ether,Di-n-Pentyl Ether,693-65-2,,,15.6,3.1,3.0,203.2,,,,ether,,,di-n-pentyl ether,Di-n-Pentyl Ether,Di-n-Pentyl Ether,,,0.7,1,hsp_polymers_6,,[REF] matched hsp_solvents_2 | [CAS] PubChem CID not found for: Di-n-Pentyl Ether
Di-n-Propyl Ether,Di-n-Propyl Ether,111-43-3,,,15.1,4.2,3.7,137.7,,,,ether,,,di-n-propyl ether,Di-n-Propyl Ether,Di-n-Propyl Ether,,,0.7,1,hsp_polymers_6,,[REF] matched hsp_solvents_2 | [CAS] PubChem CID not found for: Di-n-Propyl Ether
Di-n-Propyl Sulfoxide,Di-n-Propyl Sulfoxide,4253-91-2,,,17.0,13.0,7.4,159.9,,,,sulfoxide,Sulfoxides,,di-n-propyl sulfoxide,Di-n-Propyl Sulfoxide,Di-n-Propyl Sulfoxide,,,0.7,1,hsp_polymers_6,,[REF] matched hsp_solvents_2 | [CAS] PubChem CID not found for: Di-n-Propyl Sulfoxide
Di-p-Tolyl Sulfoxide,Di-p-Tolyl Sulfoxide,,,,20.3,11.4,3.1,209.0,,,,sulfoxide,,,,,,,,0.7,1,hsp_polymers_6,,[CAS] PubChem CID not found for: Di-p-Tolyl Sulfoxide
Diacetone Alcohol,Diacetone Alcohol,123-42-2,,,15.8,8.2,10.8,124.2,,,,alcohol,Organooxygen compounds,Carbonyl compounds,diacetone alcohol,Diacetone Alcohol,Diacetone Alcohol,,,0.7,1,hsp_polymers_6,,[REF] matched hsp_solvents_2 | [CAS] PubChem CID not found for: Diacetone Alcohol
Diallyl Amine,Diallyl Amine,124-02-7,,,15.6,4.5,6.7,124.1,,,,amine,Organonitrogen compounds,Amines,diallyl amine,Diallyl Amine,Diallyl Amine,,,0.7,1,hsp_polymers_6,,[REF] matched hsp_solvents_2 | [CAS] PubChem CID not found for: Diallyl Amine
Diallyl Ether,Diallyl Ether,557-40-4,,,15.3,4.4,5.3,118.8,,,,ether,,,diallyl ether,Diallyl Ether,Diallyl Ether,,,0.7,1,hsp_polymers_6,,[REF] matched hsp_solvents_2 | [CAS] PubChem CID not found for: Diallyl Ether
Diazomethane,Diazomethane,334-88-3,,,14.7,6.1,11.3,78.1,,,,alcohol,"Propargyl-type 1,3-dipolar organic compounds",Diazo compounds,diazomethane,Diazomethane,Diazomethane,,,0.7,1,hsp_polymers_6,,[REF] matched hsp_solvents_2 | [CAS] PubChem CID not found for: Diazomethane
Dibasic Esters (dupont) Mix of,Dibasic Esters (dupont) Mix of,,,,16.2,4.7,8.4,159.0,,,,ester,,,,,,,,0.7,1,hsp_polymers_6,,[CAS] PubChem CID not found for: Dibasic Esters (dupont) Mix of
Dibenzyl Ether,Dibenzyl Ether,103-50-4,,,19.6,3.4,5.2,197.4,,,,ether,Benzene and substituted derivatives,Benzylethers,dibenzyl ether,Dibenzyl Ether,Dibenzyl Ether,,,0.7,1,hsp_polymers_6,,[REF] matched hsp_solvents_2 | [CAS] PubChem CID not found for: Dibenzyl Ether
Dibenzyl Sebacate,Dibenzyl Sebacate,140-24-9,,,17.8,2.2,5.5,362.1,,,,ester,Benzene and substituted derivatives,Benzyloxycarbonyls,dibenzyl sebacate,Dibenzyl Sebacate,Dibenzyl Sebacate,,,0.7,1,hsp_polymers_6,,[REF] matched hsp_solvents_2 | [CAS] PubChem CID not found for: Dibenzyl Sebacate
Dibromo Methane,Dibromo Methane,,,,17.8,6.4,7.0,69.8,,,,halogenated,,,,,,,,0.7,1,hsp_polymers_6,,[CAS] PubChem CID not found for: Dibromo Methane
Dibutyl Amine,Dibutyl Amine,111-92-2,,,15.0,3.0,4.3,170.0,,,,amine,Organonitrogen compounds,Amines,dibutyl amine,Dibutyl Amine,Dibutyl Amine,,,0.7,1,hsp_polymers_6,,[REF] matched hsp_solvents_2 | [CAS] PubChem CID not found for: Dibutyl Amine
Dibutyl Fumarate,Dibutyl Fumarate,,,,16.7,3.0,6.7,232.7,,,,other,,,,,,,,0.7,1,hsp_polymers_6,,[CAS] PubChem CID not found for: Dibutyl Fumarate
Dibutyl Ketone,Dibutyl Ketone,502-56-7,,,16.0,7.7,4.4,173.4,,,,ketone,Organooxygen compounds,Carbonyl compounds,dibutyl ketone,Dibutyl Ketone,Dibutyl Ketone,,,0.7,1,hsp_polymers_6,,[REF] matched hsp_solvents_2 | [CAS] PubChem CID not found for: Dibutyl Ketone
Dibutyl Maleate,Dibutyl Maleate,105-76-0,,,16.5,6.1,7.2,230.4,,,,ester,Fatty Acyls,Fatty acid esters,dibutyl maleate,Dibutyl Maleate,Dibutyl Maleate,,,0.7,1,hsp_polymers_6,,[REF] matched hsp_solvents_2 | [CAS] PubChem CID not found for: Dibutyl Maleate
Dibutyl Phthalate,Dibutyl Phthalate,84-74-2,,,17.8,8.6,4.1,266.0,,,,ester,Benzene and substituted derivatives,Benzoic acids and derivatives,dibutyl phthalate,Dibutyl Phthalate,Dibutyl Phthalate,,,0.7,1,hsp_polymers_6,,[REF] matched hsp_solvents_2 | [CAS] PubChem CID not found for: Dibutyl Phthalate
Dibutyl Sebacate,Dibutyl Sebacate,109-43-3,,,16.7,4.5,4.1,339.0,,,,ester,Fatty Acyls,Fatty acid esters,dibutyl sebacate,Dibutyl Sebacate,Dibutyl Sebacate,,,0.7,1,hsp_polymers_6,,[REF] matched hsp_solvents_2 | [CAS] PubChem CID not found for: Dibutyl Sebacate
Dichloroacetaldehyde,Dichloroacetaldehyde,79-02-7,,,16.7,9.1,7.5,94.0,,,,halogenated,Organochlorides,,dichloroacetaldehyde,Dichloroacetaldehyde,Dichloroacetaldehyde,,,0.7,1,hsp_polymers_6,,[REF] matched hsp_solvents_2 | [CAS] PubChem CID not found for: Dichloroacetaldehyde
Dichloroacetic Acid,Dichloroacetic Acid,79-43-6,,,18.2,8.1,12.2,82.5,,,,acid,Carboxylic acids and derivatives,Alpha-halocarboxylic acids and derivatives,dichloroacetic acid,Dichloroacetic Acid,Dichloroacetic Acid,,,0.7,1,hsp_polymers_6,,[REF] matched hsp_solvents_2 | [CAS] PubChem CID not found for: Dichloroacetic Acid
Dichloroacetonitrile,Dichloroacetonitrile,3018-12-0,,,17.4,9.4,6.4,80.3,,,,nitrile,Organonitrogen compounds,Organic cyanides,dichloroacetonitrile,Dichloroacetonitrile,Dichloroacetonitrile; MeCN; ACN,MeCN; ACN,,0.7,1,hsp_polymers_6,,[REF] matched hsp_solvents_2 | [CAS] PubChem CID not found for: Dichloroacetonitrile
Dichlorodifluoromethane (Freon 12),Dichlorodifluoromethane (Freon 12),75-71-8,,,12.3,2.0,0.0,92.3,,,,halogenated,Alkyl halides,Alkyl chlorides,dichlorodifluoromethane (freon 12),Dichlorodifluoromethane (Freon 12),Dichlorodifluoromethane (Freon 12),,,0.7,1,hsp_polymers_6,,[REF] matched hsp_solvents_2 | [CAS] PubChem CID not found for: Dichlorodifluoromethane (Freon 12)
Dichloromethyl Methyl Ether,Dichloromethyl Methyl Ether,4885-02-03 00:00:00,,,17.1,12.9,6.5,90.5,,,,ether,,,dichloromethyl methyl ether,Dichloromethyl Methyl Ether,Dichloromethyl Methyl Ether,,,0.7,1,hsp_polymers_6,,[REF] matched hsp_solvents_2 | [CAS] PubChem CID not found for: Dichloromethyl Methyl Ether
Dichloromonofluoromethane (Freon 21),Dichloromonofluoromethane (Freon 21),,,,15.8,3.1,5.7,75.4,,,,halogenated,,,,,,,,0.7,1,hsp_polymers_6,,[CAS] PubChem CID not found for: Dichloromonofluoromethane (Freon 21)
Diethanolamine,Diethanolamine,111-42-2,,,17.2,10.8,21.2,95.9,,,,alcohol,Organonitrogen compounds,Amines,diethanolamine,Diethanolamine,Diethanolamine,,,0.7,1,hsp_polymers_6,,[REF] matched hsp_solvents_2 | [CAS] PubChem CID not found for: Diethanolamine
Diethoxy Disulfid,Diethoxy Disulfid,,,,15.1,8.3,7.4,141.5,,,,glycol ether,,,,,,,,0.7,1,hsp_polymers_6,,[CAS] PubChem CID not found for: Diethoxy Disulfid
Diethyl Amine,Diethyl Amine,109-89-7,,,14.9,2.3,6.1,103.2,,,,amine,Organonitrogen compounds,Amines,diethyl amine,Diethyl Amine,Diethyl Amine,,,0.7,1,hsp_polymers_6,,[REF] matched hsp_solvents_2 | [CAS] PubChem CID not found for: Diethyl Amine
Diethyl Amine/Acetic Acid,Diethyl Amine/Acetic Acid,,,,16.0,20.3,18.4,,,,,amine,,,,,,,,0.7,1,hsp_polymers_6,,[CAS] PubChem CID not found for: Diethyl Amine/Acetic Acid
Diethyl Carbonate,Diethyl Carbonate,105-58-8,,,15.1,6.3,3.5,121.0,,,,ester,Organic carbonic acids and derivatives,Carbonic acid diesters,diethyl carbonate,Diethyl Carbonate,Diethyl Carbonate; DEC,DEC,,0.7,1,hsp_polymers_6,,[REF] matched hsp_solvents_2 | [CAS] PubChem CID not found for: Diethyl Carbonate
Diethyl Ethanolamine/Acetic Acid,Diethyl Ethanolamine/Acetic Acid,,,,16.0,20.3,18.4,,,,,alcohol,,,,,,,,0.7,1,hsp_polymers_6,,[CAS] PubChem CID not found for: Diethyl Ethanolamine/Acetic Acid
Diethyl Ether,Diethyl Ether,60-29-7,,,14.5,2.9,5.1,104.8,,,,ether,Organooxygen compounds,Ethers,diethyl ether,Diethyl Ether,Diethyl Ether; Et2O; DEE,Et2O; DEE,,0.7,1,hsp_polymers_6,,[REF] matched hsp_solvents_2 | [CAS] PubChem CID not found for: Diethyl Ether
Diethyl Ketone,Diethyl Ketone,96-22-0,,,15.8,7.6,4.7,106.4,,,,ketone,,,diethyl ketone,Diethyl Ketone,Diethyl Ketone,,,0.7,1,hsp_polymers_6,,[REF] matched hsp_solvents_2 | [CAS] PubChem CID not found for: Diethyl Ketone
Diethyl Malonate,Diethyl Malonate,105-53-3,,,16.1,7.7,8.3,152.5,,,,ester,Carboxylic acids and derivatives,Dicarboxylic acids and derivatives,diethyl malonate,Diethyl Malonate,Diethyl Malonate,,,0.7,1,hsp_polymers_6,,[REF] matched hsp_solvents_2 | [CAS] PubChem CID not found for: Diethyl Malonate
Diethyl Oxalate,Diethyl Oxalate,95-92-1,,,16.2,8.0,8.8,136.6,,,,ester,,,diethyl oxalate,Diethyl Oxalate,Diethyl Oxalate,,,0.7,1,hsp_polymers_6,,[REF] matched hsp_solvents_2 | [CAS] PubChem CID not found for: Diethyl Oxalate
Diethyl Phthalate,Diethyl Phthalate,84-66-2,,,17.6,9.6,4.5,198.0,,,,ester,Benzene and substituted derivatives,Benzoic acids and derivatives,diethyl phthalate,Diethyl Phthalate,Diethyl Phthalate,,,0.7,1,hsp_polymers_6,,[REF] matched hsp_solvents_2 | [CAS] PubChem CID not found for: Diethyl Phthalate
Diethyl Sulfate,Diethyl Sulfate,64-67-5,,,15.7,14.7,7.1,131.5,,,,sulfur compound,,,diethyl sulfate,Diethyl Sulfate,Diethyl Sulfate,,,0.7,1,hsp_polymers_6,,[REF] matched hsp_solvents_2 | [CAS] PubChem CID not found for: Diethyl Sulfate
Diethyl Sulfid,Diethyl Sulfid,,,,16.8,3.1,2.0,107.4,,,,other,,,,,,,,0.7,1,hsp_polymers_6,,[CAS] PubChem CID not found for: Diethyl Sulfid
Diethyldisulfid,Diethyldisulfid,,,,16.7,6.7,5.7,123.1,,,,other,,,,,,,,0.7,1,hsp_polymers_6,,[CAS] PubChem CID not found for: Diethyldisulfid
Diethylene Glycol,Diethylene Glycol,111-46-6,,,16.6,12.0,20.7,94.9,,,,glycol,,,diethylene glycol,Diethylene Glycol,Diethylene Glycol; DEG,DEG,,0.7,1,hsp_polymers_6,,[REF] matched hsp_solvents_2 | [CAS] PubChem CID not found for: Diethylene Glycol
Diethylene Glycol Butyl Ether Acetate Commercial,Diethylene Glycol Butyl Ether Acetate Commercial,,,,16.0,4.1,8.2,208.2,,,,alcohol,,,,,,,,0.7,1,hsp_polymers_6,,[CAS] PubChem CID not found for: Diethylene Glycol Butyl Ether Acetate Commercial
Diethylene Glycol Di vinyl Ether,Diethylene Glycol Di vinyl Ether,,,,16.0,7.3,7.9,164.1,,,,alcohol,,,,,,,,0.7,1,hsp_polymers_6,,[CAS] PubChem CID not found for: Diethylene Glycol Di vinyl Ether
Diethylene Glycol Dib utyl Ether,Diethylene Glycol Dib utyl Ether,,,,15.8,4.7,4.4,248.1,,,,alcohol,,,,,,,,0.7,1,hsp_polymers_6,,[CAS] PubChem CID not found for: Diethylene Glycol Dib utyl Ether
Diethylene Glycol Dieth yl Ether,Diethylene Glycol Dieth yl Ether,,,,15.8,5.9,5.6,179.8,,,,alcohol,,,,,,,,0.7,1,hsp_polymers_6,,[CAS] PubChem CID not found for: Diethylene Glycol Dieth yl Ether
Diethylene Glycol He xyl Ether,Diethylene Glycol He xyl Ether,,,,16.0,6.0,10.0,204.3,,,,alcohol,,,,,,,,0.7,1,hsp_polymers_6,,[CAS] PubChem CID not found for: Diethylene Glycol He xyl Ether
Diethylene Glycol Methyl t-Butyl,Diethylene Glycol Methyl t-Butyl,,,,16.0,7.2,7.2,193.9,,,,alcohol,,,,,,,,0.7,1,hsp_polymers_6,,[CAS] PubChem CID not found for: Diethylene Glycol Methyl t-Butyl
Diethylene Glycol Monob utyl Ether,Diethylene Glycol Monob utyl Ether,,,,16.0,7.0,10.6,170.6,,,,alcohol,,,,,,,,0.7,1,hsp_polymers_6,,[CAS] PubChem CID not found for: Diethylene Glycol Monob utyl Ether
Diethylene Glycol Monoeth yl Ether,Diethylene Glycol Monoeth yl Ether,,,,16.1,9.2,12.2,130.9,,,,alcohol,,,,,,,,0.7,1,hsp_polymers_6,,[CAS] PubChem CID not found for: Diethylene Glycol Monoeth yl Ether
Diethylene Glycol Monoeth yl Ether,Diethylene Glycol Monoeth yl Ether,,,,16.2,5.1,9.2,175.5,,,,alcohol,,,,,,,,0.7,1,hsp_polymers_6,,[CAS] PubChem CID not found for: Diethylene Glycol Monoeth yl Ether
Diethylene Glycol Monomethyl Ether,Diethylene Glycol Monomethyl Ether,111-77-3,,,16.2,7.8,12.6,118.0,,,,glycol ether,Organooxygen compounds,Ethers,diethylene glycol monomethyl ether,Diethylene Glycol Monomethyl Ether,Diethylene Glycol Monomethyl Ether,,,0.7,1,hsp_polymers_6,,[REF] matched hsp_solvents_2 | [CAS] PubChem CID not found for: Diethylene Glycol Monomethyl Ether
Diethylene Glycol Monoprop yl Ether,Diethylene Glycol Monoprop yl Ether,,,,16.0,7.2,11.3,153.9,,,,alcohol,,,,,,,,0.7,1,hsp_polymers_6,,[CAS] PubChem CID not found for: Diethylene Glycol Monoprop yl Ether
Diethylenetriamine,Diethylenetriamine,111-40-0,,,16.7,13.3,14.3,108.0,,,,amine,Organonitrogen compounds,Amines,diethylenetriamine,Diethylenetriamine,Diethylenetriamine,,,0.7,1,hsp_polymers_6,,[REF] matched hsp_solvents_2 | [CAS] PubChem CID not found for: Diethylenetriamine
Dihexyl Ether,Dihexyl Ether,112-58-3,,,16.0,3.0,2.8,235.8,,,,ether,Organooxygen compounds,Ethers,dihexyl ether,Dihexyl Ether,Dihexyl Ether,,,0.7,1,hsp_polymers_6,,[REF] matched hsp_solvents_2 | [CAS] PubChem CID not found for: Dihexyl Ether
Dihexyl Phthalate,Dihexyl Phthalate,84-75-3,,,17.0,7.6,3.6,332.3,,,,ester,Benzene and substituted derivatives,Benzoic acids and derivatives,dihexyl phthalate,Dihexyl Phthalate,Dihexyl Phthalate,,,0.7,1,hsp_polymers_6,,[REF] matched hsp_solvents_2 | [CAS] PubChem CID not found for: Dihexyl Phthalate
Dihydrogen Disulfide,Dihydrogen Disulfide,13465-07-1,,,17.3,6.3,10.7,49.6,,,,sulfur compound,Other non-metal organides,Other non-metal sulfides,dihydrogen disulfide,Dihydrogen Disulfide,Dihydrogen Disulfide,,,0.7,1,hsp_polymers_6,,[REF] matched hsp_solvents_2 | [CAS] PubChem CID not found for: Dihydrogen Disulfide
Dihydropyran,Dihydropyran,110-87-2,,,17.5,5.5,5.7,91.2,,,,ether,Oxacyclic compounds,,dihydropyran,Dihydropyran,Dihydropyran,,,0.7,1,hsp_polymers_6,,[REF] matched hsp_solvents_2 | [CAS] PubChem CID not found for: Dihydropyran
Diisobutyl Adipate,Diisobutyl Adipate,141-04-8,,,16.7,2.5,6.2,269.6,,,,ester,Fatty Acyls,Fatty acid esters,diisobutyl adipate,Diisobutyl Adipate,Diisobutyl Adipate,,,0.7,1,hsp_polymers_6,,[REF] matched hsp_solvents_2 | [CAS] PubChem CID not found for: Diisobutyl Adipate
Diisopropylamine,Diisopropylamine,108-18-9,,,14.8,1.7,3.5,141.1,,,,amine,,,diisopropylamine,Diisopropylamine,Diisopropylamine,,,0.7,1,hsp_polymers_6,,[REF] matched hsp_solvents_2 | [CAS] PubChem CID not found for: Diisopropylamine
Diketene,Diketene,674-82-8,,,16.2,15.1,8.1,75.9,,,,ketone,Lactones,Beta propiolactones,diketene,Diketene,Diketene,,,0.7,1,hsp_polymers_6,,[REF] matched hsp_solvents_2 | [CAS] PubChem CID not found for: Diketene
Dimethyl Acetylene,Dimethyl Acetylene,503-17-3,,,15.1,3.4,7.6,78.9,,,,hydrocarbon,Unsaturated hydrocarbons,Acetylenes,dimethyl acetylene,Dimethyl Acetylene,Dimethyl Acetylene,,,0.7,1,hsp_polymers_6,,[REF] matched hsp_solvents_2 | [CAS] PubChem CID not found for: Dimethyl Acetylene
Dimethyl Amine,Dimethyl Amine,124-40-3,,,15.3,4.8,11.2,66.2,,,,amine,,,dimethyl amine,Dimethyl Amine,Dimethyl Amine,,,0.7,1,hsp_polymers_6,,[REF] matched hsp_solvents_2 | [CAS] PubChem CID not found for: Dimethyl Amine
Dimethyl Amine-Dimer,Dimethyl Amine-Dimer,,,,15.3,4.8,7.9,132.4,,,,amine,,,,,,,,0.7,1,hsp_polymers_6,,[CAS] PubChem CID not found for: Dimethyl Amine-Dimer
Dimethyl Carbonate,Dimethyl Carbonate,616-38-6,,,15.5,3.9,9.7,84.2,,,,ester,,,dimethyl carbonate,Dimethyl Carbonate,Dimethyl Carbonate; DMC,DMC,,0.7,1,hsp_polymers_6,,[REF] matched hsp_solvents_2 | [CAS] PubChem CID not found for: Dimethyl Carbonate
Dimethyl Cellosolve,Dimethyl Cellosolve,110-71-4,,,15.4,6.0,6.0,104.5,,,,glycol ether,Organooxygen compounds,Ethers,dimethyl cellosolve,Dimethyl Cellosolve,Dimethyl Cellosolve,,,0.7,1,hsp_polymers_6,,[REF] matched hsp_solvents_2 | [CAS] PubChem CID not found for: Dimethyl Cellosolve
Dimethyl Diethylene Glycol,Dimethyl Diethylene Glycol,,,,15.8,6.1,9.2,142.0,,,,alcohol,,,,,,,,0.7,1,hsp_polymers_6,,[CAS] PubChem CID not found for: Dimethyl Diethylene Glycol
Dimethyl Diketone,Dimethyl Diketone,,,,15.7,5.3,11.7,88.2,,,,ketone,,,,,,,,0.7,1,hsp_polymers_6,,[CAS] PubChem CID not found for: Dimethyl Diketone
Dimethyl Disulfid,Dimethyl Disulfid,,,,17.3,7.8,6.5,88.6,,,,other,,,,,,,,0.7,1,hsp_polymers_6,,[CAS] PubChem CID not found for: Dimethyl Disulfid
Dimethyl Ethanolamine,Dimethyl Ethanolamine,108-01-0,,,16.1,9.2,15.3,101.1,,,,alcohol,,,dimethyl ethanolamine,Dimethyl Ethanolamine,Dimethyl Ethanolamine,,,0.7,1,hsp_polymers_6,,[REF] matched hsp_solvents_2 | [CAS] PubChem CID not found for: Dimethyl Ethanolamine
Dimethyl Ethanolamine/Acetic Acid,Dimethyl Ethanolamine/Acetic Acid,,,,16.8,19.8,19.8,,,,,alcohol,,,,,,,,0.7,1,hsp_polymers_6,,[CAS] PubChem CID not found for: Dimethyl Ethanolamine/Acetic Acid
Dimethyl Ethanolamine/Formic Acid,Dimethyl Ethanolamine/Formic Acid,,,,17.2,21.5,22.5,,,,,alcohol,,,,,,,,0.7,1,hsp_polymers_6,,[CAS] PubChem CID not found for: Dimethyl Ethanolamine/Formic Acid
Dimethyl Ethanolamine/Methacrylic,Dimethyl Ethanolamine/Methacrylic,,,,17.2,18.8,17.6,,,,,alcohol,,,,,,,,0.7,1,hsp_polymers_6,,[CAS] PubChem CID not found for: Dimethyl Ethanolamine/Methacrylic
Dimethyl Ethanolamine/p-Toluene,Dimethyl Ethanolamine/p-Toluene,,,,17.2,21.5,22.5,,,,,alcohol,,,,,,,,0.7,1,hsp_polymers_6,,[CAS] PubChem CID not found for: Dimethyl Ethanolamine/p-Toluene
Dimethyl Ethanolamine/Thioglycolic,Dimethyl Ethanolamine/Thioglycolic,,,,17.2,21.5,22.5,,,,,alcohol,,,,,,,,0.7,1,hsp_polymers_6,,[CAS] PubChem CID not found for: Dimethyl Ethanolamine/Thioglycolic
Dimethyl Ether,Dimethyl Ether,115-10-6,,,15.2,6.1,5.7,63.2,,,,ether,Organooxygen compounds,Ethers,dimethyl ether,Dimethyl Ether,Dimethyl Ether,,,0.7,1,hsp_polymers_6,,[REF] matched hsp_solvents_2 | [CAS] PubChem CID not found for: Dimethyl Ether
Dimethyl Formamide,Dimethyl Formamide,,,,17.4,13.7,11.3,77.0,,,,amide,,,,,,,,0.7,1,hsp_polymers_6,,[CAS] PubChem CID not found for: Dimethyl Formamide
Dimethyl Isopropanol Amine/Acetic,Dimethyl Isopropanol Amine/Acetic,,,,16.6,19.4,18.0,,,,,alcohol,,,,,,,,0.7,1,hsp_polymers_6,,[CAS] PubChem CID not found for: Dimethyl Isopropanol Amine/Acetic
Dimethyl Ketene,Dimethyl Ketene,598-26-5,,,15.2,7.4,4.8,87.6,,,,ketone,Organooxygen compounds,Ketenes,dimethyl ketene,Dimethyl Ketene,Dimethyl Ketene,,,0.7,1,hsp_polymers_6,,[REF] matched hsp_solvents_2 | [CAS] PubChem CID not found for: Dimethyl Ketene
Dimethyl Maleate,Dimethyl Maleate,624-48-6,,,16.3,8.3,9.8,125.8,,,,ester,,,dimethyl maleate,Dimethyl Maleate,Dimethyl Maleate,,,0.7,1,hsp_polymers_6,,[REF] matched hsp_solvents_2 | [CAS] PubChem CID not found for: Dimethyl Maleate
Dimethyl Methyl Phosphonate,Dimethyl Methyl Phosphonate,756-79-6,,,16.7,13.1,7.5,106.9,,,,inorganic,,,dimethyl methyl phosphonate,Dimethyl Methyl Phosphonate,Dimethyl Methyl Phosphonate,,,0.7,1,hsp_polymers_6,,[REF] matched hsp_solvents_2 | [CAS] PubChem CID not found for: Dimethyl Methyl Phosphonate
Dimethyl Phthalate,Dimethyl Phthalate,131-11-3,,,18.6,10.8,4.9,163.0,,,,ester,,,dimethyl phthalate,Dimethyl Phthalate,Dimethyl Phthalate,,,0.7,1,hsp_polymers_6,,[REF] matched hsp_solvents_2 | [CAS] PubChem CID not found for: Dimethyl Phthalate
Dimethyl Sebacate,Dimethyl Sebacate,106-79-6,,,16.6,2.9,6.7,233.3,,,,ester,Fatty Acyls,Fatty acid esters,dimethyl sebacate,Dimethyl Sebacate,Dimethyl Sebacate,,,0.7,1,hsp_polymers_6,,[REF] matched hsp_solvents_2 | [CAS] PubChem CID not found for: Dimethyl Sebacate
Dimethyl Sulfate,Dimethyl Sulfate,77-78-1,,,17.7,17.0,9.7,94.7,,,,sulfur compound,Organic sulfuric acids and derivatives,Sulfuric acid esters,dimethyl sulfate,Dimethyl Sulfate,Dimethyl Sulfate; DMS,DMS,,0.7,1,hsp_polymers_6,,[REF] matched hsp_solvents_2 | [CAS] PubChem CID not found for: Dimethyl Sulfate
Dimethyl Sulfid,Dimethyl Sulfid,,,,16.1,6.4,7.4,73.2,,,,other,,,,,,,,0.7,1,hsp_polymers_6,,[CAS] PubChem CID not found for: Dimethyl Sulfid
Dimethyl Sulfone,Dimethyl Sulfone,67-71-0,,,19.0,19.4,12.3,75.0,,,,sulfoxide,Sulfonyls,Sulfones,dimethyl sulfone,Dimethyl Sulfone,Dimethyl Sulfone,,,0.7,1,hsp_polymers_6,,[REF] matched hsp_solvents_2 | [CAS] PubChem CID not found for: Dimethyl Sulfone
Dimethyl Sulfoxide,Dimethyl Sulfoxide,,,,18.4,16.4,10.2,71.3,,,,sulfoxide,,,,,,,,0.7,1,hsp_polymers_6,,[CAS] PubChem CID not found for: Dimethyl Sulfoxide
Dioctyl Adipate,Dioctyl Adipate,123-79-5,,,16.7,2.0,5.1,400.0,,,,ester,Fatty Acyls,Fatty alcohol esters,dioctyl adipate,Dioctyl Adipate,Dioctyl Adipate,,,0.7,1,hsp_polymers_6,,[REF] matched hsp_solvents_2 | [CAS] PubChem CID not found for: Dioctyl Adipate
Dioctyl Phthalate,Dioctyl Phthalate,,,,16.6,7.0,3.1,377.0,,,,other,,,,,,,,0.7,1,hsp_polymers_6,,[CAS] PubChem CID not found for: Dioctyl Phthalate
Dipentene,Dipentene,,,,17.2,1.8,4.3,162.9,,,,other,,,,,,,,0.7,1,hsp_polymers_6,,[CAS] PubChem CID not found for: Dipentene
Diphenyl Acetylene P from 0 Dipole,Diphenyl Acetylene P from 0 Dipole,,,,20.1,0.0,3.2,184.3,,,,aromatic,,,,,,,,0.7,1,hsp_polymers_6,,[CAS] PubChem CID not found for: Diphenyl Acetylene P from 0 Dipole
Diphenyl Acetylene P from Group Cont. (Phenylethynyl)benzene,Diphenyl Acetylene P from Group Cont. (Phenylethynyl)benzene,,,,20.1,2.0,3.2,184.3,,,,aromatic,,,,,,,,0.7,1,hsp_polymers_6,,[CAS] PubChem CID not found for: Diphenyl Acetylene P from Group Cont. (Phenylethynyl)benzene
Diphenyl Ether,Diphenyl Ether,101-84-8,,,19.5,3.4,5.8,160.4,,,,ether,Benzene and substituted derivatives,Diphenylethers,diphenyl ether,Diphenyl Ether,Diphenyl Ether,,,0.7,1,hsp_polymers_6,,[REF] matched hsp_solvents_2 | [CAS] PubChem CID not found for: Diphenyl Ether
Diphenyl Sulfone,Diphenyl Sulfone,127-63-9,,,21.1,14.4,3.4,174.3,,,,sulfoxide,Benzene and substituted derivatives,Benzenesulfonyl compounds,diphenyl sulfone,Diphenyl Sulfone,Diphenyl Sulfone,,,0.7,1,hsp_polymers_6,,[REF] matched hsp_solvents_2 | [CAS] PubChem CID not found for: Diphenyl Sulfone
Diphenylamine,Diphenylamine,122-39-4,,,20.0,3.3,5.9,145.9,,,,amine,Benzene and substituted derivatives,Aniline and substituted anilines,diphenylamine,Diphenylamine,Diphenylamine,,,0.7,1,hsp_polymers_6,,[REF] matched hsp_solvents_2 | [CAS] PubChem CID not found for: Diphenylamine
Diphenylmethane,Diphenylmethane,101-81-5,,,19.5,1.0,1.0,168.2,,,,aromatic,,,diphenylmethane,Diphenylmethane,Diphenylmethane,,,0.7,1,hsp_polymers_6,,[REF] matched hsp_solvents_2 | [CAS] PubChem CID not found for: Diphenylmethane
Dipropyl Amine,Dipropyl Amine,142-84-7,,,15.3,1.4,4.1,136.9,,,,amine,,,dipropyl amine,Dipropyl Amine,Dipropyl Amine,,,0.7,1,hsp_polymers_6,,[REF] matched hsp_solvents_2 | [CAS] PubChem CID not found for: Dipropyl Amine
Dipropyl Ketone,Dipropyl Ketone,123-19-3,,,15.8,5.7,4.9,140.8,,,,ketone,Organooxygen compounds,Carbonyl compounds,dipropyl ketone,Dipropyl Ketone,Dipropyl Ketone,,,0.7,1,hsp_polymers_6,,[REF] matched hsp_solvents_2 | [CAS] PubChem CID not found for: Dipropyl Ketone
Dipropylene Glycol,Dipropylene Glycol,2396-61-4,,,16.5,10.6,17.7,130.9,,,,glycol,Organooxygen compounds,Ethers,dipropylene glycol,Dipropylene Glycol,Dipropylene Glycol,,,0.7,1,hsp_polymers_6,,[REF] matched hsp_solvents_2 | [CAS] PubChem CID not found for: Dipropylene Glycol
Dipropylene Glycol Methyl Ether,Dipropylene Glycol Methyl Ether,112-28-7,,,15.5,5.7,11.2,157.4,,,,ether,Organooxygen compounds,Ethers,dipropylene glycol methyl ether,Dipropylene Glycol Methyl Ether,Dipropylene Glycol Methyl Ether,,,0.7,1,hsp_polymers_6,,[REF] matched hsp_solvents_2 | [CAS] PubChem CID not found for: Dipropylene Glycol Methyl Ether
Dipropylene Glycol Mono n-Butyl Ether 1-(2-Butoxy-1-methyl-,Dipropylene Glycol Mono n-Butyl Ether 1-(2-Butoxy-1-methyl-,,,,15.7,6.5,10.0,211.2,,,,alcohol,,,,,,,,0.7,1,hsp_polymers_6,,[CAS] PubChem CID not found for: Dipropylene Glycol Mono n-Butyl Ether 1-(2-Butoxy-1-methyl-
Dipropylene Glycol Mono n-Prop yl,Dipropylene Glycol Mono n-Prop yl,,,,15.6,6.1,11.0,185.6,,,,alcohol,,,,,,,,0.7,1,hsp_polymers_6,,[CAS] PubChem CID not found for: Dipropylene Glycol Mono n-Prop yl
Dipropylene Glycol Monomethyl Ether,Dipropylene Glycol Monomethyl Ether,,,,16.3,4.9,8.0,195.7,,,,alcohol,,,,,,,,0.7,1,hsp_polymers_6,,[CAS] PubChem CID not found for: Dipropylene Glycol Monomethyl Ether
Ditridecyl Phthalate,Ditridecyl Phthalate,119-06-2,,,16.6,5.4,1.9,558.3,,,,ester,Benzene and substituted derivatives,Benzoic acids and derivatives,ditridecyl phthalate,Ditridecyl Phthalate,Ditridecyl Phthalate,,,0.7,1,hsp_polymers_6,,[REF] matched hsp_solvents_2 | [CAS] PubChem CID not found for: Ditridecyl Phthalate
Divinyl Sulfid,Divinyl Sulfid,,,,16.5,4.6,5.6,93.6,,,,other,,,,,,,,0.7,1,hsp_polymers_6,,[CAS] PubChem CID not found for: Divinyl Sulfid
Dodecane,Dodecane,112-40-3,,,16.0,0.0,0.0,228.6,,,,hydrocarbon,Saturated hydrocarbons,Alkanes,dodecane,Dodecane,Dodecane,,,0.7,1,hsp_polymers_6,,[REF] matched hsp_solvents_2 | [CAS] PubChem CID not found for: Dodecane
Dodecanol,Dodecanol,112-53-8,,,16.0,4.0,9.3,224.5,,,,alcohol,Fatty Acyls,Fatty alcohols,dodecanol,Dodecanol,Dodecanol,,,0.7,1,hsp_polymers_6,,[REF] matched hsp_solvents_2 | [CAS] PubChem CID not found for: Dodecanol
Dopamine,Dopamine,51-61-6,,,18.2,10.3,19.5,183.0,,,,amine,Phenols,Benzenediols,dopamine,Dopamine,Dopamine,,,0.7,1,hsp_polymers_6,,[REF] matched hsp_solvents_2 | [CAS] PubChem CID not found for: Dopamine
Ecstasy,Ecstasy,42542-10-9,,,18.0,5.1,6.1,202.9,,,,alcohol,Benzodioxoles,,ecstasy,Ecstasy,Ecstasy,,,0.7,1,hsp_polymers_6,,[REF] matched hsp_solvents_2 | [CAS] PubChem CID not found for: Ecstasy
Eicosane,Eicosane,112-95-8,,,16.5,0.0,0.0,359.8,,,,hydrocarbon,,,eicosane,Eicosane,Eicosane,,,0.7,1,hsp_polymers_6,,[REF] matched hsp_solvents_2 | [CAS] PubChem CID not found for: Eicosane
Epichlorohydrin,Epichlorohydrin,106-89-8,,,18.9,7.6,6.6,78.4,,,,ether,Epoxides,,epichlorohydrin,Epichlorohydrin,Epichlorohydrin,,,0.7,1,hsp_polymers_6,,[REF] matched hsp_solvents_2 | [CAS] PubChem CID not found for: Epichlorohydrin
Epsilon-Caprolactam,Epsilon-Caprolactam,105-60-2,,,19.4,13.8,3.9,110.7,,,,amide,Lactams,Caprolactams,epsilon-caprolactam,Epsilon-Caprolactam,Epsilon-Caprolactam,,,0.7,1,hsp_polymers_6,,[REF] matched hsp_solvents_2 | [CAS] PubChem CID not found for: Epsilon-Caprolactam
Ethanesulfonylchloride,Ethanesulfonylchloride,594-44-5,,,17.7,14.9,6.8,94.7,,,,halogenated,Sulfonyl halides,Sulfonyl chlorides,ethanesulfonylchloride,Ethanesulfonylchloride,Ethanesulfonylchloride,,,0.7,1,hsp_polymers_6,,[REF] matched hsp_solvents_2 | [CAS] PubChem CID not found for: Ethanesulfonylchloride
Ethanethiol (Ethyl Mercaptan),Ethanethiol (Ethyl Mercaptan),75-08-1,,,15.7,6.5,7.1,74.3,,,,sulfur compound,Thiols,Alkylthiols,ethanethiol (ethyl mercaptan),Ethanethiol (Ethyl Mercaptan),Ethanethiol (Ethyl Mercaptan),,,0.7,1,hsp_polymers_6,,[REF] matched hsp_solvents_2 | [CAS] PubChem CID not found for: Ethanethiol (Ethyl Mercaptan)
Ethanol,Ethanol,64-17-5,,,15.8,8.8,19.4,58.5,,,,alcohol,Organooxygen compounds,Alcohols and polyols,ethanol,Ethanol,Ethanol; EtOH,EtOH,,0.7,1,hsp_polymers_6,,[REF] matched hsp_solvents_2 | [CAS] PubChem CID not found for: Ethanol
Ethanolamine,Ethanolamine,141-43-5,,,17.0,15.5,21.2,59.8,,,,alcohol,,,ethanolamine,Ethanolamine,Ethanolamine,,,0.7,1,hsp_polymers_6,,[REF] matched hsp_solvents_2 | [CAS] PubChem CID not found for: Ethanolamine
Ethanolamine/Acetic Acid,Ethanolamine/Acetic Acid,,,,17.2,20.3,18.4,,,,,alcohol,,,,,,,,0.7,1,hsp_polymers_6,,[CAS] PubChem CID not found for: Ethanolamine/Acetic Acid
Ethoxyethyl Propionate,Ethoxyethyl Propionate,14272-48-1,,,16.2,3.3,8.8,155.5,,,,ester,Carboxylic acids and derivatives,Carboxylic acids,ethoxyethyl propionate,Ethoxyethyl Propionate,Ethoxyethyl Propionate,,,0.7,1,hsp_polymers_6,,[REF] matched hsp_solvents_2 | [CAS] PubChem CID not found for: Ethoxyethyl Propionate
Ethyl Acetate,Ethyl Acetate,141-78-6,,,15.8,5.3,7.2,98.5,,,,ester,Carboxylic acids and derivatives,Carboxylic acid derivatives,ethyl acetate,Ethyl Acetate,Ethyl Acetate; EtOAc; EA,EtOAc; EA,,0.7,1,hsp_polymers_6,,[REF] matched hsp_solvents_2 | [CAS] PubChem CID not found for: Ethyl Acetate
Ethyl Aceto Acetate (Keto),Ethyl Aceto Acetate (Keto),141-97-9,,,16.5,10.8,8.3,125.6,,,,ester,Keto acids and derivatives,Beta-keto acids and derivatives,ethyl aceto acetate (keto),Ethyl Aceto Acetate (Keto),Ethyl Aceto Acetate (Keto),,,0.7,1,hsp_polymers_6,,[REF] matched hsp_solvents_2 | [CAS] PubChem CID not found for: Ethyl Aceto Acetate (Keto)
Ethyl Acetylene,Ethyl Acetylene,107-00-6,,,15.1,3.4,5.0,81.5,,,,hydrocarbon,,,ethyl acetylene,Ethyl Acetylene,Ethyl Acetylene,,,0.7,1,hsp_polymers_6,,[REF] matched hsp_solvents_2 | [CAS] PubChem CID not found for: Ethyl Acetylene
Ethyl Acrylate,Ethyl Acrylate,140-88-5,,,15.5,7.1,5.5,108.8,,,,ester,Carboxylic acids and derivatives,Acrylic acids and derivatives,ethyl acrylate,Ethyl Acrylate,Ethyl Acrylate,,,0.7,1,hsp_polymers_6,,[REF] matched hsp_solvents_2 | [CAS] PubChem CID not found for: Ethyl Acrylate
Ethyl Amine,Ethyl Amine,75-04-7,,,15.0,5.6,10.7,65.6,,,,amine,Organonitrogen compounds,Amines,ethyl amine,Ethyl Amine,Ethyl Amine,,,0.7,1,hsp_polymers_6,,[REF] matched hsp_solvents_2 | [CAS] PubChem CID not found for: Ethyl Amine
Ethyl Amyl Ketone,Ethyl Amyl Ketone,106-68-3,,,16.2,4.5,4.1,156.0,,,,ketone,,,ethyl amyl ketone,Ethyl Amyl Ketone,Ethyl Amyl Ketone,,,0.7,1,hsp_polymers_6,,[REF] matched hsp_solvents_2 | [CAS] PubChem CID not found for: Ethyl Amyl Ketone
Ethyl Benzene,Ethyl Benzene,100-41-4,,,17.8,0.6,1.4,123.1,,,,aromatic,Benzene and substituted derivatives,,ethyl benzene,Ethyl Benzene,Ethyl Benzene,,,0.7,1,hsp_polymers_6,,[REF] matched hsp_solvents_2 | [CAS] PubChem CID not found for: Ethyl Benzene
Ethyl Benzoate,Ethyl Benzoate,93-89-0,,,17.9,6.2,6.0,144.3,,,,ester,Benzene and substituted derivatives,Benzoic acids and derivatives,ethyl benzoate,Ethyl Benzoate,Ethyl Benzoate,,,0.7,1,hsp_polymers_6,,[REF] matched hsp_solvents_2 | [CAS] PubChem CID not found for: Ethyl Benzoate
Ethyl Bromide,Ethyl Bromide,74-96-4,,,16.5,8.4,2.3,74.6,,,,halogenated,Organobromides,,ethyl bromide,Ethyl Bromide,Ethyl Bromide,,,0.7,1,hsp_polymers_6,,[REF] matched hsp_solvents_2 | [CAS] PubChem CID not found for: Ethyl Bromide
Ethyl Butyl K etone,Ethyl Butyl K etone,,,,16.2,5.0,4.1,139.0,,,,other,,,,,,,,0.7,1,hsp_polymers_6,,[CAS] PubChem CID not found for: Ethyl Butyl K etone
Ethyl Butyrate,Ethyl Butyrate,105-54-4,,,15.5,5.6,5.0,132.9,,,,ester,,,ethyl butyrate,Ethyl Butyrate,Ethyl Butyrate,,,0.7,1,hsp_polymers_6,,[REF] matched hsp_solvents_2 | [CAS] PubChem CID not found for: Ethyl Butyrate
Ethyl Caproate,Ethyl Caproate,,,,15.5,3.2,5.9,149.6,,,,other,,,,,,,,0.7,1,hsp_polymers_6,,[CAS] PubChem CID not found for: Ethyl Caproate
Ethyl Carbamate,Ethyl Carbamate,51-79-6,,,16.8,10.1,13.0,91.2,,,,amide,Carboximidic acids and derivatives,,ethyl carbamate,Ethyl Carbamate,Ethyl Carbamate,,,0.7,1,hsp_polymers_6,,[REF] matched hsp_solvents_2 | [CAS] PubChem CID not found for: Ethyl Carbamate
Ethyl Carbylamine,Ethyl Carbylamine,624-79-3,,,15.6,15.2,5.8,74.4,,,,amine,,,ethyl carbylamine,Ethyl Carbylamine,Ethyl Carbylamine,,,0.7,1,hsp_polymers_6,,[REF] matched hsp_solvents_2 | [CAS] PubChem CID not found for: Ethyl Carbylamine
Ethyl Chloride,Ethyl Chloride,75-00-3,,,15.7,6.1,2.9,70.0,,,,halogenated,Organochlorides,,ethyl chloride,Ethyl Chloride,Ethyl Chloride,,,0.7,1,hsp_polymers_6,,[REF] matched hsp_solvents_2 | [CAS] PubChem CID not found for: Ethyl Chloride
Ethyl Chloroformate,Ethyl Chloroformate,541-41-3,,,15.5,10.0,6.7,95.6,,,,ester,Organic carbonic acids and derivatives,,ethyl chloroformate,Ethyl Chloroformate,Ethyl Chloroformate,,,0.7,1,hsp_polymers_6,,[REF] matched hsp_solvents_2 | [CAS] PubChem CID not found for: Ethyl Chloroformate
Ethyl Cinnamate,Ethyl Cinnamate,103-36-6,,,18.4,8.2,4.1,166.8,,,,ester,,,ethyl cinnamate,Ethyl Cinnamate,Ethyl Cinnamate,,,0.7,1,hsp_polymers_6,,[REF] matched hsp_solvents_2 | [CAS] PubChem CID not found for: Ethyl Cinnamate
Ethyl Cyanoacetate,Ethyl Cyanoacetate,105-56-6,,,16.7,7.9,8.3,107.1,,,,ester,Carboxylic acids and derivatives,Carboxylic acid derivatives,ethyl cyanoacetate,Ethyl Cyanoacetate,Ethyl Cyanoacetate,,,0.7,1,hsp_polymers_6,,[REF] matched hsp_solvents_2 | [CAS] PubChem CID not found for: Ethyl Cyanoacetate
Ethyl Cyanoacrylate,Ethyl Cyanoacrylate,7085-85-0,,,15.2,10.3,9.0,117.1,,,,ester,,,ethyl cyanoacrylate,Ethyl Cyanoacrylate,Ethyl Cyanoacrylate,,,0.7,1,hsp_polymers_6,,[REF] matched hsp_solvents_2 | [CAS] PubChem CID not found for: Ethyl Cyanoacrylate
Ethyl Ethynylether,Ethyl Ethynylether,927-80-0,,,15.4,7.9,5.9,87.6,,,,ether,Organooxygen compounds,,ethyl ethynylether,Ethyl Ethynylether,Ethyl Ethynylether,,,0.7,1,hsp_polymers_6,,[REF] matched hsp_solvents_2 | [CAS] PubChem CID not found for: Ethyl Ethynylether
Ethyl Formate,Ethyl Formate,109-94-4,,,15.5,8.4,8.4,80.2,,,,ester,Carboxylic acids and derivatives,Carboxylic acid derivatives,ethyl formate,Ethyl Formate,Ethyl Formate,,,0.7,1,hsp_polymers_6,,[REF] matched hsp_solvents_2 | [CAS] PubChem CID not found for: Ethyl Formate
Ethyl Hypochlorite,Ethyl Hypochlorite,624-85-1,,,15.7,8.6,6.5,79.5,,,,halogenated,Organic oxoanionic compounds,,ethyl hypochlorite,Ethyl Hypochlorite,Ethyl Hypochlorite,,,0.7,1,hsp_polymers_6,,[REF] matched hsp_solvents_2 | [CAS] PubChem CID not found for: Ethyl Hypochlorite
Ethyl Iodide,Ethyl Iodide,75-03-6,,,17.3,7.9,7.2,81.2,,,,halogenated,Organoiodides,,ethyl iodide,Ethyl Iodide,Ethyl Iodide,,,0.7,1,hsp_polymers_6,,[REF] matched hsp_solvents_2 | [CAS] PubChem CID not found for: Ethyl Iodide
Ethyl Isocyanate,Ethyl Isocyanate,109-90-0,,,15.4,12.0,2.5,78.7,,,,amide,Organonitrogen compounds,Isocyanates,ethyl isocyanate,Ethyl Isocyanate,Ethyl Isocyanate,,,0.7,1,hsp_polymers_6,,[REF] matched hsp_solvents_2 | [CAS] PubChem CID not found for: Ethyl Isocyanate
Ethyl Isopropenyl Ether,Ethyl Isopropenyl Ether,926-66-9,,,14.8,3.5,5.1,113.3,,,,ether,Organooxygen compounds,,ethyl isopropenyl ether,Ethyl Isopropenyl Ether,Ethyl Isopropenyl Ether,,,0.7,1,hsp_polymers_6,,[REF] matched hsp_solvents_2 | [CAS] PubChem CID not found for: Ethyl Isopropenyl Ether
Ethyl Isothiocyanate,Ethyl Isothiocyanate,542-85-8,,,17.2,14.7,9.0,87.1,,,,sulfur compound,Isothiocyanates,,ethyl isothiocyanate,Ethyl Isothiocyanate,Ethyl Isothiocyanate,,,0.7,1,hsp_polymers_6,,[REF] matched hsp_solvents_2 | [CAS] PubChem CID not found for: Ethyl Isothiocyanate
Ethyl Lactate,Ethyl Lactate,97-64-3,,,16.0,7.6,12.5,115.0,,,,ester,Carboxylic acids and derivatives,Carboxylic acid derivatives,ethyl lactate,Ethyl Lactate,Ethyl Lactate,,,0.7,1,hsp_polymers_6,,[REF] matched hsp_solvents_2 | [CAS] PubChem CID not found for: Ethyl Lactate
Ethyl Methacrylate,Ethyl Methacrylate,97-63-2,,,15.8,7.2,7.5,125.8,,,,ester,Carboxylic acids and derivatives,Carboxylic acid derivatives,ethyl methacrylate,Ethyl Methacrylate,Ethyl Methacrylate,,,0.7,1,hsp_polymers_6,,[REF] matched hsp_solvents_2 | [CAS] PubChem CID not found for: Ethyl Methacrylate
Ethyl Methyl Sulfid,Ethyl Methyl Sulfid,,,,17.1,4.8,2.5,91.2,,,,other,,,,,,,,0.7,1,hsp_polymers_6,,[CAS] PubChem CID not found for: Ethyl Methyl Sulfid
Ethyl Oleate,Ethyl Oleate,111-62-6,,,14.5,3.8,3.7,357.3,,,,ester,Fatty Acyls,Fatty acid esters,ethyl oleate,Ethyl Oleate,Ethyl Oleate,,,0.7,1,hsp_polymers_6,,[REF] matched hsp_solvents_2 | [CAS] PubChem CID not found for: Ethyl Oleate
Ethyl Propionate,Ethyl Propionate,105-37-3,,,15.5,6.1,4.9,115.5,,,,ester,Carboxylic acids and derivatives,Carboxylic acid derivatives,ethyl propionate,Ethyl Propionate,Ethyl Propionate,,,0.7,1,hsp_polymers_6,,[REF] matched hsp_solvents_2 | [CAS] PubChem CID not found for: Ethyl Propionate
Ethyl Thiocyanate,Ethyl Thiocyanate,542-90-5,,,15.4,13.4,5.4,87.1,,,,sulfur compound,Thiocyanates,,ethyl thiocyanate,Ethyl Thiocyanate,Ethyl Thiocyanate,,,0.7,1,hsp_polymers_6,,[REF] matched hsp_solvents_2 | [CAS] PubChem CID not found for: Ethyl Thiocyanate
Ethyl Vinylether,Ethyl Vinylether,109-92-2,,,14.9,4.9,5.6,94.9,,,,ether,Organooxygen compounds,,ethyl vinylether,Ethyl Vinylether,Ethyl Vinylether,,,0.7,1,hsp_polymers_6,,[REF] matched hsp_solvents_2 | [CAS] PubChem CID not found for: Ethyl Vinylether
Ethyl Vinylketone,Ethyl Vinylketone,1629-58-9,,,15.8,11.3,4.5,99.3,,,,ketone,Organooxygen compounds,Carbonyl compounds,ethyl vinylketone,Ethyl Vinylketone,Ethyl Vinylketone,,,0.7,1,hsp_polymers_6,,[REF] matched hsp_solvents_2 | [CAS] PubChem CID not found for: Ethyl Vinylketone
Ethyl-1-Propynylether,Ethyl-1-Propynylether,14273-06-4,,,15.9,6.4,5.4,101.6,,,,ether,Organooxygen compounds,,ethyl-1-propynylether,Ethyl-1-Propynylether,Ethyl-1-Propynylether,,,0.7,1,hsp_polymers_6,,[REF] matched hsp_solvents_2 | [CAS] PubChem CID not found for: Ethyl-1-Propynylether
Ethylene,Ethylene,74-85-1,,,15.0,2.0,3.8,63.0,,,,hydrocarbon,Unsaturated hydrocarbons,Unsaturated aliphatic hydrocarbons,ethylene,Ethylene,Ethylene,,,0.7,1,hsp_polymers_6,,[REF] matched hsp_solvents_2 | [CAS] PubChem CID not found for: Ethylene
Ethylene Carbonate,Ethylene Carbonate,96-49-1,,,19.4,21.7,5.1,66.0,,,,ester,Organic carbonic acids and derivatives,Carbonic acid diesters,ethylene carbonate,Ethylene Carbonate,Ethylene Carbonate; EC,EC,,0.7,1,hsp_polymers_6,,[REF] matched hsp_solvents_2 | [CAS] PubChem CID not found for: Ethylene Carbonate
Ethylene Chlorohydrin,Ethylene Chlorohydrin,107-07-3,,,16.9,8.8,17.2,67.3,,,,halogenated,,,ethylene chlorohydrin,Ethylene Chlorohydrin,Ethylene Chlorohydrin,,,0.7,1,hsp_polymers_6,,[REF] matched hsp_solvents_2 | [CAS] PubChem CID not found for: Ethylene Chlorohydrin
Ethylene Cyanohydrin,Ethylene Cyanohydrin,109-78-4,,,17.2,18.8,17.6,68.3,,,,nitrile,Organonitrogen compounds,Organic cyanides,ethylene cyanohydrin,Ethylene Cyanohydrin,Ethylene Cyanohydrin,,,0.7,1,hsp_polymers_6,,[REF] matched hsp_solvents_2 | [CAS] PubChem CID not found for: Ethylene Cyanohydrin
Ethylene Dibromide,Ethylene Dibromide,106-93-4,,,19.2,3.5,8.6,87.0,,,,halogenated,Organobromides,,ethylene dibromide,Ethylene Dibromide,Ethylene Dibromide,,,0.7,1,hsp_polymers_6,,[REF] matched hsp_solvents_2 | [CAS] PubChem CID not found for: Ethylene Dibromide
Ethylene Dichloride,Ethylene Dichloride,107-06-2,,,19.0,7.4,4.1,79.4,,,,halogenated,Organochlorides,,ethylene dichloride,Ethylene Dichloride,Ethylene Dichloride,,,0.7,1,hsp_polymers_6,,[REF] matched hsp_solvents_2 | [CAS] PubChem CID not found for: Ethylene Dichloride
Ethylene Dinitrate,Ethylene Dinitrate,628-96-6,,,16.2,13.0,4.5,101.7,,,,nitro,,,ethylene dinitrate,Ethylene Dinitrate,Ethylene Dinitrate,,,0.7,1,hsp_polymers_6,,[REF] matched hsp_solvents_2 | [CAS] PubChem CID not found for: Ethylene Dinitrate
Ethylene Glycol,Ethylene Glycol,107-21-1,,,17.0,11.0,26.0,55.8,,,,glycol,Organooxygen compounds,Alcohols and polyols,ethylene glycol,Ethylene Glycol,Ethylene Glycol; EG,EG,,0.7,1,hsp_polymers_6,,[REF] matched hsp_solvents_2 | [CAS] PubChem CID not found for: Ethylene Glycol
Ethylene Glycol Butyl Ether Acetate,Ethylene Glycol Butyl Ether Acetate,112-07-2,,,15.3,4.5,8.8,171.2,,,,ester,,,ethylene glycol butyl ether acetate,Ethylene Glycol Butyl Ether Acetate,Ethylene Glycol Butyl Ether Acetate,,,0.7,1,hsp_polymers_6,,[REF] matched hsp_solvents_2 | [CAS] PubChem CID not found for: Ethylene Glycol Butyl Ether Acetate
Ethylene Glycol Butyl Ethyl Ether,Ethylene Glycol Butyl Ethyl Ether,4413-13-2,,,15.3,4.9,4.6,175.5,,,,ether,Organooxygen compounds,Ethers,ethylene glycol butyl ethyl ether,Ethylene Glycol Butyl Ethyl Ether,Ethylene Glycol Butyl Ethyl Ether,,,0.7,1,hsp_polymers_6,,[REF] matched hsp_solvents_2 | [CAS] PubChem CID not found for: Ethylene Glycol Butyl Ethyl Ether
Ethylene Glycol Butyl Methyl Ether,Ethylene Glycol Butyl Methyl Ether,13343-98-1,,,15.5,5.2,4.9,157.2,,,,ether,Organooxygen compounds,Ethers,ethylene glycol butyl methyl ether,Ethylene Glycol Butyl Methyl Ether,Ethylene Glycol Butyl Methyl Ether,,,0.7,1,hsp_polymers_6,,[REF] matched hsp_solvents_2 | [CAS] PubChem CID not found for: Ethylene Glycol Butyl Methyl Ether
Ethylene Glycol Di-t-Butyl Ether,Ethylene Glycol Di-t-Butyl Ether,26547-47-7,,,14.7,4.1,8.2,210.0,,,,ether,Organooxygen compounds,Ethers,ethylene glycol di-t-butyl ether,Ethylene Glycol Di-t-Butyl Ether,Ethylene Glycol Di-t-Butyl Ether,,,0.7,1,hsp_polymers_6,,[REF] matched hsp_solvents_2 | [CAS] PubChem CID not found for: Ethylene Glycol Di-t-Butyl Ether
Ethylene Glycol Diacetate,Ethylene Glycol Diacetate,111-55-7,,,16.2,4.7,9.8,132.8,,,,ester,,,ethylene glycol diacetate,Ethylene Glycol Diacetate,Ethylene Glycol Diacetate,,,0.7,1,hsp_polymers_6,,[REF] matched hsp_solvents_2 | [CAS] PubChem CID not found for: Ethylene Glycol Diacetate
Ethylene Glycol Dib utyl Ether,Ethylene Glycol Dib utyl Ether,,,,15.7,4.5,4.2,209.5,,,,alcohol,,,,,,,,0.7,1,hsp_polymers_6,,[CAS] PubChem CID not found for: Ethylene Glycol Dib utyl Ether
Ethylene Glycol Dieth yl Ether,Ethylene Glycol Dieth yl Ether,,,,15.4,5.4,5.2,141.6,,,,alcohol,,,,,,,,0.7,1,hsp_polymers_6,,[CAS] PubChem CID not found for: Ethylene Glycol Dieth yl Ether
Ethylene Glycol Dimeth yl Ether,Ethylene Glycol Dimeth yl Ether,,,,15.4,6.3,6.0,103.9,,,,alcohol,,,,,,,,0.7,1,hsp_polymers_6,,[CAS] PubChem CID not found for: Ethylene Glycol Dimeth yl Ether
Ethylene Glycol Methyl t-Butyl,Ethylene Glycol Methyl t-Butyl,,,,15.3,5.1,8.2,157.4,,,,alcohol,,,,,,,,0.7,1,hsp_polymers_6,,[CAS] PubChem CID not found for: Ethylene Glycol Methyl t-Butyl
Ethylene Glycol Mono n-He xyl Ether,Ethylene Glycol Mono n-He xyl Ether,,,,16.0,5.0,11.4,164.5,,,,alcohol,,,,,,,,0.7,1,hsp_polymers_6,,[CAS] PubChem CID not found for: Ethylene Glycol Mono n-He xyl Ether
Ethylene Glycol Mono n-Prop yl Ether,Ethylene Glycol Mono n-Prop yl Ether,,,,16.1,8.7,13.5,114.1,,,,alcohol,,,,,,,,0.7,1,hsp_polymers_6,,[CAS] PubChem CID not found for: Ethylene Glycol Mono n-Prop yl Ether
Ethylene Glycol Mono-2-Ethyl Hexyl,Ethylene Glycol Mono-2-Ethyl Hexyl,,,,16.0,4.1,10.5,194.7,,,,alcohol,,,,,,,,0.7,1,hsp_polymers_6,,[CAS] PubChem CID not found for: Ethylene Glycol Mono-2-Ethyl Hexyl
Ethylene Glycol Mono-t-Butyl Ether,Ethylene Glycol Mono-t-Butyl Ether,,,,15.3,6.1,10.8,131.0,,,,alcohol,,,,,,,,0.7,1,hsp_polymers_6,,[CAS] PubChem CID not found for: Ethylene Glycol Mono-t-Butyl Ether
Ethylene Glycol Monob utyl Ether,Ethylene Glycol Monob utyl Ether,,,,16.0,5.1,12.3,131.6,,,,alcohol,,,,,,,,0.7,1,hsp_polymers_6,,[CAS] PubChem CID not found for: Ethylene Glycol Monob utyl Ether
Ethylene Glycol Monobenzyl Ether,Ethylene Glycol Monobenzyl Ether,,,,17.8,5.9,12.2,143.0,,,,alcohol,,,,,,,,0.7,1,hsp_polymers_6,,[CAS] PubChem CID not found for: Ethylene Glycol Monobenzyl Ether
Ethylene Glycol Monoeth yl Ether,Ethylene Glycol Monoeth yl Ether,,,,15.9,5.1,9.3,147.7,,,,alcohol,,,,,,,,0.7,1,hsp_polymers_6,,[CAS] PubChem CID not found for: Ethylene Glycol Monoeth yl Ether
Ethylene Glycol Monoeth yl Ether,Ethylene Glycol Monoeth yl Ether,,,,16.2,9.2,14.3,97.8,,,,alcohol,,,,,,,,0.7,1,hsp_polymers_6,,[CAS] PubChem CID not found for: Ethylene Glycol Monoeth yl Ether
Ethylene Glycol Monoeth yl Ether,Ethylene Glycol Monoeth yl Ether,,,,15.9,4.7,10.6,136.1,,,,alcohol,,,,,,,,0.7,1,hsp_polymers_6,,[CAS] PubChem CID not found for: Ethylene Glycol Monoeth yl Ether
Ethylene Glycol Monoisob utyl Ether,Ethylene Glycol Monoisob utyl Ether,,,,15.2,4.9,9.6,132.5,,,,alcohol,,,,,,,,0.7,1,hsp_polymers_6,,[CAS] PubChem CID not found for: Ethylene Glycol Monoisob utyl Ether
Ethylene Glycol Monoisoprop yl Ether,Ethylene Glycol Monoisoprop yl Ether,,,,16.0,8.2,13.1,115.8,,,,alcohol,,,,,,,,0.7,1,hsp_polymers_6,,[CAS] PubChem CID not found for: Ethylene Glycol Monoisoprop yl Ether
Ethylene Glycol Monometh yl Ether,Ethylene Glycol Monometh yl Ether,,,,16.2,9.2,16.4,79.1,,,,alcohol,,,,,,,,0.7,1,hsp_polymers_6,,[CAS] PubChem CID not found for: Ethylene Glycol Monometh yl Ether
Ethylene Glycol Monometh yl Ether,Ethylene Glycol Monometh yl Ether,,,,15.9,5.5,11.6,121.6,,,,alcohol,,,,,,,,0.7,1,hsp_polymers_6,,[CAS] PubChem CID not found for: Ethylene Glycol Monometh yl Ether
Ethylene Glycol Monophen yl Ether,Ethylene Glycol Monophen yl Ether,,,,17.0,7.2,12.3,125.3,,,,alcohol,,,,,,,,0.7,1,hsp_polymers_6,,[CAS] PubChem CID not found for: Ethylene Glycol Monophen yl Ether
Ethylene Glycol Sulfit,Ethylene Glycol Sulfit,,,,20.0,15.9,5.1,75.1,,,,alcohol,,,,,,,,0.7,1,hsp_polymers_6,,[CAS] PubChem CID not found for: Ethylene Glycol Sulfit
Ethylene Methyl Sulfonate,Ethylene Methyl Sulfonate,4672-49-5,,,16.9,9.3,9.6,97.9,,,,sulfur compound,Organic sulfonic acids and derivatives,Organosulfonic acids and derivatives,ethylene methyl sulfonate,Ethylene Methyl Sulfonate,Ethylene Methyl Sulfonate,,,0.7,1,hsp_polymers_6,,[REF] matched hsp_solvents_2 | [CAS] PubChem CID not found for: Ethylene Methyl Sulfonate
Ethylene Oxide,Ethylene Oxide,75-21-8,,,15.6,10.0,11.0,49.9,,,,ether,Epoxides,,ethylene oxide,Ethylene Oxide,Ethylene Oxide,,,0.7,1,hsp_polymers_6,,[REF] matched hsp_solvents_2 | [CAS] PubChem CID not found for: Ethylene Oxide
Ethylene Sulfid,Ethylene Sulfid,,,,19.3,9.0,6.5,59.5,,,,other,,,,,,,,0.7,1,hsp_polymers_6,,[CAS] PubChem CID not found for: Ethylene Sulfid
Ethylenediamine,Ethylenediamine,107-15-3,,,16.6,8.8,17.0,67.3,,,,amine,Organonitrogen compounds,Amines,ethylenediamine,Ethylenediamine,Ethylenediamine,,,0.7,1,hsp_polymers_6,,[REF] matched hsp_solvents_2 | [CAS] PubChem CID not found for: Ethylenediamine
Ethyleneimine,Ethyleneimine,151-56-4,,,18.6,9.8,7.7,51.8,,,,amine,Aziridines,,ethyleneimine,Ethyleneimine,Ethyleneimine,,,0.7,1,hsp_polymers_6,,[REF] matched hsp_solvents_2 | [CAS] PubChem CID not found for: Ethyleneimine
Ethylidene Acetone,Ethylidene Acetone,625-33-2,,,16.2,12.1,4.5,99.0,,,,ketone,Organooxygen compounds,Carbonyl compounds,ethylidene acetone,Ethylidene Acetone,Ethylidene Acetone,,,0.7,1,hsp_polymers_6,,[REF] matched hsp_solvents_2 | [CAS] PubChem CID not found for: Ethylidene Acetone
Ethynyl Methyl Ether,Ethynyl Methyl Ether,6443-91-0,,,15.8,8.1,6.5,70.1,,,,ether,,,ethynyl methyl ether,Ethynyl Methyl Ether,Ethynyl Methyl Ether,,,0.7,1,hsp_polymers_6,,[REF] matched hsp_solvents_2 | [CAS] PubChem CID not found for: Ethynyl Methyl Ether
Ethynyl Propyl Ether,Ethynyl Propyl Ether,42842-08-0,,,15.4,3.8,5.4,104.1,,,,ether,,,ethynyl propyl ether,Ethynyl Propyl Ether,Ethynyl Propyl Ether,,,0.7,1,hsp_polymers_6,,[REF] matched hsp_solvents_2 | [CAS] PubChem CID not found for: Ethynyl Propyl Ether
Eugenol,Eugenol,97-53-0,,,19.0,7.5,13.0,154.0,,,,alcohol,Phenols,Methoxyphenols,eugenol,Eugenol,Eugenol,,,0.7,1,hsp_polymers_6,,[REF] matched hsp_solvents_2 | [CAS] PubChem CID not found for: Eugenol
Fenchene(Alfa),Fenchene(Alfa),,,,16.9,1.5,3.1,157.3,,,,other,,,,,,,,0.7,1,hsp_polymers_6,,[CAS] PubChem CID not found for: Fenchene(Alfa)
Ferulic Acid,Ferulic Acid,1135-24-6,,,19.0,6.6,15.1,155.5,,,,acid,Cinnamic acids and derivatives,Hydroxycinnamic acids and derivatives,ferulic acid,Ferulic Acid,Ferulic Acid,,,0.7,1,hsp_polymers_6,,[REF] matched hsp_solvents_2 | [CAS] PubChem CID not found for: Ferulic Acid
Fluorene,Fluorene,86-73-7,,,20.0,1.7,1.7,138.2,,,,halogenated,Fluorenes,,fluorene,Fluorene,Fluorene,,,0.7,1,hsp_polymers_6,,[REF] matched hsp_solvents_2 | [CAS] PubChem CID not found for: Fluorene
Fluorobenzene,Fluorobenzene,462-06-6,,,18.7,6.1,2.0,94.7,,,,halogenated,Benzene and substituted derivatives,Halobenzenes,fluorobenzene,Fluorobenzene,Fluorobenzene,,,0.7,1,hsp_polymers_6,,[REF] matched hsp_solvents_2 | [CAS] PubChem CID not found for: Fluorobenzene
Fluoroethylene,Fluoroethylene,75-02-5,,,15.2,7.0,1.0,57.5,,,,halogenated,Vinyl halides,Vinyl fluorides,fluoroethylene,Fluoroethylene,Fluoroethylene,,,0.7,1,hsp_polymers_6,,[REF] matched hsp_solvents_2 | [CAS] PubChem CID not found for: Fluoroethylene
Fluoromethane,Fluoromethane,593-53-3,,,13.4,10.6,9.5,40.7,,,,halogenated,Alkyl halides,Halomethanes,fluoromethane,Fluoromethane,Fluoromethane,,,0.7,1,hsp_polymers_6,,[REF] matched hsp_solvents_2 | [CAS] PubChem CID not found for: Fluoromethane
Fluoroprene,Fluoroprene,381-61-3,,,14.2,5.8,1.0,85.5,,,,halogenated,Vinyl halides,Vinyl fluorides,fluoroprene,Fluoroprene,Fluoroprene,,,0.7,1,hsp_polymers_6,,[REF] matched hsp_solvents_2 | [CAS] PubChem CID not found for: Fluoroprene
Formaldehyde,Formaldehyde,50-00-0,,,12.8,14.4,15.4,36.8,,,,aldehyde,,,formaldehyde,Formaldehyde,Formaldehyde,,,0.7,1,hsp_polymers_6,,[REF] matched hsp_solvents_2 | [CAS] PubChem CID not found for: Formaldehyde
Formamide,Formamide,75-12-7,,,17.2,26.2,19.0,39.8,,,,amide,,,formamide,Formamide,Formamide,,,0.7,1,hsp_polymers_6,,[REF] matched hsp_solvents_2 | [CAS] PubChem CID not found for: Formamide
Formic Acid,Formic Acid,64-18-6,,,14.3,11.9,16.6,37.8,,,,acid,Carboxylic acids and derivatives,Carboxylic acids,formic acid,Formic Acid,Formic Acid; FA,FA,,0.7,1,hsp_polymers_6,,[REF] matched hsp_solvents_2 | [CAS] PubChem CID not found for: Formic Acid
Formyl Fluoride,Formyl Fluoride,1493-02-3,,,15.0,10.1,8.6,56.5,,,,halogenated,,,formyl fluoride,Formyl Fluoride,Formyl Fluoride,,,0.7,1,hsp_polymers_6,,[REF] matched hsp_solvents_2 | [CAS] PubChem CID not found for: Formyl Fluoride
Fumaronitrile,Fumaronitrile,764-42-1,,,16.7,13.6,7.8,83.0,,,,nitrile,,,fumaronitrile,Fumaronitrile,Fumaronitrile,,,0.7,1,hsp_polymers_6,,[REF] matched hsp_solvents_2 | [CAS] PubChem CID not found for: Fumaronitrile
Furan,Furan,110-00-9,,,17.8,1.8,5.3,72.5,,,,ether,,,furan,Furan,Furan,,,0.7,1,hsp_polymers_6,,[REF] matched hsp_solvents_2 | [CAS] PubChem CID not found for: Furan
Furfural,Furfural,98-01-1,,,18.6,14.9,5.1,83.2,,,,heterocyclic,,,furfural,Furfural,Furfural,,,0.7,1,hsp_polymers_6,,[REF] matched hsp_solvents_2 | [CAS] PubChem CID not found for: Furfural
Furfuryl Alcohol,Furfuryl Alcohol,98-00-0,,,17.4,7.6,15.1,86.5,,,,alcohol,Heteroaromatic compounds,,furfuryl alcohol,Furfuryl Alcohol,Furfuryl Alcohol,,,0.7,1,hsp_polymers_6,,[REF] matched hsp_solvents_2 | [CAS] PubChem CID not found for: Furfuryl Alcohol
Gamma-Butyrolactone,Gamma-Butyrolactone,,,,19.0,16.6,7.4,76.8,,,,heterocyclic,,,,,,,,0.7,1,hsp_polymers_6,,[CAS] PubChem CID not found for: Gamma-Butyrolactone
Gamma-Thiobutyrolactone,Gamma-Thiobutyrolactone,,,,19.0,6.9,6.2,86.6,,,,heterocyclic,,,,,,,,0.7,1,hsp_polymers_6,,[CAS] PubChem CID not found for: Gamma-Thiobutyrolactone
Glycerol,Glycerol,56-81-5,,,17.4,12.1,29.3,73.3,,,,alcohol,Organooxygen compounds,Carbohydrates and carbohydrate conjugates,glycerol,Glycerol,Glycerol,,,0.7,1,hsp_polymers_6,,[REF] matched hsp_solvents_2 | [CAS] PubChem CID not found for: Glycerol
Glycerol Diacetate (Isomer Mix),Glycerol Diacetate (Isomer Mix),,,,16.4,8.9,14.2,149.4,,,,alcohol,,,,,,,,0.7,1,hsp_polymers_6,,[CAS] PubChem CID not found for: Glycerol Diacetate (Isomer Mix)
Glycidaldehyde,Glycidaldehyde,,,,17.5,13.4,9.8,63.2,,,,aldehyde,,,,,,,,0.7,1,hsp_polymers_6,,[CAS] PubChem CID not found for: Glycidaldehyde
Glycidol,Glycidol,556-52-5,,,18.2,9.0,17.9,66.5,,,,ether,Epoxides,,glycidol,Glycidol,Glycidol,,,0.7,1,hsp_polymers_6,,[REF] matched hsp_solvents_2 | [CAS] PubChem CID not found for: Glycidol
Glycidyl Methacrylate,Glycidyl Methacrylate,106-91-2,,,16.3,8.5,5.7,136.4,,,,ester,Carboxylic acids and derivatives,Carboxylic acid derivatives,glycidyl methacrylate,Glycidyl Methacrylate,Glycidyl Methacrylate,,,0.7,1,hsp_polymers_6,,[REF] matched hsp_solvents_2 | [CAS] PubChem CID not found for: Glycidyl Methacrylate
Glyoxal (Ethandial),Glyoxal (Ethandial),107-22-2,,,15.0,17.0,13.3,50.9,,,,ketone,Organooxygen compounds,Carbonyl compounds,glyoxal (ethandial),Glyoxal (Ethandial),Glyoxal (Ethandial),,,0.7,1,hsp_polymers_6,,[REF] matched hsp_solvents_2 | [CAS] PubChem CID not found for: Glyoxal (Ethandial)
Heptane,Heptane,142-82-5,,,15.3,0.0,0.0,147.4,,,,hydrocarbon,Saturated hydrocarbons,Alkanes,heptane,Heptane,Heptane,,,0.7,1,hsp_polymers_6,,[REF] matched hsp_solvents_2 | [CAS] PubChem CID not found for: Heptane
Hexachloroacetone,Hexachloroacetone,116-16-5,,,18.3,0.0,0.0,151.9,,,,ketone,Organooxygen compounds,Carbonyl compounds,hexachloroacetone,Hexachloroacetone,Hexachloroacetone,,,0.7,1,hsp_polymers_6,,[REF] matched hsp_solvents_2 | [CAS] PubChem CID not found for: Hexachloroacetone
Hexachloroacetone,Hexachloroacetone,116-16-5,,,18.3,6.6,6.4,151.9,,,,ketone,Organooxygen compounds,Carbonyl compounds,hexachloroacetone,Hexachloroacetone,Hexachloroacetone,,,0.7,1,hsp_polymers_6,,[REF] matched hsp_solvents_2 | [CAS] PubChem CID not found for: Hexachloroacetone
Hexachlorobenzene (Lindane),Hexachlorobenzene (Lindane),,,,21.9,2.1,0.0,139.3,,,,halogenated,,,,,,,,0.7,1,hsp_polymers_6,,[CAS] PubChem CID not found for: Hexachlorobenzene (Lindane)
Hexachloroethane,Hexachloroethane,67-72-1,,,22.0,4.7,0.0,113.2,,,,halogenated,Organochlorides,,hexachloroethane,Hexachloroethane,Hexachloroethane,,,0.7,1,hsp_polymers_6,,[REF] matched hsp_solvents_2 | [CAS] PubChem CID not found for: Hexachloroethane
Hexadecane,Hexadecane,544-76-3,,,16.3,0.0,0.0,294.1,,,,hydrocarbon,Saturated hydrocarbons,Alkanes,hexadecane,Hexadecane,Hexadecane,,,0.7,1,hsp_polymers_6,,[REF] matched hsp_solvents_2 | [CAS] PubChem CID not found for: Hexadecane
Hexafluo o Isopropanol,Hexafluo o Isopropanol,,,,17.2,4.5,14.7,105.3,,,,alcohol,,,,,,,,0.7,1,hsp_polymers_6,,[CAS] PubChem CID not found for: Hexafluo o Isopropanol
Hexafluo ohexanol,Hexafluo ohexanol,,,,15.1,4.4,9.9,123.3,,,,alcohol,,,,,,,,0.7,1,hsp_polymers_6,,[CAS] PubChem CID not found for: Hexafluo ohexanol
"Hexafluoro 1,3-Butadien","Hexafluoro 1,3-Butadien",,,,13.8,0.0,0.0,104.3,,,,halogenated,,,,,,,,0.7,1,hsp_polymers_6,,"[CAS] PubChem CID not found for: Hexafluoro 1,3-Butadien"
Hexafluorobenzen,Hexafluorobenzen,,,,16.9,0.0,0.0,115.8,,,,halogenated,,,,,,,,0.7,1,hsp_polymers_6,,[CAS] PubChem CID not found for: Hexafluorobenzen
Hexamethyl Benzene,Hexamethyl Benzene,87-85-4,,,19.2,1.6,0.0,152.7,,,,aromatic,,,hexamethyl benzene,Hexamethyl Benzene,Hexamethyl Benzene,,,0.7,1,hsp_polymers_6,,[REF] matched hsp_solvents_2 | [CAS] PubChem CID not found for: Hexamethyl Benzene
Hexamethylenetetramine,Hexamethylenetetramine,100-97-0,,,19.4,11.6,13.8,105.3,,,,amine,,,hexamethylenetetramine,Hexamethylenetetramine,Hexamethylenetetramine,,,0.7,1,hsp_polymers_6,,[REF] matched hsp_solvents_2 | [CAS] PubChem CID not found for: Hexamethylenetetramine
Hexamethylphosphoramide,Hexamethylphosphoramide,680-31-9,,,18.5,8.6,11.3,175.7,,,,inorganic,Organic phosphoric acids and derivatives,Organic phosphoramides,hexamethylphosphoramide,Hexamethylphosphoramide,Hexamethylphosphoramide; HMPA,HMPA,,0.7,1,hsp_polymers_6,,[REF] matched hsp_solvents_2 | [CAS] PubChem CID not found for: Hexamethylphosphoramide
Hexanal,Hexanal,66-25-1,,,15.8,8.5,5.4,120.2,,,,aldehyde,Organooxygen compounds,Carbonyl compounds,hexanal,Hexanal,Hexanal,,,0.7,1,hsp_polymers_6,,[REF] matched hsp_solvents_2 | [CAS] PubChem CID not found for: Hexanal
Hexanoic Acid,Hexanoic Acid,142-62-1,,,15.0,4.1,9.4,125.9,,,,acid,,,hexanoic acid,Hexanoic Acid,Hexanoic Acid,,,0.7,1,hsp_polymers_6,,[REF] matched hsp_solvents_2 | [CAS] PubChem CID not found for: Hexanoic Acid
Hexyl Acetate,Hexyl Acetate,142-92-7,,,15.8,2.9,5.9,165.0,,,,ester,,,hexyl acetate,Hexyl Acetate,Hexyl Acetate,,,0.7,1,hsp_polymers_6,,[REF] matched hsp_solvents_2 | [CAS] PubChem CID not found for: Hexyl Acetate
Hexylene Glycol,Hexylene Glycol,,,,15.7,8.4,17.8,123.0,,,,alcohol,,,,,,,,0.7,1,hsp_polymers_6,,[CAS] PubChem CID not found for: Hexylene Glycol
Hexylene Glycol Diacetate,Hexylene Glycol Diacetate,6222-17-9,,,15.3,4.5,7.2,204.3,,,,ester,Carboxylic acids and derivatives,Dicarboxylic acids and derivatives,hexylene glycol diacetate,Hexylene Glycol Diacetate,Hexylene Glycol Diacetate,,,0.7,1,hsp_polymers_6,,[REF] matched hsp_solvents_2 | [CAS] PubChem CID not found for: Hexylene Glycol Diacetate
Hydrazine,Hydrazine,302-01-2,,,14.2,8.3,8.9,32.1,,,,amine,Homogeneous other non-metal compounds,,hydrazine,Hydrazine,Hydrazine,,,0.7,1,hsp_polymers_6,,[REF] matched hsp_solvents_2 | [CAS] PubChem CID not found for: Hydrazine
Hydrogen Cyanide,Hydrogen Cyanide,74-90-8,,,12.3,17.6,9.0,39.3,,,,nitrile,,,hydrogen cyanide,Hydrogen Cyanide,Hydrogen Cyanide,,,0.7,1,hsp_polymers_6,,[REF] matched hsp_solvents_2 | [CAS] PubChem CID not found for: Hydrogen Cyanide
Hydrogen Peroxide,Hydrogen Peroxide,7722-84-1,,,15.5,12.2,42.7,23.2,,,,inorganic,,,hydrogen peroxide,Hydrogen Peroxide,Hydrogen Peroxide,,,0.7,1,hsp_polymers_6,,[REF] matched hsp_solvents_2 | [CAS] PubChem CID not found for: Hydrogen Peroxide
Hydrogen Sulfide,Hydrogen Sulfide,7783-06-04 00:00:00,,,17.9,6.0,10.2,36.1,,,,sulfur compound,,,hydrogen sulfide,Hydrogen Sulfide,Hydrogen Sulfide,,,0.7,1,hsp_polymers_6,,[REF] matched hsp_solvents_2 | [CAS] PubChem CID not found for: Hydrogen Sulfide
Hydroxyethyl Acrylate,Hydroxyethyl Acrylate,818-61-1,,,16.0,13.2,13.4,114.9,,,,ester,Carboxylic acids and derivatives,Acrylic acids and derivatives,hydroxyethyl acrylate,Hydroxyethyl Acrylate,Hydroxyethyl Acrylate,,,0.7,1,hsp_polymers_6,,[REF] matched hsp_solvents_2 | [CAS] PubChem CID not found for: Hydroxyethyl Acrylate
Indene,Indene,95-13-6,,,18.7,2.6,9.0,116.5,,,,aromatic,Indenes and isoindenes,,indene,Indene,Indene,,,0.7,1,hsp_polymers_6,,[REF] matched hsp_solvents_2 | [CAS] PubChem CID not found for: Indene
Indole,Indole,120-72-9,,,19.8,7.5,6.5,110.1,,,,heterocyclic,Indoles and derivatives,Indoles,indole,Indole,Indole,,,0.7,1,hsp_polymers_6,,[REF] matched hsp_solvents_2 | [CAS] PubChem CID not found for: Indole
Iodobenzene,Iodobenzene,591-50-4,,,19.5,6.0,6.1,114.4,,,,halogenated,Benzene and substituted derivatives,Halobenzenes,iodobenzene,Iodobenzene,Iodobenzene,,,0.7,1,hsp_polymers_6,,[REF] matched hsp_solvents_2 | [CAS] PubChem CID not found for: Iodobenzene
Iodoform,Iodoform,75-47-8,,,20.2,3.6,10.6,98.2,,,,halogenated,Alkyl halides,Halomethanes,iodoform,Iodoform,Iodoform,,,0.7,1,hsp_polymers_6,,[REF] matched hsp_solvents_2 | [CAS] PubChem CID not found for: Iodoform
Iodoprene,Iodoprene,19221-28-4,,,17.2,2.5,6.2,104.2,,,,halogenated,,,iodoprene,Iodoprene,Iodoprene,,,0.7,1,hsp_polymers_6,,[REF] matched hsp_solvents_2 | [CAS] PubChem CID not found for: Iodoprene
Isoamyl Acetate,Isoamyl Acetate,123-92-2,,,15.3,3.1,7.0,148.8,,,,ester,Carboxylic acids and derivatives,Carboxylic acid derivatives,isoamyl acetate,Isoamyl Acetate,Isoamyl Acetate,,,0.7,1,hsp_polymers_6,,[REF] matched hsp_solvents_2 | [CAS] PubChem CID not found for: Isoamyl Acetate
Isoamyl Alcohol (3-Methyl-1-Butanol),Isoamyl Alcohol (3-Methyl-1-Butanol),123-51-3,,,15.8,5.2,13.3,109.4,,,,alcohol,,,isoamyl alcohol (3-methyl-1-butanol),Isoamyl Alcohol (3-Methyl-1-Butanol),Isoamyl Alcohol (3-Methyl-1-Butanol),,,0.7,1,hsp_polymers_6,,[REF] matched hsp_solvents_2 | [CAS] PubChem CID not found for: Isoamyl Alcohol (3-Methyl-1-Butanol)
Isoamyl Propionate,Isoamyl Propionate,105-68-0,,,15.7,5.2,5.6,165.7,,,,ester,Carboxylic acids and derivatives,Carboxylic acid derivatives,isoamyl propionate,Isoamyl Propionate,Isoamyl Propionate,,,0.7,1,hsp_polymers_6,,[REF] matched hsp_solvents_2 | [CAS] PubChem CID not found for: Isoamyl Propionate
Isobutyl Acetate,Isobutyl Acetate,110-19-0,,,15.1,3.7,6.3,133.5,,,,ester,Carboxylic acids and derivatives,Carboxylic acid derivatives,isobutyl acetate,Isobutyl Acetate,Isobutyl Acetate,,,0.7,1,hsp_polymers_6,,[REF] matched hsp_solvents_2 | [CAS] PubChem CID not found for: Isobutyl Acetate
Isobutyl Acrylate,Isobutyl Acrylate,106-63-8,,,15.5,6.2,5.0,145.0,,,,ester,Carboxylic acids and derivatives,Acrylic acids and derivatives,isobutyl acrylate,Isobutyl Acrylate,Isobutyl Acrylate,,,0.7,1,hsp_polymers_6,,[REF] matched hsp_solvents_2 | [CAS] PubChem CID not found for: Isobutyl Acrylate
Isobutyl Alcohol,Isobutyl Alcohol,78-83-1,,,15.1,5.7,15.9,92.8,,,,alcohol,Organooxygen compounds,Alcohols and polyols,isobutyl alcohol,Isobutyl Alcohol,Isobutyl Alcohol,,,0.7,1,hsp_polymers_6,,[REF] matched hsp_solvents_2 | [CAS] PubChem CID not found for: Isobutyl Alcohol
Isobutyl Formate,Isobutyl Formate,542-55-2,,,15.5,6.5,6.7,117.4,,,,ester,Carboxylic acids and derivatives,Carboxylic acid derivatives,isobutyl formate,Isobutyl Formate,Isobutyl Formate,,,0.7,1,hsp_polymers_6,,[REF] matched hsp_solvents_2 | [CAS] PubChem CID not found for: Isobutyl Formate
Isobutyl Isobutyrate,Isobutyl Isobutyrate,97-85-8,,,15.1,2.9,5.9,163.0,,,,ester,Carboxylic acids and derivatives,Carboxylic acid derivatives,isobutyl isobutyrate,Isobutyl Isobutyrate,Isobutyl Isobutyrate,,,0.7,1,hsp_polymers_6,,[REF] matched hsp_solvents_2 | [CAS] PubChem CID not found for: Isobutyl Isobutyrate
Isobutyl Sulfoxide,Isobutyl Sulfoxide,3085-40-3,,,16.3,10.5,6.1,195.0,,,,sulfoxide,Sulfoxides,,isobutyl sulfoxide,Isobutyl Sulfoxide,Isobutyl Sulfoxide,,,0.7,1,hsp_polymers_6,,[REF] matched hsp_solvents_2 | [CAS] PubChem CID not found for: Isobutyl Sulfoxide
Isobutylene,Isobutylene,115-11-7,,,14.5,2.0,1.5,89.4,,,,hydrocarbon,Unsaturated hydrocarbons,Branched unsaturated hydrocarbons,isobutylene,Isobutylene,Isobutylene,,,0.7,1,hsp_polymers_6,,[REF] matched hsp_solvents_2 | [CAS] PubChem CID not found for: Isobutylene
Isobutyleneoxide,Isobutyleneoxide,558-30-5,,,16.1,4.8,5.8,90.0,,,,ether,,,isobutyleneoxide,Isobutyleneoxide,Isobutyleneoxide,,,0.7,1,hsp_polymers_6,,[REF] matched hsp_solvents_2 | [CAS] PubChem CID not found for: Isobutyleneoxide
Isobutyric Acid,Isobutyric Acid,79-31-2,,,16.5,5.4,11.1,93.4,,,,acid,Carboxylic acids and derivatives,Carboxylic acids,isobutyric acid,Isobutyric Acid,Isobutyric Acid,,,0.7,1,hsp_polymers_6,,[REF] matched hsp_solvents_2 | [CAS] PubChem CID not found for: Isobutyric Acid
Isocyanic Acid,Isocyanic Acid,75-13-8,,,15.8,10.5,13.6,37.7,,,,acid,Organooxygen compounds,,isocyanic acid,Isocyanic Acid,Isocyanic Acid,,,0.7,1,hsp_polymers_6,,[REF] matched hsp_solvents_2 | [CAS] PubChem CID not found for: Isocyanic Acid
Isooctyl Alcohol,Isooctyl Alcohol,26952-21-6,,,14.4,7.3,12.9,156.6,,,,alcohol,Fatty Acyls,Fatty alcohols,isooctyl alcohol,Isooctyl Alcohol,Isooctyl Alcohol,,,0.7,1,hsp_polymers_6,,[REF] matched hsp_solvents_2 | [CAS] PubChem CID not found for: Isooctyl Alcohol
Isopentane,Isopentane,78-78-4,,,13.7,0.0,0.0,117.4,,,,hydrocarbon,Saturated hydrocarbons,Alkanes,isopentane,Isopentane,Isopentane,,,0.7,1,hsp_polymers_6,,[REF] matched hsp_solvents_2 | [CAS] PubChem CID not found for: Isopentane
Isophorone,Isophorone,78-59-1,,,16.6,8.2,7.4,150.5,,,,ketone,Organooxygen compounds,Carbonyl compounds,isophorone,Isophorone,Isophorone,,,0.7,1,hsp_polymers_6,,[REF] matched hsp_solvents_2 | [CAS] PubChem CID not found for: Isophorone
"Isoprene (2-Methyl-1,3-Butadiene)","Isoprene (2-Methyl-1,3-Butadiene)",78-79-5,,,14.7,1.4,4.1,100.9,,,,hydrocarbon,Unsaturated hydrocarbons,Branched unsaturated hydrocarbons,"isoprene (2-methyl-1,3-butadiene)","Isoprene (2-Methyl-1,3-Butadiene)","Isoprene (2-Methyl-1,3-Butadiene)",,,0.7,1,hsp_polymers_6,,"[REF] matched hsp_solvents_2 | [CAS] PubChem CID not found for: Isoprene (2-Methyl-1,3-Butadiene)"
Isopropyl Acetate,Isopropyl Acetate,108-21-4,,,14.9,4.5,8.2,117.1,,,,ester,Carboxylic acids and derivatives,Carboxylic acid derivatives,isopropyl acetate,Isopropyl Acetate,Isopropyl Acetate; iPrOAc,iPrOAc,,0.7,1,hsp_polymers_6,,[REF] matched hsp_solvents_2 | [CAS] PubChem CID not found for: Isopropyl Acetate
Isopropyl Amine (2-Propan Amine),Isopropyl Amine (2-Propan Amine),75-31-0,,,14.8,4.4,6.6,86.8,,,,amine,Organonitrogen compounds,Amines,isopropyl amine (2-propan amine),Isopropyl Amine (2-Propan Amine),Isopropyl Amine (2-Propan Amine),,,0.7,1,hsp_polymers_6,,[REF] matched hsp_solvents_2 | [CAS] PubChem CID not found for: Isopropyl Amine (2-Propan Amine)
Isopropyl Benzene (Cumene),Isopropyl Benzene (Cumene),98-82-8,,,18.1,1.2,1.2,139.1,,,,aromatic,Benzene and substituted derivatives,Cumenes,isopropyl benzene (cumene),Isopropyl Benzene (Cumene),Isopropyl Benzene (Cumene),,,0.7,1,hsp_polymers_6,,[REF] matched hsp_solvents_2 | [CAS] PubChem CID not found for: Isopropyl Benzene (Cumene)
Isopropyl Chloride (2-Chloro Propane),Isopropyl Chloride (2-Chloro Propane),75-29-6,,,15.9,8.3,2.1,91.7,,,,halogenated,Organochlorides,,isopropyl chloride (2-chloro propane),Isopropyl Chloride (2-Chloro Propane),Isopropyl Chloride (2-Chloro Propane),,,0.7,1,hsp_polymers_6,,[REF] matched hsp_solvents_2 | [CAS] PubChem CID not found for: Isopropyl Chloride (2-Chloro Propane)
Isopropyl Ether,Isopropyl Ether,108-20-3,,,13.7,3.9,2.3,140.9,,,,ether,,,isopropyl ether,Isopropyl Ether,Isopropyl Ether,,,0.7,1,hsp_polymers_6,,[REF] matched hsp_solvents_2 | [CAS] PubChem CID not found for: Isopropyl Ether
Isopropyl Palmitate,Isopropyl Palmitate,142-91-6,,,14.3,3.9,3.7,330.0,,,,ester,,,isopropyl palmitate,Isopropyl Palmitate,Isopropyl Palmitate,,,0.7,1,hsp_polymers_6,,[REF] matched hsp_solvents_2 | [CAS] PubChem CID not found for: Isopropyl Palmitate
Isovaleraldehyde,Isovaleraldehyde,590-86-3,,,14.7,9.5,5.0,106.0,,,,aldehyde,Organooxygen compounds,Carbonyl compounds,isovaleraldehyde,Isovaleraldehyde,Isovaleraldehyde,,,0.7,1,hsp_polymers_6,,[REF] matched hsp_solvents_2 | [CAS] PubChem CID not found for: Isovaleraldehyde
Isovaleric Acid,Isovaleric Acid,503-74-2,,,16.4,4.1,10.7,111.0,,,,acid,Fatty Acyls,Fatty acids and conjugates,isovaleric acid,Isovaleric Acid,Isovaleric Acid,,,0.7,1,hsp_polymers_6,,[REF] matched hsp_solvents_2 | [CAS] PubChem CID not found for: Isovaleric Acid
Isoxazole,Isoxazole,288-14-2,,,18.8,13.4,11.2,64.1,,,,heterocyclic,,,isoxazole,Isoxazole,Isoxazole,,,0.7,1,hsp_polymers_6,,[REF] matched hsp_solvents_2 | [CAS] PubChem CID not found for: Isoxazole
Ketene,Ketene,463-51-4,,,15.4,7.3,5.8,53.0,,,,ketone,Organooxygen compounds,Ketenes,ketene,Ketene,Ketene,,,0.7,1,hsp_polymers_6,,[REF] matched hsp_solvents_2 | [CAS] PubChem CID not found for: Ketene
L-Menthol,L-Menthol,2216-51-5,,,16.6,4.7,10.6,175.6,,,,alcohol,,,l-menthol,l-Menthol,l-Menthol,,,0.7,1,hsp_polymers_6,,[REF] matched hsp_solvents_2 | [CAS] PubChem CID not found for: L-Menthol
L-Menthone,L-Menthone,10458-14-7,,,17.0,8.1,4.4,172.3,,,,terpene,,,l-menthone,l-Menthone,l-Menthone,,,0.7,1,hsp_polymers_6,,[REF] matched hsp_solvents_2 | [CAS] PubChem CID not found for: L-Menthone
L-Menthyl Acetate,L-Menthyl Acetate,2623-23-6,,,16.8,4.7,4.9,215.8,,,,ester,Prenol lipids,Monoterpenoids,l-menthyl acetate,l-Menthyl Acetate,l-Menthyl Acetate,,,0.7,1,hsp_polymers_6,,[REF] matched hsp_solvents_2 | [CAS] PubChem CID not found for: L-Menthyl Acetate
Lactic Acid (DL),Lactic Acid (DL),50-21-5,,,17.0,8.3,28.4,72.1,,,,acid,Hydroxy acids and derivatives,Alpha hydroxy acids and derivatives,lactic acid (dl),Lactic Acid (dl),Lactic Acid (dl),,,0.7,1,hsp_polymers_6,,[REF] matched hsp_solvents_2 | [CAS] PubChem CID not found for: Lactic Acid (DL)
Lauryl Methacrylate,Lauryl Methacrylate,142-90-5,,,14.4,2.2,5.1,293.1,,,,ester,Fatty Acyls,Fatty alcohol esters,lauryl methacrylate,Lauryl Methacrylate,Lauryl Methacrylate,,,0.7,1,hsp_polymers_6,,[REF] matched hsp_solvents_2 | [CAS] PubChem CID not found for: Lauryl Methacrylate
m-Chloroaniline,m-Chloroaniline,108-42-9,,,20.6,9.9,9.8,105.0,,,,amine,Benzene and substituted derivatives,Aniline and substituted anilines,m-chloroaniline,m-Chloroaniline,m-Chloroaniline,,,0.7,1,hsp_polymers_6,,[REF] matched hsp_solvents_2 | [CAS] PubChem CID not found for: m-Chloroaniline
m-Cresol,m-Cresol,108-39-4,,,18.0,5.1,12.9,104.7,,,,alcohol,Phenols,Cresols,m-cresol,m-Cresol,m-Cresol,,,0.7,1,hsp_polymers_6,,[REF] matched hsp_solvents_2 | [CAS] PubChem CID not found for: m-Cresol
m-Dichlorobenzene,m-Dichlorobenzene,541-73-1,,,19.7,5.1,2.7,114.8,,,,halogenated,Benzene and substituted derivatives,Halobenzenes,m-dichlorobenzene,m-Dichlorobenzene,m-Dichlorobenzene,,,0.7,1,hsp_polymers_6,,[REF] matched hsp_solvents_2 | [CAS] PubChem CID not found for: m-Dichlorobenzene
Maleic Anhydride,Maleic Anhydride,108-31-6,,,20.2,18.1,12.6,66.3,,,,ester,Dihydrofurans,Furanones,maleic anhydride,Maleic Anhydride,Maleic Anhydride,,,0.7,1,hsp_polymers_6,,[REF] matched hsp_solvents_2 | [CAS] PubChem CID not found for: Maleic Anhydride
Malononitrile,Malononitrile,109-77-3,,,17.7,18.4,6.7,55.5,,,,nitrile,,,malononitrile,Malononitrile,Malononitrile,,,0.7,1,hsp_polymers_6,,[REF] matched hsp_solvents_2 | [CAS] PubChem CID not found for: Malononitrile
Meclofenoxate (Base Only),Meclofenoxate (Base Only),,,,16.0,6.2,9.0,198.3,,,,other,,,,,,,,0.7,1,hsp_polymers_6,,[CAS] PubChem CID not found for: Meclofenoxate (Base Only)
Menthofuran,Menthofuran,494-90-6,,,17.2,4.6,5.6,158.0,,,,ether,Prenol lipids,Monoterpenoids,menthofuran,Menthofuran,Menthofuran,,,0.7,1,hsp_polymers_6,,[REF] matched hsp_solvents_2 | [CAS] PubChem CID not found for: Menthofuran
Mesityl Oxide,Mesityl Oxide,141-79-7,,,16.4,6.1,6.1,115.6,,,,ketone,Organooxygen compounds,Carbonyl compounds,mesityl oxide,Mesityl Oxide,Mesityl Oxide,,,0.7,1,hsp_polymers_6,,[REF] matched hsp_solvents_2 | [CAS] PubChem CID not found for: Mesityl Oxide
Mesitylene,Mesitylene,108-67-8,,,18.0,0.0,0.6,139.8,,,,aromatic,Benzene and substituted derivatives,,mesitylene,Mesitylene,Mesitylene,,,0.7,1,hsp_polymers_6,,[REF] matched hsp_solvents_2 | [CAS] PubChem CID not found for: Mesitylene
Methacrylaldehyde,Methacrylaldehyde,78-85-3,,,15.7,11.1,7.4,83.3,,,,aldehyde,Organooxygen compounds,Carbonyl compounds,methacrylaldehyde,Methacrylaldehyde,Methacrylaldehyde,,,0.7,1,hsp_polymers_6,,[REF] matched hsp_solvents_2 | [CAS] PubChem CID not found for: Methacrylaldehyde
Methacrylamide,Methacrylamide,79-39-0,,,15.8,11.0,11.6,76.0,,,,amide,Carboxylic acids and derivatives,Carboxylic acid derivatives,methacrylamide,Methacrylamide,Methacrylamide,,,0.7,1,hsp_polymers_6,,[REF] matched hsp_solvents_2 | [CAS] PubChem CID not found for: Methacrylamide
Methacrylic Acid,Methacrylic Acid,79-41-4,,,15.8,2.8,10.2,84.8,,,,acid,Carboxylic acids and derivatives,Carboxylic acids,methacrylic acid,Methacrylic Acid,Methacrylic Acid,,,0.7,1,hsp_polymers_6,,[REF] matched hsp_solvents_2 | [CAS] PubChem CID not found for: Methacrylic Acid
Methacrylonitrile,Methacrylonitrile,126-98-7,,,15.8,15.1,5.4,83.9,,,,nitrile,Organonitrogen compounds,Organic cyanides,methacrylonitrile,Methacrylonitrile,Methacrylonitrile,,,0.7,1,hsp_polymers_6,,[REF] matched hsp_solvents_2 | [CAS] PubChem CID not found for: Methacrylonitrile
Methanol,Methanol,67-56-1,,,15.1,12.3,22.3,40.7,,,,alcohol,Organooxygen compounds,Alcohols and polyols,methanol,Methanol,Methanol; MeOH,MeOH,,0.7,1,hsp_polymers_6,,[REF] matched hsp_solvents_2 | [CAS] PubChem CID not found for: Methanol
Methoxyhexanone (Pentoxone),Methoxyhexanone (Pentoxone),107-70-0,,,15.3,6.0,5.9,143.5,,,,ketone,,,methoxyhexanone (pentoxone),Methoxyhexanone (Pentoxone),Methoxyhexanone (Pentoxone),,,0.7,1,hsp_polymers_6,,[REF] matched hsp_solvents_2 | [CAS] PubChem CID not found for: Methoxyhexanone (Pentoxone)
Methyl 1-Propenyl Ether,Methyl 1-Propenyl Ether,7319-16-6,,,15.0,4.3,5.7,93.5,,,,ether,,,methyl 1-propenyl ether,Methyl 1-Propenyl Ether,Methyl 1-Propenyl Ether,,,0.7,1,hsp_polymers_6,,[REF] matched hsp_solvents_2 | [CAS] PubChem CID not found for: Methyl 1-Propenyl Ether
Methyl Acetate,Methyl Acetate,79-20-9,,,15.5,7.2,7.6,79.7,,,,ester,Carboxylic acids and derivatives,Carboxylic acid derivatives,methyl acetate,Methyl Acetate,Methyl Acetate; MeOAc,MeOAc,,0.7,1,hsp_polymers_6,,[REF] matched hsp_solvents_2 | [CAS] PubChem CID not found for: Methyl Acetate
Methyl Aceto Acetate,Methyl Aceto Acetate,105-45-3,,,16.4,8.6,8.9,108.3,,,,ester,Keto acids and derivatives,Beta-keto acids and derivatives,methyl aceto acetate,Methyl Aceto Acetate,Methyl Aceto Acetate,,,0.7,1,hsp_polymers_6,,[REF] matched hsp_solvents_2 | [CAS] PubChem CID not found for: Methyl Aceto Acetate
Methyl Acetylene,Methyl Acetylene,74-99-7,,,15.1,3.8,9.2,59.6,,,,hydrocarbon,,,methyl acetylene,Methyl Acetylene,Methyl Acetylene,,,0.7,1,hsp_polymers_6,,[REF] matched hsp_solvents_2 | [CAS] PubChem CID not found for: Methyl Acetylene
Methyl Acrylate,Methyl Acrylate,96-33-3,,,15.3,6.7,9.4,90.3,,,,ester,Carboxylic acids and derivatives,Acrylic acids and derivatives,methyl acrylate,Methyl Acrylate,Methyl Acrylate,,,0.7,1,hsp_polymers_6,,[REF] matched hsp_solvents_2 | [CAS] PubChem CID not found for: Methyl Acrylate
Methyl Allyl Cyanide,Methyl Allyl Cyanide,16529-56-9,,,16.4,11.3,5.1,97.7,,,,nitrile,,,methyl allyl cyanide,Methyl Allyl Cyanide,Methyl Allyl Cyanide,,,0.7,1,hsp_polymers_6,,[REF] matched hsp_solvents_2 | [CAS] PubChem CID not found for: Methyl Allyl Cyanide
Methyl Amine,Methyl Amine,74-89-5,,,13.0,7.3,17.3,44.4,,,,amine,,,methyl amine,Methyl Amine,Methyl Amine,,,0.7,1,hsp_polymers_6,,[REF] matched hsp_solvents_2 | [CAS] PubChem CID not found for: Methyl Amine
Methyl Amyl Acetate,Methyl Amyl Acetate,108-84-9,,,15.2,3.1,6.8,167.4,,,,ester,Carboxylic acids and derivatives,Carboxylic acid derivatives,methyl amyl acetate,Methyl Amyl Acetate,Methyl Amyl Acetate,,,0.7,1,hsp_polymers_6,,[REF] matched hsp_solvents_2 | [CAS] PubChem CID not found for: Methyl Amyl Acetate
Methyl Benzoate,Methyl Benzoate,93-58-3,,,18.9,8.2,4.7,124.9,,,,ester,,,methyl benzoate,Methyl Benzoate,Methyl Benzoate,,,0.7,1,hsp_polymers_6,,[REF] matched hsp_solvents_2 | [CAS] PubChem CID not found for: Methyl Benzoate
Methyl Bromide,Methyl Bromide,74-83-9,,,17.0,8.8,2.6,56.8,,,,halogenated,Alkyl halides,Halomethanes,methyl bromide,Methyl Bromide,Methyl Bromide,,,0.7,1,hsp_polymers_6,,[REF] matched hsp_solvents_2 | [CAS] PubChem CID not found for: Methyl Bromide
Methyl Butyl K etone,Methyl Butyl K etone,,,,15.3,6.1,4.1,123.6,,,,other,,,,,,,,0.7,1,hsp_polymers_6,,[CAS] PubChem CID not found for: Methyl Butyl K etone
Methyl Chloride,Methyl Chloride,74-87-3,,,15.3,6.1,3.9,55.4,,,,halogenated,Alkyl halides,Halomethanes,methyl chloride,Methyl Chloride,Methyl Chloride,,,0.7,1,hsp_polymers_6,,[REF] matched hsp_solvents_2 | [CAS] PubChem CID not found for: Methyl Chloride
Methyl Chloroformate,Methyl Chloroformate,79-22-1,,,16.3,9.5,8.5,77.3,,,,ester,Organic carbonic acids and derivatives,,methyl chloroformate,Methyl Chloroformate,Methyl Chloroformate,,,0.7,1,hsp_polymers_6,,[REF] matched hsp_solvents_2 | [CAS] PubChem CID not found for: Methyl Chloroformate
Methyl Cyanoacetate,Methyl Cyanoacetate,105-34-0,,,16.8,14.8,9.1,88.3,,,,ester,,,methyl cyanoacetate,Methyl Cyanoacetate,Methyl Cyanoacetate,,,0.7,1,hsp_polymers_6,,[REF] matched hsp_solvents_2 | [CAS] PubChem CID not found for: Methyl Cyanoacetate
Methyl Cyclohexane,Methyl Cyclohexane,108-87-2,,,16.0,0.0,1.0,128.3,,,,hydrocarbon,,,methyl cyclohexane,Methyl Cyclohexane,Methyl Cyclohexane,,,0.7,1,hsp_polymers_6,,[REF] matched hsp_solvents_2 | [CAS] PubChem CID not found for: Methyl Cyclohexane
Methyl Ethyl Ether,Methyl Ethyl Ether,540-67-0,,,14.7,4.9,6.2,84.1,,,,ether,Organooxygen compounds,Ethers,methyl ethyl ether,Methyl Ethyl Ether,Methyl Ethyl Ether,,,0.7,1,hsp_polymers_6,,[REF] matched hsp_solvents_2 | [CAS] PubChem CID not found for: Methyl Ethyl Ether
Methyl Ethyl Ketone,Methyl Ethyl Ketone,,,,16.0,9.0,5.1,90.1,,,,ketone,,,,,,,,0.7,1,hsp_polymers_6,,[CAS] PubChem CID not found for: Methyl Ethyl Ketone
Methyl Ethyl Ketoxime,Methyl Ethyl Ketoxime,96-29-7,,,14.7,4.9,7.8,94.8,,,,amine,,,methyl ethyl ketoxime,Methyl Ethyl Ketoxime,Methyl Ethyl Ketoxime,,,0.7,1,hsp_polymers_6,,[REF] matched hsp_solvents_2 | [CAS] PubChem CID not found for: Methyl Ethyl Ketoxime
Methyl Formate,Methyl Formate,107-31-3,,,15.3,8.4,10.2,62.2,,,,ester,Carboxylic acids and derivatives,Carboxylic acid derivatives,methyl formate,Methyl Formate,Methyl Formate,,,0.7,1,hsp_polymers_6,,[REF] matched hsp_solvents_2 | [CAS] PubChem CID not found for: Methyl Formate
Methyl Furoate,Methyl Furoate,611-13-2,,,17.4,6.9,9.7,107.0,,,,ester,Furans,Furoic acid and derivatives,methyl furoate,Methyl Furoate,Methyl Furoate,,,0.7,1,hsp_polymers_6,,[REF] matched hsp_solvents_2 | [CAS] PubChem CID not found for: Methyl Furoate
Methyl Glyoxal,Methyl Glyoxal,78-98-8,,,15.5,16.1,9.7,68.9,,,,ketone,Organooxygen compounds,Carbonyl compounds,methyl glyoxal,Methyl Glyoxal,Methyl Glyoxal,,,0.7,1,hsp_polymers_6,,[REF] matched hsp_solvents_2 | [CAS] PubChem CID not found for: Methyl Glyoxal
Methyl Hydrazine,Methyl Hydrazine,60-34-4,,,16.2,8.7,14.8,52.7,,,,amine,Organonitrogen compounds,Hydrazines and derivatives,methyl hydrazine,Methyl Hydrazine,Methyl Hydrazine,,,0.7,1,hsp_polymers_6,,[REF] matched hsp_solvents_2 | [CAS] PubChem CID not found for: Methyl Hydrazine
Methyl Hydroperoxide,Methyl Hydroperoxide,3031-73-0,,,15.0,15.0,30.0,24.1,,,,other,,,methyl hydroperoxide,Methyl Hydroperoxide,Methyl Hydroperoxide,,,0.7,1,hsp_polymers_6,,[REF] matched hsp_solvents_2 | [CAS] PubChem CID not found for: Methyl Hydroperoxide
Methyl Iodide,Methyl Iodide,74-88-4,,,17.5,7.7,5.3,62.3,,,,halogenated,Alkyl halides,Halomethanes,methyl iodide,Methyl Iodide,Methyl Iodide,,,0.7,1,hsp_polymers_6,,[REF] matched hsp_solvents_2 | [CAS] PubChem CID not found for: Methyl Iodide
Methyl Isoamyl K etone,Methyl Isoamyl K etone,,,,16.0,5.7,4.1,142.8,,,,other,,,,,,,,0.7,1,hsp_polymers_6,,[CAS] PubChem CID not found for: Methyl Isoamyl K etone
Methyl Isobutyl Carbinol,Methyl Isobutyl Carbinol,108-11-2,,,15.4,3.3,12.3,127.2,,,,alcohol,Organooxygen compounds,Alcohols and polyols,methyl isobutyl carbinol,Methyl Isobutyl Carbinol,Methyl Isobutyl Carbinol,,,0.7,1,hsp_polymers_6,,[REF] matched hsp_solvents_2 | [CAS] PubChem CID not found for: Methyl Isobutyl Carbinol
Methyl Isobutyl Ketone,Methyl Isobutyl Ketone,,,,15.3,6.1,4.1,125.8,,,,ketone,,,,,,,,0.7,1,hsp_polymers_6,,[CAS] PubChem CID not found for: Methyl Isobutyl Ketone
Methyl Isocyanate,Methyl Isocyanate,624-83-9,,,15.6,7.3,2.5,61.8,,,,amide,Organonitrogen compounds,Isocyanates,methyl isocyanate,Methyl Isocyanate,Methyl Isocyanate,,,0.7,1,hsp_polymers_6,,[REF] matched hsp_solvents_2 | [CAS] PubChem CID not found for: Methyl Isocyanate
Methyl Isopropenyl Ketone,Methyl Isopropenyl Ketone,814-78-8,,,15.9,12.1,4.5,99.3,,,,ketone,Organooxygen compounds,Carbonyl compounds,methyl isopropenyl ketone,Methyl Isopropenyl Ketone,Methyl Isopropenyl Ketone,,,0.7,1,hsp_polymers_6,,[REF] matched hsp_solvents_2 | [CAS] PubChem CID not found for: Methyl Isopropenyl Ketone
Methyl Isothiocyanate,Methyl Isothiocyanate,556-61-6,,,17.3,16.2,10.1,68.4,,,,sulfur compound,Isothiocyanates,,methyl isothiocyanate,Methyl Isothiocyanate,Methyl Isothiocyanate,,,0.7,1,hsp_polymers_6,,[REF] matched hsp_solvents_2 | [CAS] PubChem CID not found for: Methyl Isothiocyanate
Methyl Mercaptan,Methyl Mercaptan,74-93-1,,,16.6,7.7,8.6,54.1,,,,sulfur compound,Thiols,Alkylthiols,methyl mercaptan,Methyl Mercaptan,Methyl Mercaptan,,,0.7,1,hsp_polymers_6,,[REF] matched hsp_solvents_2 | [CAS] PubChem CID not found for: Methyl Mercaptan
Methyl Methacrylate,Methyl Methacrylate,80-62-6,,,15.8,6.5,5.4,106.1,,,,ester,Carboxylic acids and derivatives,Carboxylic acid derivatives,methyl methacrylate,Methyl Methacrylate,Methyl Methacrylate,,,0.7,1,hsp_polymers_6,,[REF] matched hsp_solvents_2 | [CAS] PubChem CID not found for: Methyl Methacrylate
Methyl n-Amyl K etone,Methyl n-Amyl K etone,,,,16.2,5.7,4.1,139.8,,,,other,,,,,,,,0.7,1,hsp_polymers_6,,[CAS] PubChem CID not found for: Methyl n-Amyl K etone
Methyl n-Propyl Ketone,Methyl n-Propyl Ketone,107-87-9,,,16.0,7.6,4.7,106.7,,,,ketone,,,methyl n-propyl ketone,Methyl n-Propyl Ketone,Methyl n-Propyl Ketone,,,0.7,1,hsp_polymers_6,,[REF] matched hsp_solvents_2 | [CAS] PubChem CID not found for: Methyl n-Propyl Ketone
Methyl Nitrate,Methyl Nitrate,598-58-3,,,15.8,14.0,4.8,63.8,,,,nitro,Organic oxoanionic compounds,Organic nitrates,methyl nitrate,Methyl Nitrate,Methyl Nitrate,,,0.7,1,hsp_polymers_6,,[REF] matched hsp_solvents_2 | [CAS] PubChem CID not found for: Methyl Nitrate
Methyl Oleate,Methyl Oleate,112-62-9,,,14.5,3.9,3.7,340.0,,,,ester,Fatty Acyls,Fatty acid esters,methyl oleate,Methyl Oleate,Methyl Oleate,,,0.7,1,hsp_polymers_6,,[REF] matched hsp_solvents_2 | [CAS] PubChem CID not found for: Methyl Oleate
Methyl Phenyl Sulfid,Methyl Phenyl Sulfid,,,,19.6,4.8,4.7,117.4,,,,aromatic,,,,,,,,0.7,1,hsp_polymers_6,,[CAS] PubChem CID not found for: Methyl Phenyl Sulfid
Methyl Phenyl Sulfone,Methyl Phenyl Sulfone,,,,20.0,16.9,7.8,124.6,,,,aromatic,,,,,,,,0.7,1,hsp_polymers_6,,[CAS] PubChem CID not found for: Methyl Phenyl Sulfone
Methyl Phosphonic Difluorid,Methyl Phosphonic Difluorid,,,,14.0,14.0,8.4,73.9,,,,other,,,,,,,,0.7,1,hsp_polymers_6,,[CAS] PubChem CID not found for: Methyl Phosphonic Difluorid
Methyl Propionate,Methyl Propionate,554-12-1,,,15.5,6.5,7.7,96.8,,,,ester,Carboxylic acids and derivatives,Carboxylic acid derivatives,methyl propionate,Methyl Propionate,Methyl Propionate,,,0.7,1,hsp_polymers_6,,[REF] matched hsp_solvents_2 | [CAS] PubChem CID not found for: Methyl Propionate
Methyl Salicylate,Methyl Salicylate,119-36-8,,,18.1,8.0,13.9,129.6,,,,ester,Benzene and substituted derivatives,Benzoic acids and derivatives,methyl salicylate,Methyl Salicylate,Methyl Salicylate,,,0.7,1,hsp_polymers_6,,[REF] matched hsp_solvents_2 | [CAS] PubChem CID not found for: Methyl Salicylate
Methyl Silane,Methyl Silane,992-94-9,,,15.5,3.3,0.0,71.0,,,,inorganic,,,methyl silane,Methyl Silane,Methyl Silane,,,0.7,1,hsp_polymers_6,,[REF] matched hsp_solvents_2 | [CAS] PubChem CID not found for: Methyl Silane
Methyl Sulfolane,Methyl Sulfolane,872-93-5,,,19.4,17.4,5.3,112.7,,,,sulfoxide,Thiolanes,,methyl sulfolane,Methyl Sulfolane,Methyl Sulfolane,,,0.7,1,hsp_polymers_6,,[REF] matched hsp_solvents_2 | [CAS] PubChem CID not found for: Methyl Sulfolane
Methyl Thiocyanate,Methyl Thiocyanate,556-64-9,,,17.3,15.0,6.0,68.5,,,,sulfur compound,Thiocyanates,,methyl thiocyanate,Methyl Thiocyanate,Methyl Thiocyanate,,,0.7,1,hsp_polymers_6,,[REF] matched hsp_solvents_2 | [CAS] PubChem CID not found for: Methyl Thiocyanate
Methyl Thiocyanate,Methyl Thiocyanate,556-64-9,,,17.4,15.0,8.7,68.5,,,,sulfur compound,Thiocyanates,,methyl thiocyanate,Methyl Thiocyanate,Methyl Thiocyanate,,,0.7,1,hsp_polymers_6,,[REF] matched hsp_solvents_2 | [CAS] PubChem CID not found for: Methyl Thiocyanate
Methyl Vinyl Ether,Methyl Vinyl Ether,107-25-5,,,14.9,5.3,6.3,75.2,,,,ether,Organooxygen compounds,,methyl vinyl ether,Methyl Vinyl Ether,Methyl Vinyl Ether,,,0.7,1,hsp_polymers_6,,[REF] matched hsp_solvents_2 | [CAS] PubChem CID not found for: Methyl Vinyl Ether
Methyl Vinyl Ketone,Methyl Vinyl Ketone,78-94-4,,,15.6,12.5,5.0,81.2,,,,ketone,Organooxygen compounds,Carbonyl compounds,methyl vinyl ketone,Methyl Vinyl Ketone,Methyl Vinyl Ketone,,,0.7,1,hsp_polymers_6,,[REF] matched hsp_solvents_2 | [CAS] PubChem CID not found for: Methyl Vinyl Ketone
Methyl Vinyl Sulfid,Methyl Vinyl Sulfid,,,,16.4,4.9,6.0,82.1,,,,other,,,,,,,,0.7,1,hsp_polymers_6,,[CAS] PubChem CID not found for: Methyl Vinyl Sulfid
Methyl Vinyl Sulfone,Methyl Vinyl Sulfone,3680-02-02 00:00:00,,,16.8,19.6,4.8,87.6,,,,sulfoxide,,,methyl vinyl sulfone,Methyl Vinyl Sulfone,Methyl Vinyl Sulfone,,,0.7,1,hsp_polymers_6,,[REF] matched hsp_solvents_2 | [CAS] PubChem CID not found for: Methyl Vinyl Sulfone
Methyl-1-Propynyl Ether,Methyl-1-Propynyl Ether,13169-01-2,,,15.7,6.3,5.9,85.4,,,,ether,Organooxygen compounds,,methyl-1-propynyl ether,Methyl-1-Propynyl Ether,Methyl-1-Propynyl Ether,,,0.7,1,hsp_polymers_6,,[REF] matched hsp_solvents_2 | [CAS] PubChem CID not found for: Methyl-1-Propynyl Ether
Methyl-4-Toluenesulfonate,Methyl-4-Toluenesulfonate,80-48-8,,,19.6,15.3,3.8,152.6,,,,sulfur compound,Benzene and substituted derivatives,Benzenesulfonic acids and derivatives,methyl-4-toluenesulfonate,Methyl-4-Toluenesulfonate,Methyl-4-Toluenesulfonate,,,0.7,1,hsp_polymers_6,,[REF] matched hsp_solvents_2 | [CAS] PubChem CID not found for: Methyl-4-Toluenesulfonate
Methyl-p-Toluate,Methyl-p-Toluate,99-75-2,,,19.0,6.5,3.8,140.4,,,,ester,Benzene and substituted derivatives,Benzoic acids and derivatives,methyl-p-toluate,Methyl-p-Toluate,Methyl-p-Toluate,,,0.7,1,hsp_polymers_6,,[REF] matched hsp_solvents_2 | [CAS] PubChem CID not found for: Methyl-p-Toluate
Methyl-t-Butyl Ether,Methyl-t-Butyl Ether,1634-04-4,,,14.8,4.3,5.0,119.8,,,,ether,,,methyl-t-butyl ether,Methyl-t-Butyl Ether,Methyl-t-Butyl Ether,,,0.7,1,hsp_polymers_6,,[REF] matched hsp_solvents_2 | [CAS] PubChem CID not found for: Methyl-t-Butyl Ether
Methylal (Dimethoxymethane),Methylal (Dimethoxymethane),,,,15.0,1.8,8.6,169.4,,,,glycol ether,,,,,,,,0.7,1,hsp_polymers_6,,[CAS] PubChem CID not found for: Methylal (Dimethoxymethane)
Methylene Dichloride,Methylene Dichloride,,,,18.2,6.3,6.1,63.9,,,,other,,,,,,,,0.7,1,hsp_polymers_6,,[CAS] PubChem CID not found for: Methylene Dichloride
Methylene Diiodide,Methylene Diiodide,,,,17.8,3.9,5.5,80.5,,,,other,,,,,,,,0.7,1,hsp_polymers_6,,[CAS] PubChem CID not found for: Methylene Diiodide
Mono 2-Ethyl-Hexyl Phthalate (MEHP) Phthalic acid mono-(2-,Mono 2-Ethyl-Hexyl Phthalate (MEHP) Phthalic acid mono-(2-,,,,17.3,6.2,6.8,265.0,,,,acid,,,,,,,,0.7,1,hsp_polymers_6,,[CAS] PubChem CID not found for: Mono 2-Ethyl-Hexyl Phthalate (MEHP) Phthalic acid mono-(2-
Morpholine,Morpholine,110-91-8,,,18.8,4.9,9.2,87.1,,,,amine,Oxazinanes,Morpholines,morpholine,Morpholine,Morpholine,,,0.7,1,hsp_polymers_6,,[REF] matched hsp_solvents_2 | [CAS] PubChem CID not found for: Morpholine
Morpholine/Acetic Acid,Morpholine/Acetic Acid,,,,17.2,20.3,18.4,,,,,amine,,,,,,,,0.7,1,hsp_polymers_6,,[CAS] PubChem CID not found for: Morpholine/Acetic Acid
"N,N,N,N-Tetramethylthiourea","N,N,N,N-Tetramethylthiourea",2782-91-4,,,17.3,6.0,10.5,132.2,,,,amide,Thioureas,,"n,n,n,n-tetramethylthiourea","N,N,N,N-Tetramethylthiourea","N,N,N,N-Tetramethylthiourea",,,0.7,1,hsp_polymers_6,,"[REF] matched hsp_solvents_2 | [CAS] PubChem CID not found for: N,N,N,N-Tetramethylthiourea"
"N,N-Dibutyl Formamide","N,N-Dibutyl Formamide",761-65-9,,,15.5,8.9,6.2,182.0,,,,amide,Carboxylic acids and derivatives,Carboxylic acid derivatives,"n,n-dibutyl formamide","N,N-Dibutyl Formamide","N,N-Dibutyl Formamide",,,0.7,1,hsp_polymers_6,,"[REF] matched hsp_solvents_2 | [CAS] PubChem CID not found for: N,N-Dibutyl Formamide"
"N,N-Dichloroethyl Amine","N,N-Dichloroethyl Amine",334-22-5,,,16.8,7.6,7.7,98.3,,,,amine,,,"n,n-dichloroethyl amine","N,N-Dichloroethyl Amine","N,N-Dichloroethyl Amine",,,0.7,1,hsp_polymers_6,,"[REF] matched hsp_solvents_2 | [CAS] PubChem CID not found for: N,N-Dichloroethyl Amine"
"N,N-Dichloromethyl Amine","N,N-Dichloromethyl Amine",7651-91-4,,,16.8,7.6,8.0,90.8,,,,amine,Organonitrogen compounds,,"n,n-dichloromethyl amine","N,N-Dichloromethyl Amine","N,N-Dichloromethyl Amine",,,0.7,1,hsp_polymers_6,,"[REF] matched hsp_solvents_2 | [CAS] PubChem CID not found for: N,N-Dichloromethyl Amine"
"N,N-Diethyl Acetamide","N,N-Diethyl Acetamide",685-91-6,,,16.4,11.3,7.5,124.5,,,,amide,,,"n,n-diethyl acetamide","N,N-Diethyl Acetamide","N,N-Diethyl Acetamide",,,0.7,1,hsp_polymers_6,,"[REF] matched hsp_solvents_2 | [CAS] PubChem CID not found for: N,N-Diethyl Acetamide"
"N,N-Diethyl Formamide","N,N-Diethyl Formamide",617-84-5,,,16.4,11.4,9.2,111.4,,,,amide,,,"n,n-diethyl formamide","N,N-Diethyl Formamide","N,N-Diethyl Formamide",,,0.7,1,hsp_polymers_6,,"[REF] matched hsp_solvents_2 | [CAS] PubChem CID not found for: N,N-Diethyl Formamide"
"N,N-Dimethyl Acetamide","N,N-Dimethyl Acetamide",127-19-5,,,16.8,11.5,10.2,92.5,,,,amide,,,"n,n-dimethyl acetamide","N,N-Dimethyl Acetamide","N,N-Dimethyl Acetamide",,,0.7,1,hsp_polymers_6,,"[REF] matched hsp_solvents_2 | [CAS] PubChem CID not found for: N,N-Dimethyl Acetamide"
"N,N-Dimethyl Butyramide","N,N-Dimethyl Butyramide",760-79-2,,,16.4,10.6,7.4,127.8,,,,amide,Fatty Acyls,Fatty amides,"n,n-dimethyl butyramide","N,N-Dimethyl Butyramide","N,N-Dimethyl Butyramide",,,0.7,1,hsp_polymers_6,,"[REF] matched hsp_solvents_2 | [CAS] PubChem CID not found for: N,N-Dimethyl Butyramide"
N-(2-Hydroxyethyl)-2-Pyrrolidone,N-(2-Hydroxyethyl)-2-Pyrrolidone,3445-11-02 00:00:00,,,18.0,9.2,15.7,113.4,,,,amide,,,n-(2-hydroxyethyl)-2-pyrrolidone,N-(2-Hydroxyethyl)-2-Pyrrolidone,N-(2-Hydroxyethyl)-2-Pyrrolidone,,,0.7,1,hsp_polymers_6,,[REF] matched hsp_solvents_2 | [CAS] PubChem CID not found for: N-(2-Hydroxyethyl)-2-Pyrrolidone
N-Acetyl Caprolactam,N-Acetyl Caprolactam,1888-91-1,,,18.9,8.7,4.8,155.0,,,,amide,,,n-acetyl caprolactam,N-Acetyl Caprolactam,N-Acetyl Caprolactam,,,0.7,1,hsp_polymers_6,,[REF] matched hsp_solvents_2 | [CAS] PubChem CID not found for: N-Acetyl Caprolactam
N-Acetyl Morpholine,N-Acetyl Morpholine,,,,18.3,5.3,7.8,115.6,,,,amine,,,,,,,,0.7,1,hsp_polymers_6,,[CAS] PubChem CID not found for: N-Acetyl Morpholine
N-Acetyl Piperidine,N-Acetyl Piperidine,618-42-8,,,18.5,10.0,6.5,125.8,,,,amine,Piperidines,N-acylpiperidines,n-acetyl piperidine,N-Acetyl Piperidine,N-Acetyl Piperidine,,,0.7,1,hsp_polymers_6,,[REF] matched hsp_solvents_2 | [CAS] PubChem CID not found for: N-Acetyl Piperidine
N-Acetyl Pyrrolidone,N-Acetyl Pyrrolidone,932-17-2,,,17.8,13.1,8.3,127.0,,,,amide,Pyrrolidines,N-acylpyrrolidines,n-acetyl pyrrolidone,N-Acetyl Pyrrolidone,N-Acetyl Pyrrolidone,,,0.7,1,hsp_polymers_6,,[REF] matched hsp_solvents_2 | [CAS] PubChem CID not found for: N-Acetyl Pyrrolidone
N-Benzyl Pyrrolidone,N-Benzyl Pyrrolidone,5291-77-0,,,18.2,6.1,5.6,160.0,,,,amide,Benzene and substituted derivatives,,n-benzyl pyrrolidone,N-Benzyl Pyrrolidone,N-Benzyl Pyrrolidone,,,0.7,1,hsp_polymers_6,,[REF] matched hsp_solvents_2 | [CAS] PubChem CID not found for: N-Benzyl Pyrrolidone
n-Butyl Acetate,n-Butyl Acetate,123-86-4,,,15.8,3.7,6.3,132.5,,,,ester,Carboxylic acids and derivatives,Carboxylic acid derivatives,n-butyl acetate,n-Butyl Acetate,n-Butyl Acetate; BuOAc; BA,BuOAc; BA,,0.7,1,hsp_polymers_6,,[REF] matched hsp_solvents_2 | [CAS] PubChem CID not found for: n-Butyl Acetate
n-Butyl Aceto Acetate,n-Butyl Aceto Acetate,591-60-6,,,16.6,5.8,7.3,164.3,,,,ester,,,n-butyl aceto acetate,n-Butyl Aceto Acetate,n-Butyl Aceto Acetate,,,0.7,1,hsp_polymers_6,,[REF] matched hsp_solvents_2 | [CAS] PubChem CID not found for: n-Butyl Aceto Acetate
n-Butyl Acrylate,n-Butyl Acrylate,141-32-2,,,15.6,6.2,4.9,143.8,,,,ester,Carboxylic acids and derivatives,Acrylic acids and derivatives,n-butyl acrylate,n-Butyl Acrylate,n-Butyl Acrylate,,,0.7,1,hsp_polymers_6,,[REF] matched hsp_solvents_2 | [CAS] PubChem CID not found for: n-Butyl Acrylate
n-Butyl Amine,n-Butyl Amine,109-73-9,,,16.2,4.5,8.0,99.0,,,,amine,Organonitrogen compounds,Amines,n-butyl amine,n-Butyl Amine,n-Butyl Amine,,,0.7,1,hsp_polymers_6,,[REF] matched hsp_solvents_2 | [CAS] PubChem CID not found for: n-Butyl Amine
N-Butyl Amine/Acetic Acid,N-Butyl Amine/Acetic Acid,,,,16.0,20.3,18.4,,,,,amine,,,,,,,,0.7,1,hsp_polymers_6,,[CAS] PubChem CID not found for: N-Butyl Amine/Acetic Acid
n-Butyl Butyrate,n-Butyl Butyrate,109-21-7,,,15.6,2.9,5.6,166.7,,,,ester,,,n-butyl butyrate,n-Butyl Butyrate,n-Butyl Butyrate,,,0.7,1,hsp_polymers_6,,[REF] matched hsp_solvents_2 | [CAS] PubChem CID not found for: n-Butyl Butyrate
n-Butyl Cyclohexane,n-Butyl Cyclohexane,1678-93-9,,,16.2,0.0,0.6,176.7,,,,hydrocarbon,Saturated hydrocarbons,Cycloalkanes,n-butyl cyclohexane,n-Butyl Cyclohexane,n-Butyl Cyclohexane,,,0.7,1,hsp_polymers_6,,[REF] matched hsp_solvents_2 | [CAS] PubChem CID not found for: n-Butyl Cyclohexane
n-Butyl Cyclopentane,n-Butyl Cyclopentane,2040-95-1,,,16.4,0.0,1.0,162.0,,,,hydrocarbon,Saturated hydrocarbons,Cycloalkanes,n-butyl cyclopentane,n-Butyl Cyclopentane,n-Butyl Cyclopentane,,,0.7,1,hsp_polymers_6,,[REF] matched hsp_solvents_2 | [CAS] PubChem CID not found for: n-Butyl Cyclopentane
n-Butyl Methacrylate,n-Butyl Methacrylate,97-88-1,,,15.6,6.4,6.6,159.4,,,,ester,Carboxylic acids and derivatives,Carboxylic acid derivatives,n-butyl methacrylate,n-Butyl Methacrylate,n-Butyl Methacrylate,,,0.7,1,hsp_polymers_6,,[REF] matched hsp_solvents_2 | [CAS] PubChem CID not found for: n-Butyl Methacrylate
n-Butyl Propionate,n-Butyl Propionate,590-01-2,,,15.7,5.5,5.9,149.7,,,,ester,,,n-butyl propionate,n-Butyl Propionate,n-Butyl Propionate,,,0.7,1,hsp_polymers_6,,[REF] matched hsp_solvents_2 | [CAS] PubChem CID not found for: n-Butyl Propionate
N-Butyl Pyrrolidone,N-Butyl Pyrrolidone,,,,17.5,9.9,5.8,148.0,,,,heterocyclic,,,,,,,,0.7,1,hsp_polymers_6,,[CAS] PubChem CID not found for: N-Butyl Pyrrolidone
n-Butyl Salicylate,n-Butyl Salicylate,2052-14-4,,,17.9,4.8,11.7,181.7,,,,ester,Benzene and substituted derivatives,Benzoic acids and derivatives,n-butyl salicylate,n-Butyl Salicylate,n-Butyl Salicylate,,,0.7,1,hsp_polymers_6,,[REF] matched hsp_solvents_2 | [CAS] PubChem CID not found for: n-Butyl Salicylate
n-Butylbenzene,n-Butylbenzene,104-51-8,,,17.4,0.1,1.1,157.0,,,,aromatic,Benzene and substituted derivatives,,n-butylbenzene,n-Butylbenzene,n-Butylbenzene,,,0.7,1,hsp_polymers_6,,[REF] matched hsp_solvents_2 | [CAS] PubChem CID not found for: n-Butylbenzene
n-Butyramide,n-Butyramide,541-35-5,,,16.9,13.7,12.3,98.4,,,,amide,Fatty Acyls,Fatty amides,n-butyramide,n-Butyramide,n-Butyramide,,,0.7,1,hsp_polymers_6,,[REF] matched hsp_solvents_2 | [CAS] PubChem CID not found for: n-Butyramide
N-Chlorodimethylamine,N-Chlorodimethylamine,1585-74-6,,,16.0,7.8,7.9,87.4,,,,amine,Organonitrogen compounds,,n-chlorodimethylamine,N-Chlorodimethylamine,N-Chlorodimethylamine,,,0.7,1,hsp_polymers_6,,[REF] matched hsp_solvents_2 | [CAS] PubChem CID not found for: N-Chlorodimethylamine
N-Cyclohexyl-2-Pyrrolidone,N-Cyclohexyl-2-Pyrrolidone,6837-24-7,,,18.2,6.8,6.5,163.0,,,,amide,Pyrrolidines,N-alkylpyrrolidines,n-cyclohexyl-2-pyrrolidone,N-Cyclohexyl-2-Pyrrolidone,N-Cyclohexyl-2-Pyrrolidone,,,0.7,1,hsp_polymers_6,,[REF] matched hsp_solvents_2 | [CAS] PubChem CID not found for: N-Cyclohexyl-2-Pyrrolidone
N-Ethyl Formamide,N-Ethyl Formamide,627-45-2,,,17.2,10.0,14.0,76.5,,,,amide,Carboxylic acids and derivatives,Carboxylic acid derivatives,n-ethyl formamide,N-Ethyl Formamide,N-Ethyl Formamide,,,0.7,1,hsp_polymers_6,,[REF] matched hsp_solvents_2 | [CAS] PubChem CID not found for: N-Ethyl Formamide
N-Ethyl-2-Pyrrolidone,N-Ethyl-2-Pyrrolidone,2687-91-4,,,18.0,12.0,7.0,113.9,,,,amide,Pyrrolidines,N-alkylpyrrolidines,n-ethyl-2-pyrrolidone,N-Ethyl-2-Pyrrolidone,N-Ethyl-2-Pyrrolidone,,,0.7,1,hsp_polymers_6,,[REF] matched hsp_solvents_2 | [CAS] PubChem CID not found for: N-Ethyl-2-Pyrrolidone
N-Formyl Hexamethylene Imine,N-Formyl Hexamethylene Imine,25114-81-2,,,18.5,10.4,7.6,127.0,,,,amide,Azepanes,,n-formyl hexamethylene imine,N-Formyl Hexamethylene Imine,N-Formyl Hexamethylene Imine,,,0.7,1,hsp_polymers_6,,[REF] matched hsp_solvents_2 | [CAS] PubChem CID not found for: N-Formyl Hexamethylene Imine
N-Formyl Piperidine,N-Formyl Piperidine,2591-86-8,,,18.7,10.6,7.8,111.5,,,,amide,Piperidines,,n-formyl piperidine,N-Formyl Piperidine,N-Formyl Piperidine,,,0.7,1,hsp_polymers_6,,[REF] matched hsp_solvents_2 | [CAS] PubChem CID not found for: N-Formyl Piperidine
n-Heptyl Acetate,n-Heptyl Acetate,112-06-1,,,15.8,2.9,5.5,181.1,,,,ester,Carboxylic acids and derivatives,Carboxylic acid derivatives,n-heptyl acetate,n-Heptyl Acetate,n-Heptyl Acetate,,,0.7,1,hsp_polymers_6,,[REF] matched hsp_solvents_2 | [CAS] PubChem CID not found for: n-Heptyl Acetate
n-Hexane,n-Hexane,,,,14.9,0.0,0.0,131.6,,,,other,,,,,,,,0.7,1,hsp_polymers_6,,[CAS] PubChem CID not found for: n-Hexane
N-Methyl Acetamide,N-Methyl Acetamide,79-16-3,,,16.9,18.7,13.9,76.9,,,,amide,Carboximidic acids and derivatives,Carboximidic acids,n-methyl acetamide,N-Methyl Acetamide,N-Methyl Acetamide,,,0.7,1,hsp_polymers_6,,[REF] matched hsp_solvents_2 | [CAS] PubChem CID not found for: N-Methyl Acetamide
N-Methyl Formamide,N-Methyl Formamide,123-39-7,,,17.4,18.8,15.9,59.1,,,,amide,Carboximidic acids and derivatives,Carboximidic acids,n-methyl formamide,N-Methyl Formamide,N-Methyl Formamide,,,0.7,1,hsp_polymers_6,,[REF] matched hsp_solvents_2 | [CAS] PubChem CID not found for: N-Methyl Formamide
N-Methyl Morpholine-N-Oxide,N-Methyl Morpholine-N-Oxide,,,,19.0,16.1,10.2,97.6,,,,amine,,,,,,,,0.7,1,hsp_polymers_6,,[CAS] PubChem CID not found for: N-Methyl Morpholine-N-Oxide
N-Methyl Pyrrolidine,N-Methyl Pyrrolidine,120-94-5,,,17.0,2.8,6.9,104.0,,,,amine,,,n-methyl pyrrolidine,N-Methyl Pyrrolidine,N-Methyl Pyrrolidine,,,0.7,1,hsp_polymers_6,,[REF] matched hsp_solvents_2 | [CAS] PubChem CID not found for: N-Methyl Pyrrolidine
N-Methyl-2-Pyrrolidone,N-Methyl-2-Pyrrolidone,,,,18.0,12.3,7.2,96.5,,,,heterocyclic,,,,,,,,0.7,1,hsp_polymers_6,,[CAS] PubChem CID not found for: N-Methyl-2-Pyrrolidone
N-Methylaniline,N-Methylaniline,100-61-8,,,19.5,6.0,11.5,108.4,,,,amine,,,n-methylaniline,N-Methylaniline,N-Methylaniline,,,0.7,1,hsp_polymers_6,,[REF] matched hsp_solvents_2 | [CAS] PubChem CID not found for: N-Methylaniline
n-Pentyl Propionate,n-Pentyl Propionate,624-54-4,,,15.8,5.2,5.7,165.3,,,,ester,Carboxylic acids and derivatives,Carboxylic acid derivatives,n-pentyl propionate,n-Pentyl Propionate,n-Pentyl Propionate,,,0.7,1,hsp_polymers_6,,[REF] matched hsp_solvents_2 | [CAS] PubChem CID not found for: n-Pentyl Propionate
n-Propyl Acetate,n-Propyl Acetate,109-60-4,,,15.3,4.3,7.6,115.3,,,,ester,Carboxylic acids and derivatives,Carboxylic acid derivatives,n-propyl acetate,n-Propyl Acetate,n-Propyl Acetate,,,0.7,1,hsp_polymers_6,,[REF] matched hsp_solvents_2 | [CAS] PubChem CID not found for: n-Propyl Acetate
n-Propyl Nitrate,n-Propyl Nitrate,627-13-4,,,15.8,11.3,4.1,99.7,,,,nitro,,,n-propyl nitrate,n-Propyl Nitrate,n-Propyl Nitrate,,,0.7,1,hsp_polymers_6,,[REF] matched hsp_solvents_2 | [CAS] PubChem CID not found for: n-Propyl Nitrate
n-Tetradecane,n-Tetradecane,629-59-4,,,16.2,0.0,0.0,261.3,,,,hydrocarbon,Saturated hydrocarbons,Alkanes,n-tetradecane,n-Tetradecane,n-Tetradecane,,,0.7,1,hsp_polymers_6,,[REF] matched hsp_solvents_2 | [CAS] PubChem CID not found for: n-Tetradecane
Naphtha.High-Flash,Naphtha.High-Flash,,,,17.9,0.7,1.8,181.8,,,,other,,,,,,,,0.7,1,hsp_polymers_6,,[CAS] PubChem CID not found for: Naphtha.High-Flash
Naphthalene,Naphthalene,91-20-3,,,19.2,2.0,5.9,111.5,,,,aromatic,Naphthalenes,,naphthalene,Naphthalene,Naphthalene,,,0.7,1,hsp_polymers_6,,[REF] matched hsp_solvents_2 | [CAS] PubChem CID not found for: Naphthalene
Nicotine,Nicotine,54-11-5,,,18.5,7.8,6.5,160.7,,,,heterocyclic,Pyridines and derivatives,Pyrrolidinylpyridines,nicotine,Nicotine,Nicotine,,,0.7,1,hsp_polymers_6,,[REF] matched hsp_solvents_2 | [CAS] PubChem CID not found for: Nicotine
Nitrobenzene,Nitrobenzene,98-95-3,,,20.0,8.6,4.1,102.7,,,,nitro,Benzene and substituted derivatives,Nitrobenzenes,nitrobenzene,Nitrobenzene,Nitrobenzene,,,0.7,1,hsp_polymers_6,,[REF] matched hsp_solvents_2 | [CAS] PubChem CID not found for: Nitrobenzene
Nitroethane,Nitroethane,79-24-3,,,16.0,15.5,4.5,71.5,,,,nitro,"Allyl-type 1,3-dipolar organic compounds",Organic nitro compounds,nitroethane,Nitroethane,Nitroethane,,,0.7,1,hsp_polymers_6,,[REF] matched hsp_solvents_2 | [CAS] PubChem CID not found for: Nitroethane
Nitroethylene,Nitroethylene,3638-64-0,,,16.3,16.6,5.0,59.9,,,,nitro,"Allyl-type 1,3-dipolar organic compounds",Organic nitro compounds,nitroethylene,Nitroethylene,Nitroethylene,,,0.7,1,hsp_polymers_6,,[REF] matched hsp_solvents_2 | [CAS] PubChem CID not found for: Nitroethylene
Nitroglycerin (Glyceryl Trinitrate),Nitroglycerin (Glyceryl Trinitrate),55-63-0,,,16.2,17.8,5.9,142.5,,,,nitro,Organic oxoanionic compounds,Organic nitrates,nitroglycerin (glyceryl trinitrate),Nitroglycerin (Glyceryl Trinitrate),Nitroglycerin (Glyceryl Trinitrate),,,0.7,1,hsp_polymers_6,,[REF] matched hsp_solvents_2 | [CAS] PubChem CID not found for: Nitroglycerin (Glyceryl Trinitrate)
Nitromethane,Nitromethane,75-52-5,,,15.8,18.8,5.1,54.3,,,,nitro,"Allyl-type 1,3-dipolar organic compounds",Organic nitro compounds,nitromethane,Nitromethane,Nitromethane; MeNO2,MeNO2,,0.7,1,hsp_polymers_6,,[REF] matched hsp_solvents_2 | [CAS] PubChem CID not found for: Nitromethane
Nitrosobenzene,Nitrosobenzene,586-96-9,,,20.0,12.7,4.0,89.3,,,,nitro,Benzene and substituted derivatives,,nitrosobenzene,Nitrosobenzene,Nitrosobenzene,,,0.7,1,hsp_polymers_6,,[REF] matched hsp_solvents_2 | [CAS] PubChem CID not found for: Nitrosobenzene
Nonane,Nonane,111-84-2,,,15.7,0.0,0.0,179.7,,,,hydrocarbon,Saturated hydrocarbons,Alkanes,nonane,Nonane,Nonane,,,0.7,1,hsp_polymers_6,,[REF] matched hsp_solvents_2 | [CAS] PubChem CID not found for: Nonane
Nonyl Phenol,Nonyl Phenol,104-40-5,,,16.5,4.1,9.2,231.0,,,,alcohol,Phenols,1-hydroxy-2-unsubstituted benzenoids,nonyl phenol,Nonyl Phenol,Nonyl Phenol,,,0.7,1,hsp_polymers_6,,[REF] matched hsp_solvents_2 | [CAS] PubChem CID not found for: Nonyl Phenol
Nonyl Phenoxy Ethanol,Nonyl Phenoxy Ethanol,27986-36-3,,,16.7,10.2,8.4,275.0,,,,alcohol,Phenol ethers,,nonyl phenoxy ethanol,Nonyl Phenoxy Ethanol,Nonyl Phenoxy Ethanol,,,0.7,1,hsp_polymers_6,,[REF] matched hsp_solvents_2 | [CAS] PubChem CID not found for: Nonyl Phenoxy Ethanol
Norephedrin,Norephedrin,299-42-3,,,18.0,10.7,24.1,141.9,,,,other,,,norephedrin,Norephedrin,Norephedrin,,,0.7,1,hsp_polymers_6,,[REF] matched hsp_solvents_2 | [CAS] PubChem CID not found for: Norephedrin
o-Bromoanisole,o-Bromoanisole,578-57-4,,,19.8,8.4,6.7,124.5,,,,ether,Phenol ethers,Anisoles,o-bromoanisole,o-Bromoanisole,o-Bromoanisole,,,0.7,1,hsp_polymers_6,,[REF] matched hsp_solvents_2 | [CAS] PubChem CID not found for: o-Bromoanisole
o-Bromochlorobenzene,o-Bromochlorobenzene,694-80-4,,,20.3,7.7,4.6,116.9,,,,halogenated,Benzene and substituted derivatives,Halobenzenes,o-bromochlorobenzene,o-Bromochlorobenzene,o-Bromochlorobenzene,,,0.7,1,hsp_polymers_6,,[REF] matched hsp_solvents_2 | [CAS] PubChem CID not found for: o-Bromochlorobenzene
o-Bromostyrene,o-Bromostyrene,2039-88-5,,,19.5,5.2,5.3,130.0,,,,halogenated,Benzene and substituted derivatives,Styrenes,o-bromostyrene,o-Bromostyrene,o-Bromostyrene,,,0.7,1,hsp_polymers_6,,[REF] matched hsp_solvents_2 | [CAS] PubChem CID not found for: o-Bromostyrene
o-Bromotoluene,o-Bromotoluene,95-46-5,,,19.3,5.0,4.2,119.0,,,,halogenated,Benzene and substituted derivatives,Halobenzenes,o-bromotoluene,o-Bromotoluene,o-Bromotoluene,,,0.7,1,hsp_polymers_6,,[REF] matched hsp_solvents_2 | [CAS] PubChem CID not found for: o-Bromotoluene
o-Chlorofluorobenzen,o-Chlorofluorobenzen,,,,19.4,8.7,2.0,104.9,,,,halogenated,,,,,,,,0.7,1,hsp_polymers_6,,[CAS] PubChem CID not found for: o-Chlorofluorobenzen
o-Chlorostyrene,o-Chlorostyrene,2039-87-4,,,18.7,4.7,3.9,126.8,,,,halogenated,Benzene and substituted derivatives,Styrenes,o-chlorostyrene,o-Chlorostyrene,o-Chlorostyrene,,,0.7,1,hsp_polymers_6,,[REF] matched hsp_solvents_2 | [CAS] PubChem CID not found for: o-Chlorostyrene
o-Chlorothiophenol,o-Chlorothiophenol,6320-03-02 00:00:00,,,20.2,7.0,10.0,113.4,,,,alcohol,,,o-chlorothiophenol,o-Chlorothiophenol,o-Chlorothiophenol,,,0.7,1,hsp_polymers_6,,[REF] matched hsp_solvents_2 | [CAS] PubChem CID not found for: o-Chlorothiophenol
o-Dibromobenzene,o-Dibromobenzene,583-53-9,,,20.7,6.5,5.3,120.0,,,,halogenated,Benzene and substituted derivatives,Halobenzenes,o-dibromobenzene,o-Dibromobenzene,o-Dibromobenzene,,,0.7,1,hsp_polymers_6,,[REF] matched hsp_solvents_2 | [CAS] PubChem CID not found for: o-Dibromobenzene
o-Dichlorobenzene,o-Dichlorobenzene,95-50-1,,,19.2,6.3,3.3,112.8,,,,halogenated,Benzene and substituted derivatives,Halobenzenes,o-dichlorobenzene,o-Dichlorobenzene,o-Dichlorobenzene,,,0.7,1,hsp_polymers_6,,[REF] matched hsp_solvents_2 | [CAS] PubChem CID not found for: o-Dichlorobenzene
o-Difluorobenzen,o-Difluorobenzen,,,,18.0,9.0,1.0,98.5,,,,halogenated,,,,,,,,0.7,1,hsp_polymers_6,,[CAS] PubChem CID not found for: o-Difluorobenzen
o-Methoxyphenol (Guaiacol),o-Methoxyphenol (Guaiacol),90-05-1,,,18.0,8.2,13.3,109.5,,,,alcohol,,,o-methoxyphenol (guaiacol),o-Methoxyphenol (Guaiacol),o-Methoxyphenol (Guaiacol),,,0.7,1,hsp_polymers_6,,[REF] matched hsp_solvents_2 | [CAS] PubChem CID not found for: o-Methoxyphenol (Guaiacol)
o-n-Butyltoluene,o-n-Butyltoluene,1595-11-5,,,17.6,0.1,1.0,171.3,,,,aromatic,,,o-n-butyltoluene,o-n-Butyltoluene,o-n-Butyltoluene,,,0.7,1,hsp_polymers_6,,[REF] matched hsp_solvents_2 | [CAS] PubChem CID not found for: o-n-Butyltoluene
o-Xylene,o-Xylene,,,,17.8,1.0,3.1,121.2,,,,aromatic,,,,,,,,0.7,1,hsp_polymers_6,,[CAS] PubChem CID not found for: o-Xylene
Octadecane,Octadecane,593-45-3,,,16.4,0.0,0.0,326.9,,,,hydrocarbon,Saturated hydrocarbons,Alkanes,octadecane,Octadecane,Octadecane,,,0.7,1,hsp_polymers_6,,[REF] matched hsp_solvents_2 | [CAS] PubChem CID not found for: Octadecane
Octane,Octane,111-65-9,,,15.5,0.0,0.0,163.5,,,,hydrocarbon,Saturated hydrocarbons,Alkanes,octane,Octane,Octane,,,0.7,1,hsp_polymers_6,,[REF] matched hsp_solvents_2 | [CAS] PubChem CID not found for: Octane
Octanoic Acid,Octanoic Acid,124-07-2,,,15.1,3.3,8.2,159.0,,,,acid,Fatty Acyls,Fatty acids and conjugates,octanoic acid,Octanoic Acid,Octanoic Acid,,,0.7,1,hsp_polymers_6,,[REF] matched hsp_solvents_2 | [CAS] PubChem CID not found for: Octanoic Acid
Octyl Acetate,Octyl Acetate,112-14-1,,,15.8,2.9,5.1,196.0,,,,ester,,,octyl acetate,Octyl Acetate,Octyl Acetate,,,0.7,1,hsp_polymers_6,,[REF] matched hsp_solvents_2 | [CAS] PubChem CID not found for: Octyl Acetate
Oleic Acid,Oleic Acid,112-80-1,,,16.0,2.8,6.2,317.0,,,,acid,,,oleic acid,Oleic Acid,Oleic Acid,,,0.7,1,hsp_polymers_6,,[REF] matched hsp_solvents_2 | [CAS] PubChem CID not found for: Oleic Acid
Oleyl Alcohol,Oleyl Alcohol,143-28-2,,,14.3,2.6,8.0,316.0,,,,alcohol,Fatty Acyls,Fatty alcohols,oleyl alcohol,Oleyl Alcohol,Oleyl Alcohol,,,0.7,1,hsp_polymers_6,,[REF] matched hsp_solvents_2 | [CAS] PubChem CID not found for: Oleyl Alcohol
Oxalic Acid,Oxalic Acid,144-62-7,,,17.0,14.3,22.0,47.4,,,,acid,Carboxylic acids and derivatives,Dicarboxylic acids and derivatives,oxalic acid,Oxalic Acid,Oxalic Acid,,,0.7,1,hsp_polymers_6,,[REF] matched hsp_solvents_2 | [CAS] PubChem CID not found for: Oxalic Acid
Oxalylchloride,Oxalylchloride,79-37-8,,,16.1,3.8,7.5,85.8,,,,halogenated,,,oxalylchloride,Oxalylchloride,Oxalylchloride,,,0.7,1,hsp_polymers_6,,[REF] matched hsp_solvents_2 | [CAS] PubChem CID not found for: Oxalylchloride
Oxetane (Trimethylene Oxide),Oxetane (Trimethylene Oxide),503-30-0,,,18.0,9.1,5.4,65.0,,,,ether,,,oxetane (trimethylene oxide),Oxetane (Trimethylene Oxide),Oxetane (Trimethylene Oxide),,,0.7,1,hsp_polymers_6,,[REF] matched hsp_solvents_2 | [CAS] PubChem CID not found for: Oxetane (Trimethylene Oxide)
Ozone,Ozone,10028-15-6,,,19.8,4.2,0.0,24.0,,,,inorganic,Other non-metal organides,Other non-metal oxides,ozone,Ozone,Ozone,,,0.7,1,hsp_polymers_6,,[REF] matched hsp_solvents_2 | [CAS] PubChem CID not found for: Ozone
p-Anisidine (Methoxy Aniline),p-Anisidine (Methoxy Aniline),104-94-9,,,19.9,6.5,11.3,113.3,,,,amine,,,p-anisidine (methoxy aniline),p-Anisidine (Methoxy Aniline),p-Anisidine (Methoxy Aniline),,,0.7,1,hsp_polymers_6,,[REF] matched hsp_solvents_2 | [CAS] PubChem CID not found for: p-Anisidine (Methoxy Aniline)
p-Bromobenzonitrile,p-Bromobenzonitrile,623-00-7,,,20.4,9.3,5.8,113.8,,,,nitrile,,,p-bromobenzonitrile,p-Bromobenzonitrile,p-Bromobenzonitrile,,,0.7,1,hsp_polymers_6,,[REF] matched hsp_solvents_2 | [CAS] PubChem CID not found for: p-Bromobenzonitrile
p-Bromobenzoyl Chloride,p-Bromobenzoyl Chloride,586-75-4,,,20.2,6.5,5.5,137.2,,,,halogenated,,,p-bromobenzoyl chloride,p-Bromobenzoyl Chloride,p-Bromobenzoyl Chloride,,,0.7,1,hsp_polymers_6,,[REF] matched hsp_solvents_2 | [CAS] PubChem CID not found for: p-Bromobenzoyl Chloride
p-Bromonitrobenzene,p-Bromonitrobenzene,586-78-7,,,20.9,9.9,5.9,103.7,,,,nitro,Benzene and substituted derivatives,Nitrobenzenes,p-bromonitrobenzene,p-Bromonitrobenzene,p-Bromonitrobenzene,,,0.7,1,hsp_polymers_6,,[REF] matched hsp_solvents_2 | [CAS] PubChem CID not found for: p-Bromonitrobenzene
p-Bromotoluene,p-Bromotoluene,106-38-7,,,19.3,6.8,4.1,122.9,,,,halogenated,,,p-bromotoluene,p-Bromotoluene,p-Bromotoluene,,,0.7,1,hsp_polymers_6,,[REF] matched hsp_solvents_2 | [CAS] PubChem CID not found for: p-Bromotoluene
p-Chloro Acetophenone,p-Chloro Acetophenone,99-91-2,,,19.6,7.6,4.0,129.7,,,,ketone,Organooxygen compounds,Carbonyl compounds,p-chloro acetophenone,p-Chloro Acetophenone,p-Chloro Acetophenone,,,0.7,1,hsp_polymers_6,,[REF] matched hsp_solvents_2 | [CAS] PubChem CID not found for: p-Chloro Acetophenone
p-Chlorobenzoyl Chloride,p-Chlorobenzoyl Chloride,122-01-0,,,19.9,6.7,5.1,127.1,,,,halogenated,,,p-chlorobenzoyl chloride,p-Chlorobenzoyl Chloride,p-Chlorobenzoyl Chloride,,,0.7,1,hsp_polymers_6,,[REF] matched hsp_solvents_2 | [CAS] PubChem CID not found for: p-Chlorobenzoyl Chloride
p-Chloronitrobenzene,p-Chloronitrobenzene,100-00-5,,,20.4,9.6,4.2,103.7,,,,nitro,Benzene and substituted derivatives,Nitrobenzenes,p-chloronitrobenzene,p-Chloronitrobenzene,p-Chloronitrobenzene,,,0.7,1,hsp_polymers_6,,[REF] matched hsp_solvents_2 | [CAS] PubChem CID not found for: p-Chloronitrobenzene
p-Chlorostyrene,p-Chlorostyrene,1073-67-2,,,18.7,4.3,3.9,128.3,,,,halogenated,,,p-chlorostyrene,p-Chlorostyrene,p-Chlorostyrene,,,0.7,1,hsp_polymers_6,,[REF] matched hsp_solvents_2 | [CAS] PubChem CID not found for: p-Chlorostyrene
p-Chlorotoluene,p-Chlorotoluene,106-43-4,,,19.1,6.2,2.6,118.3,,,,halogenated,Benzene and substituted derivatives,Halobenzenes,p-chlorotoluene,p-Chlorotoluene,p-Chlorotoluene,,,0.7,1,hsp_polymers_6,,[REF] matched hsp_solvents_2 | [CAS] PubChem CID not found for: p-Chlorotoluene
p-Coumaryl Alcohol,p-Coumaryl Alcohol,3690-05-09 00:00:00,,,19.1,7.0,17.3,136.5,,,,alcohol,,,p-coumaryl alcohol,p-Coumaryl Alcohol,p-Coumaryl Alcohol,,,0.7,1,hsp_polymers_6,,[REF] matched hsp_solvents_2 | [CAS] PubChem CID not found for: p-Coumaryl Alcohol
p-Dichlorobenzene,p-Dichlorobenzene,106-46-7,,,19.7,5.6,2.7,118.6,,,,halogenated,Benzene and substituted derivatives,Halobenzenes,p-dichlorobenzene,p-Dichlorobenzene,p-Dichlorobenzene,,,0.7,1,hsp_polymers_6,,[REF] matched hsp_solvents_2 | [CAS] PubChem CID not found for: p-Dichlorobenzene
p-Diethyl Benzene,p-Diethyl Benzene,105-05-5,,,18.0,0.0,0.6,156.9,,,,aromatic,Benzene and substituted derivatives,,p-diethyl benzene,p-Diethyl Benzene,p-Diethyl Benzene,,,0.7,1,hsp_polymers_6,,[REF] matched hsp_solvents_2 | [CAS] PubChem CID not found for: p-Diethyl Benzene
p-Divinyl Benzene,p-Divinyl Benzene,105-06-6,,,18.6,1.0,7.0,142.8,,,,aromatic,Benzene and substituted derivatives,Styrenes,p-divinyl benzene,p-Divinyl Benzene,p-Divinyl Benzene,,,0.7,1,hsp_polymers_6,,[REF] matched hsp_solvents_2 | [CAS] PubChem CID not found for: p-Divinyl Benzene
p-Fluoroanisole,p-Fluoroanisole,459-60-9,,,18.7,7.3,6.7,113.2,,,,ether,Phenol ethers,Anisoles,p-fluoroanisole,p-Fluoroanisole,p-Fluoroanisole,,,0.7,1,hsp_polymers_6,,[REF] matched hsp_solvents_2 | [CAS] PubChem CID not found for: p-Fluoroanisole
p-n-Butyltoluene,p-n-Butyltoluene,1595-05-7,,,17.4,0.1,1.0,174.2,,,,aromatic,,,p-n-butyltoluene,p-n-Butyltoluene,p-n-Butyltoluene,,,0.7,1,hsp_polymers_6,,[REF] matched hsp_solvents_2 | [CAS] PubChem CID not found for: p-n-Butyltoluene
p-Nitro Toluene,p-Nitro Toluene,99-99-0,,,20.1,9.6,3.9,98.5,,,,nitro,Benzene and substituted derivatives,Nitrobenzenes,p-nitro toluene,p-Nitro Toluene,p-Nitro Toluene,,,0.7,1,hsp_polymers_6,,[REF] matched hsp_solvents_2 | [CAS] PubChem CID not found for: p-Nitro Toluene
Paracetamol,Paracetamol,103-90-2,,,17.8,10.5,13.9,151.2,,,,amide,Phenols,1-hydroxy-2-unsubstituted benzenoids,paracetamol,Paracetamol,Paracetamol,,,0.7,1,hsp_polymers_6,,[REF] matched hsp_solvents_2 | [CAS] PubChem CID not found for: Paracetamol
Paraldehyde,Paraldehyde,123-63-7,,,16.6,7.5,7.3,132.4,,,,aldehyde,Trioxanes,,paraldehyde,Paraldehyde,Paraldehyde,,,0.7,1,hsp_polymers_6,,[REF] matched hsp_solvents_2 | [CAS] PubChem CID not found for: Paraldehyde
"Paraquat 1,1'-Dimethyl-4,4'-","Paraquat 1,1'-Dimethyl-4,4'-",,,,19.5,8.8,5.9,205.7,,,,other,,,,,,,,0.7,1,hsp_polymers_6,,"[CAS] PubChem CID not found for: Paraquat 1,1'-Dimethyl-4,4'-"
Pentachloro Ethane,Pentachloro Ethane,76-01-7,,,18.2,3.2,2.4,120.9,,,,halogenated,,,pentachloro ethane,Pentachloro Ethane,Pentachloro Ethane,,,0.7,1,hsp_polymers_6,,[REF] matched hsp_solvents_2 | [CAS] PubChem CID not found for: Pentachloro Ethane
Pentachlorocyclopropane,Pentachlorocyclopropane,6262-51-7,,,18.5,10.5,3.7,128.5,,,,halogenated,Organochlorides,,pentachlorocyclopropane,Pentachlorocyclopropane,Pentachlorocyclopropane,,,0.7,1,hsp_polymers_6,,[REF] matched hsp_solvents_2 | [CAS] PubChem CID not found for: Pentachlorocyclopropane
Pentachlorophenol,Pentachlorophenol,87-86-5,,,21.5,6.9,12.8,134.7,,,,alcohol,Phenols,Halophenols,pentachlorophenol,Pentachlorophenol,Pentachlorophenol,,,0.7,1,hsp_polymers_6,,[REF] matched hsp_solvents_2 | [CAS] PubChem CID not found for: Pentachlorophenol
Pentafluorobenzophenon,Pentafluorobenzophenon,,,,19.3,8.1,5.4,185.5,,,,halogenated,,,,,,,,0.7,1,hsp_polymers_6,,[CAS] PubChem CID not found for: Pentafluorobenzophenon
Pentamethylene Sulfid,Pentamethylene Sulfid,,,,18.5,6.3,8.9,103.6,,,,other,,,,,,,,0.7,1,hsp_polymers_6,,[CAS] PubChem CID not found for: Pentamethylene Sulfid
Pentanal (Valeraldehyde),Pentanal (Valeraldehyde),110-62-3,,,15.7,9.4,5.8,106.4,,,,aldehyde,Organooxygen compounds,Carbonyl compounds,pentanal (valeraldehyde),Pentanal (Valeraldehyde),Pentanal (Valeraldehyde),,,0.7,1,hsp_polymers_6,,[REF] matched hsp_solvents_2 | [CAS] PubChem CID not found for: Pentanal (Valeraldehyde)
Pentane,Pentane,109-66-0,,,14.5,0.0,0.0,116.2,,,,hydrocarbon,Saturated hydrocarbons,Alkanes,pentane,Pentane,Pentane,,,0.7,1,hsp_polymers_6,,[REF] matched hsp_solvents_2 | [CAS] PubChem CID not found for: Pentane
Pentanoic Acid,Pentanoic Acid,109-52-4,,,15.0,4.1,10.3,109.2,,,,acid,Fatty Acyls,Fatty acids and conjugates,pentanoic acid,Pentanoic Acid,Pentanoic Acid,,,0.7,1,hsp_polymers_6,,[REF] matched hsp_solvents_2 | [CAS] PubChem CID not found for: Pentanoic Acid
Perfluoro Dimet ylcyclohexane,Perfluoro Dimet ylcyclohexane,,,,12.4,0.0,0.0,217.4,,,,halogenated,,,,,,,,0.7,1,hsp_polymers_6,,[CAS] PubChem CID not found for: Perfluoro Dimet ylcyclohexane
Perfluoro Ethylene (Tetrafluoro Ethylene),Perfluoro Ethylene (Tetrafluoro Ethylene),,,,15.1,0.0,0.0,65.8,,,,halogenated,,,,,,,,0.7,1,hsp_polymers_6,,[CAS] PubChem CID not found for: Perfluoro Ethylene (Tetrafluoro Ethylene)
Perfluoroheptane,Perfluoroheptane,335-57-9,,,12.0,0.0,0.0,227.3,,,,fluorinated,,,perfluoroheptane,Perfluoroheptane,Perfluoroheptane,,,0.7,1,hsp_polymers_6,,[REF] matched hsp_solvents_2 | [CAS] PubChem CID not found for: Perfluoroheptane
Perfluoromet ylcyclohexane,Perfluoromet ylcyclohexane,,,,12.4,0.0,0.0,196.0,,,,halogenated,,,,,,,,0.7,1,hsp_polymers_6,,[CAS] PubChem CID not found for: Perfluoromet ylcyclohexane
Phenetole (Ethyl Phenyl Ether),Phenetole (Ethyl Phenyl Ether),103-73-1,,,18.4,4.5,4.0,127.3,,,,ether,Phenol ethers,,phenetole (ethyl phenyl ether),Phenetole (Ethyl Phenyl Ether),Phenetole (Ethyl Phenyl Ether),,,0.7,1,hsp_polymers_6,,[REF] matched hsp_solvents_2 | [CAS] PubChem CID not found for: Phenetole (Ethyl Phenyl Ether)
Phenol,Phenol,108-95-2,,,18.0,5.9,14.9,87.5,,,,alcohol,Phenols,1-hydroxy-4-unsubstituted benzenoids,phenol,Phenol,Phenol,,,0.7,1,hsp_polymers_6,,[REF] matched hsp_solvents_2 | [CAS] PubChem CID not found for: Phenol
Phenyl Acetate,Phenyl Acetate,122-79-2,,,19.8,5.2,6.4,126.9,,,,ester,Phenol esters,,phenyl acetate,Phenyl Acetate,Phenyl Acetate,,,0.7,1,hsp_polymers_6,,[REF] matched hsp_solvents_2 | [CAS] PubChem CID not found for: Phenyl Acetate
Phenyl Acetonitrile,Phenyl Acetonitrile,140-29-4,,,19.5,12.3,3.8,114.9,,,,nitrile,,,phenyl acetonitrile,Phenyl Acetonitrile,Phenyl Acetonitrile; MeCN; ACN,MeCN; ACN,,0.7,1,hsp_polymers_6,,[REF] matched hsp_solvents_2 | [CAS] PubChem CID not found for: Phenyl Acetonitrile
Phenyl Acetylene,Phenyl Acetylene,536-74-3,,,18.8,2.8,4.0,109.1,,,,aromatic,,,phenyl acetylene,Phenyl Acetylene,Phenyl Acetylene,,,0.7,1,hsp_polymers_6,,[REF] matched hsp_solvents_2 | [CAS] PubChem CID not found for: Phenyl Acetylene
Phenylhydrazine,Phenylhydrazine,100-63-0,,,20.4,6.5,14.0,98.5,,,,amine,Benzene and substituted derivatives,Phenylhydrazines,phenylhydrazine,Phenylhydrazine,Phenylhydrazine,,,0.7,1,hsp_polymers_6,,[REF] matched hsp_solvents_2 | [CAS] PubChem CID not found for: Phenylhydrazine
Phosgene,Phosgene,75-44-5,,,16.4,5.3,5.3,71.7,,,,hydrocarbon,Halogen organides,Halogen oxides,phosgene,Phosgene,Phosgene,,,0.7,1,hsp_polymers_6,,[REF] matched hsp_solvents_2 | [CAS] PubChem CID not found for: Phosgene
Phosphoric Acid,Phosphoric Acid,7664-38-2,,,14.7,18.6,26.8,52.8,,,,inorganic,Non-metal oxoanionic compounds,Non-metal phosphates,phosphoric acid,Phosphoric Acid,Phosphoric Acid,,,0.7,1,hsp_polymers_6,,[REF] matched hsp_solvents_2 | [CAS] PubChem CID not found for: Phosphoric Acid
Phosphorous Oxychloride (Phosphoryl,Phosphorous Oxychloride (Phosphoryl,,,,18.1,9.3,0.0,93.2,,,,other,,,,,,,,0.7,1,hsp_polymers_6,,[CAS] PubChem CID not found for: Phosphorous Oxychloride (Phosphoryl
Phosphorus Trichloride,Phosphorus Trichloride,,,,18.4,3.6,0.0,87.3,,,,halogenated,,,phosphorus trichloride,Phosphorus Trichloride,Phosphorus Trichloride,,,0.7,1,hsp_polymers_6,,[REF] matched hsp_solvents_2 | [CAS] PubChem CID not found for: Phosphorus Trichloride
Phthalic Anhydride,Phthalic Anhydride,85-44-9,,,20.6,20.1,10.1,96.8,,,,ester,Benzofurans,Benzofuranones,phthalic anhydride,Phthalic Anhydride,Phthalic Anhydride,,,0.7,1,hsp_polymers_6,,[REF] matched hsp_solvents_2 | [CAS] PubChem CID not found for: Phthalic Anhydride
"Picric Acid (2,4,6-Trinitrophenol)","Picric Acid (2,4,6-Trinitrophenol)",88-89-1,,,19.2,7.0,6.0,130.0,,,,alcohol,Phenols,Nitrophenols,"picric acid (2,4,6-trinitrophenol)","Picric Acid (2,4,6-Trinitrophenol)","Picric Acid (2,4,6-Trinitrophenol)",,,0.7,1,hsp_polymers_6,,"[REF] matched hsp_solvents_2 | [CAS] PubChem CID not found for: Picric Acid (2,4,6-Trinitrophenol)"
Pine Oil,Pine Oil,8006-88-0,,,15.6,3.0,9.8,155.0,,,,terpene,,,pine oil,Pine Oil,Pine Oil,,,0.7,1,hsp_polymers_6,,[REF] matched hsp_solvents_2 | [CAS] PubChem CID not found for: Pine Oil
Piperazine,Piperazine,110-85-0,,,18.1,5.6,8.0,97.9,,,,amine,Diazinanes,Piperazines,piperazine,Piperazine,Piperazine,,,0.7,1,hsp_polymers_6,,[REF] matched hsp_solvents_2 | [CAS] PubChem CID not found for: Piperazine
Piperidine,Piperidine,110-89-4,,,17.6,4.5,8.9,98.9,,,,amine,Piperidines,,piperidine,Piperidine,Piperidine,,,0.7,1,hsp_polymers_6,,[REF] matched hsp_solvents_2 | [CAS] PubChem CID not found for: Piperidine
Propane,Propane,74-98-6,,,13.4,0.0,0.0,89.5,,,,hydrocarbon,,,propane,Propane,Propane,,,0.7,1,hsp_polymers_6,,[REF] matched hsp_solvents_2 | [CAS] PubChem CID not found for: Propane
Propargyl Acetate,Propargyl Acetate,627-09-8,,,16.3,5.2,8.3,98.8,,,,ester,Carboxylic acids and derivatives,Carboxylic acid derivatives,propargyl acetate,Propargyl Acetate,Propargyl Acetate,,,0.7,1,hsp_polymers_6,,[REF] matched hsp_solvents_2 | [CAS] PubChem CID not found for: Propargyl Acetate
Propargylaldehyde,Propargylaldehyde,624-67-9,,,16.2,11.9,8.7,60.0,,,,aldehyde,,,propargylaldehyde,Propargylaldehyde,Propargylaldehyde,,,0.7,1,hsp_polymers_6,,[REF] matched hsp_solvents_2 | [CAS] PubChem CID not found for: Propargylaldehyde
Propionaldehyde,Propionaldehyde,123-38-6,,,15.3,11.1,6.9,73.4,,,,aldehyde,Organooxygen compounds,Carbonyl compounds,propionaldehyde,Propionaldehyde,Propionaldehyde,,,0.7,1,hsp_polymers_6,,[REF] matched hsp_solvents_2 | [CAS] PubChem CID not found for: Propionaldehyde
"Propionaldehyde-2,3-Epoxy","Propionaldehyde-2,3-Epoxy",,,,17.5,13.4,9.8,63.2,,,,aldehyde,,,,,,,,0.7,1,hsp_polymers_6,,"[CAS] PubChem CID not found for: Propionaldehyde-2,3-Epoxy"
Propionamide,Propionamide,79-05-0,,,16.7,9.8,11.5,78.9,,,,amide,Carboxylic acids and derivatives,Carboxylic acid derivatives,propionamide,Propionamide,Propionamide,,,0.7,1,hsp_polymers_6,,[REF] matched hsp_solvents_2 | [CAS] PubChem CID not found for: Propionamide
Propionic Acid,Propionic Acid,79-09-4,,,14.7,5.3,12.4,75.0,,,,acid,Carboxylic acids and derivatives,Carboxylic acids,propionic acid,Propionic Acid,Propionic Acid,,,0.7,1,hsp_polymers_6,,[REF] matched hsp_solvents_2 | [CAS] PubChem CID not found for: Propionic Acid
Propionic Anhydride,Propionic Anhydride,123-62-6,,,16.2,10.0,8.7,129.4,,,,ester,Carboxylic acids and derivatives,Dicarboxylic acids and derivatives,propionic anhydride,Propionic Anhydride,Propionic Anhydride,,,0.7,1,hsp_polymers_6,,[REF] matched hsp_solvents_2 | [CAS] PubChem CID not found for: Propionic Anhydride
Propionitrile,Propionitrile,107-12-0,,,15.3,14.3,5.5,70.9,,,,nitrile,Organonitrogen compounds,Organic cyanides,propionitrile,Propionitrile,Propionitrile,,,0.7,1,hsp_polymers_6,,[REF] matched hsp_solvents_2 | [CAS] PubChem CID not found for: Propionitrile
Propionylchloride,Propionylchloride,79-03-8,,,16.1,10.3,5.3,86.9,,,,halogenated,Acyl halides,Acyl chlorides,propionylchloride,Propionylchloride,Propionylchloride,,,0.7,1,hsp_polymers_6,,[REF] matched hsp_solvents_2 | [CAS] PubChem CID not found for: Propionylchloride
Propyl Amine,Propyl Amine,107-10-8,,,16.9,4.9,8.6,83.0,,,,amine,Organonitrogen compounds,Amines,propyl amine,Propyl Amine,Propyl Amine,,,0.7,1,hsp_polymers_6,,[REF] matched hsp_solvents_2 | [CAS] PubChem CID not found for: Propyl Amine
Propyl Chloride,Propyl Chloride,540-54-5,,,16.0,7.8,2.0,88.1,,,,halogenated,,,propyl chloride,Propyl Chloride,Propyl Chloride,,,0.7,1,hsp_polymers_6,,[REF] matched hsp_solvents_2 | [CAS] PubChem CID not found for: Propyl Chloride
Propyl Formate,Propyl Formate,110-74-7,,,15.5,7.1,8.6,97.9,,,,ester,Carboxylic acids and derivatives,Carboxylic acid derivatives,propyl formate,Propyl Formate,Propyl Formate,,,0.7,1,hsp_polymers_6,,[REF] matched hsp_solvents_2 | [CAS] PubChem CID not found for: Propyl Formate
Propyl Methacrylate,Propyl Methacrylate,2210-28-8,,,15.5,6.3,6.6,158.8,,,,ester,Carboxylic acids and derivatives,Carboxylic acid derivatives,propyl methacrylate,Propyl Methacrylate,Propyl Methacrylate,,,0.7,1,hsp_polymers_6,,[REF] matched hsp_solvents_2 | [CAS] PubChem CID not found for: Propyl Methacrylate
Propylene,Propylene,115-07-1,,,15.1,1.6,1.5,68.8,,,,hydrocarbon,Unsaturated hydrocarbons,Unsaturated aliphatic hydrocarbons,propylene,Propylene,Propylene,,,0.7,1,hsp_polymers_6,,[REF] matched hsp_solvents_2 | [CAS] PubChem CID not found for: Propylene
Propylene Carbonate,Propylene Carbonate,108-32-7,,,20.0,18.0,4.1,85.0,,,,ester,,,propylene carbonate,Propylene Carbonate,Propylene Carbonate; PC,PC,,0.7,1,hsp_polymers_6,,[REF] matched hsp_solvents_2 | [CAS] PubChem CID not found for: Propylene Carbonate
Propylene Chlorohydrin,Propylene Chlorohydrin,127-00-4,,,16.8,9.8,15.3,85.4,,,,halogenated,,,propylene chlorohydrin,Propylene Chlorohydrin,Propylene Chlorohydrin,,,0.7,1,hsp_polymers_6,,[REF] matched hsp_solvents_2 | [CAS] PubChem CID not found for: Propylene Chlorohydrin
Propylene Glycol,Propylene Glycol,57-55-6,,,16.8,9.4,23.3,73.6,,,,glycol,,,propylene glycol,Propylene Glycol,Propylene Glycol; PG,PG,,0.7,1,hsp_polymers_6,,[REF] matched hsp_solvents_2 | [CAS] PubChem CID not found for: Propylene Glycol
Propylene Glycol Mono-t-Butyl Ether,Propylene Glycol Mono-t-Butyl Ether,57018-52-7,,,15.3,6.1,10.8,151.6,,,,glycol ether,Organooxygen compounds,Alcohols and polyols,propylene glycol mono-t-butyl ether,Propylene Glycol Mono-t-Butyl Ether,Propylene Glycol Mono-t-Butyl Ether,,,0.7,1,hsp_polymers_6,,[REF] matched hsp_solvents_2 | [CAS] PubChem CID not found for: Propylene Glycol Mono-t-Butyl Ether
Propylene Glycol Monob utyl Ether,Propylene Glycol Monob utyl Ether,,,,15.3,4.5,9.2,132.0,,,,alcohol,,,,,,,,0.7,1,hsp_polymers_6,,[CAS] PubChem CID not found for: Propylene Glycol Monob utyl Ether
Propylene Glycol Monoeth yl Ether,Propylene Glycol Monoeth yl Ether,,,,15.7,6.5,10.5,115.6,,,,alcohol,,,,,,,,0.7,1,hsp_polymers_6,,[CAS] PubChem CID not found for: Propylene Glycol Monoeth yl Ether
Propylene Glycol Monoeth yl Ether,Propylene Glycol Monoeth yl Ether,,,,15.6,4.3,9.0,155.1,,,,alcohol,,,,,,,,0.7,1,hsp_polymers_6,,[CAS] PubChem CID not found for: Propylene Glycol Monoeth yl Ether
Propylene Glycol Monoisob utyl Ether,Propylene Glycol Monoisob utyl Ether,,,,15.1,4.7,9.8,132.2,,,,alcohol,,,,,,,,0.7,1,hsp_polymers_6,,[CAS] PubChem CID not found for: Propylene Glycol Monoisob utyl Ether
Propylene Glycol Monoisoprop yl Ether,Propylene Glycol Monoisoprop yl Ether,,,,15.5,6.1,11.0,134.6,,,,alcohol,,,,,,,,0.7,1,hsp_polymers_6,,[CAS] PubChem CID not found for: Propylene Glycol Monoisoprop yl Ether
Propylene Glycol Monometh yl Ether,Propylene Glycol Monometh yl Ether,,,,15.6,6.3,11.6,93.8,,,,alcohol,,,,,,,,0.7,1,hsp_polymers_6,,[CAS] PubChem CID not found for: Propylene Glycol Monometh yl Ether
Propylene Glycol Monometh yl Ether,Propylene Glycol Monometh yl Ether,,,,15.6,5.6,9.8,137.1,,,,alcohol,,,,,,,,0.7,1,hsp_polymers_6,,[CAS] PubChem CID not found for: Propylene Glycol Monometh yl Ether
Propylene Glycol Monophen yl Ether,Propylene Glycol Monophen yl Ether,,,,17.4,5.3,11.5,143.2,,,,alcohol,,,,,,,,0.7,1,hsp_polymers_6,,[CAS] PubChem CID not found for: Propylene Glycol Monophen yl Ether
Propylene Glycol Monoprop yl Ether,Propylene Glycol Monoprop yl Ether,,,,15.8,7.0,9.2,130.3,,,,alcohol,,,,,,,,0.7,1,hsp_polymers_6,,[CAS] PubChem CID not found for: Propylene Glycol Monoprop yl Ether
Propylene Imine (2-Methyl Aziridine),Propylene Imine (2-Methyl Aziridine),75-55-8,,,18.1,8.4,6.5,71.2,,,,amine,,,propylene imine (2-methyl aziridine),Propylene Imine (2-Methyl Aziridine),Propylene Imine (2-Methyl Aziridine),,,0.7,1,hsp_polymers_6,,[REF] matched hsp_solvents_2 | [CAS] PubChem CID not found for: Propylene Imine (2-Methyl Aziridine)
Propylene Oxide,Propylene Oxide,75-56-9,,,15.2,8.6,6.7,67.6,,,,ether,Epoxides,,propylene oxide,Propylene Oxide,Propylene Oxide,,,0.7,1,hsp_polymers_6,,[REF] matched hsp_solvents_2 | [CAS] PubChem CID not found for: Propylene Oxide
Propynonitrile,Propynonitrile,1070-71-9,,,15.5,17.0,6.3,62.5,,,,nitrile,Organonitrogen compounds,Organic cyanides,propynonitrile,Propynonitrile,Propynonitrile,,,0.7,1,hsp_polymers_6,,[REF] matched hsp_solvents_2 | [CAS] PubChem CID not found for: Propynonitrile
Pulegone,Pulegone,89-82-7,,,17.5,8.9,5.5,162.9,,,,terpene,Prenol lipids,Monoterpenoids,pulegone,Pulegone,Pulegone,,,0.7,1,hsp_polymers_6,,[REF] matched hsp_solvents_2 | [CAS] PubChem CID not found for: Pulegone
Pyrazole,Pyrazole,288-13-1,,,20.2,10.4,12.4,68.1,,,,heterocyclic,Azoles,Pyrazoles,pyrazole,Pyrazole,Pyrazole,,,0.7,1,hsp_polymers_6,,[REF] matched hsp_solvents_2 | [CAS] PubChem CID not found for: Pyrazole
Pyridazine,Pyridazine,289-80-5,,,20.2,17.4,11.7,72.6,,,,heterocyclic,Diazines,Pyridazines and derivatives,pyridazine,Pyridazine,Pyridazine,,,0.7,1,hsp_polymers_6,,[REF] matched hsp_solvents_2 | [CAS] PubChem CID not found for: Pyridazine
Pyridine,Pyridine,110-86-1,,,19.0,8.8,5.9,80.9,,,,amine,Pyridines and derivatives,,pyridine,Pyridine,Pyridine; py,py,,0.7,1,hsp_polymers_6,,[REF] matched hsp_solvents_2 | [CAS] PubChem CID not found for: Pyridine
"Pyrogallol (1,2,3-Trihydroxybenzene)","Pyrogallol (1,2,3-Trihydroxybenzene)",87-66-1,,,20.7,10.7,21.1,87.0,,,,aromatic,Phenols,Benzenetriols and derivatives,"pyrogallol (1,2,3-trihydroxybenzene)","Pyrogallol (1,2,3-Trihydroxybenzene)","Pyrogallol (1,2,3-Trihydroxybenzene)",,,0.7,1,hsp_polymers_6,,"[REF] matched hsp_solvents_2 | [CAS] PubChem CID not found for: Pyrogallol (1,2,3-Trihydroxybenzene)"
Pyrrole,Pyrrole,109-97-7,,,19.2,7.4,6.7,69.2,,,,heterocyclic,,,pyrrole,Pyrrole,Pyrrole,,,0.7,1,hsp_polymers_6,,[REF] matched hsp_solvents_2 | [CAS] PubChem CID not found for: Pyrrole
Pyrrolidine,Pyrrolidine,123-75-1,,,17.9,6.5,7.4,83.5,,,,amine,Pyrrolidines,,pyrrolidine,Pyrrolidine,Pyrrolidine,,,0.7,1,hsp_polymers_6,,[REF] matched hsp_solvents_2 | [CAS] PubChem CID not found for: Pyrrolidine
Pyruvonitrile,Pyruvonitrile,631-57-2,,,15.9,18.9,8.0,70.9,,,,nitrile,Organooxygen compounds,Carbonyl compounds,pyruvonitrile,Pyruvonitrile,Pyruvonitrile,,,0.7,1,hsp_polymers_6,,[REF] matched hsp_solvents_2 | [CAS] PubChem CID not found for: Pyruvonitrile
Quinine,Quinine,130-95-0,,,19.0,6.6,11.0,310.7,,,,heterocyclic,,,quinine,Quinine,Quinine,,,0.7,1,hsp_polymers_6,,[REF] matched hsp_solvents_2 | [CAS] PubChem CID not found for: Quinine
Quinoline,Quinoline,91-22-5,,,19.8,5.6,5.7,118.0,,,,heterocyclic,Quinolines and derivatives,,quinoline,Quinoline,Quinoline,,,0.7,1,hsp_polymers_6,,[REF] matched hsp_solvents_2 | [CAS] PubChem CID not found for: Quinoline
Saccharin,Saccharin,81-07-2,,,21.0,13.9,8.8,206.8,,,,alcohol,Benzothiazoles,,saccharin,Saccharin,Saccharin,,,0.7,1,hsp_polymers_6,,[REF] matched hsp_solvents_2 | [CAS] PubChem CID not found for: Saccharin
Salicylaldehyde,Salicylaldehyde,90-02-8,,,19.4,10.7,14.7,104.6,,,,aldehyde,,,salicylaldehyde,Salicylaldehyde,Salicylaldehyde,,,0.7,1,hsp_polymers_6,,[REF] matched hsp_solvents_2 | [CAS] PubChem CID not found for: Salicylaldehyde
Salicylic Acid,Salicylic Acid,69-72-7,,,19.4,10.1,17.4,95.7,,,,acid,Benzene and substituted derivatives,Benzoic acids and derivatives,salicylic acid,Salicylic Acid,Salicylic Acid,,,0.7,1,hsp_polymers_6,,[REF] matched hsp_solvents_2 | [CAS] PubChem CID not found for: Salicylic Acid
Sebacic Acid,Sebacic Acid,111-20-6,,,17.1,7.1,11.7,167.6,,,,acid,Fatty Acyls,Fatty acids and conjugates,sebacic acid,Sebacic Acid,Sebacic Acid,,,0.7,1,hsp_polymers_6,,[REF] matched hsp_solvents_2 | [CAS] PubChem CID not found for: Sebacic Acid
Sec-Butyl Acetate,Sec-Butyl Acetate,105-46-4,,,15.0,3.7,7.6,133.6,,,,ester,Carboxylic acids and derivatives,Carboxylic acid derivatives,sec-butyl acetate,sec-Butyl Acetate,sec-Butyl Acetate,,,0.7,1,hsp_polymers_6,,[REF] matched hsp_solvents_2 | [CAS] PubChem CID not found for: Sec-Butyl Acetate
Serotonin,Serotonin,50-67-9,,,18.0,8.2,14.4,144.4,,,,other,,,serotonin,Serotonin,Serotonin,,,0.7,1,hsp_polymers_6,,[REF] matched hsp_solvents_2 | [CAS] PubChem CID not found for: Serotonin
Sinapyl Alcohol,Sinapyl Alcohol,537-33-7,,,19.2,7.3,16.1,194.6,,,,alcohol,Phenols,Methoxyphenols,sinapyl alcohol,Sinapyl Alcohol,Sinapyl Alcohol,,,0.7,1,hsp_polymers_6,,[REF] matched hsp_solvents_2 | [CAS] PubChem CID not found for: Sinapyl Alcohol
Skatole,Skatole,83-34-1,,,20.0,7.1,6.2,122.6,,,,heterocyclic,Indoles and derivatives,Indoles,skatole,Skatole,Skatole,,,0.7,1,hsp_polymers_6,,[REF] matched hsp_solvents_2 | [CAS] PubChem CID not found for: Skatole
Spermidin,Spermidin,124-20-9,,,16.7,11.2,12.0,155.6,,,,other,,,spermidin,Spermidin,Spermidin,,,0.7,1,hsp_polymers_6,,[REF] matched hsp_solvents_2 | [CAS] PubChem CID not found for: Spermidin
Stearic Acid,Stearic Acid,57-11-4,,,16.3,3.3,5.5,326.0,,,,acid,,,stearic acid,Stearic Acid,Stearic Acid,,,0.7,1,hsp_polymers_6,,[REF] matched hsp_solvents_2 | [CAS] PubChem CID not found for: Stearic Acid
Styrene,Styrene,100-42-5,,,18.6,1.0,4.1,115.6,,,,aromatic,Benzene and substituted derivatives,Styrenes,styrene,Styrene,Styrene,,,0.7,1,hsp_polymers_6,,[REF] matched hsp_solvents_2 | [CAS] PubChem CID not found for: Styrene
Styrene Oxide (Phen yl Oxirane),Styrene Oxide (Phen yl Oxirane),,,,19.4,5.8,6.6,114.2,,,,aromatic,,,,,,,,0.7,1,hsp_polymers_6,,[CAS] PubChem CID not found for: Styrene Oxide (Phen yl Oxirane)
Succinaldehyde (Butanedial),Succinaldehyde (Butanedial),638-37-9,,,16.8,9.8,10.5,81.2,,,,hydrocarbon,,,succinaldehyde (butanedial),Succinaldehyde (Butanedial),Succinaldehyde (Butanedial),,,0.7,1,hsp_polymers_6,,[REF] matched hsp_solvents_2 | [CAS] PubChem CID not found for: Succinaldehyde (Butanedial)
Succinic Anhydride,Succinic Anhydride,108-30-5,,,18.6,19.2,16.6,66.8,,,,ester,Carboxylic acids and derivatives,Dicarboxylic acids and derivatives,succinic anhydride,Succinic Anhydride,Succinic Anhydride,,,0.7,1,hsp_polymers_6,,[REF] matched hsp_solvents_2 | [CAS] PubChem CID not found for: Succinic Anhydride
Succinonitrile,Succinonitrile,110-61-2,,,17.9,16.2,7.9,81.2,,,,nitrile,Organonitrogen compounds,Organic cyanides,succinonitrile,Succinonitrile,Succinonitrile,,,0.7,1,hsp_polymers_6,,[REF] matched hsp_solvents_2 | [CAS] PubChem CID not found for: Succinonitrile
Sulfanilamide,Sulfanilamide,63-74-1,,,20.0,19.5,10.7,159.5,,,,amide,,,sulfanilamide,Sulfanilamide,Sulfanilamide,,,0.7,1,hsp_polymers_6,,[REF] matched hsp_solvents_2 | [CAS] PubChem CID not found for: Sulfanilamide
Sulfolane,Sulfolane,,,,20.3,18.2,10.9,95.7,,,,sulfoxide,,,,,,,,0.7,1,hsp_polymers_6,,[CAS] PubChem CID not found for: Sulfolane
Sulfur Dicyanide,Sulfur Dicyanide,627-52-1,,,18.1,13.5,0.0,60.0,,,,nitrile,,,sulfur dicyanide,Sulfur Dicyanide,Sulfur Dicyanide,,,0.7,1,hsp_polymers_6,,[REF] matched hsp_solvents_2 | [CAS] PubChem CID not found for: Sulfur Dicyanide
Sulfur Dioxide,Sulfur Dioxide,7446-09-05 00:00:00,,,15.8,8.4,10.0,44.0,,,,inorganic,,,sulfur dioxide,Sulfur Dioxide,Sulfur Dioxide,,,0.7,1,hsp_polymers_6,,[REF] matched hsp_solvents_2 | [CAS] PubChem CID not found for: Sulfur Dioxide
Sulfuryl Chloride,Sulfuryl Chloride,7791-25-5,,,17.6,7.2,0.0,81.0,,,,halogenated,,,sulfuryl chloride,Sulfuryl Chloride,Sulfuryl Chloride,,,0.7,1,hsp_polymers_6,,[REF] matched hsp_solvents_2 | [CAS] PubChem CID not found for: Sulfuryl Chloride
t-Butyl Alcohol,t-Butyl Alcohol,75-65-0,,,15.2,5.1,14.7,95.8,,,,alcohol,,,t-butyl alcohol,t-Butyl Alcohol,t-Butyl Alcohol,,,0.7,1,hsp_polymers_6,,[REF] matched hsp_solvents_2 | [CAS] PubChem CID not found for: t-Butyl Alcohol
Terephthalic Acid,Terephthalic Acid,100-21-0,,,18.8,6.1,10.7,166.0,,,,acid,Benzene and substituted derivatives,Benzoic acids and derivatives,terephthalic acid,Terephthalic Acid,Terephthalic Acid,,,0.7,1,hsp_polymers_6,,[REF] matched hsp_solvents_2 | [CAS] PubChem CID not found for: Terephthalic Acid
tert-Butyl Acetate,tert-Butyl Acetate,,,,15.4,6.2,6.2,134.1,,,,ester,,,,,,,,0.7,1,hsp_polymers_6,,[CAS] PubChem CID not found for: tert-Butyl Acetate
Tetrabromo Bisphenol A,Tetrabromo Bisphenol A,,,,20.2,9.1,13.8,249.5,,,,alcohol,,,,,,,,0.7,1,hsp_polymers_6,,[CAS] PubChem CID not found for: Tetrabromo Bisphenol A
Tetrachloroethylene,Tetrachloroethylene,127-18-4,,,18.3,5.7,0.0,101.2,,,,halogenated,,,tetrachloroethylene,Tetrachloroethylene,Tetrachloroethylene,,,0.7,1,hsp_polymers_6,,[REF] matched hsp_solvents_2 | [CAS] PubChem CID not found for: Tetrachloroethylene
Tetraethylorthosilicate,Tetraethylorthosilicate,78-10-4,,,13.9,4.3,0.6,224.0,,,,inorganic,Organometalloid compounds,Organosilicon compounds,tetraethylorthosilicate,Tetraethylorthosilicate,Tetraethylorthosilicate,,,0.7,1,hsp_polymers_6,,[REF] matched hsp_solvents_2 | [CAS] PubChem CID not found for: Tetraethylorthosilicate
Tetrahydrofuran,Tetrahydrofuran,,,,16.8,5.7,8.0,81.7,,,,ether,,,,,,,,0.7,1,hsp_polymers_6,,[CAS] PubChem CID not found for: Tetrahydrofuran
Tetrahydrofurfuryl Alcohol,Tetrahydrofurfuryl Alcohol,97-99-4,,,17.8,8.2,10.2,97.0,,,,alcohol,Tetrahydrofurans,,tetrahydrofurfuryl alcohol,Tetrahydrofurfuryl Alcohol,Tetrahydrofurfuryl Alcohol,,,0.7,1,hsp_polymers_6,,[REF] matched hsp_solvents_2 | [CAS] PubChem CID not found for: Tetrahydrofurfuryl Alcohol
Tetrahydronaphthalene,Tetrahydronaphthalene,119-64-2,,,19.6,2.0,2.9,136.0,,,,aromatic,,,tetrahydronaphthalene,Tetrahydronaphthalene,Tetrahydronaphthalene,,,0.7,1,hsp_polymers_6,,[REF] matched hsp_solvents_2 | [CAS] PubChem CID not found for: Tetrahydronaphthalene
Tetrahydropyran,Tetrahydropyran,142-68-7,,,16.4,6.3,6.0,97.8,,,,ether,Oxanes,,tetrahydropyran,Tetrahydropyran,Tetrahydropyran,,,0.7,1,hsp_polymers_6,,[REF] matched hsp_solvents_2 | [CAS] PubChem CID not found for: Tetrahydropyran
Tetrahydrothiapyran,Tetrahydrothiapyran,1613-51-0,,,18.5,6.3,8.9,103.6,,,,ether,Thianes,,tetrahydrothiapyran,Tetrahydrothiapyran,Tetrahydrothiapyran,,,0.7,1,hsp_polymers_6,,[REF] matched hsp_solvents_2 | [CAS] PubChem CID not found for: Tetrahydrothiapyran
Tetramethylene Sulfid,Tetramethylene Sulfid,,,,18.6,6.7,9.1,88.3,,,,other,,,,,,,,0.7,1,hsp_polymers_6,,[CAS] PubChem CID not found for: Tetramethylene Sulfid
Tetramethylene Sulfone (Sulfolane),Tetramethylene Sulfone (Sulfolane),,,,20.3,18.2,10.9,95.7,,,,sulfoxide,,,,,,,,0.7,1,hsp_polymers_6,,[CAS] PubChem CID not found for: Tetramethylene Sulfone (Sulfolane)
Tetramethylene Sulfoxide,Tetramethylene Sulfoxide,1600-44-8,,,18.2,11.0,9.1,90.0,,,,sulfoxide,Thiolanes,,tetramethylene sulfoxide,Tetramethylene Sulfoxide,Tetramethylene Sulfoxide,,,0.7,1,hsp_polymers_6,,[REF] matched hsp_solvents_2 | [CAS] PubChem CID not found for: Tetramethylene Sulfoxide
Tetramethylurea,Tetramethylurea,632-22-4,,,16.7,8.2,11.0,120.4,,,,amide,Organic carbonic acids and derivatives,Ureas,tetramethylurea,Tetramethylurea,Tetramethylurea,,,0.7,1,hsp_polymers_6,,[REF] matched hsp_solvents_2 | [CAS] PubChem CID not found for: Tetramethylurea
Tetranitromethane,Tetranitromethane,509-14-8,,,15.5,9.9,7.5,119.7,,,,nitro,Organonitrogen compounds,Ortho amides,tetranitromethane,Tetranitromethane,Tetranitromethane,,,0.7,1,hsp_polymers_6,,[REF] matched hsp_solvents_2 | [CAS] PubChem CID not found for: Tetranitromethane
Thiacyclopropane,Thiacyclopropane,,,,19.3,9.1,5.0,58.0,,,,other,,,,,,,,0.7,1,hsp_polymers_6,,[CAS] PubChem CID not found for: Thiacyclopropane
Thiazole,Thiazole,288-47-1,,,20.5,18.8,10.8,70.9,,,,heterocyclic,Azoles,Thiazoles,thiazole,Thiazole,Thiazole,,,0.7,1,hsp_polymers_6,,[REF] matched hsp_solvents_2 | [CAS] PubChem CID not found for: Thiazole
Thioacetamide,Thioacetamide,62-55-5,,,17.5,20.6,20.2,75.0,,,,amide,Thioamides,,thioacetamide,Thioacetamide,Thioacetamide,,,0.7,1,hsp_polymers_6,,[REF] matched hsp_solvents_2 | [CAS] PubChem CID not found for: Thioacetamide
Thioacetic Acid,Thioacetic Acid,507-09-5,,,17.0,6.7,8.9,71.5,,,,acid,Carbothioic S-acids,,thioacetic acid,Thioacetic Acid,Thioacetic Acid,,,0.7,1,hsp_polymers_6,,[REF] matched hsp_solvents_2 | [CAS] PubChem CID not found for: Thioacetic Acid
Thiocyanic Acid,Thiocyanic Acid,463-56-9,,,16.8,8.9,10.9,51.7,,,,acid,Thiocyanates,,thiocyanic acid,Thiocyanic Acid,Thiocyanic Acid,,,0.7,1,hsp_polymers_6,,[REF] matched hsp_solvents_2 | [CAS] PubChem CID not found for: Thiocyanic Acid
Thiodiethylenglycol,Thiodiethylenglycol,111-48-8,,,17.3,8.8,19.8,103.6,,,,glycol,,,thiodiethylenglycol,Thiodiethylenglycol,Thiodiethylenglycol,,,0.7,1,hsp_polymers_6,,[REF] matched hsp_solvents_2 | [CAS] PubChem CID not found for: Thiodiethylenglycol
Thioglycolic Acid (Mercapto Acetic,Thioglycolic Acid (Mercapto Acetic,,,,16.0,8.6,14.8,69.5,,,,acid,,,,,,,,0.7,1,hsp_polymers_6,,[CAS] PubChem CID not found for: Thioglycolic Acid (Mercapto Acetic
Thionyl Chloride,Thionyl Chloride,7719-09-07 00:00:00,,,16.9,6.2,5.9,79.0,,,,halogenated,,,thionyl chloride,Thionyl Chloride,Thionyl Chloride,,,0.7,1,hsp_polymers_6,,[REF] matched hsp_solvents_2 | [CAS] PubChem CID not found for: Thionyl Chloride
Thiophene,Thiophene,110-02-1,,,18.9,2.4,7.8,79.0,,,,hydrocarbon,Heteroaromatic compounds,,thiophene,Thiophene,Thiophene,,,0.7,1,hsp_polymers_6,,[REF] matched hsp_solvents_2 | [CAS] PubChem CID not found for: Thiophene
Thiophenol,Thiophenol,108-98-5,,,20.0,4.5,10.3,102.4,,,,alcohol,Thiophenols,,thiophenol,Thiophenol,Thiophenol,,,0.7,1,hsp_polymers_6,,[REF] matched hsp_solvents_2 | [CAS] PubChem CID not found for: Thiophenol
Thiourea,Thiourea,62-56-6,,,20.0,21.7,14.8,72.8,,,,amide,Thioureas,,thiourea,Thiourea,Thiourea,,,0.7,1,hsp_polymers_6,,[REF] matched hsp_solvents_2 | [CAS] PubChem CID not found for: Thiourea
Thymol,Thymol,89-83-8,,,19.0,4.5,10.8,166.9,,,,terpene,,,thymol,Thymol,Thymol,,,0.7,1,hsp_polymers_6,,[REF] matched hsp_solvents_2 | [CAS] PubChem CID not found for: Thymol
Tigaldehyde,Tigaldehyde,497-03-0,,,16.2,12.9,6.8,96.6,,,,aldehyde,Organooxygen compounds,Carbonyl compounds,tigaldehyde,Tigaldehyde,Tigaldehyde,,,0.7,1,hsp_polymers_6,,[REF] matched hsp_solvents_2 | [CAS] PubChem CID not found for: Tigaldehyde
Toluene,Toluene,108-88-3,,,18.0,1.4,2.0,106.8,,,,aromatic,,,toluene,Toluene,Toluene,,,0.7,1,hsp_polymers_6,,[REF] matched hsp_solvents_2 | [CAS] PubChem CID not found for: Toluene
Tolylene Diisocyanate,Tolylene Diisocyanate,86-91-9,,,19.3,7.9,6.1,143.5,,,,amide,,,tolylene diisocyanate,Tolylene Diisocyanate,Tolylene Diisocyanate,,,0.7,1,hsp_polymers_6,,[REF] matched hsp_solvents_2 | [CAS] PubChem CID not found for: Tolylene Diisocyanate
trans-Cinnamaldehyde,trans-Cinnamaldehyde,14371-10-9,,,19.4,12.4,6.2,125.9,,,,aldehyde,,,trans-cinnamaldehyde,Trans-Cinnamaldehyde,Trans-Cinnamaldehyde,,,0.7,1,hsp_polymers_6,,[REF] matched hsp_solvents_2 | [CAS] PubChem CID not found for: trans-Cinnamaldehyde
Trans-Crotononitrile,Trans-Crotononitrile,627-26-9,,,16.4,18.8,5.5,81.4,,,,nitrile,,,trans-crotononitrile,Trans-Crotononitrile,Trans-Crotononitrile,,,0.7,1,hsp_polymers_6,,[REF] matched hsp_solvents_2 | [CAS] PubChem CID not found for: Trans-Crotononitrile
Trans-Decahydronaphthalene,Trans-Decahydronaphthalene,493-02-7,,,18.0,0.0,0.0,156.9,,,,aromatic,Polycyclic hydrocarbons,,trans-decahydronaphthalene,Trans-Decahydronaphthalene,Trans-Decahydronaphthalene,,,0.7,1,hsp_polymers_6,,[REF] matched hsp_solvents_2 | [CAS] PubChem CID not found for: Trans-Decahydronaphthalene
Tri Butyl Phosphate,Tri Butyl Phosphate,,,,16.3,6.3,4.3,274.0,,,,other,,,,,,,,0.7,1,hsp_polymers_6,,[CAS] PubChem CID not found for: Tri Butyl Phosphate
Tri-n-Butyl Acetyl Citrate,Tri-n-Butyl Acetyl Citrate,77-90-7,,,16.7,2.5,7.4,384.3,,,,ester,Carboxylic acids and derivatives,Tetracarboxylic acids and derivatives,tri-n-butyl acetyl citrate,Tri-n-Butyl Acetyl Citrate,Tri-n-Butyl Acetyl Citrate,,,0.7,1,hsp_polymers_6,,[REF] matched hsp_solvents_2 | [CAS] PubChem CID not found for: Tri-n-Butyl Acetyl Citrate
Tri-n-Butyl Borate,Tri-n-Butyl Borate,688-74-4,,,16.7,1.8,4.6,269.7,,,,inorganic,Organic oxoanionic compounds,,tri-n-butyl borate,Tri-n-Butyl Borate,Tri-n-Butyl Borate,,,0.7,1,hsp_polymers_6,,[REF] matched hsp_solvents_2 | [CAS] PubChem CID not found for: Tri-n-Butyl Borate
Tri-n-Butyl Citrate,Tri-n-Butyl Citrate,77-94-1,,,16.6,3.8,10.1,345.5,,,,ester,Carboxylic acids and derivatives,Tricarboxylic acids and derivatives,tri-n-butyl citrate,Tri-n-Butyl Citrate,Tri-n-Butyl Citrate,,,0.7,1,hsp_polymers_6,,[REF] matched hsp_solvents_2 | [CAS] PubChem CID not found for: Tri-n-Butyl Citrate
"Triacetin (1,2,3-Propanetriol Triacetate) Acetic acid 2-acetoxy-1-","Triacetin (1,2,3-Propanetriol Triacetate) Acetic acid 2-acetoxy-1-",,,,16.5,4.5,9.1,188.2,,,,alcohol,,,,,,,,0.7,1,hsp_polymers_6,,"[CAS] PubChem CID not found for: Triacetin (1,2,3-Propanetriol Triacetate) Acetic acid 2-acetoxy-1-"
Tribromo Ethylene,Tribromo Ethylene,,,,18.3,9.4,8.0,97.8,,,,halogenated,,,,,,,,0.7,1,hsp_polymers_6,,[CAS] PubChem CID not found for: Tribromo Ethylene
Trichloro-Methyl-Silane,Trichloro-Methyl-Silane,,,,16.5,6.6,3.5,117.4,,,,halogenated,,,,,,,,0.7,1,hsp_polymers_6,,[CAS] PubChem CID not found for: Trichloro-Methyl-Silane
Trichloroacetic Acid,Trichloroacetic Acid,76-03-9,,,18.3,5.8,11.4,100.2,,,,acid,Carboxylic acids and derivatives,Alpha-halocarboxylic acids and derivatives,trichloroacetic acid,Trichloroacetic Acid,Trichloroacetic Acid,,,0.7,1,hsp_polymers_6,,[REF] matched hsp_solvents_2 | [CAS] PubChem CID not found for: Trichloroacetic Acid
Trichloroacetonitrile,Trichloroacetonitrile,545-06-2,,,16.4,7.4,6.1,100.0,,,,nitrile,Organonitrogen compounds,Organic cyanides,trichloroacetonitrile,Trichloroacetonitrile,Trichloroacetonitrile; MeCN; ACN,MeCN; ACN,,0.7,1,hsp_polymers_6,,[REF] matched hsp_solvents_2 | [CAS] PubChem CID not found for: Trichloroacetonitrile
Trichloroethylene,Trichloroethylene,79-01-6,,,18.0,3.1,5.3,90.2,,,,halogenated,Vinyl halides,Vinyl chlorides,trichloroethylene,Trichloroethylene,Trichloroethylene,,,0.7,1,hsp_polymers_6,,[REF] matched hsp_solvents_2 | [CAS] PubChem CID not found for: Trichloroethylene
Trichlorofluoromethane (Freon 11),Trichlorofluoromethane (Freon 11),75-69-4,,,15.3,2.0,0.0,92.8,,,,halogenated,,,trichlorofluoromethane (freon 11),Trichlorofluoromethane (Freon 11),Trichlorofluoromethane (Freon 11),,,0.7,1,hsp_polymers_6,,[REF] matched hsp_solvents_2 | [CAS] PubChem CID not found for: Trichlorofluoromethane (Freon 11)
Trichlorosilane,Trichlorosilane,10025-78-2,,,14.2,3.6,3.8,101.1,,,,halogenated,Metalloid salts,Metalloid chlorides,trichlorosilane,Trichlorosilane,Trichlorosilane,,,0.7,1,hsp_polymers_6,,[REF] matched hsp_solvents_2 | [CAS] PubChem CID not found for: Trichlorosilane
Triclosan,Triclosan,3380-34-5,,,20.0,7.7,10.0,263.0,,,,halogenated,Benzene and substituted derivatives,Diphenylethers,triclosan,Triclosan,Triclosan,,,0.7,1,hsp_polymers_6,,[REF] matched hsp_solvents_2 | [CAS] PubChem CID not found for: Triclosan
Tricresyl Phosphate,Tricresyl Phosphate,1330-78-5,,,19.0,12.3,4.5,316.0,,,,inorganic,,,tricresyl phosphate,Tricresyl Phosphate,Tricresyl Phosphate,,,0.7,1,hsp_polymers_6,,[REF] matched hsp_solvents_2 | [CAS] PubChem CID not found for: Tricresyl Phosphate
Tricyclene,Tricyclene,508-32-7,,,16.9,0.0,0.0,161.4,,,,terpene,Prenol lipids,Monoterpenoids,tricyclene,Tricyclene,Tricyclene,,,0.7,1,hsp_polymers_6,,[REF] matched hsp_solvents_2 | [CAS] PubChem CID not found for: Tricyclene
Tridecyl Alcohol,Tridecyl Alcohol,112-70-9,,,16.2,3.1,9.0,242.0,,,,alcohol,Fatty Acyls,Fatty alcohols,tridecyl alcohol,Tridecyl Alcohol,Tridecyl Alcohol,,,0.7,1,hsp_polymers_6,,[REF] matched hsp_solvents_2 | [CAS] PubChem CID not found for: Tridecyl Alcohol
Triethanolamine,Triethanolamine,102-71-6,,,17.3,22.4,23.3,133.2,,,,alcohol,Organonitrogen compounds,Amines,triethanolamine,Triethanolamine,Triethanolamine,,,0.7,1,hsp_polymers_6,,[REF] matched hsp_solvents_2 | [CAS] PubChem CID not found for: Triethanolamine
Triethanolamine/Acetic Acid,Triethanolamine/Acetic Acid,,,,17.2,20.3,18.4,,,,,alcohol,,,,,,,,0.7,1,hsp_polymers_6,,[CAS] PubChem CID not found for: Triethanolamine/Acetic Acid
Triethyl Citrate,Triethyl Citrate,77-93-0,,,16.5,4.9,12.0,243.0,,,,ester,Carboxylic acids and derivatives,Tricarboxylic acids and derivatives,triethyl citrate,Triethyl Citrate,Triethyl Citrate,,,0.7,1,hsp_polymers_6,,[REF] matched hsp_solvents_2 | [CAS] PubChem CID not found for: Triethyl Citrate
Triethylamine,Triethylamine,121-44-8,,,17.8,0.4,1.0,138.6,,,,amine,Organonitrogen compounds,Amines,triethylamine,Triethylamine,Triethylamine; TEA; Et3N,TEA; Et3N,,0.7,1,hsp_polymers_6,,[REF] matched hsp_solvents_2 | [CAS] PubChem CID not found for: Triethylamine
Triethylene Glycol,Triethylene Glycol,112-27-6,,,16.0,12.5,18.6,114.0,,,,glycol,Organooxygen compounds,Ethers,triethylene glycol,Triethylene Glycol,Triethylene Glycol; TEG,TEG,,0.7,1,hsp_polymers_6,,[REF] matched hsp_solvents_2 | [CAS] PubChem CID not found for: Triethylene Glycol
Triethylene Glycol Monometh yl Ether,Triethylene Glycol Monometh yl Ether,,,,16.2,7.6,12.5,160.0,,,,alcohol,,,,,,,,0.7,1,hsp_polymers_6,,[CAS] PubChem CID not found for: Triethylene Glycol Monometh yl Ether
Triethylene Glycol Monoole yl Ether,Triethylene Glycol Monoole yl Ether,,,,16.0,3.1,8.4,418.5,,,,alcohol,,,,,,,,0.7,1,hsp_polymers_6,,[CAS] PubChem CID not found for: Triethylene Glycol Monoole yl Ether
Triethylphosphate,Triethylphosphate,78-40-0,,,16.7,11.4,9.2,171.0,,,,inorganic,Organic phosphoric acids and derivatives,Phosphate esters,triethylphosphate,Triethylphosphate,Triethylphosphate,,,0.7,1,hsp_polymers_6,,[REF] matched hsp_solvents_2 | [CAS] PubChem CID not found for: Triethylphosphate
Trifluoroacetic Aci,Trifluoroacetic Aci,,,,15.6,9.9,11.6,74.2,,,,halogenated,,,,,,,,0.7,1,hsp_polymers_6,,[CAS] PubChem CID not found for: Trifluoroacetic Aci
Trifluoromethane (Freon 23),Trifluoromethane (Freon 23),75-46-7,,,14.4,8.9,6.5,46.1,,,,halogenated,Alkyl halides,Halomethanes,trifluoromethane (freon 23),Trifluoromethane (Freon 23),Trifluoromethane (Freon 23),,,0.7,1,hsp_polymers_6,,[REF] matched hsp_solvents_2 | [CAS] PubChem CID not found for: Trifluoromethane (Freon 23)
Triisononyl Trimellilate,Triisononyl Trimellilate,53894-23-8,,,16.6,5.7,2.2,602.9,,,,ester,Benzene and substituted derivatives,Benzoic acids and derivatives,triisononyl trimellilate,Triisononyl Trimellilate,Triisononyl Trimellilate,,,0.7,1,hsp_polymers_6,,[REF] matched hsp_solvents_2 | [CAS] PubChem CID not found for: Triisononyl Trimellilate
Triisooctyl Trimellitate,Triisooctyl Trimellitate,27251-75-8,,,16.6,6.0,2.5,553.1,,,,ester,Benzene and substituted derivatives,Benzoic acids and derivatives,triisooctyl trimellitate,Triisooctyl Trimellitate,Triisooctyl Trimellitate,,,0.7,1,hsp_polymers_6,,[REF] matched hsp_solvents_2 | [CAS] PubChem CID not found for: Triisooctyl Trimellitate
Trimethyl Amine,Trimethyl Amine,75-50-3,,,14.6,3.4,1.8,90.3,,,,amine,,,trimethyl amine,Trimethyl Amine,Trimethyl Amine,,,0.7,1,hsp_polymers_6,,[REF] matched hsp_solvents_2 | [CAS] PubChem CID not found for: Trimethyl Amine
Trimethylbenzene,Trimethylbenzene,95-63-6,,,18.0,1.0,1.0,137.3,,,,aromatic,Benzene and substituted derivatives,,trimethylbenzene,Trimethylbenzene,Trimethylbenzene,,,0.7,1,hsp_polymers_6,,[REF] matched hsp_solvents_2 | [CAS] PubChem CID not found for: Trimethylbenzene
Trimethylenesulfid,Trimethylenesulfid,,,,18.8,7.8,9.4,72.8,,,,other,,,,,,,,0.7,1,hsp_polymers_6,,[CAS] PubChem CID not found for: Trimethylenesulfid
Trimethylphosphate,Trimethylphosphate,512-56-1,,,16.7,15.9,10.2,115.8,,,,inorganic,,,trimethylphosphate,Trimethylphosphate,Trimethylphosphate,,,0.7,1,hsp_polymers_6,,[REF] matched hsp_solvents_2 | [CAS] PubChem CID not found for: Trimethylphosphate
Trinitomethane,Trinitomethane,,,,15.5,10.3,7.3,94.6,,,,other,,,,,,,,0.7,1,hsp_polymers_6,,[CAS] PubChem CID not found for: Trinitomethane
Trinitrotoluene (TNT),Trinitrotoluene (TNT),,,,19.5,10.0,4.5,137.6,,,,aromatic,,,,,,,,0.7,1,hsp_polymers_6,,[CAS] PubChem CID not found for: Trinitrotoluene (TNT)
Trinitrotoluene (TNT) P by Dipole,Trinitrotoluene (TNT) P by Dipole,,,,19.5,3.7,4.5,137.6,,,,aromatic,,,,,,,,0.7,1,hsp_polymers_6,,[CAS] PubChem CID not found for: Trinitrotoluene (TNT) P by Dipole
Trioctylphosphate,Trioctylphosphate,,,,16.2,5.9,4.2,469.8,,,,other,,,,,,,,0.7,1,hsp_polymers_6,,[CAS] PubChem CID not found for: Trioctylphosphate
Triphenyl Phosphate,Triphenyl Phosphate,115-86-6,,,20.1,6.4,6.8,271.9,,,,inorganic,,,triphenyl phosphate,Triphenyl Phosphate,Triphenyl Phosphate,,,0.7,1,hsp_polymers_6,,[REF] matched hsp_solvents_2 | [CAS] PubChem CID not found for: Triphenyl Phosphate
Tripropylene Glycol Monometh yl,Tripropylene Glycol Monometh yl,,,,15.3,5.5,10.4,214.0,,,,alcohol,,,,,,,,0.7,1,hsp_polymers_6,,[CAS] PubChem CID not found for: Tripropylene Glycol Monometh yl
Undecane,Undecane,1120-21-4,,,16.0,0.0,0.0,212.7,,,,hydrocarbon,Saturated hydrocarbons,Alkanes,undecane,Undecane,Undecane,,,0.7,1,hsp_polymers_6,,[REF] matched hsp_solvents_2 | [CAS] PubChem CID not found for: Undecane
Urea (Ro = 19.4),Urea (Ro = 19.4),,,,20.9,18.7,26.4,45.8,,,,other,,,,,,,,0.7,1,hsp_polymers_6,,[CAS] PubChem CID not found for: Urea (Ro = 19.4)
Valeronitrile,Valeronitrile,110-59-8,,,15.3,11.0,4.8,103.8,,,,nitrile,Organonitrogen compounds,Organic cyanides,valeronitrile,Valeronitrile,Valeronitrile,,,0.7,1,hsp_polymers_6,,[REF] matched hsp_solvents_2 | [CAS] PubChem CID not found for: Valeronitrile
Vanillin (4-Hydroxy-3-Methoxy,Vanillin (4-Hydroxy-3-Methoxy,,,,19.4,9.8,11.2,144.1,,,,glycol ether,,,,,,,,0.7,1,hsp_polymers_6,,[CAS] PubChem CID not found for: Vanillin (4-Hydroxy-3-Methoxy
Vinyl 2-Chloro Ethyl Ether,Vinyl 2-Chloro Ethyl Ether,110-75-8,,,16.3,6.7,5.8,101.7,,,,ether,Organochlorides,,vinyl 2-chloro ethyl ether,Vinyl 2-Chloro Ethyl Ether,Vinyl 2-Chloro Ethyl Ether,,,0.7,1,hsp_polymers_6,,[REF] matched hsp_solvents_2 | [CAS] PubChem CID not found for: Vinyl 2-Chloro Ethyl Ether
Vinyl 2-Ethyl-Hexyl Ether,Vinyl 2-Ethyl-Hexyl Ether,,,,15.6,3.4,4.2,194.2,,,,ether,,,,,,,,0.7,1,hsp_polymers_6,,[CAS] PubChem CID not found for: Vinyl 2-Ethyl-Hexyl Ether
Vinyl 2-Methoxy Ethyl Ether,Vinyl 2-Methoxy Ethyl Ether,1663-35-0,,,15.9,6.7,6.8,96.2,,,,ether,Organooxygen compounds,Ethers,vinyl 2-methoxy ethyl ether,Vinyl 2-Methoxy Ethyl Ether,Vinyl 2-Methoxy Ethyl Ether,,,0.7,1,hsp_polymers_6,,[REF] matched hsp_solvents_2 | [CAS] PubChem CID not found for: Vinyl 2-Methoxy Ethyl Ether
Vinyl Acetate,Vinyl Acetate,108-05-4,,,16.0,7.2,5.9,92.6,,,,ester,Carboxylic acids and derivatives,Carboxylic acid derivatives,vinyl acetate,Vinyl Acetate,Vinyl Acetate,,,0.7,1,hsp_polymers_6,,[REF] matched hsp_solvents_2 | [CAS] PubChem CID not found for: Vinyl Acetate
Vinyl Acetic Acid,Vinyl Acetic Acid,,,,16.8,5.2,12.3,85.3,,,,acid,,,,,,,,0.7,1,hsp_polymers_6,,[CAS] PubChem CID not found for: Vinyl Acetic Acid
Vinyl Acetylene,Vinyl Acetylene,689-97-4,,,15.1,1.7,12.0,74.3,,,,hydrocarbon,Unsaturated hydrocarbons,Enynes,vinyl acetylene,Vinyl Acetylene,Vinyl Acetylene,,,0.7,1,hsp_polymers_6,,[REF] matched hsp_solvents_2 | [CAS] PubChem CID not found for: Vinyl Acetylene
Vinyl Allyl Ether,Vinyl Allyl Ether,3917-15-5,,,14.9,6.5,5.3,105.4,,,,ether,Organooxygen compounds,,vinyl allyl ether,Vinyl Allyl Ether,Vinyl Allyl Ether,,,0.7,1,hsp_polymers_6,,[REF] matched hsp_solvents_2 | [CAS] PubChem CID not found for: Vinyl Allyl Ether
Vinyl Amine,Vinyl Amine,593-67-9,,,15.7,7.2,11.8,51.8,,,,amine,,,vinyl amine,Vinyl Amine,Vinyl Amine,,,0.7,1,hsp_polymers_6,,[REF] matched hsp_solvents_2 | [CAS] PubChem CID not found for: Vinyl Amine
Vinyl Bromide,Vinyl Bromide,,,,15.9,6.3,5.4,71.6,,,,other,,,,,,,,0.7,1,hsp_polymers_6,,[CAS] PubChem CID not found for: Vinyl Bromide
Vinyl Butyl Carbitol,Vinyl Butyl Carbitol,,,,16.0,5.0,6.0,206.2,,,,alcohol,,,vinyl butyl carbitol,Vinyl Butyl Carbitol,Vinyl Butyl Carbitol,,,0.7,1,hsp_polymers_6,,[REF] matched hsp_solvents_2 | [CAS] PubChem CID not found for: Vinyl Butyl Carbitol
Vinyl Butyl Ether,Vinyl Butyl Ether,111-34-2,,,15.2,4.1,5.1,129.4,,,,ether,Organooxygen compounds,,vinyl butyl ether,Vinyl Butyl Ether,Vinyl Butyl Ether,,,0.7,1,hsp_polymers_6,,[REF] matched hsp_solvents_2 | [CAS] PubChem CID not found for: Vinyl Butyl Ether
Vinyl Butyl Sulfid,Vinyl Butyl Sulfid,,,,16.0,5.0,5.4,136.7,,,,other,,,,,,,,0.7,1,hsp_polymers_6,,[CAS] PubChem CID not found for: Vinyl Butyl Sulfid
Vinyl Butyrate,Vinyl Butyrate,123-20-6,,,15.6,3.9,6.9,126.5,,,,ester,,,vinyl butyrate,Vinyl Butyrate,Vinyl Butyrate,,,0.7,1,hsp_polymers_6,,[REF] matched hsp_solvents_2 | [CAS] PubChem CID not found for: Vinyl Butyrate
Vinyl Carbitol,Vinyl Carbitol,929-37-3,,,16.3,7.5,13.8,129.2,,,,alcohol,Organooxygen compounds,Ethers,vinyl carbitol,Vinyl Carbitol,Vinyl Carbitol,,,0.7,1,hsp_polymers_6,,[REF] matched hsp_solvents_2 | [CAS] PubChem CID not found for: Vinyl Carbitol
Vinyl Chloride,Vinyl Chloride,75-01-4,,,16.0,6.5,2.4,68.7,,,,halogenated,Vinyl halides,Vinyl chlorides,vinyl chloride,Vinyl Chloride,Vinyl Chloride,,,0.7,1,hsp_polymers_6,,[REF] matched hsp_solvents_2 | [CAS] PubChem CID not found for: Vinyl Chloride
Vinyl Crotonate,Vinyl Crotonate,14861-06-4,,,15.9,5.0,9.0,118.8,,,,ester,Fatty Acyls,Fatty acid esters,vinyl crotonate,Vinyl Crotonate,Vinyl Crotonate,,,0.7,1,hsp_polymers_6,,[REF] matched hsp_solvents_2 | [CAS] PubChem CID not found for: Vinyl Crotonate
Vinyl Ether,Vinyl Ether,109-93-3,,,14.8,4.2,5.8,90.7,,,,ether,Organooxygen compounds,,vinyl ether,Vinyl Ether,Vinyl Ether,,,0.7,1,hsp_polymers_6,,[REF] matched hsp_solvents_2 | [CAS] PubChem CID not found for: Vinyl Ether
Vinyl Ethyl Carbitol,Vinyl Ethyl Carbitol,10143-53-0,,,15.9,6.0,6.6,171.9,,,,alcohol,Organooxygen compounds,Ethers,vinyl ethyl carbitol,Vinyl Ethyl Carbitol,Vinyl Ethyl Carbitol,,,0.7,1,hsp_polymers_6,,[REF] matched hsp_solvents_2 | [CAS] PubChem CID not found for: Vinyl Ethyl Carbitol
Vinyl Ethyl Ether,Vinyl Ethyl Ether,,,,14.5,4.9,6.0,95.0,,,,ether,,,,,,,,0.7,1,hsp_polymers_6,,[CAS] PubChem CID not found for: Vinyl Ethyl Ether
Vinyl Ethyl Sulfid,Vinyl Ethyl Sulfid,,,,16.4,5.8,6.3,101.3,,,,other,,,,,,,,0.7,1,hsp_polymers_6,,[CAS] PubChem CID not found for: Vinyl Ethyl Sulfid
Vinyl Formate,Vinyl Formate,692-45-5,,,15.3,6.5,9.7,74.7,,,,ester,Carboxylic acids and derivatives,Carboxylic acid derivatives,vinyl formate,Vinyl Formate,Vinyl Formate,,,0.7,1,hsp_polymers_6,,[REF] matched hsp_solvents_2 | [CAS] PubChem CID not found for: Vinyl Formate
Vinyl Iodide (Iodoethene),Vinyl Iodide (Iodoethene),593-66-8,,,17.1,5.5,7.3,75.6,,,,halogenated,Vinyl halides,Vinyl iodides,vinyl iodide (iodoethene),Vinyl Iodide (Iodoethene),Vinyl Iodide (Iodoethene),,,0.7,1,hsp_polymers_6,,[REF] matched hsp_solvents_2 | [CAS] PubChem CID not found for: Vinyl Iodide (Iodoethene)
Vinyl Isobutyl Ether,Vinyl Isobutyl Ether,109-53-5,,,15.1,4.1,5.1,131.3,,,,ether,Organooxygen compounds,,vinyl isobutyl ether,Vinyl Isobutyl Ether,Vinyl Isobutyl Ether,,,0.7,1,hsp_polymers_6,,[REF] matched hsp_solvents_2 | [CAS] PubChem CID not found for: Vinyl Isobutyl Ether
Vinyl Isopropyl Ether,Vinyl Isopropyl Ether,926-65-8,,,14.7,3.5,5.2,115.3,,,,ether,Organooxygen compounds,,vinyl isopropyl ether,Vinyl Isopropyl Ether,Vinyl Isopropyl Ether,,,0.7,1,hsp_polymers_6,,[REF] matched hsp_solvents_2 | [CAS] PubChem CID not found for: Vinyl Isopropyl Ether
Vinyl Methyl Cellosolve,Vinyl Methyl Cellosolve,,,,15.6,6.2,6.8,114.7,,,,other,,,,,,,,0.7,1,hsp_polymers_6,,[CAS] PubChem CID not found for: Vinyl Methyl Cellosolve
Vinyl Propionate,Vinyl Propionate,105-38-4,,,15.6,8.0,4.7,110.1,,,,ester,,,vinyl propionate,Vinyl Propionate,Vinyl Propionate,,,0.7,1,hsp_polymers_6,,[REF] matched hsp_solvents_2 | [CAS] PubChem CID not found for: Vinyl Propionate
Vinyl Propyl Ether,Vinyl Propyl Ether,764-47-6,,,14.9,3.5,5.2,113.0,,,,ether,Organooxygen compounds,,vinyl propyl ether,Vinyl Propyl Ether,Vinyl Propyl Ether,,,0.7,1,hsp_polymers_6,,[REF] matched hsp_solvents_2 | [CAS] PubChem CID not found for: Vinyl Propyl Ether
Vinyl Pyrrolidone,Vinyl Pyrrolidone,88-12-0,,,16.4,9.3,5.9,106.9,,,,amide,Pyrrolidines,Pyrrolidones,vinyl pyrrolidone,Vinyl Pyrrolidone,Vinyl Pyrrolidone,,,0.7,1,hsp_polymers_6,,[REF] matched hsp_solvents_2 | [CAS] PubChem CID not found for: Vinyl Pyrrolidone
Vinyl S-Butyl Mercapto Butyl Ether,Vinyl S-Butyl Mercapto Butyl Ether,,,,16.5,5.0,5.8,174.0,,,,ether,,,,,,,,0.7,1,hsp_polymers_6,,[CAS] PubChem CID not found for: Vinyl S-Butyl Mercapto Butyl Ether
Vinyl S-Ethyl Mercapto Ethyl Ether,Vinyl S-Ethyl Mercapto Ethyl Ether,,,,16.4,7.0,6.0,139.7,,,,ether,,,vinyl s-ethyl mercapto ethyl ether,Vinyl S-Ethyl Mercapto Ethyl Ether,Vinyl S-Ethyl Mercapto Ethyl Ether,,,0.7,1,hsp_polymers_6,,[REF] matched hsp_solvents_2 | [CAS] PubChem CID not found for: Vinyl S-Ethyl Mercapto Ethyl Ether
Vinyl Silane,Vinyl Silane,7291-09-0,,,15.5,2.6,4.0,89.4,,,,inorganic,,,vinyl silane,Vinyl Silane,Vinyl Silane,,,0.7,1,hsp_polymers_6,,[REF] matched hsp_solvents_2 | [CAS] PubChem CID not found for: Vinyl Silane
Vinyl Trifluoro Acetate,Vinyl Trifluoro Acetate,433-28-3,,,13.9,4.3,7.6,116.4,,,,ester,Carboxylic acids and derivatives,Carboxylic acid derivatives,vinyl trifluoro acetate,Vinyl Trifluoro Acetate,Vinyl Trifluoro Acetate,,,0.7,1,hsp_polymers_6,,[REF] matched hsp_solvents_2 | [CAS] PubChem CID not found for: Vinyl Trifluoro Acetate
Vinyl Trimethyl Silane,Vinyl Trimethyl Silane,754-05-2,,,14.5,1.0,2.5,145.3,,,,inorganic,,,vinyl trimethyl silane,Vinyl Trimethyl Silane,Vinyl Trimethyl Silane,,,0.7,1,hsp_polymers_6,,[REF] matched hsp_solvents_2 | [CAS] PubChem CID not found for: Vinyl Trimethyl Silane
Vinyl-2-Ethyl Hexanoate,Vinyl-2-Ethyl Hexanoate,94-04-2,,,15.6,2.7,5.8,196.0,,,,ester,Fatty Acyls,Fatty acid esters,vinyl-2-ethyl hexanoate,Vinyl-2-Ethyl Hexanoate,Vinyl-2-Ethyl Hexanoate,,,0.7,1,hsp_polymers_6,,[REF] matched hsp_solvents_2 | [CAS] PubChem CID not found for: Vinyl-2-Ethyl Hexanoate
Vinylenecarbonate,Vinylenecarbonate,872-36-6,,,17.3,18.1,9.6,86.0,,,,ester,Organic carbonic acids and derivatives,Carbonic acid diesters,vinylenecarbonate,Vinylenecarbonate,Vinylenecarbonate,,,0.7,1,hsp_polymers_6,,[REF] matched hsp_solvents_2 | [CAS] PubChem CID not found for: Vinylenecarbonate
Water,Water,7732-18-5,,,15.5,16.0,42.3,18.0,,,,inorganic,Homogeneous other non-metal compounds,,water,Water,Water,,,0.7,1,hsp_polymers_6,,[REF] matched hsp_solvents_2 | [CAS] PubChem CID not found for: Water
Water - 1% in Ro = 18.1,Water - 1% in Ro = 18.1,,,,15.1,20.4,16.5,18.0,,,,inorganic,,,,,,,,0.7,1,hsp_polymers_6,,[CAS] PubChem CID not found for: Water - 1% in Ro = 18.1
Water - Complete Miscibility,Water - Complete Miscibility,,,,18.1,17.1,16.9,18.0,,,,inorganic,,,,,,,,0.7,1,hsp_polymers_6,,[CAS] PubChem CID not found for: Water - Complete Miscibility
Xylene,Xylene,106-42-3,,,17.6,1.0,3.1,123.3,,,,aromatic,Benzene and substituted derivatives,Xylenes,xylene,Xylene,Xylene,,,0.7,1,hsp_polymers_6,,[REF] matched hsp_solvents_2 | [CAS] PubChem CID not found for: Xylene
