name,cas_number,smiles,molecular_formula,delta_d,delta_p,delta_h,molecular_weight,boiling_point,density,category,cf_class,cf_subclass,name_iupac,name_common,name_acronyms,ghs_hazard,confidence,source,source_url
"1,1,1,2-Tetrachloroethane",630-20-6,ClCC(Cl)(Cl)Cl,C2H2Cl4,18.0,4.4,4.2,167.8,130.6,,halogenated,Organochlorides,,"1,1,1,2-tetrachloroethane","1,1,1,2-Tetrachloroethane",,H302; H310; H318; H319; H331; H332; H351; H412; H320; H335; H341; H373; H402,0.988,hsp_solvents_2,https://pubchem.ncbi.nlm.nih.gov/compound/12418
"1,1,1-Trichloroethane",71-55-6,CC(Cl)(Cl)Cl,C2H3Cl3,16.8,4.3,2.0,133.4,,,halogenated,Organochlorides,,"1,1,1-trichloroethane","1,1,1-Trichloroethane",,H332; H420; H225; H315; H319; H290; H320; H336; H350; H360; H370; H372; H400; H410; H335; H351; H361; H373,0.975,hsp_solvents_2,https://pubchem.ncbi.nlm.nih.gov/compound/6278
"1,1,1-Trifluoroethane",420-46-2,CC(F)(F)F,C2H3F3,14.6,10.0,0.0,84.04,-46.7,,halogenated,Organofluorides,,"1,1,1-trifluoroethane","1,1,1-Trifluoroethane",,H220; H224; H280; H420,0.7,hsp_solvents_2,
"1,1,2,2-Tetrabromoethane",79-27-6,BrC(Br)C(Br)Br,C2H2Br4,21.0,7.0,8.2,345.65,243.6,,halogenated,Organobromides,,"1,1,2,2-tetrabromoethane","1,1,2,2-Tetrabromoethane",,H319; H330; H412; H302; H315; H331; H335; H370; H372; H373; H320; H371,1.0,hsp_solvents_2,https://pubchem.ncbi.nlm.nih.gov/compound/6588
"1,1,2,2-Tetrachloroethane",79-34-5,ClC(Cl)C(Cl)Cl,C2H2Cl4,18.8,5.1,5.3,167.8,,,halogenated,Organochlorides,,"1,1,2,2-tetrachloroethane","1,1,2,2-Tetrachloroethane",,H310; H330; H411; H302; H350; H315; H319; H331; H335; H336; H341; H351; H370; H372; H227; H301; H401,0.988,hsp_solvents_2,https://pubchem.ncbi.nlm.nih.gov/compound/6591
"1,1,2,2-Tetrachloropropane",13116-60-4,CC(Cl)(Cl)C(Cl)Cl,C3H4Cl4,17.9,6.7,3.3,181.9,153.0,,halogenated,Organochlorides,,"1,1,2,2-tetrachloropropane","1,1,2,2-Tetrachloropropane",,,0.988,hsp_solvents_2,https://pubchem.ncbi.nlm.nih.gov/compound/83154
"1,1,2-Tribromo Ethylene",598-16-3,BrC=C(Br)Br,C2HBr3,18.3,9.4,8.0,264.74,164.1,,halogenated,Vinyl halides,Vinyl bromides,"1,1,2-tribromoethene","1,1,2-Tribromo Ethylene",,H302; H312; H315; H319; H332; H335,0.958,hsp_solvents_2,https://pubchem.ncbi.nlm.nih.gov/compound/11712
"1,1,2-Trichloro Propene",21400-25-9,CC(Cl)=C(Cl)Cl,C3H3Cl3,17.7,15.7,3.4,145.41,,,halogenated,Vinyl halides,Vinyl chlorides,"1,1,2-trichloroprop-1-ene","1,1,2-Trichloro Propene",,,0.945,hsp_solvents_2,https://pubchem.ncbi.nlm.nih.gov/compound/30616
"1,1,2-Trichloroethane",79-00-5,ClCC(Cl)Cl,C2H3Cl3,18.2,5.3,6.8,133.4,,,halogenated,Organochlorides,,"1,1,2-trichloroethane","1,1,2-Trichloroethane",,H302; H312; H332; H351; H331; H412; H315; H320; H335; H336; H370; H372; H402; H373,0.988,hsp_solvents_2,https://pubchem.ncbi.nlm.nih.gov/compound/6574
"1,1,2-Trichlorotrifluoroethane (Freon113)",76-13-1,FC(F)(Cl)C(F)(Cl)Cl,C2Cl3F3,14.7,1.6,0.0,187.37,47.8,,halogenated,Alkyl halides,Alkyl chlorides,"1,1,2-trichloro-1,2,2-trifluoroethane","1,1,2-Trichlorotrifluoroethane (Freon113)",,H319; H411; H420; H320; H336; H370; H401; H412; H335; H372; H316,0.7,hsp_solvents_2,
"1,1,3,3-Tetramethoxypropane",102-52-3,COC(CC(OC)OC)OC,C7H16O4,15.0,7.1,6.8,164.2,183.1,,ether,Organooxygen compounds,Ethers,"1,1,3,3-tetramethoxypropane","1,1,3,3-Tetramethoxypropane",,H226; H315,0.988,hsp_solvents_2,https://pubchem.ncbi.nlm.nih.gov/compound/66019
"1,1-Diallyloxyethane",20682-69-3,CC(OCC=C)OCC=C,C8H14O2,15.4,5.1,4.8,142.2,,,ether,Organooxygen compounds,Ethers,3-(1-prop-2-enoxyethoxy)prop-1-ene,"1,1-Diallyloxyethane",,,0.945,hsp_solvents_2,https://pubchem.ncbi.nlm.nih.gov/compound/225379
"1,1-Dibromoethane",557-91-5,CC(Br)Br,C2H4Br2,18.5,8.4,8.8,187.86,109.5,,halogenated,Organobromides,,"1,1-dibromoethane","1,1-Dibromoethane",,H301; H302; H311; H312; H315; H319; H331; H332; H335; H351,0.988,hsp_solvents_2,https://pubchem.ncbi.nlm.nih.gov/compound/11201
"1,1-Dibromoethylene",593-92-0,BrC(Br)=C,C2H2Br2,16.2,4.8,7.0,185.85,92.1,,ether,Organooxygen compounds,Ketene acetals,"1,1-dibromoethene","1,1-Dibromoethylene",,,0.958,hsp_solvents_2,https://pubchem.ncbi.nlm.nih.gov/compound/11652
"1,1-Dichloro-1-Nitroethane",594-72-9,CC(Cl)(Cl)[N+]([O-])=O,C2H3Cl2NO2,16.8,12.1,4.3,143.95,123.6,,hydrocarbon,"Allyl-type 1,3-dipolar organic compounds",Organic nitro compounds,"1,1-dichloro-1-nitroethane","1,1-Dichloro-1-Nitroethane",,H301; H311; H331; H226; H302; H315; H370,0.988,hsp_solvents_2,https://pubchem.ncbi.nlm.nih.gov/compound/11674
"1,1-Dichloroacetone",513-88-2,CC(=O)C(Cl)Cl,C3H4Cl2O,17.1,7.6,5.4,126.97,120.1,,ether,Organooxygen compounds,Carbonyl compounds,"1,1-dichloropropan-2-one","1,1-Dichloroacetone",,H226; H301; H302; H314; H318; H319; H400; H410,0.958,hsp_solvents_2,https://pubchem.ncbi.nlm.nih.gov/compound/10567
"1,1-Dichloroethane",75-34-3,CC(Cl)Cl,C2H4Cl2,16.5,7.8,3.0,98.96,,,halogenated,Organochlorides,,"1,1-dichloroethane","1,1-Dichloroethane",,H225; H302; H319; H335; H412; H332; H315; H336; H341; H370; H402; H411; H333; H373,0.988,hsp_solvents_2,https://pubchem.ncbi.nlm.nih.gov/compound/6365
"1,1-Dichloroethylene",75-35-4,ClC(Cl)=C,C2H2Cl2,16.4,5.2,2.4,96.94,31.4,,ether,Organooxygen compounds,Ketene acetals,"1,1-dichloroethene","1,1-Dichloroethylene",,H224; H332; H351; H302; H319; H372; H412; H341; H350; H401; H336; H361; H370; H305; H331; H373; H301; H315,0.958,hsp_solvents_2,https://pubchem.ncbi.nlm.nih.gov/compound/6366
"1,1-Dichloropropane",78-99-9,CCC(Cl)Cl,C3H6Cl2,16.1,7.8,3.5,112.98,88.1,,halogenated,Organochlorides,,"1,1-dichloropropane","1,1-Dichloropropane",,H225; H315; H319; H332; H335; H351; H402; H412,0.988,hsp_solvents_2,https://pubchem.ncbi.nlm.nih.gov/compound/6573
"1,1-Dichloropropene",563-58-6,CC=C(Cl)Cl,C3H4Cl2,16.9,6.7,2.9,110.97,76.6,,ether,Organooxygen compounds,Ketene acetals,"1,1-dichloroprop-1-ene","1,1-Dichloropropene",,H225; H301; H412,0.958,hsp_solvents_2,https://pubchem.ncbi.nlm.nih.gov/compound/11245
"1,1-Diethoxy Butane",3658-95-5,CCCC(OCC)OCC,C8H18O2,15.4,4.9,4.6,146.23,143.1,,ether,Organooxygen compounds,Ethers,"1,1-diethoxybutane","1,1-Diethoxy Butane",,H225; H226; H315; H317; H319,0.958,hsp_solvents_2,https://pubchem.ncbi.nlm.nih.gov/compound/77225
"1,1-Diethoxy Ethane",105-57-7,CCOC(C)OCC,C6H14O2,15.0,3.4,4.0,118.17,,,ether,Organooxygen compounds,Ethers,"1,1-diethoxyethane","1,1-Diethoxy Ethane",,H225; H315; H319; H318; H320; H335; H336,0.945,hsp_solvents_2,https://pubchem.ncbi.nlm.nih.gov/compound/7765
"1,1-Difluoroethane",75-37-6,CC(F)F,C2H4F2,14.9,9.3,2.9,66.05,-24.7,,fluorinated,Organofluorides,,"1,1-difluoroethane","1,1-Difluoroethane",,H220; H280; H336,0.988,hsp_solvents_2,https://pubchem.ncbi.nlm.nih.gov/compound/6368
"1,1-Difluoroethylene",75-38-7,FC(F)=C,C2H2F2,15.0,5.7,3.6,64.03,-82.9,,ether,Organooxygen compounds,Ketene acetals,"1,1-difluoroethene","1,1-Difluoroethylene",,H220; H230; H280; H340; H350; H336,0.958,hsp_solvents_2,https://pubchem.ncbi.nlm.nih.gov/compound/6369
"1,1-Dimethoxy Ethane",534-15-6,COC(C)OC,C4H10O2,15.1,4.9,4.9,90.12,62.9,,ether,Organooxygen compounds,Ethers,"1,1-dimethoxyethane","1,1-Dimethoxy Ethane",,H225,0.958,hsp_solvents_2,https://pubchem.ncbi.nlm.nih.gov/compound/10795
"1,1-Dimethyl Hydrazine",57-14-7,CN(C)N,C2H8N2,15.3,5.9,11.0,60.1,64.0,,amine,Organonitrogen compounds,Hydrazines and derivatives,"1,1-dimethylhydrazine","1,1-Dimethyl Hydrazine",,H225; H301; H314; H331; H350; H411; H311; H335; H317; H312; H315; H319; H330; H341; H351; H370; H372; H340; H361,0.97,hsp_solvents_2,https://pubchem.ncbi.nlm.nih.gov/compound/5976
"1,2,3,4-Tetramethylbenzene",488-23-3,Cc1ccc(C)c(C)c1C,C10H14,18.8,0.5,0.5,134.22,,,aromatic,Benzene and substituted derivatives,,"1,2,3,4-tetramethylbenzene","1,2,3,4-Tetramethylbenzene",,H315; H319; H335,0.988,hsp_solvents_2,https://pubchem.ncbi.nlm.nih.gov/compound/10263
"1,2,3,5-Tetramethylbenzene",527-53-7,Cc1cc(C)c(C)c(C)c1,C10H14,18.6,0.5,0.5,134.22,,,aromatic,Benzene and substituted derivatives,,"1,2,3,5-tetramethylbenzene","1,2,3,5-Tetramethylbenzene",,H315; H319,0.975,hsp_solvents_2,https://pubchem.ncbi.nlm.nih.gov/compound/10695
"1,2,3-Benzotriazole",95-14-7,[nH]1nnc2ccccc12,C6H5N3,18.7,15.6,12.4,119.12,,,heterocyclic,Benzotriazoles,,2H-benzotriazole,"1,2,3-Benzotriazole",,H411; H302; H319; H332; H412; H336; H371; H402,0.945,hsp_solvents_2,https://pubchem.ncbi.nlm.nih.gov/compound/7220
"1,2,3-Triazole",288-36-8,[nH]1ccnn1,C2H3N3,20.7,8.8,15.0,69.07,,,heterocyclic,Azoles,Triazoles,2H-triazole,"1,2,3-Triazole",,H315; H319; H335,0.945,hsp_solvents_2,https://pubchem.ncbi.nlm.nih.gov/compound/67516
"1,2,3-Trichloro Propene",96-19-5,ClCC(Cl)=CCl,C3H3Cl3,17.8,7.8,3.4,145.41,,,halogenated,Vinyl halides,Vinyl chlorides,"1,2,3-trichloroprop-1-ene","1,2,3-Trichloro Propene",,H227; H301; H302; H311; H315; H319; H330; H331; H335,0.945,hsp_solvents_2,https://pubchem.ncbi.nlm.nih.gov/compound/7286
"1,2,3-Trichloropropane",96-18-4,ClCC(Cl)CCl,C3H5Cl3,17.8,12.3,3.4,147.43,,,halogenated,Organochlorides,,"1,2,3-trichloropropane","1,2,3-Trichloropropane",,H302; H312; H332; H350; H360; H301; H311; H319; H331; H341; H372; H373; H411; H227; H330; H335; H370; H401; H336; H371,0.988,hsp_solvents_2,https://pubchem.ncbi.nlm.nih.gov/compound/7285
"1,2,4,5-Tetrachlorobenzene",95-94-3,Clc1cc(Cl)c(Cl)cc1Cl,C6H2Cl4,21.2,10.7,3.4,215.9,243.1,,aromatic,Benzene and substituted derivatives,Halobenzenes,"1,2,4,5-tetrachlorobenzene","1,2,4,5-Tetrachlorobenzene",,H302; H315; H319; H335; H400; H410; H336; H361; H362; H372; H373,1.0,hsp_solvents_2,https://pubchem.ncbi.nlm.nih.gov/compound/7270
"1,2,4-Trichlorobenzene",120-82-1,Clc1ccc(Cl)c(Cl)c1,C6H3Cl3,20.2,4.2,3.2,181.4,213.6,,aromatic,Benzene and substituted derivatives,Halobenzenes,"1,2,4-trichlorobenzene","1,2,4-Trichlorobenzene",,H302; H315; H400; H410; H319; H335; H336; H351; H373; H316,1.0,hsp_solvents_2,https://pubchem.ncbi.nlm.nih.gov/compound/13
"1,2-Butadiene",590-19-2,C[CH]=[C]=[CH2],C4H6,15.0,1.7,6.2,54.09,10.9,,hydrocarbon,Acyclic allenes,,"buta-1,2-diene","1,2-Butadiene",,H220; H224; H280; H411,0.97,hsp_solvents_2,https://pubchem.ncbi.nlm.nih.gov/compound/11535
"1,2-Chlorobromoethylene",,,,17.2,6.6,2.3,,,,halogenated,,,"1,2-chlorobromoethylene","1,2-Chlorobromoethylene",,,0.06,hsp_solvents_2,
"1,2-Cyclohexanediol",931-17-9,OC1CCCCC1O,C6H12O2,17.4,9.8,18.3,116.16,,,ether,Organooxygen compounds,Alcohols and polyols,"cyclohexane-1,2-diol","1,2-Cyclohexanediol",,H315; H319; H335,0.945,hsp_solvents_2,https://pubchem.ncbi.nlm.nih.gov/compound/13601
"1,2-Cyclohexanedione",765-87-7,O=C1CCCCC1=O,C6H8O2,18.6,10.3,8.0,112.13,194.1,,ether,Organooxygen compounds,Carbonyl compounds,"cyclohexane-1,2-dione","1,2-Cyclohexanedione",,H302; H315; H319; H335,0.958,hsp_solvents_2,https://pubchem.ncbi.nlm.nih.gov/compound/13006
"1,2-Dibromoethylene",540-49-8,BrC=CBr,C2H2Br2,17.0,4.9,3.0,185.85,111.9,,halogenated,Vinyl halides,Vinyl bromides,"1,2-dibromoethene","1,2-Dibromoethylene",,H301; H315; H319; H335,0.97,hsp_solvents_2,https://pubchem.ncbi.nlm.nih.gov/compound/10897
"1,2-Dichloroethylene (Cis)",156-59-2,,,17.0,8.0,3.2,,,,halogenated,Vinyl halides,Vinyl chlorides,"(Z)-1,2-dichloroethene","1,2-Dichloroethylene (Cis)",,,0.7,hsp_solvents_2,
"1,2-Dichloropropane",78-87-5,CC(Cl)CCl,C3H6Cl2,17.3,7.1,2.9,112.98,,,halogenated,Organochlorides,,"1,2-dichloropropane","1,2-Dichloropropane",,H225; H302; H332; H350; H331; H317; H319; H336; H341; H361; H370; H372; H373; H401; H411; H315; H335; H351; H316,0.988,hsp_solvents_2,https://pubchem.ncbi.nlm.nih.gov/compound/6564
"1,2-Dichloropropene (Cis)",6923-20-2,,,17.0,8.5,2.9,,,,halogenated,Vinyl halides,Vinyl chlorides,"(Z)-1,2-dichloroprop-1-ene","1,2-Dichloropropene (Cis)",,,0.7,hsp_solvents_2,
"1,2-Dichlorotetrafluoroethane (Freon 114)",76-14-2,FC(F)(Cl)C(F)(F)Cl,C2Cl2F4,12.6,1.8,0.0,170.92,3.8,,halogenated,Alkyl halides,Alkyl chlorides,"1,2-dichloro-1,1,2,2-tetrafluoroethane","1,2-Dichlorotetrafluoroethane (Freon 114)",,H280; H420; H335; H336; H370,0.7,hsp_solvents_2,
"1,2-Dichlorovinyl Ethyl Ether",42345-82-4,CCOC(Cl)=CCl,C4H6Cl2O,16.9,10.5,6.0,140.99,,,halogenated,Vinyl halides,Vinyl chlorides,"1,2-dichloro-1-ethoxyethene","1,2-Dichlorovinyl Ethyl Ether",,,0.945,hsp_solvents_2,https://pubchem.ncbi.nlm.nih.gov/compound/53440473
"1,2-Diethyl Benzene",135-01-3,CCc1ccccc1CC,C10H14,17.7,0.1,1.0,134.22,,,aromatic,Benzene and substituted derivatives,,"1,2-diethylbenzene","1,2-Diethyl Benzene",,H226; H304; H315; H319; H335; H411; H412; H373,0.958,hsp_solvents_2,https://pubchem.ncbi.nlm.nih.gov/compound/8657
"1,2-Dihydroxybenzene (Catechol)",120-80-9,,,20.0,11.3,21.8,,,,alcohol,Phenols,Benzenediols,"benzene-1,2-diol","1,2-Dihydroxybenzene (Catechol)",,,0.7,hsp_solvents_2,
"1,2-Dimethoxybenzene",91-16-7,COc1ccccc1OC,C8H10O2,19.2,4.4,9.4,138.16,206.1,,aromatic,Benzene and substituted derivatives,Methoxybenzenes,"1,2-dimethoxybenzene","1,2-Dimethoxybenzene",,H302; H371,1.0,hsp_solvents_2,https://pubchem.ncbi.nlm.nih.gov/compound/7043
"1,2-Dinitrobenzene",528-29-0,[O-][N+](=O)c1ccccc1[N+]([O-])=O,C6H4N2O4,20.6,11.6,3.9,168.11,,,aromatic,Benzene and substituted derivatives,Nitrobenzenes,"1,2-dinitrobenzene","1,2-Dinitrobenzene",,H300; H310; H330; H373; H400; H410; H370; H372; H317; H319; H361; H316; H335,0.988,hsp_solvents_2,https://pubchem.ncbi.nlm.nih.gov/compound/10707
"1,2-Epoxy-2-Propene",40079-14-9,C=C1CO1,C3H4O,16.5,8.6,6.7,56.06,,,hydrocarbon,Epoxides,,2-methylideneoxirane,"1,2-Epoxy-2-Propene",,,0.945,hsp_solvents_2,https://pubchem.ncbi.nlm.nih.gov/compound/3029326
"1,2-Ethane Dithiol",540-63-6,,C2H6S2,17.9,7.2,8.7,94.2,146.1,,sulfur compound,Thiols,Alkylthiols,"ethane-1,2-dithiol","1,2-Ethane Dithiol",,H226; H301; H302; H310; H312; H319; H330,0.808,hsp_solvents_2,https://pubchem.ncbi.nlm.nih.gov/compound/10902
"1,2-Methylenedioxybenzene (G.C.)",274-09-9,,,19.0,6.7,5.9,,,,aromatic,Benzodioxoles,,"1,3-benzodioxole","1,2-Methylenedioxybenzene (G.C.)",,,0.7,hsp_solvents_2,
"1,2-Propadiene (Allene)",463-49-0,,,15.3,3.0,6.8,,,,hydrocarbon,Acyclic allenes,,"propa-1,2-diene","1,2-Propadiene (Allene)",,,0.7,hsp_solvents_2,
"1,3,5-Trioxane",110-88-3,C1OCOCO1,C3H6O3,18.7,9.2,8.6,90.08,,,ether,Trioxanes,,"1,3,5-trioxane","1,3,5-Trioxane",,H228; H335; H361; H370; H372; H336; H360; H373,0.988,hsp_solvents_2,https://pubchem.ncbi.nlm.nih.gov/compound/8081
"1,3-Benzenediol",108-46-3,Oc1cccc(O)c1,C6H6O2,18.6,8.1,20.3,110.11,276.9,,alcohol,Phenols,Benzenediols,"benzene-1,3-diol","1,3-Benzenediol",,H302; H315; H317; H319; H370; H400; H371; H318; H372; H313; H333; H410,0.958,hsp_solvents_2,https://pubchem.ncbi.nlm.nih.gov/compound/5054
"1,3-Bis(Trifluoromethyl)Benzene",402-31-3,,C8H4F6,17.0,6.8,0.0,214.11,116.1,,halogenated,Benzene and substituted derivatives,Trifluoromethylbenzenes,"1,3-bis(trifluoromethyl)benzene","1,3-Bis(Trifluoromethyl)Benzene",,H226; H315; H319; H335; H411,0.7,hsp_solvents_2,
"1,3-Butadiene",106-99-0,C=CC=C,C4H6,14.8,2.8,5.6,54.09,,,hydrocarbon,Unsaturated hydrocarbons,Olefins,"buta-1,3-diene","1,3-Butadiene",,H220; H340; H350; H280; H361; H412; H319; H335; H336; H360; H372; H373,0.945,hsp_solvents_2,https://pubchem.ncbi.nlm.nih.gov/compound/7845
"1,3-Butadiene-1,2-Di-Chloro",3574-40-1,,C4H4Cl2,17.0,10.7,2.8,122.98,,,halogenated,Vinyl halides,Vinyl chlorides,"(1Z)-1,2-dichlorobuta-1,3-diene","1,3-Butadiene-1,2-Di-Chloro",,,0.795,hsp_solvents_2,https://pubchem.ncbi.nlm.nih.gov/compound/5463151
"1,3-Butadiene-1-Chloro",627-22-5,,C4H5Cl,15.6,8.5,2.0,88.53,,,halogenated,Vinyl halides,Vinyl chlorides,"1-chlorobuta-1,3-diene","1,3-Butadiene-1-Chloro",,H225; H315; H319; H335; H373,0.795,hsp_solvents_2,https://pubchem.ncbi.nlm.nih.gov/compound/12311
"1,3-Butanediol",107-88-0,CC(O)CCO,C4H10O2,16.5,8.1,20.9,90.12,,,ether,Organooxygen compounds,Alcohols and polyols,"butane-1,3-diol","1,3-Butanediol",,H226,0.945,hsp_solvents_2,https://pubchem.ncbi.nlm.nih.gov/compound/7896
"1,3-Dichloro Propane",142-28-9,ClCCCCl,C3H6Cl2,18.0,8.2,3.0,112.98,,,halogenated,Organochlorides,,"1,3-dichloropropane","1,3-Dichloro Propane",,H225; H226; H317; H319; H412; H315; H336; H371,0.958,hsp_solvents_2,https://pubchem.ncbi.nlm.nih.gov/compound/8881
"1,3-Dichloro-2-Butene",926-57-8,CC(Cl)=CCCl,C4H6Cl2,16.9,7.8,2.7,124.99,127.1,,halogenated,Vinyl halides,Vinyl chlorides,"1,3-dichlorobut-2-ene","1,3-Dichloro-2-Butene",,H226; H301; H302; H312; H315; H319; H331; H335,0.958,hsp_solvents_2,https://pubchem.ncbi.nlm.nih.gov/compound/13556
"1,3-Dichloro-2-Fluorobenzene",2268-05-5,Fc1c(Cl)cccc1Cl,C6H3Cl2F,19.4,9.1,2.7,164.99,168.6,,aromatic,Benzene and substituted derivatives,Halobenzenes,"1,3-dichloro-2-fluorobenzene","1,3-Dichloro-2-Fluorobenzene",,H228; H315; H319; H335,0.925,hsp_solvents_2,https://pubchem.ncbi.nlm.nih.gov/compound/137520
"1,3-Dichloro-2-Propanol",96-23-1,OC(CCl)CCl,C3H6Cl2O,17.5,9.9,14.6,128.98,175.2,,alcohol,Halohydrins,Chlorohydrins,"1,3-dichloropropan-2-ol","1,3-Dichloro-2-Propanol",,H301; H312; H350; H311; H314; H318; H330; H335; H336; H341; H370; H373; H227; H315; H319; H351; H372,0.958,hsp_solvents_2,https://pubchem.ncbi.nlm.nih.gov/compound/7289
"1,3-Dimethoxy Butane",10143-66-5,COCCC(C)OC,C6H14O2,15.6,5.5,5.2,118.17,,,ether,Organooxygen compounds,Ethers,"1,3-dimethoxybutane","1,3-Dimethoxy Butane",,,0.945,hsp_solvents_2,https://pubchem.ncbi.nlm.nih.gov/compound/25011
"1,3-Dioxolane",646-06-0,C1COCO1,C3H6O2,18.1,6.6,9.3,74.08,74.6,,ether,Dioxolanes,"1,3-dioxolanes","1,3-dioxolane","1,3-Dioxolane",,H225; H319; H360; H318; H361; H303; H316; H341,1.0,hsp_solvents_2,https://pubchem.ncbi.nlm.nih.gov/compound/12586
"1,3-Pentadiene (Trans)",2004-70-8,,,15.0,2.5,4.0,,,,hydrocarbon,Unsaturated hydrocarbons,Olefins,"(3E)-penta-1,3-diene","1,3-Pentadiene (Trans)",,,0.7,hsp_solvents_2,
"1,3-Propane Sultone",1120-71-4,O=[S]1(=O)CCCO1,C3H6O3S,18.4,16.0,9.0,122.15,,,hydrocarbon,Oxathiolanes,Gamma sultones,"oxathiolane 2,2-dioxide","1,3-Propane Sultone",,H302; H312; H350; H301; H311; H315; H318; H319; H332; H341; H412; H370; H402; H316; H320; H335; H351; H330,0.958,hsp_solvents_2,https://pubchem.ncbi.nlm.nih.gov/compound/14264
"1,3-Propanediol (Trimethyleneglycol)",504-63-2,,,16.8,13.5,23.2,,,,alcohol,Organooxygen compounds,Alcohols and polyols,"propane-1,3-diol","1,3-Propanediol (Trimethyleneglycol)",,,0.7,hsp_solvents_2,
"1,4-Butandiol Diacrylate",1070-70-8,OCCCCO.OC(=O)C=C.OC(=O)C=C,C10H14O4,16.8,9.1,4.2,198.22,,,acid,Carboxylic acids and derivatives,Acrylic acids and derivatives,4-prop-2-enoyloxybutyl prop-2-enoate,"1,4-Butandiol Diacrylate",,H312; H314; H317; H302; H311; H318; H319; H332; H412; H315,0.945,hsp_solvents_2,https://pubchem.ncbi.nlm.nih.gov/compound/70613
"1,4-Butanediol",110-63-4,OCCCCO,C4H10O2,16.6,11.0,20.9,90.12,229.7,,ether,Organooxygen compounds,Alcohols and polyols,"butane-1,4-diol","1,4-Butanediol",,H302; H336,0.958,hsp_solvents_2,https://pubchem.ncbi.nlm.nih.gov/compound/8064
"1,4-Dichloro-2-Butene",764-41-0,ClCC=CCCl,C4H6Cl2,17.8,7.6,2.0,124.99,,,halogenated,Organochlorides,,"1,4-dichlorobut-2-ene","1,4-Dichloro-2-Butene",,H301; H311; H314; H330; H350; H400; H410; H226; H318; H336; H341; H370; H372; H340; H361,0.945,hsp_solvents_2,https://pubchem.ncbi.nlm.nih.gov/compound/15122
"1,4-Dichlorobutane",110-56-5,ClCCCCCl,C4H8Cl2,18.3,7.7,2.8,127.01,,,halogenated,Organochlorides,,"1,4-dichlorobutane","1,4-Dichlorobutane",,H226; H315; H319; H335; H412,0.988,hsp_solvents_2,https://pubchem.ncbi.nlm.nih.gov/compound/8059
"1,4-Dihydroxybenzene (1,4-Benzenediol)",123-31-9,,,21.0,10.2,27.2,,,,alcohol,Phenols,Benzenediols,"benzene-1,4-diol","1,4-Dihydroxybenzene (1,4-Benzenediol)",,,0.7,hsp_solvents_2,
"1,4-Dioxane",123-91-1,C1COCCO1,C4H8O2,17.1,6.8,7.8,88.11,,,ether,Dioxanes,"1,4-dioxanes","1,4-dioxane","1,4-Dioxane",dioxane,H225; H319; H335; H350; H351; H332; H336; H372; H315; H370; H373; H313; H331,0.975,hsp_solvents_2,https://pubchem.ncbi.nlm.nih.gov/compound/31275
"1,4-Dioxane (High P)",123-91-1,,,17.1,6.8,7.8,,,,ether,Dioxanes,"1,4-dioxanes","1,4-dioxane","1,4-Dioxane (High P)",dioxane,,0.7,hsp_solvents_2,
"1,4-Thioxane",15980-15-1,C1CSCCO1,C4H8OS,19.0,6.6,7.7,104.17,,,sulfur compound,Oxathianes,,"1,4-oxathiane","1,4-Thioxane",,H226; H315; H319; H335,0.958,hsp_solvents_2,https://pubchem.ncbi.nlm.nih.gov/compound/27596
"1,5-Dichloropentane",628-76-2,ClCCCCCCl,C5H10Cl2,18.0,7.8,1.5,141.04,180.1,,halogenated,Organochlorides,,"1,5-dichloropentane","1,5-Dichloropentane",,H226; H301; H315; H319; H335,0.988,hsp_solvents_2,https://pubchem.ncbi.nlm.nih.gov/compound/12353
"1,8-Cineole (Eucalyptol)",470-82-6,,,16.7,4.6,3.4,,,,terpene,Oxanes,,"1,3,3-trimethyl-2-oxabicyclo[2.2.2]octane","1,8-Cineole (Eucalyptol)",,,0.7,hsp_solvents_2,
"1,9-Nonanediol",3937-56-2,OCCCCCCCCCO,C9H20O2,15.7,7.0,15.1,160.25,,,alcohol,Fatty Acyls,Fatty alcohols,"nonane-1,9-diol","1,9-Nonanediol",,H315; H319; H335; H412,0.945,hsp_solvents_2,https://pubchem.ncbi.nlm.nih.gov/compound/19835
"1-Acetoxy-1,3-Butadiene",1515-76-0,CC(=O)OC=CC=C,C6H8O2,16.1,4.4,8.3,112.13,,,acid,Carboxylic acids and derivatives,Carboxylic acid derivatives,"[(1E)-buta-1,3-dienyl] acetate","1-Acetoxy-1,3-Butadiene",,H226; H302; H311; H315; H319; H335,0.958,hsp_solvents_2,https://pubchem.ncbi.nlm.nih.gov/compound/5363433
1-Aminocyclopropane Carboxylic Acid,22059-21-8,NC1(CC1)C(O)=O,C4H7NO2,17.0,6.3,13.6,101.1,,,acid,Carboxylic acids and derivatives,"Amino acids, peptides, and analogues",1-aminocyclopropane-1-carboxylic acid,1-Aminocyclopropane Carboxylic Acid,,H315; H319; H335,0.945,hsp_solvents_2,https://pubchem.ncbi.nlm.nih.gov/compound/535
1-Bromo Propene (Cis),590-13-6,,,16.3,6.4,5.0,,,,halogenated,Vinyl halides,Vinyl bromides,(Z)-1-bromoprop-1-ene,1-Bromo Propene (Cis),,,0.7,hsp_solvents_2,
1-Bromo-4-Ethoxy Benzene,588-96-5,CCOc1ccc(Br)cc1,C8H9BrO,19.5,7.7,5.3,201.06,233.1,,halogenated,Phenol ethers,,1-bromo-4-ethoxybenzene,1-Bromo-4-Ethoxy Benzene,,H315; H319; H335,0.958,hsp_solvents_2,https://pubchem.ncbi.nlm.nih.gov/compound/68523
1-Bromonaphthalene,90-11-9,Brc1cccc2ccccc12,C10H7Br,20.6,3.1,4.1,207.07,281.1,,aromatic,Naphthalenes,,1-bromonaphthalene,1-Bromonaphthalene,,H302; H319,1.0,hsp_solvents_2,https://pubchem.ncbi.nlm.nih.gov/compound/7001
1-Bromopropane,106-94-5,CCCBr,C3H7Br,16.4,7.9,4.8,122.99,,,halogenated,Organobromides,,1-bromopropane,1-Bromopropane,,H225; H315; H319; H335; H336; H360; H373; H332; H351; H372; H402; H412; H361,0.988,hsp_solvents_2,https://pubchem.ncbi.nlm.nih.gov/compound/7840
1-Butanethiol,109-79-5,CCCCS,C4H10S,16.3,5.3,4.5,90.19,,,hydrocarbon,Thiols,Alkylthiols,butane-1-thiol,1-Butanethiol,,H225; H302; H319; H332; H317; H335; H336; H370; H316; H320; H361; H371,0.958,hsp_solvents_2,https://pubchem.ncbi.nlm.nih.gov/compound/8012
1-Butanol,71-36-3,CCCCO,C4H10O,16.0,5.7,15.8,74.12,,,ether,Organooxygen compounds,Alcohols and polyols,butan-1-ol,1-Butanol,n-BuOH,H226; H302; H315; H318; H335; H336; H319; H372; H305; H313,0.945,hsp_solvents_2,https://pubchem.ncbi.nlm.nih.gov/compound/263
1-Butene,106-98-9,CCC=C,C4H8,13.2,1.3,3.9,56.11,,,hydrocarbon,Unsaturated hydrocarbons,Unsaturated aliphatic hydrocarbons,but-1-ene,1-Butene,,H220; H280; H320; H336,0.945,hsp_solvents_2,https://pubchem.ncbi.nlm.nih.gov/compound/7844
1-Butenyl Methyl Ether,4696-30-4,CCC=COC,C5H10O,15.1,5.3,5.2,86.13,,,ether,Organooxygen compounds,,4-methoxybut-1-ene,1-Butenyl Methyl Ether,,H225; H315; H319; H335,0.945,hsp_solvents_2,https://pubchem.ncbi.nlm.nih.gov/compound/317680
1-Chloro Pentane,543-59-9,CCCCCCl,C5H11Cl,16.0,6.9,1.9,106.59,,,halogenated,Organochlorides,,1-chloropentane,1-Chloro Pentane,,H225; H302; H312; H332,0.945,hsp_solvents_2,https://pubchem.ncbi.nlm.nih.gov/compound/10977
1-Chloro Vinyl Ethyl Ether,54722-81-5,CCOC(Cl)=C,,16.8,6.5,5.7,,,,ether,Organooxygen compounds,Ketene acetals,1-chloro vinyl ethyl ether,1-Chloro Vinyl Ethyl Ether,,,0.502,hsp_solvents_2,https://webbook.nist.gov/cgi/cbook.cgi?ID=54722-81-5
1-Chloro-1-Fluoro Ethylene,2317-91-1,FC(Cl)=C,C2H2ClF,16.0,6.9,4.0,80.49,-24.1,,ether,Organooxygen compounds,Ketene acetals,1-chloro-1-fluoroethene,1-Chloro-1-Fluoro Ethylene,,,0.958,hsp_solvents_2,https://pubchem.ncbi.nlm.nih.gov/compound/75344
1-Chloro-1-Nitroethane,598-92-5,CC(Cl)[N+]([O-])=O,C2H4ClNO2,16.8,13.5,4.7,109.51,,,hydrocarbon,"Allyl-type 1,3-dipolar organic compounds",Organic nitro compounds,1-chloro-1-nitroethane,1-Chloro-1-Nitroethane,,,0.975,hsp_solvents_2,https://pubchem.ncbi.nlm.nih.gov/compound/61149
1-Chloro-1-Nitropropane,600-25-9,CCC(Cl)[N+]([O-])=O,C3H6ClNO2,16.8,13.0,4.5,123.54,,,hydrocarbon,"Allyl-type 1,3-dipolar organic compounds",Organic nitro compounds,1-chloro-1-nitropropane,1-Chloro-1-Nitropropane,,H302; H332; H227; H319; H335; H316; H371,0.975,hsp_solvents_2,https://pubchem.ncbi.nlm.nih.gov/compound/11750
1-Chloro-2-Butene,591-97-9,CC=CCCl,C4H7Cl,16.2,7.7,2.0,90.55,84.0,,halogenated,Organochlorides,,1-chlorobut-2-ene,1-Chloro-2-Butene,,H225; H302; H314; H315; H317; H318; H332; H412,0.958,hsp_solvents_2,https://pubchem.ncbi.nlm.nih.gov/compound/11589
1-Chloro-2-Ethoxy Benzene,614-72-2,CCOc1ccccc1Cl,C8H9ClO,19.2,8.1,4.4,156.61,,,halogenated,Phenol ethers,,1-chloro-2-ethoxybenzene,1-Chloro-2-Ethoxy Benzene,,,0.945,hsp_solvents_2,https://pubchem.ncbi.nlm.nih.gov/compound/69197
1-Chloro-2-Ethyl Benzene,89-96-3,CCc1ccccc1Cl,C8H9Cl,18.9,4.9,2.2,140.61,178.5,,aromatic,Benzene and substituted derivatives,Halobenzenes,1-chloro-2-ethylbenzene,1-Chloro-2-Ethyl Benzene,,H302; H312; H315; H319; H332; H335,0.97,hsp_solvents_2,https://pubchem.ncbi.nlm.nih.gov/compound/6995
1-Chloro-2-Methyl Propene,513-37-1,CC(C)=CCl,C4H7Cl,16.1,7.1,4.2,90.55,68.1,,halogenated,Vinyl halides,Vinyl chlorides,1-chloro-2-methylprop-1-ene,1-Chloro-2-Methyl Propene,,H225; H311; H315; H319; H330; H335; H350; H301; H341; H351; H373,0.958,hsp_solvents_2,https://pubchem.ncbi.nlm.nih.gov/compound/10555
1-Chloro-4-Ethoxy Benzene,622-61-7,CCOc1ccc(Cl)cc1,C8H9ClO,19.3,6.3,4.4,156.61,211.9,,halogenated,Phenol ethers,,1-chloro-4-ethoxybenzene,1-Chloro-4-Ethoxy Benzene,,H227; H302; H312; H315; H319; H332; H335,0.97,hsp_solvents_2,https://pubchem.ncbi.nlm.nih.gov/compound/69326
1-Chlorobutane,109-69-3,CCCCCl,C4H9Cl,16.2,5.5,2.0,92.57,,,halogenated,Organochlorides,,1-chlorobutane,1-Chlorobutane,,H225; H412; H315; H320; H361,0.988,hsp_solvents_2,https://pubchem.ncbi.nlm.nih.gov/compound/8005
1-Chlorohexane,544-10-5,CCCCCCCl,C6H13Cl,16.1,6.2,1.7,120.62,135.0,,halogenated,Organochlorides,,1-chlorohexane,1-Chlorohexane,,H226; H412,1.0,hsp_solvents_2,https://pubchem.ncbi.nlm.nih.gov/compound/10992
1-Chloronaphthalene,90-13-1,Clc1cccc2ccccc12,C10H7Cl,20.5,4.9,2.5,162.61,,,aromatic,Naphthalenes,Chloronaphthalenes,1-chloronaphthalene,1-Chloronaphthalene,,H302; H315; H319; H335; H400; H320; H373; H410; H371,0.988,hsp_solvents_2,https://pubchem.ncbi.nlm.nih.gov/compound/7003
1-Chloropropene,590-21-6,CC=CCl,C3H5Cl,15.3,6.9,2.2,76.52,,,halogenated,Vinyl halides,Vinyl chlorides,1-chloroprop-1-ene,1-Chloropropene,,H224; H225; H302; H315; H319; H336,0.945,hsp_solvents_2,https://pubchem.ncbi.nlm.nih.gov/compound/11536
1-Decanol,112-30-1,CCCCCCCCCCO,C10H22O,16.0,4.7,10.5,158.28,,,alcohol,Fatty Acyls,Fatty alcohols,decan-1-ol,1-Decanol,,H315; H319; H411; H412; H335; H400; H304; H332; H361; H227; H402,0.958,hsp_solvents_2,https://pubchem.ncbi.nlm.nih.gov/compound/8174
1-Decene,872-05-9,CCCCCCCCC=C,C10H20,15.6,1.0,2.2,140.27,,,hydrocarbon,Unsaturated hydrocarbons,Unsaturated aliphatic hydrocarbons,dec-1-ene,1-Decene,,H226; H304; H400; H410; H411; H315,0.945,hsp_solvents_2,https://pubchem.ncbi.nlm.nih.gov/compound/13381
1-Ethoxy Ethoxy-2-Propanol,4043-59-8,CCOC(C)OCC(C)O,C7H16O3,15.4,6.3,6.0,148.2,,,ether,Organooxygen compounds,Alcohols and polyols,"1,3-diethoxypropan-2-ol",1-Ethoxy Ethoxy-2-Propanol,,H319,0.945,hsp_solvents_2,https://pubchem.ncbi.nlm.nih.gov/compound/77664
1-Ethyl Vinyl Ethyl Ether,1528-20-7,CCOC(=C)CC,C6H12O,15.3,4.2,4.6,100.16,,,ether,Organooxygen compounds,,(E)-1-ethoxybut-1-ene,1-Ethyl Vinyl Ethyl Ether,,,0.945,hsp_solvents_2,https://pubchem.ncbi.nlm.nih.gov/compound/5364930
1-Fluoro Acrylic Acid,430-99-9,,C3H3FO2,16.0,8.7,13.0,90.05,,,acid,Carboxylic acids and derivatives,Alpha-halocarboxylic acids and derivatives,2-fluoroprop-2-enoic acid,1-Fluoro Acrylic Acid,,H314; H318,0.795,hsp_solvents_2,https://pubchem.ncbi.nlm.nih.gov/compound/2782523
1-Fluoro Acrylonitrile,430-49-9,,C3H2FN,14.1,15.4,5.7,71.05,,,nitrile,Vinyl halides,Vinyl fluorides,2-fluoroprop-2-enenitrile,1-Fluoro Acrylonitrile,,,0.795,hsp_solvents_2,https://pubchem.ncbi.nlm.nih.gov/compound/15576991
1-Heptanol,111-70-6,CCCCCCCO,C7H16O,16.0,5.3,11.7,116.2,,,alcohol,Fatty Acyls,Fatty alcohols,heptan-1-ol,1-Heptanol,,H319; H227; H315,0.958,hsp_solvents_2,https://pubchem.ncbi.nlm.nih.gov/compound/8129
1-Heptene,592-76-7,CCCCCC=C,C7H14,15.0,1.1,2.6,98.19,,,hydrocarbon,Unsaturated hydrocarbons,Unsaturated aliphatic hydrocarbons,hept-1-ene,1-Heptene,,H225; H304; H400; H410; H315; H319; H335; H320,0.945,hsp_solvents_2,https://pubchem.ncbi.nlm.nih.gov/compound/11610
1-Hexanol,111-27-3,CCCCCCO,C6H14O,15.9,5.8,12.5,102.17,,,alcohol,Fatty Acyls,Fatty alcohols,hexan-1-ol,1-Hexanol,,H302; H226; H312; H319; H315,0.945,hsp_solvents_2,https://pubchem.ncbi.nlm.nih.gov/compound/8103
1-Hexene,592-41-6,CCCCC=C,C6H12,14.7,1.1,3.0,84.16,,,hydrocarbon,Unsaturated hydrocarbons,Unsaturated aliphatic hydrocarbons,hex-1-ene,1-Hexene,,H225; H304; H319; H401; H335; H336,0.945,hsp_solvents_2,https://pubchem.ncbi.nlm.nih.gov/compound/11597
"1-Methoxy-1,3-Butadiene",3036-66-6,COC=CC=C,C5H8O,15.5,8.3,5.4,84.12,91.6,,ether,Organooxygen compounds,,"(1E)-1-methoxybuta-1,3-diene","1-Methoxy-1,3-Butadiene",,H225; H302,0.97,hsp_solvents_2,https://pubchem.ncbi.nlm.nih.gov/compound/5462719
1-Methoxy-2-Nitrobenzene,91-23-6,COc1ccccc1[N+]([O-])=O,C7H7NO3,19.6,12.7,5.5,153.14,273.1,,aromatic,Benzene and substituted derivatives,Nitrobenzenes,1-methoxy-2-nitrobenzene,1-Methoxy-2-Nitrobenzene,,H302; H350; H341; H361; H371; H373; H351,1.0,hsp_solvents_2,https://pubchem.ncbi.nlm.nih.gov/compound/7048
1-Methyl Cyclohexanol,590-67-0,CC1(O)CCCCC1,C7H14O,17.1,4.0,12.0,114.19,155.1,,ether,Organooxygen compounds,Alcohols and polyols,1-methylcyclohexan-1-ol,1-Methyl Cyclohexanol,,H228; H302; H312; H315; H319; H332; H335,0.97,hsp_solvents_2,https://pubchem.ncbi.nlm.nih.gov/compound/11550
1-Methyl Imidazole,616-47-7,Cn1ccnc1,C4H6N2,19.7,15.6,11.2,82.1,198.1,,heterocyclic,Azoles,Imidazoles,1-methylimidazole,1-Methyl Imidazole,,H302; H312; H314; H311; H318; H361,0.958,hsp_solvents_2,https://pubchem.ncbi.nlm.nih.gov/compound/1390
1-Methyl Naphthalene,90-12-0,Cc1cccc2ccccc12,C11H10,19.7,0.8,4.7,142.2,,,aromatic,Naphthalenes,,1-methylnaphthalene,1-Methyl Naphthalene,,H302; H304; H411; H319; H335; H336; H373; H400; H410; H227; H401; H315; H334,0.945,hsp_solvents_2,https://pubchem.ncbi.nlm.nih.gov/compound/7002
1-Methyl Vinyl Methyl Ether,116-11-0,COC(C)=C,C4H8O,14.8,4.2,5.6,72.11,35.1,,ether,Organooxygen compounds,,2-methoxyprop-1-ene,1-Methyl Vinyl Methyl Ether,,H224; H302; H412,0.958,hsp_solvents_2,https://pubchem.ncbi.nlm.nih.gov/compound/8300
1-Naphthol,90-15-3,Oc1cccc2ccccc12,C10H8O,19.7,6.3,12.3,144.17,288.0,,aromatic,Naphthalenes,Naphthols and derivatives,naphthalen-1-ol,1-Naphthol,,H302; H312; H315; H318; H335; H311; H317; H400; H410; H412; H411; H314; H371,0.958,hsp_solvents_2,https://pubchem.ncbi.nlm.nih.gov/compound/7005
1-Nitropropane,108-03-2,CCC[N+]([O-])=O,C3H7NO2,16.6,12.3,5.5,89.09,,,hydrocarbon,"Allyl-type 1,3-dipolar organic compounds",Organic nitro compounds,1-nitropropane,1-Nitropropane,,H226; H302; H312; H332; H331; H319; H335; H336; H370; H351,0.988,hsp_solvents_2,https://pubchem.ncbi.nlm.nih.gov/compound/7903
1-Nonanol,143-08-8,CCCCCCCCCO,C9H20O,16.0,4.8,11.0,144.25,,,alcohol,Fatty Acyls,Fatty alcohols,nonan-1-ol,1-Nonanol,,H315; H319; H411; H227; H332; H335; H373,0.945,hsp_solvents_2,https://pubchem.ncbi.nlm.nih.gov/compound/8914
1-Nonene,124-11-8,CCCCCCCC=C,C9H18,15.4,1.0,2.2,126.24,,,hydrocarbon,Unsaturated hydrocarbons,Unsaturated aliphatic hydrocarbons,non-1-ene,1-Nonene,,H226; H304; H315; H319; H335; H336,0.945,hsp_solvents_2,https://pubchem.ncbi.nlm.nih.gov/compound/31285
1-Octanol,111-87-5,CCCCCCCCO,C8H18O,16.0,5.0,11.2,130.23,,,alcohol,Fatty Acyls,Fatty alcohols,octan-1-ol,1-Octanol,,H302; H312; H315; H319; H412; H227; H370; H371; H401; H305; H316; H335; H341; H402,0.945,hsp_solvents_2,https://pubchem.ncbi.nlm.nih.gov/compound/957
1-Octene,111-66-0,CCCCCCC=C,C8H16,15.3,1.0,2.4,112.21,,,hydrocarbon,Unsaturated hydrocarbons,Unsaturated aliphatic hydrocarbons,oct-1-ene,1-Octene,,H225; H304; H315; H411; H400; H410; H332; H336,0.945,hsp_solvents_2,https://pubchem.ncbi.nlm.nih.gov/compound/8125
1-Pentanol,71-41-0,CCCCCO,C5H12O,15.9,5.9,13.9,88.15,,,ether,Organooxygen compounds,Alcohols and polyols,pentan-1-ol,1-Pentanol,,H226; H315; H332; H335; H314; H318; H319; H371,0.958,hsp_solvents_2,https://pubchem.ncbi.nlm.nih.gov/compound/6276
1-Pentene,109-67-1,CCCC=C,C5H10,13.9,1.4,3.8,70.13,,,hydrocarbon,Unsaturated hydrocarbons,Unsaturated aliphatic hydrocarbons,pent-1-ene,1-Pentene,,H224; H304; H315; H319; H412,0.958,hsp_solvents_2,https://pubchem.ncbi.nlm.nih.gov/compound/8004
1-Propanethiol,107-03-9,CCCS,C3H8S,16.1,5.8,5.7,76.16,,,hydrocarbon,Thiols,Alkylthiols,propane-1-thiol,1-Propanethiol,,H225; H302; H319; H317; H400; H332; H335,0.945,hsp_solvents_2,https://pubchem.ncbi.nlm.nih.gov/compound/7848
1-Propanol,71-23-8,CCCO,C3H8O,16.0,6.8,17.4,60.1,,,ether,Organooxygen compounds,Alcohols and polyols,propan-1-ol,1-Propanol,,H225; H318; H336; H302; H361; H303; H305; H313; H315; H319; H335; H351,0.958,hsp_solvents_2,https://pubchem.ncbi.nlm.nih.gov/compound/1031
1-Tetradecene,1120-36-1,CCCCCCCCCCCCC=C,C14H28,16.1,0.5,1.9,196.37,251.1,,hydrocarbon,Unsaturated hydrocarbons,Unsaturated aliphatic hydrocarbons,tetradec-1-ene,1-Tetradecene,,H304; H315,0.97,hsp_solvents_2,https://pubchem.ncbi.nlm.nih.gov/compound/14260
"2,2',5,5'-Tetrathiafulvalen",31366-25-3,,C6H4S4,21.0,8.2,8.4,204.4,,,other,Dithioles,"1,3-dithioles","2-(1,3-dithiol-2-ylidene)-1,3-dithiole","2,2',5,5'-Tetrathiafulvalen",,H317,0.795,hsp_solvents_2,https://pubchem.ncbi.nlm.nih.gov/compound/99451
"2,2,2-Trifluoro Ethanol",75-89-8,OCC(F)(F)F,C2H3F3O,15.4,8.3,16.4,100.04,,,alcohol,Halohydrins,Fluorohydrins,"2,2,2-trifluoroethanol","2,2,2-Trifluoro Ethanol",,H226; H301; H312; H315; H318; H331; H332; H335; H360; H373,0.958,hsp_solvents_2,https://pubchem.ncbi.nlm.nih.gov/compound/6409
"2,2,4-Trimethyl-1,3-Pentanediol Monoisobutyrate (Texanol)",25265-77-4,,,15.1,6.1,9.8,,,,alcohol,Organooxygen compounds,Alcohols and polyols,"(3-hydroxy-2,2,4-trimethylpentyl) 2-methylpropanoate","2,2,4-Trimethyl-1,3-Pentanediol Monoisobutyrate (Texanol)",,,0.7,hsp_solvents_2,
"2,2,4-Trimethylpentane",540-84-1,CC(C)CC(C)(C)C,C8H18,14.1,0.0,0.0,114.23,,,hydrocarbon,Saturated hydrocarbons,Alkanes,"2,2,4-trimethylpentane","2,2,4-Trimethylpentane",,H225; H304; H315; H336; H400; H410; H224; H302; H335,0.7,hsp_solvents_2,
"2,2,6,6-Tetrachlorocyclohexanone",3776-30-5,ClC1(Cl)CCCC(Cl)(Cl)C1=O,C6H6Cl4O,19.5,14.0,6.3,235.9,,,ether,Organooxygen compounds,Carbonyl compounds,"2,2,6,6-tetrachlorocyclohexan-1-one","2,2,6,6-Tetrachlorocyclohexanone",,H302,0.945,hsp_solvents_2,https://pubchem.ncbi.nlm.nih.gov/compound/77407
"2,2-Dimethyl-1-Propanol (Neopentyl Alc.)",75-84-3,,,15.6,6.5,13.5,,,,alcohol,Organooxygen compounds,Alcohols and polyols,"2,2-dimethylpropan-1-ol","2,2-Dimethyl-1-Propanol (Neopentyl Alc.)",,,0.7,hsp_solvents_2,
"2,3,4-Trifluoro Nitrobenzene",771-69-7,[O-][N+](=O)c1ccc(F)c(F)c1F,C6H2F3NO2,19.5,7.7,3.5,177.08,,,aromatic,Benzene and substituted derivatives,Nitrobenzenes,"1,2,3-trifluoro-4-nitrobenzene","2,3,4-Trifluoro Nitrobenzene",,H302; H311; H312; H315; H317; H319; H332; H335; H373,0.945,hsp_solvents_2,https://pubchem.ncbi.nlm.nih.gov/compound/69871
"2,3-Benzofuran (Cumaron)",271-89-6,,,18.7,5.1,5.7,,,,ether,Benzofurans,,1-benzofuran,"2,3-Benzofuran (Cumaron)",,,0.7,hsp_solvents_2,
"2,3-Butadiene-1-ol",18913-31-0,OC[CH]=[C]=[CH2],C4H6O,16.2,6.6,16.8,70.09,,,ether,Organooxygen compounds,Alcohols and polyols,"buta-2,3-dien-1-ol","2,3-Butadiene-1-ol",,H226; H315; H319; H335,0.945,hsp_solvents_2,https://pubchem.ncbi.nlm.nih.gov/compound/140447
"2,3-Butylene Carbonate",4437-70-1,CC1OC(=O)OC1C,C5H8O3,18.0,16.8,3.1,116.11,,,ester,Organic carbonic acids and derivatives,Carbonic acid diesters,"4,5-dimethyl-1,3-dioxolan-2-one","2,3-Butylene Carbonate",,,0.945,hsp_solvents_2,https://pubchem.ncbi.nlm.nih.gov/compound/536113
"2,3-Dibromoprene",34994-48-4,,C4H4Br2,17.7,11.8,6.4,211.88,,,halogenated,Vinyl halides,Vinyl bromides,"2,3-dibromobuta-1,3-diene","2,3-Dibromoprene",,,0.808,hsp_solvents_2,https://pubchem.ncbi.nlm.nih.gov/compound/21863425
"2,3-Dichloro-1,3-Butadiene",1653-19-6,ClC(=C)C(Cl)=C,C4H4Cl2,17.1,2.3,2.8,122.98,98.1,,halogenated,Vinyl halides,Vinyl chlorides,"2,3-dichlorobuta-1,3-diene","2,3-Dichloro-1,3-Butadiene",,H302; H315; H319; H335; H411,0.958,hsp_solvents_2,https://pubchem.ncbi.nlm.nih.gov/compound/15447
"2,3-Dichloronitrobenzene",3209-22-1,[O-][N+](=O)c1cccc(Cl)c1Cl,C6H3Cl2NO2,19.7,12.6,4.4,192.0,257.6,,aromatic,Benzene and substituted derivatives,Nitrobenzenes,"1,2-dichloro-3-nitrobenzene","2,3-Dichloronitrobenzene",,H301; H302; H373; H411; H401; H315; H370,0.97,hsp_solvents_2,https://pubchem.ncbi.nlm.nih.gov/compound/18555
"2,3-Dichloropropanol",616-23-9,OCC(Cl)CCl,C3H6Cl2O,17.5,9.2,14.6,128.98,182.9,,alcohol,Halohydrins,Chlorohydrins,"2,3-dichloropropan-1-ol","2,3-Dichloropropanol",,H301; H310; H315; H318; H319; H332; H227; H371; H373,0.958,hsp_solvents_2,https://pubchem.ncbi.nlm.nih.gov/compound/12018
"2,3-Dichloropropene",78-88-6,ClCC(Cl)=C,C3H4Cl2,16.2,7.8,3.0,110.97,94.1,,halogenated,Vinyl halides,Vinyl chlorides,"2,3-dichloroprop-1-ene","2,3-Dichloropropene",,H225; H302; H312; H315; H318; H332; H335; H341; H412; H319; H336,0.958,hsp_solvents_2,https://pubchem.ncbi.nlm.nih.gov/compound/6565
"2,4,5-Trichlorothiophenol",3773-14-6,Sc1cc(Cl)c(Cl)cc1Cl,C6H3Cl3S,21.0,4.5,9.1,213.5,,,alcohol,Thiophenols,,"2,4,5-trichlorobenzenethiol","2,4,5-Trichlorothiophenol",,H315; H318; H319; H335; H413,0.945,hsp_solvents_2,https://pubchem.ncbi.nlm.nih.gov/compound/19597
"2,4,6-Tribromo Phenol",118-79-6,Oc1c(Br)cc(Br)cc1Br,C6H3Br3O,20.6,10.2,14.1,330.8,,,alcohol,Phenols,Halophenols,"2,4,6-tribromophenol","2,4,6-Tribromo Phenol",,H317; H319; H400; H410; H302; H361; H371; H373,0.958,hsp_solvents_2,https://pubchem.ncbi.nlm.nih.gov/compound/1483
"2,4,6-Trichloroanisol",87-40-1,COc1c(Cl)cc(Cl)cc1Cl,C7H5Cl3O,21.0,3.9,7.0,211.5,,,halogenated,Phenol ethers,Anisoles,"1,3,5-trichloro-2-methoxybenzene","2,4,6-Trichloroanisol",,H302; H319; H413,0.945,hsp_solvents_2,https://pubchem.ncbi.nlm.nih.gov/compound/6884
"2,4,6-Trichlorophenol",88-06-2,Oc1c(Cl)cc(Cl)cc1Cl,C6H3Cl3O,20.3,5.1,10.8,197.4,246.1,,alcohol,Phenols,Halophenols,"2,4,6-trichlorophenol","2,4,6-Trichlorophenol",,H302; H315; H319; H351; H400; H410; H335; H361; H370; H372; H411,0.988,hsp_solvents_2,https://pubchem.ncbi.nlm.nih.gov/compound/6914
"2,4-Dichloro-3-Fluoronitrobenzene",393-79-3,[O-][N+](=O)c1ccc(Cl)c(F)c1Cl,C6H2Cl2FNO2,19.9,7.2,4.2,209.99,,,aromatic,Benzene and substituted derivatives,Nitrobenzenes,"1,3-dichloro-2-fluoro-4-nitrobenzene","2,4-Dichloro-3-Fluoronitrobenzene",,H302; H312; H332,0.945,hsp_solvents_2,https://pubchem.ncbi.nlm.nih.gov/compound/223081
"2,4-Dichloro-5-Nitrobenzotrifluoride",400-70-4,[O-][N+](=O)c1cc(c(Cl)cc1Cl)C(F)(F)F,C7H2Cl2F3NO2,19.9,7.6,3.7,259.99,,,aromatic,Benzene and substituted derivatives,Trifluoromethylbenzenes,"1,5-dichloro-2-nitro-4-(trifluoromethyl)benzene","2,4-Dichloro-5-Nitrobenzotrifluoride",,H302; H315; H319; H335,0.945,hsp_solvents_2,https://pubchem.ncbi.nlm.nih.gov/compound/621179
"2,4-Dichloroaniline",554-00-7,Nc1ccc(Cl)cc1Cl,C6H5Cl2N,20.9,6.2,10.0,162.01,245.1,,aromatic,Benzene and substituted derivatives,Halobenzenes,"2,4-dichloroaniline","2,4-Dichloroaniline",,H301; H311; H331; H373; H400; H410; H302; H370; H372; H317; H318,1.0,hsp_solvents_2,https://pubchem.ncbi.nlm.nih.gov/compound/11123
"2,4-Dichlorobenzaldehyde",874-42-0,Clc1ccc(C=O)c(Cl)c1,C7H4Cl2O,19.7,8.8,5.4,175.01,233.1,,aromatic,Benzene and substituted derivatives,Halobenzenes,"2,4-dichlorobenzaldehyde","2,4-Dichlorobenzaldehyde",,H314; H318; H411,1.0,hsp_solvents_2,https://pubchem.ncbi.nlm.nih.gov/compound/13404
"2,4-Dichloronitrobenzene",611-06-3,[O-][N+](=O)c1ccc(Cl)cc1Cl,C6H3Cl2NO2,20.4,8.7,4.2,192.0,258.6,,aromatic,Benzene and substituted derivatives,Nitrobenzenes,"2,4-dichloro-1-nitrobenzene","2,4-Dichloronitrobenzene",,H302; H311; H315; H317; H319; H335; H341; H350; H411; H351; H361; H373; H312,0.97,hsp_solvents_2,https://pubchem.ncbi.nlm.nih.gov/compound/11899
"2,4-Dichlorophenol",120-83-2,Oc1ccc(Cl)cc1Cl,C6H4Cl2O,20.0,7.2,13.1,163.0,210.1,,aromatic,Benzene and substituted derivatives,Halobenzenes,"2,4-dichlorophenol","2,4-Dichlorophenol",,H302; H311; H314; H411; H300; H318; H331; H335; H336; H370; H401; H410,1.0,hsp_solvents_2,https://pubchem.ncbi.nlm.nih.gov/compound/8449
"2,4-Difluoronitrobenzene",446-35-5,[O-][N+](=O)c1ccc(F)cc1F,C6H3F2NO2,19.4,11.0,3.7,159.09,207.1,,aromatic,Benzene and substituted derivatives,Nitrobenzenes,"2,4-difluoro-1-nitrobenzene","2,4-Difluoronitrobenzene",,H301; H311; H315; H319; H330; H335; H227; H310; H371; H401; H411,0.958,hsp_solvents_2,https://pubchem.ncbi.nlm.nih.gov/compound/67967
"2,4-Dimethylaniline",95-68-1,Cc1ccc(N)c(C)c1,C8H11N,19.2,5.2,8.7,121.18,218.1,,aromatic,Benzene and substituted derivatives,Xylenes,"2,4-dimethylaniline","2,4-Dimethylaniline",,H301; H311; H319; H330; H331; H373; H411; H227; H302; H332; H370; H372; H312; H315; H335; H341; H351,1.0,hsp_solvents_2,https://pubchem.ncbi.nlm.nih.gov/compound/7250
"2,4-Dinitrotoluene",121-14-2,Cc1ccc(cc1[N+]([O-])=O)[N+]([O-])=O,C7H6N2O4,20.0,13.1,4.9,182.13,,,aromatic,Benzene and substituted derivatives,Toluenes,"1-methyl-2,4-dinitrobenzene","2,4-Dinitrotoluene",,H301; H311; H331; H341; H350; H361; H373; H400; H410; H330; H336; H370; H372; H302; H316; H351,0.958,hsp_solvents_2,https://pubchem.ncbi.nlm.nih.gov/compound/8461
"2,5-Dichlorobenzotrifluoride",320-50-3,FC(F)(F)c1cc(Cl)ccc1Cl,C7H3Cl2F3,20.0,4.7,2.4,215.0,,,aromatic,Benzene and substituted derivatives,Trifluoromethylbenzenes,"1,4-dichloro-2-(trifluoromethyl)benzene","2,5-Dichlorobenzotrifluoride",,H314,0.945,hsp_solvents_2,https://pubchem.ncbi.nlm.nih.gov/compound/35360
"2,5-Dichlorophenol",583-78-8,Oc1cc(Cl)ccc1Cl,C6H4Cl2O,20.0,6.3,12.1,163.0,211.1,,aromatic,Benzene and substituted derivatives,Halobenzenes,"2,5-dichlorophenol","2,5-Dichlorophenol",,H302; H314; H315; H318; H319; H411; H335; H371; H372; H401,1.0,hsp_solvents_2,https://pubchem.ncbi.nlm.nih.gov/compound/66
"2,5-Diethoxy Tetrahydrofuran",3320-90-9,CCOC1CCC(OCC)O1,C8H16O3,16.6,6.4,7.3,160.21,170.6,,ether,Tetrahydrofurans,,"2,5-diethoxyoxolane","2,5-Diethoxy Tetrahydrofuran",THF,H226,0.958,hsp_solvents_2,https://pubchem.ncbi.nlm.nih.gov/compound/95500
"2,5-Dimethoxytetrahydrofuran",696-59-3,COC1CCC(OC)O1,C6H12O3,16.8,7.2,8.2,132.16,145.8,,ether,Tetrahydrofurans,,"2,5-dimethoxyoxolane","2,5-Dimethoxytetrahydrofuran",THF,H226; H315; H318; H319; H335,0.958,hsp_solvents_2,https://pubchem.ncbi.nlm.nih.gov/compound/79098
"2,5-Dimethyl Pyrrole",625-84-3,Cc1[nH]c(C)cc1,C6H9N,18.3,7.6,6.8,95.14,,,heterocyclic,Pyrroles,Substituted pyrroles,"2,5-dimethyl-1H-pyrrole","2,5-Dimethyl Pyrrole",,H226; H301,0.958,hsp_solvents_2,https://pubchem.ncbi.nlm.nih.gov/compound/12265
"2,5-Tetrahydrofuran Dimethanol",104-80-3,,C6H12O3,17.9,8.5,18.9,132.16,,,alcohol,,,[5-(hydroxymethyl)oxolan-2-yl]methanol,"2,5-Tetrahydrofuran Dimethanol",THF,H315; H319; H335,0.795,hsp_solvents_2,https://pubchem.ncbi.nlm.nih.gov/compound/97792
"2,6-Dichloro-7-Methyl Purine",2273-93-0,Cn1cnc2nc(Cl)nc(Cl)c12,C6H4Cl2N4,20.5,11.7,14.2,203.03,,,halogenated,Imidazopyrimidines,Purines and purine derivatives,"2,6-dichloro-7-methylpurine","2,6-Dichloro-7-Methyl Purine",,H302; H315; H319; H335,0.945,hsp_solvents_2,https://pubchem.ncbi.nlm.nih.gov/compound/75281
"2,6-Dichloroanisole",1984-65-2,COc1c(Cl)cccc1Cl,C7H6Cl2O,19.8,8.4,6.5,177.02,,,aromatic,Benzene and substituted derivatives,Halobenzenes,"1,3-dichloro-2-methoxybenzene","2,6-Dichloroanisole",,H302; H315; H319; H335,0.945,hsp_solvents_2,https://pubchem.ncbi.nlm.nih.gov/compound/16127
"2,6-Dichlorophenol",87-65-0,Oc1c(Cl)cccc1Cl,C6H4Cl2O,20.1,7.5,10.9,163.0,219.1,,aromatic,Benzene and substituted derivatives,Halobenzenes,"2,6-dichlorophenol","2,6-Dichlorophenol",,H314; H411; H315; H319; H371; H401,1.0,hsp_solvents_2,https://pubchem.ncbi.nlm.nih.gov/compound/6899
"2,6-Difluorobenzonitrile",1897-52-5,Fc1cccc(F)c1C#N,C7H3F2N,18.8,11.2,3.2,139.1,,,aromatic,Benzene and substituted derivatives,Benzonitriles,"2,6-difluorobenzonitrile","2,6-Difluorobenzonitrile",,H302; H312; H315; H319; H332; H335,0.975,hsp_solvents_2,https://pubchem.ncbi.nlm.nih.gov/compound/74695
"2,6-Dimethoxy Phenol",91-10-1,COc1cccc(OC)c1O,C8H10O3,19.3,7.6,13.7,154.16,264.6,,alcohol,Phenols,Methoxyphenols,"2,6-dimethoxyphenol","2,6-Dimethoxy Phenol",,H302,0.958,hsp_solvents_2,https://pubchem.ncbi.nlm.nih.gov/compound/7041
"2,6-Dimethyl Phenol",576-26-1,Cc1cccc(C)c1O,C8H10O,19.1,4.9,12.9,122.16,,,alcohol,Phenols,Cresols,"2,6-dimethylphenol","2,6-Dimethyl Phenol",,H301; H311; H314; H411; H318; H335; H336; H370; H372; H373; H401,0.945,hsp_solvents_2,https://pubchem.ncbi.nlm.nih.gov/compound/11335
2-(Diethylamino)Ethanol,100-37-8,,,15.7,5.8,12.0,,,,alcohol,Organooxygen compounds,Alcohols and polyols,2-(diethylamino)ethanol,2-(Diethylamino)Ethanol,,,0.7,hsp_solvents_2,
2-Acetyl Thiophene,88-15-3,CC(=O)c1sccc1,C6H6OS,19.1,12.2,9.3,126.18,213.6,,ether,Organooxygen compounds,Carbonyl compounds,1-thiophen-2-ylethanone,2-Acetyl Thiophene,,H302; H311; H312; H332,0.97,hsp_solvents_2,https://pubchem.ncbi.nlm.nih.gov/compound/6920
2-Amino Pyridine,504-29-0,Nc1ccccn1,C5H6N2,20.4,8.1,12.2,94.11,207.1,,amine,Pyridines and derivatives,Aminopyridines and derivatives,pyridin-2-amine,2-Amino Pyridine,,H301; H311; H312; H315; H319; H331; H335; H411; H318; H402; H412; H320; H370; H316,0.97,hsp_solvents_2,https://pubchem.ncbi.nlm.nih.gov/compound/10439
2-Bromo Allyl Alcohol,598-19-6,OCC(Br)=C,C3H5BrO,17.1,9.9,16.2,136.98,,,alcohol,Halohydrins,Bromohydrins,2-bromoprop-2-en-1-ol,2-Bromo Allyl Alcohol,,H302; H315; H318; H335,0.945,hsp_solvents_2,https://pubchem.ncbi.nlm.nih.gov/compound/446627
2-Bromo Propene,557-93-7,CC(Br)=C,C3H5Br,16.1,6.0,4.9,120.98,48.5,,halogenated,Vinyl halides,Vinyl bromides,2-bromoprop-1-ene,2-Bromo Propene,,H225; H315; H319; H335,0.958,hsp_solvents_2,https://pubchem.ncbi.nlm.nih.gov/compound/11202
2-Bromobutane,78-76-2,CCC(C)Br,C4H9Br,16.3,7.7,4.4,137.02,,,halogenated,Organobromides,,2-bromobutane,2-Bromobutane,,H225; H412,0.988,hsp_solvents_2,https://pubchem.ncbi.nlm.nih.gov/compound/6554
2-Bromopropane,75-26-3,CC(C)Br,C3H7Br,15.5,8.3,4.7,122.99,,,halogenated,Organobromides,,2-bromopropane,2-Bromopropane,,H225; H360; H373; H350; H371; H372; H402; H320; H316,0.988,hsp_solvents_2,https://pubchem.ncbi.nlm.nih.gov/compound/6358
2-Bromothiophene,1003-09-4,Brc1sccc1,C4H3BrS,20.1,5.2,4.6,163.04,150.1,,halogenated,Aryl halides,Aryl bromides,2-bromothiophene,2-Bromothiophene,,H226; H300; H301; H310; H315; H318; H319; H330,1.0,hsp_solvents_2,https://pubchem.ncbi.nlm.nih.gov/compound/13851
2-Butanol,78-92-2,CCC(C)O,C4H10O,15.8,5.7,14.5,74.12,,,ether,Organooxygen compounds,Alcohols and polyols,butan-2-ol,2-Butanol,s-BuOH,H226; H319; H335; H336; H332; H361; H303,0.945,hsp_solvents_2,https://pubchem.ncbi.nlm.nih.gov/compound/6568
2-Butene (Cis),590-18-1,,,14.7,1.3,4.1,,,,hydrocarbon,Unsaturated hydrocarbons,Unsaturated aliphatic hydrocarbons,(Z)-but-2-ene,2-Butene (Cis),,,0.7,hsp_solvents_2,
2-Butene (Trans),624-64-6,CC=CC,C4H8,14.6,0.0,2.9,56.11,,,hydrocarbon,Unsaturated hydrocarbons,Unsaturated aliphatic hydrocarbons,(E)-but-2-ene,2-Butene (Trans),,H220; H280; H412; H270,0.7,hsp_solvents_2,
2-Butenyl Methyl Ether (Cis),25125-85-3,,,15.2,3.4,5.0,,,,ether,Organooxygen compounds,Ethers,2-methoxybut-2-ene,2-Butenyl Methyl Ether (Cis),,,0.7,hsp_solvents_2,
2-Butenyl Methyl Ether (Trans),10034-14-7,,,15.3,4.4,4.3,,,,ether,Organooxygen compounds,Ethers,1-methoxybut-2-ene,2-Butenyl Methyl Ether (Trans),,,0.7,hsp_solvents_2,
2-Butynedinitrile,1071-98-3,N#CC#CC#N,C4N2,15.2,16.2,8.0,76.06,76.6,,amine,Organonitrogen compounds,Organic cyanides,but-2-ynedinitrile,2-Butynedinitrile,,,0.958,hsp_solvents_2,https://pubchem.ncbi.nlm.nih.gov/compound/14068
2-Chloro Allyl Alcohol,5976-47-6,OCC(Cl)=C,C3H5ClO,17.1,10.2,16.4,92.52,138.1,,alcohol,Halohydrins,Chlorohydrins,2-chloroprop-2-en-1-ol,2-Chloro Allyl Alcohol,,H226; H302; H312; H332,0.958,hsp_solvents_2,https://pubchem.ncbi.nlm.nih.gov/compound/80076
2-Chloro Propene (Isopropenyl Chloride),557-98-2,,,15.5,6.7,2.2,,,,halogenated,Vinyl halides,Vinyl chlorides,2-chloroprop-1-ene,2-Chloro Propene (Isopropenyl Chloride),,,0.7,hsp_solvents_2,
2-Chloro-2-Methyl Propane,507-20-0,CC(C)(C)Cl,C4H9Cl,15.6,7.6,2.0,92.57,,,halogenated,Organochlorides,,2-chloro-2-methylpropane,2-Chloro-2-Methyl Propane,,H225,0.945,hsp_solvents_2,https://pubchem.ncbi.nlm.nih.gov/compound/10486
2-Chloro-4-Methylaniline,615-65-6,Cc1ccc(N)c(Cl)c1,C7H8ClN,19.7,7.4,8.9,141.6,224.1,,aromatic,Benzene and substituted derivatives,Toluenes,2-chloro-4-methylaniline,2-Chloro-4-Methylaniline,,H302; H312; H315; H318; H319; H332; H412,0.988,hsp_solvents_2,https://pubchem.ncbi.nlm.nih.gov/compound/12007
2-Chloro-5-Methyl Phenol,615-74-7,Cc1ccc(Cl)c(O)c1,C7H7ClO,19.0,7.7,13.1,142.58,197.9,,alcohol,Phenols,Cresols,2-chloro-5-methylphenol,2-Chloro-5-Methyl Phenol,,H302; H312; H315; H317; H318; H319; H335; H400,0.97,hsp_solvents_2,https://pubchem.ncbi.nlm.nih.gov/compound/12008
2-Chloroacetamide,79-07-2,NC(=O)CCl,C2H4ClNO,17.6,12.4,12.8,93.51,,,acid,Carboxylic acids and derivatives,Carboxylic acid derivatives,2-chloroacetamide,2-Chloroacetamide,,H301; H317; H361; H319; H315; H360,0.975,hsp_solvents_2,https://pubchem.ncbi.nlm.nih.gov/compound/6580
2-Chloroallylidene Diacetate,5459-90-5,CC(=O)OC(OC(C)=O)C(Cl)=C,C7H9ClO4,16.7,7.3,8.8,192.6,,,acid,Carboxylic acids and derivatives,Carboxylic acid derivatives,(1-acetyloxy-2-chloroprop-2-enyl) acetate,2-Chloroallylidene Diacetate,,,0.945,hsp_solvents_2,https://pubchem.ncbi.nlm.nih.gov/compound/79576
2-Chlorobutane,78-86-4,CCC(C)Cl,C4H9Cl,15.8,7.6,2.0,92.57,,,halogenated,Organochlorides,,2-chlorobutane,2-Chlorobutane,,H225; H290; H315; H319; H335; H412,0.988,hsp_solvents_2,https://pubchem.ncbi.nlm.nih.gov/compound/6563
2-Chlorocyclohexanone,822-87-7,ClC1CCCCC1=O,C6H9ClO,18.5,13.0,5.1,132.59,,,ether,Organooxygen compounds,Carbonyl compounds,2-chlorocyclohexan-1-one,2-Chlorocyclohexanone,,H315; H317; H319; H335,0.945,hsp_solvents_2,https://pubchem.ncbi.nlm.nih.gov/compound/13203
2-Chloroethyl Acetate,542-58-5,CC(=O)OCCCl,C4H7ClO2,16.7,9.6,8.8,122.55,145.1,,acid,Carboxylic acids and derivatives,Carboxylic acid derivatives,2-chloroethyl acetate,2-Chloroethyl Acetate,EtOAc; EA,H226; H300; H310; H330,0.988,hsp_solvents_2,https://pubchem.ncbi.nlm.nih.gov/compound/10959
2-Chloroethyl Benzene,622-24-2,ClCCc1ccccc1,C8H9Cl,19.3,6.3,2.2,140.61,,,aromatic,Benzene and substituted derivatives,,2-chloroethylbenzene,2-Chloroethyl Benzene,,H315; H319; H412; H413; H227,0.945,hsp_solvents_2,https://pubchem.ncbi.nlm.nih.gov/compound/231496
2-Chloroethyl Ethyl Ether,628-34-2,CCOCCCl,C4H9ClO,16.3,7.9,4.6,108.57,107.6,,ether,Organooxygen compounds,Ethers,1-chloro-2-ethoxyethane,2-Chloroethyl Ethyl Ether,,H225; H301; H315; H319; H331; H332; H335,0.958,hsp_solvents_2,https://pubchem.ncbi.nlm.nih.gov/compound/12341
2-Chloroethyl Ethyl Sulfide,693-07-2,CCSCCCl,C4H9ClS,17.2,5.0,6.1,124.63,157.1,,halogenated,Thioethers,Dialkylthioethers,1-chloro-2-ethylsulfanylethane,2-Chloroethyl Ethyl Sulfide,,H226; H301; H311; H314; H331; H350,0.958,hsp_solvents_2,https://pubchem.ncbi.nlm.nih.gov/compound/12733
2-Chlorophenol,95-57-8,Oc1ccccc1Cl,C6H5ClO,19.0,5.5,13.9,128.55,175.8,,alcohol,Phenols,Halophenols,2-chlorophenol,2-Chlorophenol,,H302; H312; H332; H411; H300; H227; H314; H318; H330; H360; H370; H301; H335; H351; H361; H373,1.0,hsp_solvents_2,https://pubchem.ncbi.nlm.nih.gov/compound/7245
2-Chloropropenal,683-51-2,ClC(=C)C=O,C3H3ClO,17.1,12.9,8.1,90.51,,,ether,Organooxygen compounds,Carbonyl compounds,2-chloroprop-2-enal,2-Chloropropenal,,,0.945,hsp_solvents_2,https://pubchem.ncbi.nlm.nih.gov/compound/560790
2-Chloropropenoic Acid,598-79-8,OC(=O)C(Cl)=C,C3H3ClO2,19.1,9.4,12.4,106.51,,,acid,Carboxylic acids and derivatives,Alpha-halocarboxylic acids and derivatives,2-chloroprop-2-enoic acid,2-Chloropropenoic Acid,,H314,0.945,hsp_solvents_2,https://pubchem.ncbi.nlm.nih.gov/compound/11735
2-Chlorothiophene,96-43-5,Clc1sccc1,C4H3ClS,19.2,6.2,8.0,118.59,128.5,,halogenated,Aryl halides,Aryl chlorides,2-chlorothiophene,2-Chlorothiophene,,H225; H226; H301; H311; H315; H319; H330; H335,0.988,hsp_solvents_2,https://pubchem.ncbi.nlm.nih.gov/compound/7299
2-Cyclopentenyl Alcohol,3212-60-0,OC1CCC=C1,C5H8O,18.1,7.6,15.6,84.12,,,ether,Organooxygen compounds,Alcohols and polyols,cyclopent-2-en-1-ol,2-Cyclopentenyl Alcohol,,H225; H226; H315; H319; H332; H335,0.958,hsp_solvents_2,https://pubchem.ncbi.nlm.nih.gov/compound/220164
2-Decanol,1120-06-5,CCCCCCCCC(C)O,C10H22O,15.8,3.9,10.0,158.28,210.5,,alcohol,Fatty Acyls,Fatty alcohols,decan-2-ol,2-Decanol,,H319,0.97,hsp_solvents_2,https://pubchem.ncbi.nlm.nih.gov/compound/14254
2-Ethyl Croton Aldehyde,19780-25-7,CC\C(=C/C)C=O,C6H10O,16.1,8.0,5.5,98.14,,,ether,Organooxygen compounds,Carbonyl compounds,(E)-2-ethylbut-2-enal,2-Ethyl Croton Aldehyde,,H226; H311; H315; H319; H335,0.945,hsp_solvents_2,https://pubchem.ncbi.nlm.nih.gov/compound/5362897
2-Ethyl Hexyl Acetate,103-09-3,,C10H20O2,15.8,2.9,5.1,172.26,199.9,,ester,Carboxylic acids and derivatives,Carboxylic acid derivatives,2-ethylhexyl acetate,2-Ethyl Hexyl Acetate,,H315,0.808,hsp_solvents_2,https://pubchem.ncbi.nlm.nih.gov/compound/7635
2-Ethyl Hexyl Acrylate,103-11-7,,C11H20O2,15.3,4.3,3.0,184.27,217.1,,ester,Carboxylic acids and derivatives,Acrylic acids and derivatives,2-ethylhexyl prop-2-enoate,2-Ethyl Hexyl Acrylate,,H315; H317; H335; H412; H319; H227; H336; H351; H373; H401; H411,0.808,hsp_solvents_2,https://pubchem.ncbi.nlm.nih.gov/compound/7636
2-Ethyl Hexyl Phthalate (Mono),4376-20-9,,,17.3,6.2,6.8,,,,ester,Benzene and substituted derivatives,Benzoic acids and derivatives,2-(2-ethylhexoxycarbonyl)benzoic acid,2-Ethyl Hexyl Phthalate (Mono),,,0.7,hsp_solvents_2,
"2-Ethyl-1,3-Butadiene",3404-63-5,CCC(=C)C=C,C6H10,15.3,1.6,3.8,82.14,72.9,,hydrocarbon,Unsaturated hydrocarbons,Branched unsaturated hydrocarbons,3-methylidenepent-1-ene,"2-Ethyl-1,3-Butadiene",,,0.958,hsp_solvents_2,https://pubchem.ncbi.nlm.nih.gov/compound/18850
2-Ethyl-1-Butanol,97-95-0,CCC(CC)CO,C6H14O,15.8,4.3,13.5,102.17,,,ether,Organooxygen compounds,Alcohols and polyols,2-ethylbutan-1-ol,2-Ethyl-1-Butanol,,H302; H312; H226,0.945,hsp_solvents_2,https://pubchem.ncbi.nlm.nih.gov/compound/7358
2-Ethyl-1-Butene,760-21-4,CCC(=C)CC,C6H12,14.9,1.7,3.5,84.16,,,hydrocarbon,Unsaturated hydrocarbons,Branched unsaturated hydrocarbons,3-methylidenepentane,2-Ethyl-1-Butene,,H225; H304; H317; H319; H336,0.958,hsp_solvents_2,https://pubchem.ncbi.nlm.nih.gov/compound/12970
2-Ethyl-Hexanol,104-76-7,CCCCC(CC)CO,C8H18O,15.9,3.3,11.8,130.23,,,alcohol,Fatty Acyls,Fatty alcohols,2-ethylhexan-1-ol,2-Ethyl-Hexanol,,H315; H319; H332; H335; H402; H227; H336; H361; H371; H401; H312; H314,0.945,hsp_solvents_2,https://pubchem.ncbi.nlm.nih.gov/compound/7720
2-Ethylhexyl Amine,20352-67-4,CCCCC(CC)CN,C8H19N,15.7,4.2,6.1,129.24,,,amine,Organonitrogen compounds,Amines,N-ethylhexan-1-amine,2-Ethylhexyl Amine,,,0.945,hsp_solvents_2,https://pubchem.ncbi.nlm.nih.gov/compound/546879
2-Furonitrile,617-90-3,N#Cc1occc1,C5H3NO,18.4,15.0,8.2,93.08,147.1,,nitrile,Heteroaromatic compounds,,furan-2-carbonitrile,2-Furonitrile,,H226; H302; H312; H318; H332,0.958,hsp_solvents_2,https://pubchem.ncbi.nlm.nih.gov/compound/69245
2-Heptanol,543-49-7,CCCCCC(C)O,C7H16O,15.7,5.4,11.7,116.2,,,alcohol,Fatty Acyls,Fatty alcohols,heptan-2-ol,2-Heptanol,,H226; H312; H315; H319,0.945,hsp_solvents_2,https://pubchem.ncbi.nlm.nih.gov/compound/10976
2-Methoxy Tetrahydropyrane,6581-66-4,COC1CCCCO1,C6H12O2,17.2,6.6,6.0,116.16,128.6,,ether,Oxanes,,2-methoxyoxane,2-Methoxy Tetrahydropyrane,,H226,0.958,hsp_solvents_2,https://pubchem.ncbi.nlm.nih.gov/compound/23057
"2-Methoxy-1,3-Dioxolane",19693-75-5,COC1OCCO1,C4H8O3,17.8,8.4,7.7,104.1,129.6,,ether,Organooxygen compounds,Ortho esters,"2-methoxy-1,3-dioxolane","2-Methoxy-1,3-Dioxolane",,H226,0.988,hsp_solvents_2,https://pubchem.ncbi.nlm.nih.gov/compound/29744
2-Methyl (Cis) Acrylic Acid,503-64-0,,,16.8,5.2,12.4,,,,acid,Carboxylic acids and derivatives,Carboxylic acids,(Z)-but-2-enoic acid,2-Methyl (Cis) Acrylic Acid,,,0.7,hsp_solvents_2,
2-Methyl Cyclohexanol (Mix),583-59-5,,,17.1,6.5,12.5,,,,alcohol,Organooxygen compounds,Alcohols and polyols,2-methylcyclohexan-1-ol,2-Methyl Cyclohexanol (Mix),,,0.7,hsp_solvents_2,
2-Methyl Cyclohexanone,583-60-8,CC1CCCCC1=O,C7H12O,17.6,7.8,4.7,112.17,162.6,,ether,Organooxygen compounds,Carbonyl compounds,2-methylcyclohexan-1-one,2-Methyl Cyclohexanone,,H226; H332; H302; H312; H319; H335; H336,0.97,hsp_solvents_2,https://pubchem.ncbi.nlm.nih.gov/compound/11419
2-Methyl Pyrazine,109-08-0,Cc1cnccn1,C5H6N2,18.3,12.3,10.5,94.11,135.7,,heterocyclic,Diazines,Pyrazines,2-methylpyrazine,2-Methyl Pyrazine,,H226; H302,0.97,hsp_solvents_2,https://pubchem.ncbi.nlm.nih.gov/compound/7976
2-Methyl Tetrahydrofuran,96-47-9,CC1CCCO1,C5H10O,16.9,5.0,4.3,86.13,,,ether,Tetrahydrofurans,,2-methyloxolane,2-Methyl Tetrahydrofuran,THF,H225; H302; H315; H318; H319; H335; H336; H314,0.958,hsp_solvents_2,https://pubchem.ncbi.nlm.nih.gov/compound/7301
"2-Methyl-1,3-Dioxolane",497-26-7,CC1OCCO1,C4H8O2,17.3,4.8,5.8,88.11,82.6,,ether,Dioxolanes,"1,3-dioxolanes","2-methyl-1,3-dioxolane","2-Methyl-1,3-Dioxolane",,H225; H319,0.988,hsp_solvents_2,https://pubchem.ncbi.nlm.nih.gov/compound/10342
2-Methyl-1-Butanol,137-32-6,CCC(C)CO,C5H12O,16.0,5.1,14.3,88.15,,,ether,Organooxygen compounds,Alcohols and polyols,2-methylbutan-1-ol,2-Methyl-1-Butanol,,H226; H315; H318; H332; H335; H319,0.945,hsp_solvents_2,https://pubchem.ncbi.nlm.nih.gov/compound/8723
2-Methyl-1-Butene,563-46-2,CCC(C)=C,C5H10,14.5,1.8,1.3,70.13,,,hydrocarbon,Unsaturated hydrocarbons,Branched unsaturated hydrocarbons,2-methylbut-1-ene,2-Methyl-1-Butene,,H224; H225; H302; H304; H315; H336; H341; H351; H411; H319; H332; H335,0.945,hsp_solvents_2,https://pubchem.ncbi.nlm.nih.gov/compound/11240
2-Methyl-1-Chloro Acrolein,53175-28-3,CC(=C)C(Cl)=O,C4H5ClO,17.1,10.6,7.3,104.53,,,halogenated,Acyl halides,Acyl chlorides,(Z)-2-chlorobut-2-enal,2-Methyl-1-Chloro Acrolein,,H226; H301; H311; H315; H318; H330; H335; H400,0.945,hsp_solvents_2,https://pubchem.ncbi.nlm.nih.gov/compound/5355510
2-Methyl-1-Pentanol,105-30-6,CCCC(C)CO,C6H14O,15.8,4.9,13.5,102.17,,,ether,Organooxygen compounds,Alcohols and polyols,2-methylpentan-1-ol,2-Methyl-1-Pentanol,,H226; H302; H315; H318; H319; H335,0.945,hsp_solvents_2,https://pubchem.ncbi.nlm.nih.gov/compound/7745
2-Methyl-2-Butanol,75-85-4,CCC(C)(C)O,C5H12O,15.3,6.1,13.3,88.15,,,ether,Organooxygen compounds,Alcohols and polyols,2-methylbutan-2-ol,2-Methyl-2-Butanol,,H225; H315; H332; H335; H312; H318; H336; H302; H319; H370,0.958,hsp_solvents_2,https://pubchem.ncbi.nlm.nih.gov/compound/6405
2-Methyl-2-Butene,513-35-9,CC=C(C)C,C5H10,14.7,2.0,2.9,70.13,,,hydrocarbon,Unsaturated hydrocarbons,Branched unsaturated hydrocarbons,2-methylbut-2-ene,2-Methyl-2-Butene,,H224; H225; H302; H304; H315; H336; H341; H350; H351; H411,0.945,hsp_solvents_2,https://pubchem.ncbi.nlm.nih.gov/compound/10553
2-Methylfuran,534-22-5,Cc1occc1,C5H6O,17.3,2.8,7.4,82.1,,,ether,Heteroaromatic compounds,,2-methylfuran,2-Methylfuran,,H225; H301; H319; H330; H331; H411,0.975,hsp_solvents_2,https://pubchem.ncbi.nlm.nih.gov/compound/10797
2-Nitro-1-Propanol,2902-96-7,CC(CO)[N+]([O-])=O,C3H7NO3,16.1,13.7,15.4,105.09,,,hydrocarbon,"Allyl-type 1,3-dipolar organic compounds",Organic nitro compounds,2-nitropropan-1-ol,2-Nitro-1-Propanol,,,0.945,hsp_solvents_2,https://pubchem.ncbi.nlm.nih.gov/compound/92187
2-Nitropropane,79-46-9,CC(C)[N+]([O-])=O,C3H7NO2,16.2,12.1,4.1,89.09,120.4,,hydrocarbon,"Allyl-type 1,3-dipolar organic compounds",Organic nitro compounds,2-nitropropane,2-Nitropropane,,H226; H302; H332; H350; H331; H341; H412; H320; H330; H336; H370; H372; H373; H351,1.0,hsp_solvents_2,https://pubchem.ncbi.nlm.nih.gov/compound/398
2-Nitrothiophene,609-40-5,[O-][N+](=O)c1sccc1,C4H3NO2S,19.7,16.2,8.2,129.14,224.6,,nitro,Thiophenes,Nitrothiophenes,2-nitrothiophene,2-Nitrothiophene,,H302; H312; H332; H341,0.988,hsp_solvents_2,https://pubchem.ncbi.nlm.nih.gov/compound/11866
2-Octanol,123-96-6,CCCCCCC(C)O,C8H18O,16.1,4.9,11.0,130.23,,,alcohol,Fatty Acyls,Fatty alcohols,octan-2-ol,2-Octanol,,H315; H318; H319; H226; H411; H227; H305; H316; H335; H402; H412,0.945,hsp_solvents_2,https://pubchem.ncbi.nlm.nih.gov/compound/20083
2-Oxopyrrolidinacetamid,7491-74-9,NC(=O)CN1CCCC1=O,C6H10N2O2,17.5,15.6,11.2,142.16,,,acid,Carboxylic acids and derivatives,"Amino acids, peptides, and analogues",2-(2-oxopyrrolidin-1-yl)acetamide,2-Oxopyrrolidinacetamid,,,0.945,hsp_solvents_2,https://pubchem.ncbi.nlm.nih.gov/compound/4843
2-Pentanol,6032-29-7,CCCC(C)O,C5H12O,15.6,6.4,13.3,88.15,,,ether,Organooxygen compounds,Alcohols and polyols,pentan-2-ol,2-Pentanol,,H226; H332; H335; H315; H319,0.945,hsp_solvents_2,https://pubchem.ncbi.nlm.nih.gov/compound/22386
2-Phenoxy Ethanol,122-99-6,OCCOc1ccccc1,C8H10O2,17.8,5.7,14.3,138.16,245.1,,alcohol,Phenol ethers,,2-phenoxyethanol,2-Phenoxy Ethanol,,H302; H318; H335; H319; H336; H320; H361,0.958,hsp_solvents_2,https://pubchem.ncbi.nlm.nih.gov/compound/31236
2-Phenyl Ethanol,60-12-8,OCCc1ccccc1,C8H10O,18.3,5.6,11.2,122.16,219.4,,aromatic,Benzene and substituted derivatives,,2-phenylethanol,2-Phenyl Ethanol,,H302; H319; H311; H336; H361; H371; H318,0.97,hsp_solvents_2,https://pubchem.ncbi.nlm.nih.gov/compound/6054
2-Pinene (dl),80-56-8,,,16.9,1.8,3.1,,,,terpene,Prenol lipids,Monoterpenoids,"2,6,6-trimethylbicyclo[3.1.1]hept-2-ene",2-Pinene (dl),,,0.7,hsp_solvents_2,
2-Propanethiol,75-33-2,CC(C)S,C3H8S,16.3,6.8,6.5,76.16,,,hydrocarbon,Thiols,Alkylthiols,propane-2-thiol,2-Propanethiol,,H225; H302; H315; H319; H331,0.958,hsp_solvents_2,https://pubchem.ncbi.nlm.nih.gov/compound/6364
2-Propanol,67-63-0,CC(C)O,C3H8O,15.8,6.1,16.4,60.1,,,ether,Organooxygen compounds,Alcohols and polyols,propan-2-ol,2-Propanol,IPA; iPrOH,H225; H319; H336; H318; H373; H400; H410; H335; H361; H370; H372; H303; H305; H313,0.958,hsp_solvents_2,https://pubchem.ncbi.nlm.nih.gov/compound/3776
2-Propyn-1-ol,107-19-7,OCC#C,C3H4O,16.1,8.7,18.8,56.06,113.6,,alcohol,,,prop-2-yn-1-ol,2-Propyn-1-ol,,H226; H301; H311; H314; H331; H411; H310; H318; H330; H373; H335; H351; H372; H401; H300; H336; H341,0.97,hsp_solvents_2,https://pubchem.ncbi.nlm.nih.gov/compound/7859
2-Pyrrolidone,616-45-5,O=C1CCCN1,C4H7NO,18.2,12.0,9.0,85.1,245.1,,amide,Pyrrolidines,Pyrrolidones,pyrrolidin-2-one,2-Pyrrolidone,,H315; H318; H319; H335; H360,0.97,hsp_solvents_2,https://pubchem.ncbi.nlm.nih.gov/compound/12025
2-t-Butyl-4-Methyl Phenol,2409-55-4,Cc1ccc(O)c(c1)C(C)(C)C,C11H16O,17.3,3.7,10.5,164.24,237.1,,aromatic,Benzene and substituted derivatives,Phenylpropanes,2-tert-butyl-4-methylphenol,2-t-Butyl-4-Methyl Phenol,,H314; H318; H335; H411; H315; H319; H401,0.97,hsp_solvents_2,https://pubchem.ncbi.nlm.nih.gov/compound/17004
2-Thiabutane,624-89-5,CCSC,C3H8S,16.2,5.9,5.3,76.16,66.7,,hydrocarbon,Thioethers,Dialkylthioethers,methylsulfanylethane,2-Thiabutane,,H225; H315,0.97,hsp_solvents_2,https://pubchem.ncbi.nlm.nih.gov/compound/12230
2-Toluidine,95-53-4,Cc1ccccc1N,C7H9N,19.4,5.8,9.4,107.15,,,aromatic,Benzene and substituted derivatives,Toluenes,2-methylaniline,2-Toluidine,,H301; H319; H331; H350; H400; H312; H315; H341; H411; H227; H302; H332; H336; H370; H372; H410; H313; H316; H340; H373,0.945,hsp_solvents_2,https://pubchem.ncbi.nlm.nih.gov/compound/7242
2-Vinyl Toluene,611-15-4,Cc1ccccc1C=C,C9H10,18.6,1.0,3.8,118.18,160.0,,aromatic,Benzene and substituted derivatives,Styrenes,1-ethenyl-2-methylbenzene,2-Vinyl Toluene,,H332; H411; H226; H304; H315; H319; H400; H401,0.97,hsp_solvents_2,https://pubchem.ncbi.nlm.nih.gov/compound/11904
"3,3,3-Trichloro Propene",2233-00-3,ClC(Cl)(Cl)C=C,C3H3Cl3,17.7,15.5,3.4,145.41,,,halogenated,Organochlorides,,"3,3,3-trichloroprop-1-ene","3,3,3-Trichloro Propene",,H226; H302; H312; H315; H319; H332; H335,0.945,hsp_solvents_2,https://pubchem.ncbi.nlm.nih.gov/compound/16690
"3,4-Dichloro Alpha,Alpha,A-Trifluorotoluene",328-84-7,,C7H3Cl2F3,20.0,4.7,2.4,215.0,173.6,,halogenated,Benzene and substituted derivatives,Trifluoromethylbenzenes,"1,2-dichloro-4-(trifluoromethyl)benzene","3,4-Dichloro Alpha,Alpha,A-Trifluorotoluene",,H302; H315; H319; H335; H411; H227,0.808,hsp_solvents_2,https://pubchem.ncbi.nlm.nih.gov/compound/9481
"3,4-Dichloronitrobenzene",99-54-7,[O-][N+](=O)c1ccc(Cl)c(Cl)c1,C6H3Cl2NO2,20.1,7.2,4.1,192.0,255.6,,aromatic,Benzene and substituted derivatives,Nitrobenzenes,"1,2-dichloro-4-nitrobenzene","3,4-Dichloronitrobenzene",,H302; H317; H319; H411; H336; H361; H372; H373,0.958,hsp_solvents_2,https://pubchem.ncbi.nlm.nih.gov/compound/7443
"3,4-Dichlorophenyl Acetonitrile",3218-49-3,Clc1ccc(CC#N)cc1Cl,C8H5Cl2N,20.5,10.8,4.4,186.03,,,aromatic,Benzene and substituted derivatives,Benzyl cyanides,"2-(3,4-dichlorophenyl)acetonitrile","3,4-Dichlorophenyl Acetonitrile",MeCN; ACN,H301; H302; H311; H312; H315; H319; H331; H332; H335,0.945,hsp_solvents_2,https://pubchem.ncbi.nlm.nih.gov/compound/76690
"3,4-Dichlorotoluene",95-75-0,,,19.8,9.8,2.5,,,,halogenated,Benzene and substituted derivatives,Halobenzenes,"3,4-dichlorotoluene","3,4-Dichlorotoluene",,,0.7,hsp_solvents_2,
"3,4-Dimethyl Phenol",95-65-8,,,19.2,6.0,13.4,,,,alcohol,Phenols,Cresols,"3,4-dimethyl phenol","3,4-Dimethyl Phenol",,,0.7,hsp_solvents_2,
"3,4-Dinitrophenol",577-71-9,,,19.5,12.8,14.3,,,,alcohol,Phenols,Nitrophenols,"3,4-dinitrophenol","3,4-Dinitrophenol",,,0.7,hsp_solvents_2,
"3,4-Epoxy-1-Butene",930-22-3,,,16.6,7.7,7.4,,,,hydrocarbon,Epoxides,,"3,4-epoxy-1-butene","3,4-Epoxy-1-Butene",,,0.7,hsp_solvents_2,
"3,5-Difluorobenzonitrile",64248-63-1,,,18.8,11.2,3.2,,,,nitrile,Benzene and substituted derivatives,Benzonitriles,"3,5-difluorobenzonitrile","3,5-Difluorobenzonitrile",,,0.7,hsp_solvents_2,
"3,5-Dinitrophenol",586-11-8,,,19.5,12.9,14.4,,,,alcohol,Phenols,Nitrophenols,"3,5-dinitrophenol","3,5-Dinitrophenol",,,0.7,hsp_solvents_2,
3-Azidopropene,821-13-6,,,16.8,7.7,13.4,,,,hydrocarbon,"Allyl-type 1,3-dipolar organic compounds",Azo imides,3-azidopropene,3-Azidopropene,,,0.7,hsp_solvents_2,
3-Bromopropyne,106-96-7,,,18.1,6.5,5.3,,,,halogenated,,,3-bromopropyne,3-Bromopropyne,,,0.7,hsp_solvents_2,
3-Butenenitrile,109-75-1,,,16.2,14.3,5.6,,,,nitrile,Organonitrogen compounds,Organic cyanides,3-butenenitrile,3-Butenenitrile,,,0.7,hsp_solvents_2,
3-Butoxybutanol,,,,15.9,5.5,10.6,,,,alcohol,,,3-butoxybutanol,3-Butoxybutanol,,,0.7,hsp_solvents_2,
3-Chloro Allyl Alcohol,29560-84-7,,,17.2,10.3,16.5,,,,alcohol,Vinyl halides,Vinyl chlorides,3-chloro allyl alcohol,3-Chloro Allyl Alcohol,,,0.7,hsp_solvents_2,
3-Chloro-1-Propanol,627-30-5,,,17.5,5.7,14.7,,,,alcohol,,,3-chloro-1-propanol,3-Chloro-1-Propanol,,,0.7,hsp_solvents_2,
3-Chloro-2-Methyl Propene,563-47-3,,,16.2,5.6,2.0,,,,halogenated,,,3-chloro-2-methyl propene,3-Chloro-2-Methyl Propene,,,0.7,hsp_solvents_2,
3-Chlorobenzylchloride,620-20-2,,,19.9,9.3,2.6,,,,halogenated,Benzene and substituted derivatives,Benzyl halides,3-chlorobenzylchloride,3-Chlorobenzylchloride,,,0.7,hsp_solvents_2,
3-Chloropropionaldehyde,19434-65-2,,,17.0,13.3,8.2,,,,halogenated,,,3-chloropropionaldehyde,3-Chloropropionaldehyde,,,0.7,hsp_solvents_2,
3-Chloropropionitrile,542-76-7,,,17.3,15.9,6.1,,,,nitrile,Organonitrogen compounds,Organic cyanides,3-chloropropionitrile,3-Chloropropionitrile,,,0.7,hsp_solvents_2,
3-Chloropropyne,624-65-7,,,16.7,7.4,2.3,,,,halogenated,,,3-chloropropyne,3-Chloropropyne,,,0.7,hsp_solvents_2,
3-Ethoxy Propionaldehyde,2806-85-1,,,16.0,8.8,7.4,,,,aldehyde,,,3-ethoxy propionaldehyde,3-Ethoxy Propionaldehyde,,,0.7,hsp_solvents_2,
3-Heptanol,589-82-2,,,15.9,5.4,11.7,,,,alcohol,Organooxygen compounds,Alcohols and polyols,3-heptanol,3-Heptanol,,,0.7,hsp_solvents_2,
3-Hydroxy Tetrahydrofuran,453-20-3,,,18.9,9.4,16.3,,,,ether,Tetrahydrofurans,,3-hydroxy tetrahydrofuran,3-Hydroxy Tetrahydrofuran,THF,,0.7,hsp_solvents_2,
3-Methoxy Butanol,2517-43-3,,,15.3,5.4,13.6,,,,alcohol,Organooxygen compounds,Ethers,3-methoxy butanol,3-Methoxy Butanol,,,0.7,hsp_solvents_2,
3-Methoxy Butyl Acetate,4435-53-4,,,15.3,4.1,8.1,,,,ester,Carboxylic acids and derivatives,Carboxylic acid derivatives,3-methoxy butyl acetate,3-Methoxy Butyl Acetate,,,0.7,hsp_solvents_2,
3-Methoxy-3-Methyl Butanol,56539-66-3,,,16.0,6.3,12.9,,,,alcohol,Organooxygen compounds,Ethers,3-methoxy-3-methyl butanol,3-Methoxy-3-Methyl Butanol,,,0.7,hsp_solvents_2,
3-Methoxypropionitrile,110-67-8,,,16.6,14.4,7.8,,,,nitrile,,,3-methoxypropionitrile,3-Methoxypropionitrile,,,0.7,hsp_solvents_2,
3-Methyl Allyl Alcohol,504-61-0,,,16.0,6.0,15.5,,,,alcohol,Organooxygen compounds,Alcohols and polyols,3-methyl allyl alcohol,3-Methyl Allyl Alcohol,,,0.7,hsp_solvents_2,
3-Methyl Cyclohexanol (Mix),591-23-1,,,17.2,6.4,12.5,,,,alcohol,Organooxygen compounds,Alcohols and polyols,3-methyl cyclohexanol (mix),3-Methyl Cyclohexanol (Mix),,,0.7,hsp_solvents_2,
3-Methyl Cyclohexanone,591-24-2,,,17.7,7.7,4.7,,,,ketone,Organooxygen compounds,Carbonyl compounds,3-methyl cyclohexanone,3-Methyl Cyclohexanone,,,0.7,hsp_solvents_2,
3-Methyl Isoxazole,30842-90-1,,,19.4,14.8,11.8,,,,heterocyclic,Azoles,Isoxazoles,3-methyl isoxazole,3-Methyl Isoxazole,,,0.7,hsp_solvents_2,
"3-Methyl-1,2-Butadiene",598-25-4,,,15.1,2.5,4.5,,,,hydrocarbon,Unsaturated hydrocarbons,Branched unsaturated hydrocarbons,"3-methyl-1,2-butadiene","3-Methyl-1,2-Butadiene",,,0.7,hsp_solvents_2,
3-Methyl-1-Butene,563-45-1,,,14.0,1.4,3.8,,,,hydrocarbon,Unsaturated hydrocarbons,Unsaturated aliphatic hydrocarbons,3-methyl-1-butene,3-Methyl-1-Butene,,,0.7,hsp_solvents_2,
3-Methyl-2-Butanol,598-75-4,,,15.6,5.2,13.4,,,,alcohol,,,3-methyl-2-butanol,3-Methyl-2-Butanol,,,0.7,hsp_solvents_2,
3-Methyl-3-Methoxy Butyl Acetate,103429-90-9,,,15.3,3.8,7.7,,,,ester,Carboxylic acids and derivatives,Carboxylic acid derivatives,3-methyl-3-methoxy butyl acetate,3-Methyl-3-Methoxy Butyl Acetate,,,0.7,hsp_solvents_2,
3-n-Butyl Toluene,1595-04-6,,,17.4,0.1,1.0,,,,aromatic,Benzene and substituted derivatives,Toluenes,3-n-butyl toluene,3-n-Butyl Toluene,,,0.7,hsp_solvents_2,
3-Nitroaniline,99-09-2,,,21.4,17.7,10.6,,,,amine,,,3-nitroaniline,3-Nitroaniline,,,0.7,hsp_solvents_2,
"4,4'-Methylenebis(Phenylisocyanate)",101-68-8,,,19.5,4.1,1.7,,,,amide,Benzene and substituted derivatives,Diphenylmethanes,"4,4'-methylenebis(phenylisocyanate)","4,4'-Methylenebis(Phenylisocyanate)",,,0.7,hsp_solvents_2,
4-(Trifluoromethyl) Acetophenone,709-63-7,,,18.8,6.1,3.5,,,,ketone,Organooxygen compounds,Carbonyl compounds,4-(trifluoromethyl) acetophenone,4-(Trifluoromethyl) Acetophenone,,,0.7,hsp_solvents_2,
4-Aminopyridine,504-24-5,,,20.4,16.1,12.9,,,,amine,Pyridines and derivatives,Aminopyridines and derivatives,4-aminopyridine,4-Aminopyridine,,,0.7,hsp_solvents_2,
"4-Bromo-1,2-Butadiene",18668-68-3,,,17.0,6.5,4.7,,,,halogenated,Organobromides,,"4-bromo-1,2-butadiene","4-Bromo-1,2-Butadiene",,,0.7,hsp_solvents_2,
4-Bromo-1-Butene,5162-44-7,,,16.5,6.0,4.5,,,,halogenated,Organobromides,,4-bromo-1-butene,4-Bromo-1-Butene,,,0.7,hsp_solvents_2,
"4-Chloro-1,2-Butadiene",25790-55-0,,,16.6,8.0,6.7,,,,halogenated,,,"4-chloro-1,2-butadiene","4-Chloro-1,2-Butadiene",,,0.7,hsp_solvents_2,
4-Chloro-2-Nitrotoluene,89-59-8,,,19.9,11.8,3.8,,,,nitro,Benzene and substituted derivatives,Nitrobenzenes,4-chloro-2-nitrotoluene,4-Chloro-2-Nitrotoluene,,,0.7,hsp_solvents_2,
4-Chloroanisole,623-12-1,,,19.6,7.8,6.7,,,,ether,Phenol ethers,Anisoles,4-chloroanisole,4-Chloroanisole,,,0.7,hsp_solvents_2,
4-Chlorobenzaldehyde,104-88-1,,,19.9,7.2,5.6,,,,halogenated,Benzene and substituted derivatives,Benzoyl derivatives,4-chlorobenzaldehyde,4-Chlorobenzaldehyde,,,0.7,hsp_solvents_2,
4-Chlorobenzonitrile,623-03-0,,,19.5,8.0,4.1,,,,nitrile,Benzene and substituted derivatives,Benzonitriles,4-chlorobenzonitrile,4-Chlorobenzonitrile,,,0.7,hsp_solvents_2,
4-Chlorobenzotrichloride,5216-25-1,,,20.3,5.5,3.5,,,,halogenated,Benzene and substituted derivatives,Halobenzenes,4-chlorobenzotrichloride,4-Chlorobenzotrichloride,,,0.7,hsp_solvents_2,
4-Chlorobenzyl Alcohol,873-76-7,,,19.6,7.5,13.0,,,,alcohol,Benzene and substituted derivatives,Benzyl alcohols,4-chlorobenzyl alcohol,4-Chlorobenzyl Alcohol,,,0.7,hsp_solvents_2,
4-Chlorothiophenol,106-54-7,,,20.8,8.6,10.6,,,,alcohol,Thiophenols,,4-chlorothiophenol,4-Chlorothiophenol,,,0.7,hsp_solvents_2,
4-Ethoxy Acetophenone,1676-63-7,,,18.8,10.3,6.4,,,,ketone,,,4-ethoxy acetophenone,4-Ethoxy Acetophenone,,,0.7,hsp_solvents_2,
4-Ethyl Morpholine,100-74-3,,,17.7,5.0,6.6,,,,amine,Oxazinanes,Morpholines,4-ethyl morpholine,4-Ethyl Morpholine,,,0.7,hsp_solvents_2,
4-Ethyl Phenol,123-07-9,,,18.3,5.2,12.6,,,,alcohol,Phenols,1-hydroxy-2-unsubstituted benzenoids,4-ethyl phenol,4-Ethyl Phenol,,,0.7,hsp_solvents_2,
"4-Ethyl-1,3-Dioxolane-2-One",4437-85-8,,,17.5,9.8,3.0,,,,ether,Organic carbonic acids and derivatives,Carbonic acid diesters,"4-ethyl-1,3-dioxolane-2-one","4-Ethyl-1,3-Dioxolane-2-One",,,0.7,hsp_solvents_2,
4-Fluoro-3-Nitrobenzofluoride,364-74-9,,,19.4,7.2,3.7,,,,nitro,Benzene and substituted derivatives,Nitrobenzenes,4-fluoro-3-nitrobenzofluoride,4-Fluoro-3-Nitrobenzofluoride,,,0.7,hsp_solvents_2,
4-Fluoropropiophenone,582-83-2,,,19.6,7.1,3.5,,,,ketone,Organooxygen compounds,Carbonyl compounds,4-fluoropropiophenone,4-Fluoropropiophenone,,,0.7,hsp_solvents_2,
4-Hydroxy Benzaldehyde,123-08-0,,,19.4,15.2,14.5,,,,aldehyde,Organooxygen compounds,Carbonyl compounds,4-hydroxy benzaldehyde,4-Hydroxy Benzaldehyde,,,0.7,hsp_solvents_2,
4-Hydroxycinnamic Acid,7400-08-0,,,19.1,6.7,15.9,,,,acid,Cinnamic acids and derivatives,Hydroxycinnamic acids and derivatives,4-hydroxycinnamic acid,4-Hydroxycinnamic Acid,,,0.7,hsp_solvents_2,
"4-Iodo-1,2-Butadiene",29871-57-6,,,17.4,6.3,6.2,,,,halogenated,,,"4-iodo-1,2-butadiene","4-Iodo-1,2-Butadiene",,,0.7,hsp_solvents_2,
4-Methoxy Acetophenone,100-06-1,,,18.9,11.2,7.0,,,,ketone,Organooxygen compounds,Carbonyl compounds,4-methoxy acetophenone,4-Methoxy Acetophenone,,,0.7,hsp_solvents_2,
4-Methoxy Benzonitrile,874-90-8,,,19.4,16.7,5.4,,,,nitrile,Benzene and substituted derivatives,Benzonitriles,4-methoxy benzonitrile,4-Methoxy Benzonitrile,,,0.7,hsp_solvents_2,
4-Methyl Cyclohexanol (Mix),589-91-3,,,17.2,6.3,12.5,,,,alcohol,Organooxygen compounds,Alcohols and polyols,4-methyl cyclohexanol (mix),4-Methyl Cyclohexanol (Mix),,,0.7,hsp_solvents_2,
4-Nitrophenol,100-02-7,,,20.0,14.5,14.2,,,,alcohol,Phenols,Nitrophenols,4-nitrophenol,4-Nitrophenol,,,0.7,hsp_solvents_2,
4-Pentenal,2100-17-6,,,15.5,8.1,6.8,,,,aldehyde,Organooxygen compounds,Carbonyl compounds,4-pentenal,4-Pentenal,,,0.7,hsp_solvents_2,
4-Vinyl Pyridine,100-43-6,,,18.1,7.2,6.8,,,,amine,Pyridines and derivatives,,4-vinyl pyridine,4-Vinyl Pyridine,,,0.7,hsp_solvents_2,
"5,6-Dihydroxyindole",3131-52-0,,,19.5,8.8,17.9,,,,heterocyclic,Indoles and derivatives,Hydroxyindoles,"5,6-dihydroxyindole","5,6-Dihydroxyindole",,,0.7,hsp_solvents_2,
"5,6-Dihydroxyindole-2-Carboxylic Acid",4790-08-03 00:00:00,,,19.5,8.1,17.7,,,,acid,,,"5,6-dihydroxyindole-2-carboxylic acid","5,6-Dihydroxyindole-2-Carboxylic Acid",,,0.7,hsp_solvents_2,
"5,6-Indolequinone",,,,19.5,9.3,7.8,,,,ketone,,,"5,6-indolequinone","5,6-Indolequinone",,,0.7,hsp_solvents_2,
"5,6-Indolequinone-2-Carboxylic Acid",,,,19.5,8.3,10.6,,,,ketone,,,"5,6-indolequinone-2-carboxylic acid","5,6-Indolequinone-2-Carboxylic Acid",,,0.7,hsp_solvents_2,
5-Bromo-2-Nitrobenzotrifluoride,344-38-7,,,20.0,6.0,4.9,,,,nitro,Benzene and substituted derivatives,Trifluoromethylbenzenes,5-bromo-2-nitrobenzotrifluoride,5-Bromo-2-Nitrobenzotrifluoride,,,0.7,hsp_solvents_2,
6-Chloro-2-Nitrotoluene,83-42-1,,,20.3,9.6,3.8,,,,nitro,Benzene and substituted derivatives,Nitrobenzenes,6-chloro-2-nitrotoluene,6-Chloro-2-Nitrotoluene,,,0.7,hsp_solvents_2,
"9,10-Anthraquinone",84-65-1,,,20.3,7.6,4.8,,,,ketone,Anthracenes,Anthraquinones,"9,10-anthraquinone","9,10-Anthraquinone",,,0.7,hsp_solvents_2,
"9,10-Phenanthrenequinone",84-11-7,,,20.3,17.1,4.8,,,,ketone,Phenanthrenes and derivatives,Phenanthraquinones,"9,10-phenanthrenequinone","9,10-Phenanthrenequinone",,,0.7,hsp_solvents_2,
a-Methyl Styrene,98-83-9,,,18.5,2.4,2.4,,,,aromatic,Benzene and substituted derivatives,Phenylpropenes,a-methyl styrene,a-Methyl Styrene,,,0.7,hsp_solvents_2,
Acetaldehyde,75-07-0,,,14.7,12.5,7.9,,,,aldehyde,Organooxygen compounds,Carbonyl compounds,acetaldehyde,Acetaldehyde,,,0.7,hsp_solvents_2,
Acetaldoxime,107-29-9,,,16.3,4.0,20.2,,,,amine,Organonitrogen compounds,Oximes,acetaldoxime,Acetaldoxime,,,0.7,hsp_solvents_2,
Acetamide,60-35-5,,,17.3,18.7,19.3,,,,amide,Carboximidic acids and derivatives,Carboximidic acids,acetamide,Acetamide,,,0.7,hsp_solvents_2,
Acetanilide,103-84-4,,,20.6,14.4,13.5,,,,amide,Benzene and substituted derivatives,,acetanilide,Acetanilide,,,0.7,hsp_solvents_2,
Acetic Acid,64-19-7,,,14.5,8.0,13.5,,,,acid,Carboxylic acids and derivatives,Carboxylic acids,acetic acid,Acetic Acid,AcOH; HOAc,,0.7,hsp_solvents_2,
Acetic Anhydride,108-24-7,,,16.0,11.7,10.2,,,,ester,Carboxylic acids and derivatives,Dicarboxylic acids and derivatives,acetic anhydride,Acetic Anhydride,Ac2O,,0.7,hsp_solvents_2,
Acetone,67-64-1,,,15.5,10.4,7.0,,,,ketone,Organooxygen compounds,Carbonyl compounds,acetone,Acetone,,,0.7,hsp_solvents_2,
Acetonecyanhydrin,75-86-5,,,16.6,12.2,15.5,,,,ketone,Organooxygen compounds,Alcohols and polyols,acetonecyanhydrin,Acetonecyanhydrin,,,0.7,hsp_solvents_2,
Acetonemethyloxime,3376-35-0,,,14.7,4.6,4.6,,,,ketone,Organonitrogen compounds,Oximes,acetonemethyloxime,Acetonemethyloxime,,,0.7,hsp_solvents_2,
Acetonitrile,75-05-8,,,15.3,18.0,6.1,,,,nitrile,Organonitrogen compounds,Organic cyanides,acetonitrile,Acetonitrile,MeCN; ACN,,0.7,hsp_solvents_2,
Acetophenone,98-86-2,,,18.8,9.0,4.0,,,,ketone,Organooxygen compounds,Carbonyl compounds,acetophenone,Acetophenone,,,0.7,hsp_solvents_2,
Acetoxime,127-06-0,,,16.3,3.7,10.9,,,,amine,Organonitrogen compounds,Oximes,acetoxime,Acetoxime,,,0.7,hsp_solvents_2,
Acetyl Salicylic Acid,50-78-2,,,19.0,6.9,9.7,,,,acid,Benzene and substituted derivatives,Benzoic acids and derivatives,acetyl salicylic acid,Acetyl Salicylic Acid,,,0.7,hsp_solvents_2,
Acetyl Triethyl Citrate,77-89-4,,,16.6,3.5,8.6,,,,ester,Carboxylic acids and derivatives,Tetracarboxylic acids and derivatives,acetyl triethyl citrate,Acetyl Triethyl Citrate,,,0.7,hsp_solvents_2,
Acetylacetone,123-54-6,,,16.1,10.0,6.2,,,,ketone,Organooxygen compounds,Carbonyl compounds,acetylacetone,Acetylacetone,,,0.7,hsp_solvents_2,
Acetylbromide,506-96-7,,,16.7,10.6,5.2,,,,halogenated,Acyl halides,Acyl bromides,acetylbromide,Acetylbromide,,,0.7,hsp_solvents_2,
Acetylchloride,75-36-5,,,16.2,11.2,5.8,,,,halogenated,,,acetylchloride,Acetylchloride,,,0.7,hsp_solvents_2,
Acetylene (Ethyne),74-86-2,,,14.4,4.2,11.9,,,,hydrocarbon,,,acetylene (ethyne),Acetylene (Ethyne),,,0.7,hsp_solvents_2,
Acetylfluoride,557-99-3,,,14.7,14.0,5.7,,,,halogenated,Acyl halides,Acyl fluorides,acetylfluoride,Acetylfluoride,,,0.7,hsp_solvents_2,
Acridine,260-94-6,,,20.0,5.9,2.0,,,,heterocyclic,,,acridine,Acridine,,,0.7,hsp_solvents_2,
Acrolein,107-02-8,,,15.5,10.0,8.6,,,,aldehyde,Organooxygen compounds,Carbonyl compounds,acrolein,Acrolein,,,0.7,hsp_solvents_2,
Acrylamide,79-06-1,,,15.8,12.1,12.8,,,,amide,,,acrylamide,Acrylamide,,,0.7,hsp_solvents_2,
Acrylic Acid,79-10-7,,,16.6,6.4,10.0,,,,acid,Carboxylic acids and derivatives,Acrylic acids and derivatives,acrylic acid,Acrylic Acid,,,0.7,hsp_solvents_2,
Acrylonitrile,107-13-1,,,16.0,12.8,6.8,,,,nitrile,,,acrylonitrile,Acrylonitrile,,,0.7,hsp_solvents_2,
Acrylylchloride,814-68-6,,,16.2,11.6,5.4,,,,halogenated,,,acrylylchloride,Acrylylchloride,,,0.7,hsp_solvents_2,
Adenine,73-24-5,,,20.0,16.0,14.9,,,,heterocyclic,Imidazopyrimidines,Purines and purine derivatives,adenine,Adenine,,,0.7,hsp_solvents_2,
"Adipic Acid (1,6-Hexanedioic)",124-04-9,,,17.1,10.0,16.3,,,,acid,,,"adipic acid (1,6-hexanedioic)","Adipic Acid (1,6-Hexanedioic)",,,0.7,hsp_solvents_2,
Adonitol,488-81-3,,,18.0,12.0,36.0,,,,alcohol,,,adonitol,Adonitol,,,0.7,hsp_solvents_2,
Adrenalin,51-43-4,,,20.5,8.7,19.9,,,,other,,,adrenalin,Adrenalin,,,0.7,hsp_solvents_2,
Allyl Acetate,591-87-7,,,15.7,4.5,8.0,,,,ester,,,allyl acetate,Allyl Acetate,,,0.7,hsp_solvents_2,
Allyl Acetic Acid,591-80-0,,,16.7,4.7,11.3,,,,acid,Fatty Acyls,Fatty acids and conjugates,allyl acetic acid,Allyl Acetic Acid,,,0.7,hsp_solvents_2,
Allyl Acetoacetate,1118-84-9,,,15.9,6.9,8.6,,,,ester,Keto acids and derivatives,Beta-keto acids and derivatives,allyl acetoacetate,Allyl Acetoacetate,,,0.7,hsp_solvents_2,
Allyl Alcohol,107-18-6,,,16.2,10.8,16.8,,,,alcohol,Organooxygen compounds,Alcohols and polyols,allyl alcohol,Allyl Alcohol,,,0.7,hsp_solvents_2,
Allyl Amine,107-11-9,,,15.5,5.7,10.6,,,,amine,Organonitrogen compounds,Amines,allyl amine,Allyl Amine,,,0.7,hsp_solvents_2,
Allyl Bromide (3-Bromoprene),106-95-6,,,16.5,7.3,4.9,,,,halogenated,Organobromides,,allyl bromide (3-bromoprene),Allyl Bromide (3-Bromoprene),,,0.7,hsp_solvents_2,
Allyl Chloride,107-05-1,,,17.0,6.2,2.3,,,,halogenated,Organochlorides,,allyl chloride,Allyl Chloride,,,0.7,hsp_solvents_2,
Allyl Cyanide,109-75-1,,,16.0,14.3,5.6,,,,nitrile,Organonitrogen compounds,Organic cyanides,allyl cyanide,Allyl Cyanide,,,0.7,hsp_solvents_2,
Allyl Ethylether,557-31-3,,,15.0,4.8,5.1,,,,ether,Organooxygen compounds,Ethers,allyl ethylether,Allyl Ethylether,,,0.7,hsp_solvents_2,
Allyl Fluoride,818-92-8,,,14.9,6.4,1.0,,,,halogenated,Organofluorides,,allyl fluoride,Allyl Fluoride,,,0.7,hsp_solvents_2,
Allyl Formate,1838-59-1,,,15.7,5.4,8.8,,,,ester,Carboxylic acids and derivatives,Carboxylic acid derivatives,allyl formate,Allyl Formate,,,0.7,hsp_solvents_2,
Allyl Iodide,556-56-9,,,18.3,6.4,3.3,,,,halogenated,Organoiodides,,allyl iodide,Allyl Iodide,,,0.7,hsp_solvents_2,
Allyl Isocyanide,2835-21-4,,,16.1,13.0,5.4,,,,nitrile,Organonitrogen compounds,Organic isocyanides,allyl isocyanide,Allyl Isocyanide,,,0.7,hsp_solvents_2,
Allyl Isopropyl Ether,6140-80-3,,,15.0,4.1,7.1,,,,ether,,,allyl isopropyl ether,Allyl Isopropyl Ether,,,0.7,hsp_solvents_2,
Allyl Isothiocyanate,57-06-7,,,17.0,11.3,8.5,,,,sulfur compound,Isothiocyanates,,allyl isothiocyanate,Allyl Isothiocyanate,,,0.7,hsp_solvents_2,
Allyl Mercaptan,870-23-5,,,16.4,6.2,7.9,,,,sulfur compound,Allyl sulfur compounds,,allyl mercaptan,Allyl Mercaptan,,,0.7,hsp_solvents_2,
Allyl Methacrylate,96-05-9,,,15.2,4.1,7.5,,,,ester,Carboxylic acids and derivatives,Carboxylic acid derivatives,allyl methacrylate,Allyl Methacrylate,,,0.7,hsp_solvents_2,
Allyl Methyl Ether,627-40-7,,,15.0,4.3,5.9,,,,ether,Organooxygen compounds,Ethers,allyl methyl ether,Allyl Methyl Ether,,,0.7,hsp_solvents_2,
Allylacetonitrile (4-Pentenenitrile),592-51-8,,,16.3,11.2,5.0,,,,nitrile,Organonitrogen compounds,Organic cyanides,allylacetonitrile (4-pentenenitrile),Allylacetonitrile (4-Pentenenitrile),MeCN; ACN,,0.7,hsp_solvents_2,
"Alpha,Alpha,A-Trifluoro Toluene",98-08-8,,,17.5,8.8,0.0,,,,halogenated,,,"alpha,alpha,a-trifluoro toluene","Alpha,Alpha,A-Trifluoro Toluene",,,0.7,hsp_solvents_2,
Ammonia,7664-41-7,,,13.7,16.7,18.8,,,,inorganic,,,ammonia,Ammonia,,,0.7,hsp_solvents_2,
Amphetamine,300-62-9,,,17.5,4.3,6.3,,,,amine,,,amphetamine,Amphetamine,,,0.7,hsp_solvents_2,
Amyl Acetate,628-63-7,,,15.8,3.3,6.1,,,,ester,Carboxylic acids and derivatives,Carboxylic acid derivatives,amyl acetate,Amyl Acetate,,,0.7,hsp_solvents_2,
Anethole (Trans),104-46-1,,,18.5,4.3,6.0,,,,aromatic,Phenol ethers,Anisoles,anethole (trans),Anethole (Trans),,,0.7,hsp_solvents_2,
Aniline,62-53-3,,,20.1,5.8,11.2,,,,amine,,,aniline,Aniline,,,0.7,hsp_solvents_2,
Anisaldehyde (2-Methoxy Benzaldehyde),135-02-4,,,19.4,11.9,8.3,,,,aldehyde,Benzene and substituted derivatives,Benzoyl derivatives,anisaldehyde (2-methoxy benzaldehyde),Anisaldehyde (2-Methoxy Benzaldehyde),,,0.7,hsp_solvents_2,
Anisidine (2-Methoxyaniline),90-04-0,,,19.5,5.4,11.4,,,,amine,,,anisidine (2-methoxyaniline),Anisidine (2-Methoxyaniline),,,0.7,hsp_solvents_2,
Anisole,100-66-3,,,17.8,4.4,6.9,,,,ether,Phenol ethers,Anisoles,anisole,Anisole,,,0.7,hsp_solvents_2,
Ascorbic Acid,50-81-7,,,18.0,11.7,25.5,,,,acid,,,ascorbic acid,Ascorbic Acid,,,0.7,hsp_solvents_2,
Azidoethane,871-31-8,,,15.9,8.9,12.9,,,,other,"Allyl-type 1,3-dipolar organic compounds",Azo imides,azidoethane,Azidoethane,,,0.7,hsp_solvents_2,
"Benzal Chloride (Alpha,A-Dichlorobenzene)",98-87-3,,,19.0,7.6,2.4,,,,halogenated,,,"benzal chloride (alpha,a-dichlorobenzene)","Benzal Chloride (Alpha,A-Dichlorobenzene)",,,0.7,hsp_solvents_2,
Benzaldehyde,100-52-7,,,19.4,7.4,5.3,,,,aldehyde,Benzene and substituted derivatives,Benzoyl derivatives,benzaldehyde,Benzaldehyde,,,0.7,hsp_solvents_2,
Benzamide,55-21-0,,,21.2,14.7,11.2,,,,amide,Benzene and substituted derivatives,Benzoic acids and derivatives,benzamide,Benzamide,,,0.7,hsp_solvents_2,
Benzene,71-43-2,,,18.4,0.0,2.0,,,,aromatic,,,benzene,Benzene,,,0.7,hsp_solvents_2,
Benzimidazole,51-17-2,,,20.6,14.9,11.0,,,,amine,Benzimidazoles,,benzimidazole,Benzimidazole,,,0.7,hsp_solvents_2,
Benzisoxazole,271-58-9,,,20.6,11.5,8.8,,,,heterocyclic,,,benzisoxazole,Benzisoxazole,,,0.7,hsp_solvents_2,
Benzoic Acid,65-85-0,,,20.0,6.9,10.8,,,,acid,,,benzoic acid,Benzoic Acid,,,0.7,hsp_solvents_2,
Benzoin,119-53-9,,,19.9,9.7,10.7,,,,ketone,Stilbenes,Benzoins,benzoin,Benzoin,,,0.7,hsp_solvents_2,
Benzonitrile,100-47-0,,,18.8,12.0,3.3,,,,nitrile,,,benzonitrile,Benzonitrile,,,0.7,hsp_solvents_2,
Benzophenone,119-61-9,,,19.5,7.2,5.1,,,,ketone,Benzene and substituted derivatives,Benzophenones,benzophenone,Benzophenone,,,0.7,hsp_solvents_2,
Benzothiazole,95-16-9,,,20.6,5.2,8.4,,,,heterocyclic,,,benzothiazole,Benzothiazole,,,0.7,hsp_solvents_2,
Benzotrichloride,98-07-7,,,19.4,3.2,3.2,,,,halogenated,Benzene and substituted derivatives,,benzotrichloride,Benzotrichloride,,,0.7,hsp_solvents_2,
Benzoyl Chloride,98-88-4,,,19.3,6.8,4.5,,,,halogenated,Benzene and substituted derivatives,Benzoic acids and derivatives,benzoyl chloride,Benzoyl Chloride,,,0.7,hsp_solvents_2,
Benzyl Acetate,140-11-4,,,18.3,5.7,6.0,,,,ester,Benzene and substituted derivatives,Benzyloxycarbonyls,benzyl acetate,Benzyl Acetate,,,0.7,hsp_solvents_2,
Benzyl Alcohol,100-51-6,,,18.4,6.3,13.7,,,,alcohol,,,benzyl alcohol,Benzyl Alcohol,BnOH,,0.7,hsp_solvents_2,
Benzyl Amine,100-46-9,,,19.0,4.6,9.4,,,,amine,Benzene and substituted derivatives,Phenylmethylamines,benzyl amine,Benzyl Amine,,,0.7,hsp_solvents_2,
Benzyl Benzoate,120-51-4,,,20.0,5.1,5.2,,,,ester,Benzene and substituted derivatives,Benzoic acids and derivatives,benzyl benzoate,Benzyl Benzoate,,,0.7,hsp_solvents_2,
Benzyl Butyl Phthalate,85-68-7,,,19.0,11.2,3.1,,,,ester,Benzene and substituted derivatives,Benzoic acids and derivatives,benzyl butyl phthalate,Benzyl Butyl Phthalate,,,0.7,hsp_solvents_2,
Benzyl Chloride,100-44-7,,,18.8,7.1,2.6,,,,halogenated,,,benzyl chloride,Benzyl Chloride,,,0.7,hsp_solvents_2,
Benzyl Ethyl Ether,539-30-0,,,18.4,3.8,3.8,,,,ether,Benzene and substituted derivatives,Benzylethers,benzyl ethyl ether,Benzyl Ethyl Ether,,,0.7,hsp_solvents_2,
Benzyl Methacrylate,2495-37-6,,,16.8,4.1,4.1,,,,ester,Benzene and substituted derivatives,Benzyloxycarbonyls,benzyl methacrylate,Benzyl Methacrylate,,,0.7,hsp_solvents_2,
Bicyclohexyl,92-51-3,,,17.0,0.0,0.0,,,,hydrocarbon,Saturated hydrocarbons,,bicyclohexyl,Bicyclohexyl,,,0.7,hsp_solvents_2,
Biphenyl,92-52-4,,,19.7,1.0,2.0,,,,aromatic,Benzene and substituted derivatives,Biphenyls and derivatives,biphenyl,Biphenyl,,,0.7,hsp_solvents_2,
Bis(Chloromethyl)Ether,542-88-1,,,17.2,8.2,7.6,,,,ether,Organochlorides,,bis(chloromethyl)ether,Bis(Chloromethyl)Ether,,,0.7,hsp_solvents_2,
Bis-(M-Phenoxyphenyl) Ether,748-30-1,,,19.6,3.1,5.1,,,,ether,Benzene and substituted derivatives,Diphenylethers,bis-(m-phenoxyphenyl) ether,Bis-(M-Phenoxyphenyl) Ether,,,0.7,hsp_solvents_2,
Bisphenol A,80-05-7,,,19.2,5.9,13.8,,,,alcohol,Benzene and substituted derivatives,Diphenylmethanes,bisphenol a,Bisphenol A,,,0.7,hsp_solvents_2,
Bisphenol-S,80-09-1,,,20.0,14.6,16.3,,,,alcohol,Benzene and substituted derivatives,Benzenesulfonyl compounds,bisphenol-s,Bisphenol-S,,,0.7,hsp_solvents_2,
Biuret,108-19-0,,,20.0,14.6,18.8,,,,amide,Carboximidic acids and derivatives,Carboximidic acids,biuret,Biuret,,,0.7,hsp_solvents_2,
Borine Carbonyl,13205-44-2,,,17.0,10.2,6.9,,,,inorganic,Organic metal salts,Organic metalloid salts,borine carbonyl,Borine Carbonyl,,,0.7,hsp_solvents_2,
Boron Trichloride,10294-34-5,,,16.6,2.5,0.0,,,,halogenated,Metalloid salts,Metalloid chlorides,boron trichloride,Boron Trichloride,,,0.7,hsp_solvents_2,
Bromine,7726-95-6,,,18.2,14.9,0.0,,,,halogenated,Homogeneous halogens,,bromine,Bromine,,,0.7,hsp_solvents_2,
Bromoacetylene,593-61-3,,,15.7,9.9,5.6,,,,halogenated,,,bromoacetylene,Bromoacetylene,,,0.7,hsp_solvents_2,
Bromobenzene,108-86-1,,,19.2,5.5,4.1,,,,halogenated,Benzene and substituted derivatives,Halobenzenes,bromobenzene,Bromobenzene,,,0.7,hsp_solvents_2,
Bromochloromethane,74-97-5,,,17.3,5.7,3.5,,,,halogenated,Alkyl halides,Halomethanes,bromochloromethane,Bromochloromethane,,,0.7,hsp_solvents_2,
Bromoethylene,593-60-2,,,15.9,6.3,5.4,,,,halogenated,,,bromoethylene,Bromoethylene,,,0.7,hsp_solvents_2,
Bromoform,75-25-2,,,20.0,5.0,7.0,,,,halogenated,,,bromoform,Bromoform,,,0.7,hsp_solvents_2,
Bromomethyl Methyl Ether,13057-17-5,,,16.9,8.5,7.0,,,,ether,Organooxygen compounds,Ethers,bromomethyl methyl ether,Bromomethyl Methyl Ether,,,0.7,hsp_solvents_2,
Bromoprene,1822-86-2,,,16.9,6.4,4.7,,,,halogenated,Vinyl halides,Vinyl bromides,bromoprene,Bromoprene,,,0.7,hsp_solvents_2,
Bromotrichloro Methane #1,75-62-7,,,18.3,0.8,0.0,,,,halogenated,Alkyl halides,Halomethanes,bromotrichloro methane #1,Bromotrichloro Methane #1,,,0.7,hsp_solvents_2,
Bromotrichloro Methane #2-Gc,75-62-7,,,18.3,8.1,6.0,,,,halogenated,Alkyl halides,Halomethanes,bromotrichloro methane #2-gc,Bromotrichloro Methane #2-Gc,,,0.7,hsp_solvents_2,
Bromotrichloro Methane #3,75-62-7,,,18.3,8.1,0.0,,,,halogenated,Alkyl halides,Halomethanes,bromotrichloro methane #3,Bromotrichloro Methane #3,,,0.7,hsp_solvents_2,
Bromotrifluoromethane (Freon 1381),75-63-8,,,14.3,2.4,0.0,,,,halogenated,Alkyl halides,Halomethanes,bromotrifluoromethane (freon 1381),Bromotrifluoromethane (Freon 1381),,,0.7,hsp_solvents_2,
Butadiene-4-Cyano,1615-70-9,,,16.2,11.7,5.2,,,,hydrocarbon,Organonitrogen compounds,Organic cyanides,butadiene-4-cyano,Butadiene-4-Cyano,,,0.7,hsp_solvents_2,
Butadienedioxide,1464-53-5,,,18.3,14.4,6.2,,,,hydrocarbon,Epoxides,,butadienedioxide,Butadienedioxide,,,0.7,hsp_solvents_2,
Butadione,431-03-8,,,15.7,5.1,6.8,,,,ketone,Organooxygen compounds,Carbonyl compounds,butadione,Butadione,,,0.7,hsp_solvents_2,
Butane,106-97-8,,,14.1,0.0,0.0,,,,hydrocarbon,Saturated hydrocarbons,Alkanes,butane,Butane,,,0.7,hsp_solvents_2,
Butoxy Ethoxy Propanol,39332-55-3,,,15.5,6.5,10.2,,,,alcohol,Organooxygen compounds,Ethers,butoxy ethoxy propanol,Butoxy Ethoxy Propanol,,,0.7,hsp_solvents_2,
Butyl Benzoate,136-60-7,,,18.3,5.6,5.5,,,,ester,Benzene and substituted derivatives,Benzoic acids and derivatives,butyl benzoate,Butyl Benzoate,,,0.7,hsp_solvents_2,
Butyl Formate,592-84-7,,,15.7,6.5,9.2,,,,ester,Carboxylic acids and derivatives,Carboxylic acid derivatives,butyl formate,Butyl Formate,,,0.7,hsp_solvents_2,
Butyl Isopropenyl Ether,22022-33-9,,,14.8,5.3,5.0,,,,ether,,,butyl isopropenyl ether,Butyl Isopropenyl Ether,,,0.7,hsp_solvents_2,
Butyl Lactate,138-22-7,,,15.8,6.5,10.2,,,,ester,Carboxylic acids and derivatives,Carboxylic acid derivatives,butyl lactate,Butyl Lactate,,,0.7,hsp_solvents_2,
Butyl Oleate,142-77-8,,,16.3,3.7,4.2,,,,ester,Fatty Acyls,Fatty acid esters,butyl oleate,Butyl Oleate,,,0.7,hsp_solvents_2,
Butyl Stearate,123-95-5,,,14.5,3.7,3.5,,,,ester,Fatty Acyls,Fatty acid esters,butyl stearate,Butyl Stearate,,,0.7,hsp_solvents_2,
Butyl-6-Methyl-3-Cyclohexene Carboxylate,,,,16.1,2.5,5.7,,,,hydrocarbon,,,butyl-6-methyl-3-cyclohexene carboxylate,Butyl-6-Methyl-3-Cyclohexene Carboxylate,,,0.7,hsp_solvents_2,
Butyleneoxide,106-88-7,,,16.3,6.2,5.9,,,,ether,Epoxides,,butyleneoxide,Butyleneoxide,,,0.7,hsp_solvents_2,
Butyraldehyde,123-72-8,,,15.6,10.1,6.2,,,,aldehyde,Organooxygen compounds,Carbonyl compounds,butyraldehyde,Butyraldehyde,,,0.7,hsp_solvents_2,
Butyric Acid,107-92-6,,,15.7,4.8,12.0,,,,acid,Fatty Acyls,Fatty acids and conjugates,butyric acid,Butyric Acid,,,0.7,hsp_solvents_2,
Butyric Anhydride,106-31-0,,,15.8,10.3,4.5,,,,ester,Carboxylic acids and derivatives,Dicarboxylic acids and derivatives,butyric anhydride,Butyric Anhydride,,,0.7,hsp_solvents_2,
Butyronitrile,109-74-0,,,15.3,12.4,5.1,,,,nitrile,Organonitrogen compounds,Organic cyanides,butyronitrile,Butyronitrile,,,0.7,hsp_solvents_2,
Butyrylchloride,141-75-3,,,16.8,9.4,4.8,,,,halogenated,,,butyrylchloride,Butyrylchloride,,,0.7,hsp_solvents_2,
Caffeine,58-08-2,,,19.5,10.1,13.0,,,,heterocyclic,Imidazopyrimidines,Purines and purine derivatives,caffeine,Caffeine,,,0.7,hsp_solvents_2,
Camphene,79-92-5,,,16.4,1.8,3.1,,,,terpene,,,camphene,Camphene,,,0.7,hsp_solvents_2,
Caprolactone (Epsilon),502-44-3,,,18.0,15.0,7.4,,,,ester,,,caprolactone (epsilon),Caprolactone (Epsilon),,,0.7,hsp_solvents_2,
Carbazole (Diphenylenimine),86-74-8,,,21.7,6.4,6.2,,,,amine,,,carbazole (diphenylenimine),Carbazole (Diphenylenimine),,,0.7,hsp_solvents_2,
Carbon Dioxide (Fit = 1.0),124-38-9,,,15.7,6.3,5.7,,,,inorganic,Other non-metal organides,Other non-metal oxides,carbon dioxide (fit = 1.0),Carbon Dioxide (Fit = 1.0),,,0.7,hsp_solvents_2,
Carbon Disulfide (0 Dipole Moment),75-15-0,,,20.2,0.0,0.6,,,,sulfur compound,Other non-metal organides,Other non-metal sulfides,carbon disulfide (0 dipole moment),Carbon Disulfide (0 Dipole Moment),,,0.7,hsp_solvents_2,
Carbon Disulfide (P By Group Cont.),75-15-0,,,19.9,5.8,0.6,,,,sulfur compound,Other non-metal organides,Other non-metal sulfides,carbon disulfide (p by group cont.),Carbon Disulfide (P By Group Cont.),,,0.7,hsp_solvents_2,
Carbon Tetrachloride (0 Dipole Moment),56-23-5,,,17.8,0.0,0.6,,,,halogenated,,,carbon tetrachloride (0 dipole moment),Carbon Tetrachloride (0 Dipole Moment),,,0.7,hsp_solvents_2,
Carbon Tetrachloride (P By Group Cont.),56-23-5,,,16.1,8.3,0.0,,,,halogenated,,,carbon tetrachloride (p by group cont.),Carbon Tetrachloride (P By Group Cont.),,,0.7,hsp_solvents_2,
Carbonyl Cyanide,922-64-5,,,15.0,6.3,8.0,,,,nitrile,,,carbonyl cyanide,Carbonyl Cyanide,,,0.7,hsp_solvents_2,
Carbonyl Sulfide,463-58-1,,,17.4,3.7,0.0,,,,sulfur compound,,,carbonyl sulfide,Carbonyl Sulfide,,,0.7,hsp_solvents_2,
Castor Oil,8001-79-4,,,15.9,4.6,12.0,,,,ester,,,castor oil,Castor Oil,,,0.7,hsp_solvents_2,
Cetyl Alcohol (1-Hexadecanol),36653-82-4,,,16.4,3.7,8.1,,,,alcohol,,,cetyl alcohol (1-hexadecanol),Cetyl Alcohol (1-Hexadecanol),,,0.7,hsp_solvents_2,
Chloral,75-87-6,,,17.2,7.4,7.6,,,,halogenated,Organochlorides,,chloral,Chloral,,,0.7,hsp_solvents_2,
Chlorine,7782-50-5,,,17.3,10.0,0.0,,,,halogenated,,,chlorine,Chlorine,,,0.7,hsp_solvents_2,
Chloro Acetaldehyde,107-20-0,,,16.2,14.0,9.0,,,,halogenated,Organochlorides,,chloro acetaldehyde,Chloro Acetaldehyde,,,0.7,hsp_solvents_2,
Chloro Acetic Acid,79-11-8,,,17.7,10.4,12.3,,,,acid,Carboxylic acids and derivatives,Alpha-halocarboxylic acids and derivatives,chloro acetic acid,Chloro Acetic Acid,,,0.7,hsp_solvents_2,
Chloro Maleic Anhydride,96-02-6,,,20.4,17.3,11.5,,,,ester,Dihydrofurans,Furanones,chloro maleic anhydride,Chloro Maleic Anhydride,,,0.7,hsp_solvents_2,
Chloroacetone,78-95-5,,,16.8,9.6,5.5,,,,ketone,Organooxygen compounds,Carbonyl compounds,chloroacetone,Chloroacetone,,,0.7,hsp_solvents_2,
Chloroacetonitrile,107-14-2,,,17.4,13.6,2.0,,,,nitrile,,,chloroacetonitrile,Chloroacetonitrile,MeCN; ACN,,0.7,hsp_solvents_2,
Chloroacetylchloride,79-04-9,,,17.5,9.2,5.5,,,,halogenated,Acyl halides,Acyl chlorides,chloroacetylchloride,Chloroacetylchloride,,,0.7,hsp_solvents_2,
Chloroacetylene,593-63-5,,,16.2,2.1,2.5,,,,halogenated,Haloacetylenes and derivatives,,chloroacetylene,Chloroacetylene,,,0.7,hsp_solvents_2,
Chlorobenzene,108-90-7,,,19.0,4.3,2.0,,,,halogenated,,,chlorobenzene,Chlorobenzene,,,0.7,hsp_solvents_2,
Chlorocyclopropane,7393-45-5,,,17.6,7.2,2.2,,,,halogenated,,,chlorocyclopropane,Chlorocyclopropane,,,0.7,hsp_solvents_2,
Chlorodifluoromethane (Freon 22),75-45-6,,,12.3,6.3,5.7,,,,halogenated,Alkyl halides,Halomethanes,chlorodifluoromethane (freon 22),Chlorodifluoromethane (Freon 22),,,0.7,hsp_solvents_2,
Chloroform,67-66-3,,,17.8,3.1,5.7,,,,halogenated,Alkyl halides,Halomethanes,chloroform,Chloroform,CHCl3,,0.7,hsp_solvents_2,
Chloromethylsulfide,3592-44-7,,,16.6,6.4,2.0,,,,halogenated,Thioethers,Dialkylthioethers,chloromethylsulfide,Chloromethylsulfide,,,0.7,hsp_solvents_2,
Chloronitromethane,1794-84-9,,,17.4,13.5,5.5,,,,nitro,"Allyl-type 1,3-dipolar organic compounds",Organic nitro compounds,chloronitromethane,Chloronitromethane,,,0.7,hsp_solvents_2,
Chloropicrin (Trichloronitromethane),76-06-2,,,17.6,6.8,7.0,,,,nitro,Alkyl halides,Halomethanes,chloropicrin (trichloronitromethane),Chloropicrin (Trichloronitromethane),,,0.7,hsp_solvents_2,
Chloroprene,126-99-8,,,16.1,5.4,2.1,,,,halogenated,Vinyl halides,Vinyl chlorides,chloroprene,Chloroprene,,,0.7,hsp_solvents_2,
Chlorotrifluoroethylene (Ctfe),79-38-9,,,15.3,6.3,0.0,,,,halogenated,Vinyl halides,Vinyl fluorides,chlorotrifluoroethylene (ctfe),Chlorotrifluoroethylene (Ctfe),,,0.7,hsp_solvents_2,
Cinnamyl Alcohol,104-54-1,,,19.1,6.0,13.0,,,,alcohol,Cinnamyl alcohols,,cinnamyl alcohol,Cinnamyl Alcohol,,,0.7,hsp_solvents_2,
Cis-Cinnamic Acid,102-94-3,,,19.1,3.9,10.6,,,,acid,Cinnamic acids and derivatives,Cinnamic acids,cis-cinnamic acid,Cis-Cinnamic Acid,,,0.7,hsp_solvents_2,
Cis-Decahydronaphthalene,493-01-6,,,17.6,0.0,0.0,,,,aromatic,,,cis-decahydronaphthalene,Cis-Decahydronaphthalene,,,0.7,hsp_solvents_2,
Citraconic Anhydride,616-02-4,,,19.2,17.0,11.2,,,,ester,Dihydrofurans,Furanones,citraconic anhydride,Citraconic Anhydride,,,0.7,hsp_solvents_2,
Coniferyl Alcohol,458-35-5,,,19.0,7.0,16.3,,,,alcohol,,,coniferyl alcohol,Coniferyl Alcohol,,,0.7,hsp_solvents_2,
Coumarin,91-64-5,,,20.0,12.5,6.7,,,,heterocyclic,Coumarins and derivatives,,coumarin,Coumarin,,,0.7,hsp_solvents_2,
Crotonaldehyde,123-73-9,,,16.2,14.9,7.4,,,,aldehyde,Organooxygen compounds,Carbonyl compounds,crotonaldehyde,Crotonaldehyde,,,0.7,hsp_solvents_2,
Crotonic Acid,107-93-7,,,16.8,8.7,12.0,,,,acid,,,crotonic acid,Crotonic Acid,,,0.7,hsp_solvents_2,
Crotonlactone,497-23-4,,,19.0,19.8,9.6,,,,ester,Dihydrofurans,Furanones,crotonlactone,Crotonlactone,,,0.7,hsp_solvents_2,
Cyanamid (Carbamonitrile),420-04-2,,,15.5,27.6,16.8,,,,nitrile,Organonitrogen compounds,Amines,cyanamid (carbamonitrile),Cyanamid (Carbamonitrile),,,0.7,hsp_solvents_2,
Cyanogen,460-19-5,,,15.1,11.8,0.0,,,,nitrile,Organonitrogen compounds,Organic cyanides,cyanogen,Cyanogen,,,0.7,hsp_solvents_2,
Cyanogen Bromide,506-68-3,,,18.3,15.2,0.0,,,,nitrile,,,cyanogen bromide,Cyanogen Bromide,,,0.7,hsp_solvents_2,
Cyanogen Chloride,506-77-4,,,15.6,14.5,0.0,,,,nitrile,Organonitrogen compounds,Organic cyanides,cyanogen chloride,Cyanogen Chloride,,,0.7,hsp_solvents_2,
Cyclobutanone,1191-95-3,,,18.3,11.4,5.2,,,,ketone,Organooxygen compounds,Carbonyl compounds,cyclobutanone,Cyclobutanone,,,0.7,hsp_solvents_2,
Cyclodecanone,1502-06-3,,,16.8,8.0,4.1,,,,ketone,Organooxygen compounds,Carbonyl compounds,cyclodecanone,Cyclodecanone,,,0.7,hsp_solvents_2,
Cyclododecane,294-62-2,,,16.4,0.0,0.0,,,,hydrocarbon,,,cyclododecane,Cyclododecane,,,0.7,hsp_solvents_2,
Cycloheptane,291-64-5,,,17.1,1.4,1.9,,,,hydrocarbon,Saturated hydrocarbons,Cycloalkanes,cycloheptane,Cycloheptane,,,0.7,hsp_solvents_2,
Cycloheptanone,502-42-1,,,17.2,10.6,4.8,,,,ketone,Organooxygen compounds,Carbonyl compounds,cycloheptanone,Cycloheptanone,,,0.7,hsp_solvents_2,
Cyclohexane,110-82-7,,,16.8,0.0,0.2,,,,hydrocarbon,Saturated hydrocarbons,Cycloalkanes,cyclohexane,Cyclohexane,,,0.7,hsp_solvents_2,
"Cyclohexane-1,2-Dicarboxylic Acid Di-Isononyl Ether",,,,16.4,2.2,5.0,,,,ether,,,"cyclohexane-1,2-dicarboxylic acid di-isononyl ether","Cyclohexane-1,2-Dicarboxylic Acid Di-Isononyl Ether",,,0.7,hsp_solvents_2,
Cyclohexanol,108-93-0,,,17.4,4.1,13.5,,,,alcohol,Organooxygen compounds,Alcohols and polyols,cyclohexanol,Cyclohexanol,,,0.7,hsp_solvents_2,
Cyclohexanone,108-94-1,,,17.8,8.4,5.1,,,,ketone,Organooxygen compounds,Carbonyl compounds,cyclohexanone,Cyclohexanone,,,0.7,hsp_solvents_2,
Cyclohexene,110-83-8,,,17.2,1.0,2.0,,,,hydrocarbon,Unsaturated hydrocarbons,Olefins,cyclohexene,Cyclohexene,,,0.7,hsp_solvents_2,
Cycloheximide,66-81-9,,,18.3,11.0,13.8,,,,other,Pyridines and derivatives,Hydropyridines,cycloheximide,Cycloheximide,,,0.7,hsp_solvents_2,
Cyclohexyl Benzene,827-52-1,,,18.7,0.0,1.0,,,,aromatic,Benzene and substituted derivatives,,cyclohexyl benzene,Cyclohexyl Benzene,,,0.7,hsp_solvents_2,
Cyclohexylamine,108-91-8,,,17.2,3.1,6.5,,,,amine,,,cyclohexylamine,Cyclohexylamine,,,0.7,hsp_solvents_2,
Cyclohexylchloride,542-18-7,,,17.3,5.5,2.0,,,,halogenated,Alkyl halides,Cyclohexyl halides,cyclohexylchloride,Cyclohexylchloride,,,0.7,hsp_solvents_2,
Cyclooctanone,502-49-8,,,17.0,9.6,4.5,,,,ketone,,,cyclooctanone,Cyclooctanone,,,0.7,hsp_solvents_2,
Cyclopentadiene,542-92-7,,,17.0,1.9,2.0,,,,hydrocarbon,,,cyclopentadiene,Cyclopentadiene,,,0.7,hsp_solvents_2,
Cyclopentane,287-92-3,,,16.4,0.0,1.8,,,,hydrocarbon,,,cyclopentane,Cyclopentane,,,0.7,hsp_solvents_2,
Cyclopentanone,120-92-3,,,17.9,11.9,5.2,,,,ketone,Organooxygen compounds,Carbonyl compounds,cyclopentanone,Cyclopentanone,,,0.7,hsp_solvents_2,
Cyclopentene,142-29-0,,,16.7,3.8,1.7,,,,hydrocarbon,Unsaturated hydrocarbons,Olefins,cyclopentene,Cyclopentene,,,0.7,hsp_solvents_2,
Cyclopentyl Methyl Ether (Cpme),5614-37-9,,,16.7,4.3,4.3,,,,ether,,,cyclopentyl methyl ether (cpme),Cyclopentyl Methyl Ether (Cpme),,,0.7,hsp_solvents_2,
Cyclopropane,75-19-4,,,17.3,0.0,0.0,,,,hydrocarbon,,,cyclopropane,Cyclopropane,,,0.7,hsp_solvents_2,
Cyclopropene,2781-85-3,,,17.2,2.4,2.0,,,,hydrocarbon,Unsaturated hydrocarbons,Olefins,cyclopropene,Cyclopropene,,,0.7,hsp_solvents_2,
Cyclopropylmethylketone,765-43-5,,,17.0,11.1,4.6,,,,ketone,,,cyclopropylmethylketone,Cyclopropylmethylketone,,,0.7,hsp_solvents_2,
Cyclopropylnitrile,5500-21-0,,,18.6,16.2,5.7,,,,nitrile,Organonitrogen compounds,Organic cyanides,cyclopropylnitrile,Cyclopropylnitrile,,,0.7,hsp_solvents_2,
d-Camphor,464-49-3,,,17.8,10.3,5.2,,,,terpene,,,d-camphor,d-Camphor,,,0.7,hsp_solvents_2,
d-Limonene,5989-27-5,,,17.2,1.8,4.3,,,,terpene,Prenol lipids,Monoterpenoids,d-limonene,d-Limonene,,,0.7,hsp_solvents_2,
DDT,50-29-3,,,20.0,5.5,3.1,,,,halogenated,Benzene and substituted derivatives,Diphenylmethanes,ddt,DDT,,,0.7,hsp_solvents_2,
Decamethylcyclopentasiloxane,541-02-6,,,12.9,1.3,1.0,,,,inorganic,Organometalloid compounds,Organosilicon compounds,decamethylcyclopentasiloxane,Decamethylcyclopentasiloxane,,,0.7,hsp_solvents_2,
Decane,124-18-5,,,15.7,0.0,0.0,,,,hydrocarbon,Saturated hydrocarbons,Alkanes,decane,Decane,,,0.7,hsp_solvents_2,
Di Butyl Fumarate,105-75-9,,,16.7,3.0,6.7,,,,ester,Fatty Acyls,Fatty acid esters,di butyl fumarate,Di Butyl Fumarate,,,0.7,hsp_solvents_2,
Di p-Tolyl Sulfoxide,1774-35-2,,,20.3,11.4,3.1,,,,sulfoxide,,,di p-tolyl sulfoxide,Di p-Tolyl Sulfoxide,,,0.7,hsp_solvents_2,
Di-(2-Chloro-Isopropyl) Ether,108-60-1,,,19.0,8.2,5.1,,,,ether,Organooxygen compounds,Ethers,di-(2-chloro-isopropyl) ether,Di-(2-Chloro-Isopropyl) Ether,,,0.7,hsp_solvents_2,
Di-(2-Chloroethoxy) Methane,111-91-1,,,17.1,10.2,7.1,,,,halogenated,Organooxygen compounds,Ethers,di-(2-chloroethoxy) methane,Di-(2-Chloroethoxy) Methane,,,0.7,hsp_solvents_2,
Di-(2-Chloroethyl) Ether,111-44-4,,,18.8,9.0,5.7,,,,ether,Organooxygen compounds,Ethers,di-(2-chloroethyl) ether,Di-(2-Chloroethyl) Ether,,,0.7,hsp_solvents_2,
Di-(2-Ethyl Hexyl) Sebacate,122-62-3,,,16.2,5.0,9.0,,,,ester,Fatty Acyls,Fatty alcohol esters,di-(2-ethyl hexyl) sebacate,Di-(2-Ethyl Hexyl) Sebacate,,,0.7,hsp_solvents_2,
Di-(2-Ethylhexyl)Azelate,103-24-2,,,16.2,4.7,8.4,,,,ester,Fatty Acyls,Fatty acid esters,di-(2-ethylhexyl)azelate,Di-(2-Ethylhexyl)Azelate,,,0.7,hsp_solvents_2,
Di-(2-Methoxyethyl) Ether,111-96-6,,,15.7,6.1,6.5,,,,ether,Organooxygen compounds,Ethers,di-(2-methoxyethyl) ether,Di-(2-Methoxyethyl) Ether,,,0.7,hsp_solvents_2,
Di-2-Ethylhexyl Amine,106-20-7,,,15.6,0.8,3.2,,,,amine,Organonitrogen compounds,Amines,di-2-ethylhexyl amine,Di-2-Ethylhexyl Amine,,,0.7,hsp_solvents_2,
Di-2-Ethylhexyl Ether,10143-60-9,,,15.9,2.6,2.5,,,,ether,Organooxygen compounds,Ethers,di-2-ethylhexyl ether,Di-2-Ethylhexyl Ether,,,0.7,hsp_solvents_2,
Di-Isobutyl Carbinol,108-82-7,,,14.9,3.1,10.8,,,,alcohol,Organooxygen compounds,Alcohols and polyols,di-isobutyl carbinol,Di-Isobutyl Carbinol,,,0.7,hsp_solvents_2,
Di-Isobutyl Ketone,108-83-8,,,16.0,3.7,4.1,,,,ketone,,,di-isobutyl ketone,Di-Isobutyl Ketone,,,0.7,hsp_solvents_2,
Di-Isobutyl Sulfoxide,3085-40-3,,,16.3,10.5,6.1,,,,sulfoxide,Sulfoxides,,di-isobutyl sulfoxide,Di-Isobutyl Sulfoxide,,,0.7,hsp_solvents_2,
Di-Isodecyl Phthalate,26761-40-0,,,16.6,6.2,2.6,,,,ester,Benzene and substituted derivatives,Benzoic acids and derivatives,di-isodecyl phthalate,Di-Isodecyl Phthalate,,,0.7,hsp_solvents_2,
Di-Isoheptyl Phthalate,71888-89-6,,,16.8,7.2,3.4,,,,ester,,,di-isoheptyl phthalate,Di-Isoheptyl Phthalate,,,0.7,hsp_solvents_2,
Di-Isononyl Adipate,33703-08-1,,,16.7,1.8,4.9,,,,ester,,,di-isononyl adipate,Di-Isononyl Adipate,,,0.7,hsp_solvents_2,
Di-Isononyl Phthalate,28553-12-0,,,16.6,6.6,2.9,,,,ester,Benzene and substituted derivatives,Benzoic acids and derivatives,di-isononyl phthalate,Di-Isononyl Phthalate,,,0.7,hsp_solvents_2,
Di-Isopropyl Methyl Phosphonate,1445-75-6,,,16.4,10.0,5.7,,,,inorganic,Organic phosphonic acids and derivatives,Phosphonic acid diesters,di-isopropyl methyl phosphonate,Di-Isopropyl Methyl Phosphonate,,,0.7,hsp_solvents_2,
Di-Isopropyl Phosphonofluoridate,55-91-4,,,15.7,10.2,5.9,,,,halogenated,Organic phosphoric acids and derivatives,Phosphate esters,di-isopropyl phosphonofluoridate,Di-Isopropyl Phosphonofluoridate,,,0.7,hsp_solvents_2,
Di-Isopropyl Sulfoxide,2211-89-4,,,17.0,11.5,7.4,,,,sulfoxide,,,di-isopropyl sulfoxide,Di-Isopropyl Sulfoxide,,,0.7,hsp_solvents_2,
Di-n-Butyl Ether,142-96-1,,,15.2,3.4,3.2,,,,ether,,,di-n-butyl ether,Di-n-Butyl Ether,,,0.7,hsp_solvents_2,
Di-n-Butyl Sulfoxide,2168-93-6,,,16.4,10.5,6.1,,,,sulfoxide,Sulfoxides,,di-n-butyl sulfoxide,Di-n-Butyl Sulfoxide,,,0.7,hsp_solvents_2,
Di-n-Pentyl Ether,693-65-2,,,15.6,3.1,3.0,,,,ether,,,di-n-pentyl ether,Di-n-Pentyl Ether,,,0.7,hsp_solvents_2,
Di-n-Propyl Ether,111-43-3,,,15.1,3.2,3.2,,,,ether,,,di-n-propyl ether,Di-n-Propyl Ether,,,0.7,hsp_solvents_2,
Di-n-Propyl Sulfoxide,4253-91-2,,,17.0,13.0,7.4,,,,sulfoxide,Sulfoxides,,di-n-propyl sulfoxide,Di-n-Propyl Sulfoxide,,,0.7,hsp_solvents_2,
Di-sec-Butyl Ether,6863-58-7,,,15.2,3.5,3.3,,,,ether,Organooxygen compounds,Ethers,di-sec-butyl ether,Di-sec-Butyl Ether,,,0.7,hsp_solvents_2,
Diacetone Alcohol,123-42-2,,,15.8,8.2,10.8,,,,alcohol,Organooxygen compounds,Carbonyl compounds,diacetone alcohol,Diacetone Alcohol,,,0.7,hsp_solvents_2,
Diallyl Amine,124-02-7,,,15.6,4.5,6.7,,,,amine,Organonitrogen compounds,Amines,diallyl amine,Diallyl Amine,,,0.7,hsp_solvents_2,
Diallyl Ether,557-40-4,,,15.3,4.4,5.3,,,,ether,,,diallyl ether,Diallyl Ether,,,0.7,hsp_solvents_2,
Diazomethane,334-88-3,,,14.7,6.1,11.3,,,,other,"Propargyl-type 1,3-dipolar organic compounds",Diazo compounds,diazomethane,Diazomethane,,,0.7,hsp_solvents_2,
Dibasic Esters (DBE),95481-62- 2,,,16.2,6.5,8.4,,,,ester,,,dibasic esters (dbe),Dibasic Esters (DBE),,,0.7,hsp_solvents_2,
Dibenzyl Ether,103-50-4,,,19.6,3.4,5.2,,,,ether,Benzene and substituted derivatives,Benzylethers,dibenzyl ether,Dibenzyl Ether,,,0.7,hsp_solvents_2,
Dibenzyl Sebacate,140-24-9,,,17.8,2.2,5.5,,,,ester,Benzene and substituted derivatives,Benzyloxycarbonyls,dibenzyl sebacate,Dibenzyl Sebacate,,,0.7,hsp_solvents_2,
Dibromomethane (Methylene Dibromide),74-95-3,,,19.0,6.4,7.0,,,,halogenated,Alkyl halides,Halomethanes,dibromomethane (methylene dibromide),Dibromomethane (Methylene Dibromide),,,0.7,hsp_solvents_2,
Dibutyl Amine,111-92-2,,,15.0,3.0,4.3,,,,amine,Organonitrogen compounds,Amines,dibutyl amine,Dibutyl Amine,,,0.7,hsp_solvents_2,
Dibutyl Ketone,502-56-7,,,16.0,7.7,4.4,,,,ketone,Organooxygen compounds,Carbonyl compounds,dibutyl ketone,Dibutyl Ketone,,,0.7,hsp_solvents_2,
Dibutyl Maleate,105-76-0,,,16.5,6.1,7.2,,,,ester,Fatty Acyls,Fatty acid esters,dibutyl maleate,Dibutyl Maleate,,,0.7,hsp_solvents_2,
Dibutyl Phthalate,84-74-2,,,17.8,8.6,4.1,,,,ester,Benzene and substituted derivatives,Benzoic acids and derivatives,dibutyl phthalate,Dibutyl Phthalate,,,0.7,hsp_solvents_2,
Dibutyl Sebacate,109-43-3,,,16.7,4.5,4.1,,,,ester,Fatty Acyls,Fatty acid esters,dibutyl sebacate,Dibutyl Sebacate,,,0.7,hsp_solvents_2,
Dichloroacetaldehyde,79-02-7,,,16.7,9.1,7.5,,,,halogenated,Organochlorides,,dichloroacetaldehyde,Dichloroacetaldehyde,,,0.7,hsp_solvents_2,
Dichloroacetic Acid,79-43-6,,,18.2,8.1,12.2,,,,acid,Carboxylic acids and derivatives,Alpha-halocarboxylic acids and derivatives,dichloroacetic acid,Dichloroacetic Acid,,,0.7,hsp_solvents_2,
Dichloroacetonitrile,3018-12-0,,,17.4,9.4,6.4,,,,nitrile,Organonitrogen compounds,Organic cyanides,dichloroacetonitrile,Dichloroacetonitrile,MeCN; ACN,,0.7,hsp_solvents_2,
Dichlorodifluoromethane (Freon 12),75-71-8,,,14.9,2.0,0.0,,,,halogenated,Alkyl halides,Alkyl chlorides,dichlorodifluoromethane (freon 12),Dichlorodifluoromethane (Freon 12),,,0.7,hsp_solvents_2,
Dichloroethylene (Trans),156-60-5,,,16.7,7.8,3.3,,,,halogenated,Vinyl halides,Vinyl chlorides,dichloroethylene (trans),Dichloroethylene (Trans),,,0.7,hsp_solvents_2,
Dichloromethyl Methyl Ether,4885-02-03 00:00:00,,,17.1,12.9,6.5,,,,ether,,,dichloromethyl methyl ether,Dichloromethyl Methyl Ether,,,0.7,hsp_solvents_2,
Dichloromonofluoromethane (Freon21),75-43-4,,,15.8,3.1,5.7,,,,halogenated,Alkyl halides,Halomethanes,dichloromonofluoromethane (freon21),Dichloromonofluoromethane (Freon21),,,0.7,hsp_solvents_2,
Diethanolamine,111-42-2,,,17.2,7.0,19.0,,,,alcohol,Organonitrogen compounds,Amines,diethanolamine,Diethanolamine,,,0.7,hsp_solvents_2,
Diethyl Adipate,141-28-6,,,16.4,6.2,7.5,,,,ester,,,diethyl adipate,Diethyl Adipate,,,0.7,hsp_solvents_2,
Diethyl Amine,109-89-7,,,14.9,2.3,6.1,,,,amine,Organonitrogen compounds,Amines,diethyl amine,Diethyl Amine,,,0.7,hsp_solvents_2,
Diethyl Carbonate,105-58-8,,,15.1,6.3,3.5,,,,ester,Organic carbonic acids and derivatives,Carbonic acid diesters,diethyl carbonate,Diethyl Carbonate,DEC,,0.7,hsp_solvents_2,
Diethyl Ether,60-29-7,,,14.5,2.9,4.6,,,,ether,Organooxygen compounds,Ethers,diethyl ether,Diethyl Ether,Et2O; DEE,,0.7,hsp_solvents_2,
Diethyl Glutarate,818-38-2,,,16.3,7.0,7.8,,,,ester,Fatty Acyls,Fatty acid esters,diethyl glutarate,Diethyl Glutarate,,,0.7,hsp_solvents_2,
Diethyl Ketone,96-22-0,,,15.8,7.6,4.7,,,,ketone,,,diethyl ketone,Diethyl Ketone,,,0.7,hsp_solvents_2,
Diethyl Malonate,105-53-3,,,16.1,7.7,8.3,,,,ester,Carboxylic acids and derivatives,Dicarboxylic acids and derivatives,diethyl malonate,Diethyl Malonate,,,0.7,hsp_solvents_2,
Diethyl Oxalate,95-92-1,,,16.2,8.0,8.8,,,,ester,,,diethyl oxalate,Diethyl Oxalate,,,0.7,hsp_solvents_2,
Diethyl Phthalate,84-66-2,,,17.6,9.6,4.5,,,,ester,Benzene and substituted derivatives,Benzoic acids and derivatives,diethyl phthalate,Diethyl Phthalate,,,0.7,hsp_solvents_2,
Diethyl Succinate,123-25-1,,,16.2,6.8,8.7,,,,ester,Fatty Acyls,Fatty acid esters,diethyl succinate,Diethyl Succinate,,,0.7,hsp_solvents_2,
Diethyl Sulfate,64-67-5,,,15.7,12.7,5.1,,,,sulfur compound,,,diethyl sulfate,Diethyl Sulfate,,,0.7,hsp_solvents_2,
Diethyl Sulfide,352-93-2,,,16.8,3.1,2.0,,,,sulfur compound,,,diethyl sulfide,Diethyl Sulfide,,,0.7,hsp_solvents_2,
Diethyldisulfide,110-81-6,,,17.0,6.7,5.7,,,,sulfur compound,Organic disulfides,Dialkyldisulfides,diethyldisulfide,Diethyldisulfide,,,0.7,hsp_solvents_2,
Diethylene Glycol,111-46-6,,,16.6,12.0,19.0,,,,glycol,,,diethylene glycol,Diethylene Glycol,DEG,,0.7,hsp_solvents_2,
Diethylene Glycol Butyl Ether Acetate,124-17-4,,,16.0,4.1,8.2,,,,ester,Carboxylic acids and derivatives,Carboxylic acid derivatives,diethylene glycol butyl ether acetate,Diethylene Glycol Butyl Ether Acetate,,,0.7,hsp_solvents_2,
Diethylene Glycol Dibutyl Ether,112-73-2,,,15.8,4.7,4.4,,,,ether,Organooxygen compounds,Ethers,diethylene glycol dibutyl ether,Diethylene Glycol Dibutyl Ether,,,0.7,hsp_solvents_2,
Diethylene Glycol Diethyl Ether,112-36-7,,,15.8,5.9,5.6,,,,ether,,,diethylene glycol diethyl ether,Diethylene Glycol Diethyl Ether,,,0.7,hsp_solvents_2,
Diethylene Glycol Divinyl Ether,764-99-8,,,16.0,7.3,7.9,,,,ether,Organooxygen compounds,Ethers,diethylene glycol divinyl ether,Diethylene Glycol Divinyl Ether,,,0.7,hsp_solvents_2,
Diethylene Glycol Hexyl Ether,112-59-4,,,16.0,6.0,10.0,,,,ether,,,diethylene glycol hexyl ether,Diethylene Glycol Hexyl Ether,,,0.7,hsp_solvents_2,
Diethylene Glycol Methyl t-Butyl Ether,52788-79-1,,,16.0,7.2,7.2,,,,ether,Organooxygen compounds,Ethers,diethylene glycol methyl t-butyl ether,Diethylene Glycol Methyl t-Butyl Ether,,,0.7,hsp_solvents_2,
Diethylene Glycol Monobutyl Ether,112-34-5,,,16.0,7.0,10.6,,,,glycol ether,Organooxygen compounds,Ethers,diethylene glycol monobutyl ether,Diethylene Glycol Monobutyl Ether,,,0.7,hsp_solvents_2,
Diethylene Glycol Monoethyl Ether,111-90-0,,,16.1,9.2,12.2,,,,glycol ether,Organooxygen compounds,Ethers,diethylene glycol monoethyl ether,Diethylene Glycol Monoethyl Ether,,,0.7,hsp_solvents_2,
Diethylene Glycol Monoethyl Ether Acetate,112-15-2,,,16.2,5.1,9.2,,,,glycol ether,Carboxylic acids and derivatives,Carboxylic acid derivatives,diethylene glycol monoethyl ether acetate,Diethylene Glycol Monoethyl Ether Acetate,,,0.7,hsp_solvents_2,
Diethylene Glycol Monomethyl Ether,111-77-3,,,16.2,7.8,12.6,,,,glycol ether,Organooxygen compounds,Ethers,diethylene glycol monomethyl ether,Diethylene Glycol Monomethyl Ether,,,0.7,hsp_solvents_2,
Diethylene Glycol Monopropyl Ether,6881-94-3,,,16.0,7.2,11.3,,,,glycol ether,Organooxygen compounds,Ethers,diethylene glycol monopropyl ether,Diethylene Glycol Monopropyl Ether,,,0.7,hsp_solvents_2,
Diethylenetriamine,111-40-0,,,16.7,7.1,14.3,,,,amine,Organonitrogen compounds,Amines,diethylenetriamine,Diethylenetriamine,,,0.7,hsp_solvents_2,
Diethylhexyl Phthalate (Dioctyl Phthalate),117-81-7,,,16.6,7.0,3.1,,,,ester,Benzene and substituted derivatives,Benzoic acids and derivatives,diethylhexyl phthalate (dioctyl phthalate),Diethylhexyl Phthalate (Dioctyl Phthalate),,,0.7,hsp_solvents_2,
Dihexyl Ether,112-58-3,,,16.0,3.0,2.8,,,,ether,Organooxygen compounds,Ethers,dihexyl ether,Dihexyl Ether,,,0.7,hsp_solvents_2,
Dihexyl Phthalate,84-75-3,,,17.0,7.6,3.6,,,,ester,Benzene and substituted derivatives,Benzoic acids and derivatives,dihexyl phthalate,Dihexyl Phthalate,,,0.7,hsp_solvents_2,
Dihydrogen Disulfide,13465-07-1,,,17.3,6.3,10.7,,,,sulfur compound,Other non-metal organides,Other non-metal sulfides,dihydrogen disulfide,Dihydrogen Disulfide,,,0.7,hsp_solvents_2,
Dihydropyran,110-87-2,,,17.5,5.5,5.7,,,,ether,Oxacyclic compounds,,dihydropyran,Dihydropyran,,,0.7,hsp_solvents_2,
Diisobutyl Adipate,141-04-8,,,16.7,2.5,6.2,,,,ester,Fatty Acyls,Fatty acid esters,diisobutyl adipate,Diisobutyl Adipate,,,0.7,hsp_solvents_2,
Diisopropylamine,108-18-9,,,14.8,1.7,3.5,,,,amine,,,diisopropylamine,Diisopropylamine,,,0.7,hsp_solvents_2,
Diketene,674-82-8,,,16.2,14.5,7.8,,,,ketone,Lactones,Beta propiolactones,diketene,Diketene,,,0.7,hsp_solvents_2,
Dimethoxymethane,109-87-5,,,15.0,1.8,8.6,,,,ether,Organooxygen compounds,Ethers,dimethoxymethane,Dimethoxymethane,DMM,,0.7,hsp_solvents_2,
Dimethyl 2-Methylglutarate,14035-94-0,,,16.6,8.7,5.0,,,,ester,Fatty Acyls,Fatty acid esters,dimethyl 2-methylglutarate,Dimethyl 2-Methylglutarate,,,0.7,hsp_solvents_2,
Dimethyl Acetylene,503-17-3,,,15.1,3.4,7.6,,,,hydrocarbon,Unsaturated hydrocarbons,Acetylenes,dimethyl acetylene,Dimethyl Acetylene,,,0.7,hsp_solvents_2,
Dimethyl Adipate,627-93-0,,,16.3,6.8,8.5,,,,ester,,,dimethyl adipate,Dimethyl Adipate,,,0.7,hsp_solvents_2,
Dimethyl Amine,124-40-3,,,15.3,4.8,11.2,,,,amine,,,dimethyl amine,Dimethyl Amine,,,0.7,hsp_solvents_2,
Dimethyl Carbonate,616-38-6,,,15.5,8.6,9.7,,,,ester,,,dimethyl carbonate,Dimethyl Carbonate,DMC,,0.7,hsp_solvents_2,
Dimethyl Cellosolve,110-71-4,,,15.4,6.0,6.0,,,,glycol ether,Organooxygen compounds,Ethers,dimethyl cellosolve,Dimethyl Cellosolve,,,0.7,hsp_solvents_2,
Dimethyl Disulfide,624-92-0,,,17.6,7.8,6.5,,,,sulfur compound,Organic disulfides,Dialkyldisulfides,dimethyl disulfide,Dimethyl Disulfide,,,0.7,hsp_solvents_2,
Dimethyl Ethanolamine,108-01-0,,,16.1,9.2,14.0,,,,alcohol,,,dimethyl ethanolamine,Dimethyl Ethanolamine,,,0.7,hsp_solvents_2,
Dimethyl Ether,115-10-6,,,15.2,6.1,5.7,,,,ether,Organooxygen compounds,Ethers,dimethyl ether,Dimethyl Ether,,,0.7,hsp_solvents_2,
Dimethyl Formamide (DMF),68-12-2,,,17.4,13.7,11.3,,,,amide,Carboxylic acids and derivatives,Carboxylic acid derivatives,dimethyl formamide (dmf),Dimethyl Formamide (DMF),,,0.7,hsp_solvents_2,
Dimethyl Glutarate,1119-40-0,,,16.1,7.7,8.3,,,,ester,,,dimethyl glutarate,Dimethyl Glutarate,,,0.7,hsp_solvents_2,
Dimethyl Isosorbide,5306-85-4,,,17.6,7.1,7.5,,,,ether,,,dimethyl isosorbide,Dimethyl Isosorbide,,,0.7,hsp_solvents_2,
Dimethyl Ketene,598-26-5,,,15.2,7.4,4.8,,,,ketone,Organooxygen compounds,Ketenes,dimethyl ketene,Dimethyl Ketene,,,0.7,hsp_solvents_2,
Dimethyl Maleate,624-48-6,,,16.3,8.3,9.8,,,,ester,,,dimethyl maleate,Dimethyl Maleate,,,0.7,hsp_solvents_2,
Dimethyl Methyl Phosphonate,756-79-6,,,16.7,13.1,7.5,,,,inorganic,,,dimethyl methyl phosphonate,Dimethyl Methyl Phosphonate,,,0.7,hsp_solvents_2,
Dimethyl Phthalate,131-11-3,,,18.6,10.8,4.9,,,,ester,,,dimethyl phthalate,Dimethyl Phthalate,,,0.7,hsp_solvents_2,
Dimethyl Sebacate,106-79-6,,,16.6,2.9,6.7,,,,ester,Fatty Acyls,Fatty acid esters,dimethyl sebacate,Dimethyl Sebacate,,,0.7,hsp_solvents_2,
Dimethyl Succinate,106-65-0,,,16.1,7.7,8.8,,,,ester,,,dimethyl succinate,Dimethyl Succinate,,,0.7,hsp_solvents_2,
Dimethyl Sulfate,77-78-1,,,16.5,13.0,7.0,,,,sulfur compound,Organic sulfuric acids and derivatives,Sulfuric acid esters,dimethyl sulfate,Dimethyl Sulfate,DMS,,0.7,hsp_solvents_2,
Dimethyl Sulfide,75-18-3,,,16.1,6.4,7.4,,,,sulfur compound,Thioethers,Dialkylthioethers,dimethyl sulfide,Dimethyl Sulfide,,,0.7,hsp_solvents_2,
Dimethyl Sulfone,67-71-0,,,19.0,19.4,12.3,,,,sulfoxide,Sulfonyls,Sulfones,dimethyl sulfone,Dimethyl Sulfone,,,0.7,hsp_solvents_2,
Dimethyl Sulfoxide (DMSO),67-68-5,,,18.4,16.4,10.2,,,,sulfoxide,,,dimethyl sulfoxide (dmso),Dimethyl Sulfoxide (DMSO),DMSO,,0.7,hsp_solvents_2,
Dioctyl Adipate,123-79-5,,,16.7,2.0,5.1,,,,ester,Fatty Acyls,Fatty alcohol esters,dioctyl adipate,Dioctyl Adipate,,,0.7,hsp_solvents_2,
Dipentene (Dl-Limonene),138-86-3,,,17.2,1.8,4.3,,,,terpene,Prenol lipids,Monoterpenoids,dipentene (dl-limonene),Dipentene (Dl-Limonene),,,0.7,hsp_solvents_2,
Diphenyl Acetylene (0 Dipole Moment),501-65-5,,,18.0,2.0,3.2,,,,aromatic,Benzene and substituted derivatives,,diphenyl acetylene (0 dipole moment),Diphenyl Acetylene (0 Dipole Moment),,,0.7,hsp_solvents_2,
Diphenyl Acetylene (P By Group Cont.),501-65-5,,,18.0,2.0,3.2,,,,aromatic,Benzene and substituted derivatives,,diphenyl acetylene (p by group cont.),Diphenyl Acetylene (P By Group Cont.),,,0.7,hsp_solvents_2,
Diphenyl Ether,101-84-8,,,19.4,3.4,4.0,,,,ether,Benzene and substituted derivatives,Diphenylethers,diphenyl ether,Diphenyl Ether,,,0.7,hsp_solvents_2,
Diphenyl Sulfone,127-63-9,,,21.1,14.4,3.4,,,,sulfoxide,Benzene and substituted derivatives,Benzenesulfonyl compounds,diphenyl sulfone,Diphenyl Sulfone,,,0.7,hsp_solvents_2,
Diphenylamine,122-39-4,,,20.0,3.3,5.9,,,,amine,Benzene and substituted derivatives,Aniline and substituted anilines,diphenylamine,Diphenylamine,,,0.7,hsp_solvents_2,
Diphenylmethane,101-81-5,,,19.5,1.0,1.0,,,,aromatic,,,diphenylmethane,Diphenylmethane,,,0.7,hsp_solvents_2,
Dipropyl Amine,142-84-7,,,15.3,1.4,4.1,,,,amine,,,dipropyl amine,Dipropyl Amine,,,0.7,hsp_solvents_2,
Dipropyl Ketone,123-19-3,,,15.8,7.6,4.9,,,,ketone,Organooxygen compounds,Carbonyl compounds,dipropyl ketone,Dipropyl Ketone,,,0.7,hsp_solvents_2,
Dipropylene Glycol,2396-61-4,,,16.5,10.6,17.7,,,,glycol,Organooxygen compounds,Ethers,dipropylene glycol,Dipropylene Glycol,,,0.7,hsp_solvents_2,
Dipropylene Glycol Methyl Ether,112-28-7,,,15.5,5.7,11.2,,,,ether,Organooxygen compounds,Ethers,dipropylene glycol methyl ether,Dipropylene Glycol Methyl Ether,,,0.7,hsp_solvents_2,
Dipropylene Glycol Mono n-Butyl Ether,29911-28-2,,,15.7,6.5,10.0,,,,glycol ether,,,dipropylene glycol mono n-butyl ether,Dipropylene Glycol Mono n-Butyl Ether,,,0.7,hsp_solvents_2,
Dipropylene Glycol Mono n-Propyl Ether,29911-27-1,,,15.6,6.1,11.0,,,,glycol ether,Organooxygen compounds,Alcohols and polyols,dipropylene glycol mono n-propyl ether,Dipropylene Glycol Mono n-Propyl Ether,,,0.7,hsp_solvents_2,
Dipropylene Glycol Monomethyl Ether Acetate,88917-22-0,,,16.3,4.9,8.0,,,,glycol ether,,,dipropylene glycol monomethyl ether acetate,Dipropylene Glycol Monomethyl Ether Acetate,,,0.7,hsp_solvents_2,
Ditridecyl Phthalate,119-06-2,,,16.6,5.4,1.9,,,,ester,Benzene and substituted derivatives,Benzoic acids and derivatives,ditridecyl phthalate,Ditridecyl Phthalate,,,0.7,hsp_solvents_2,
Divinylsulfide,627-51-0,,,16.5,4.6,5.6,,,,sulfur compound,,,divinylsulfide,Divinylsulfide,,,0.7,hsp_solvents_2,
Dodecane,112-40-3,,,16.0,0.0,0.0,,,,hydrocarbon,Saturated hydrocarbons,Alkanes,dodecane,Dodecane,,,0.7,hsp_solvents_2,
Dodecanol,112-53-8,,,16.0,4.0,9.3,,,,alcohol,Fatty Acyls,Fatty alcohols,dodecanol,Dodecanol,,,0.7,hsp_solvents_2,
Dopamine,51-61-6,,,18.2,10.3,19.5,,,,amine,Phenols,Benzenediols,dopamine,Dopamine,,,0.7,hsp_solvents_2,
Ecstasy,42542-10-9,,,18.0,5.1,6.1,,,,other,Benzodioxoles,,ecstasy,Ecstasy,,,0.7,hsp_solvents_2,
Eicosane,112-95-8,,,16.5,0.0,0.0,,,,hydrocarbon,,,eicosane,Eicosane,,,0.7,hsp_solvents_2,
Epichlorohydrin,106-89-8,,,17.5,7.6,7.6,,,,ether,Epoxides,,epichlorohydrin,Epichlorohydrin,,,0.7,hsp_solvents_2,
Epsilon-Caprolactam,105-60-2,,,19.4,13.8,3.9,,,,amide,Lactams,Caprolactams,epsilon-caprolactam,Epsilon-Caprolactam,,,0.7,hsp_solvents_2,
Ethane,74-84-0,,,15.5,0.0,0.0,,,,hydrocarbon,Saturated hydrocarbons,Alkanes,ethane,Ethane,,,0.7,hsp_solvents_2,
Ethane (Liq. B.P.),74-84-0,,,15.6,0.0,0.0,,,,hydrocarbon,Saturated hydrocarbons,Alkanes,ethane (liq. b.p.),Ethane (Liq. B.P.),,,0.7,hsp_solvents_2,
Ethanesulfonylchloride,594-44-5,,,17.7,14.9,6.8,,,,halogenated,Sulfonyl halides,Sulfonyl chlorides,ethanesulfonylchloride,Ethanesulfonylchloride,,,0.7,hsp_solvents_2,
Ethanethiol (Ethyl Mercaptan),75-08-1,,,15.7,6.5,7.1,,,,sulfur compound,Thiols,Alkylthiols,ethanethiol (ethyl mercaptan),Ethanethiol (Ethyl Mercaptan),,,0.7,hsp_solvents_2,
Ethanol,64-17-5,,,15.8,8.8,19.4,,,,alcohol,Organooxygen compounds,Alcohols and polyols,ethanol,Ethanol,EtOH,,0.7,hsp_solvents_2,
Ethanolamine,141-43-5,,,17.0,15.5,21.0,,,,alcohol,,,ethanolamine,Ethanolamine,,,0.7,hsp_solvents_2,
Ethoxyethyl Propionate,14272-48-1,,,16.2,3.3,8.8,,,,ester,Carboxylic acids and derivatives,Carboxylic acids,ethoxyethyl propionate,Ethoxyethyl Propionate,,,0.7,hsp_solvents_2,
Ethyl Acetate,141-78-6,,,15.8,5.3,7.2,,,,ester,Carboxylic acids and derivatives,Carboxylic acid derivatives,ethyl acetate,Ethyl Acetate,EtOAc; EA,,0.7,hsp_solvents_2,
Ethyl Aceto Acetate (Keto),141-97-9,,,16.5,7.3,8.3,,,,ester,Keto acids and derivatives,Beta-keto acids and derivatives,ethyl aceto acetate (keto),Ethyl Aceto Acetate (Keto),,,0.7,hsp_solvents_2,
Ethyl Acetylene,107-00-6,,,15.1,3.4,5.0,,,,hydrocarbon,,,ethyl acetylene,Ethyl Acetylene,,,0.7,hsp_solvents_2,
Ethyl Acrylate,140-88-5,,,15.5,7.1,5.5,,,,ester,Carboxylic acids and derivatives,Acrylic acids and derivatives,ethyl acrylate,Ethyl Acrylate,,,0.7,hsp_solvents_2,
Ethyl Amine,75-04-7,,,15.0,5.6,10.7,,,,amine,Organonitrogen compounds,Amines,ethyl amine,Ethyl Amine,,,0.7,hsp_solvents_2,
Ethyl Amyl Ketone,106-68-3,,,16.2,4.5,4.1,,,,ketone,,,ethyl amyl ketone,Ethyl Amyl Ketone,,,0.7,hsp_solvents_2,
Ethyl Benzene,100-41-4,,,17.8,0.6,1.4,,,,aromatic,Benzene and substituted derivatives,,ethyl benzene,Ethyl Benzene,,,0.7,hsp_solvents_2,
Ethyl Benzoate,93-89-0,,,17.9,6.2,6.0,,,,ester,Benzene and substituted derivatives,Benzoic acids and derivatives,ethyl benzoate,Ethyl Benzoate,,,0.7,hsp_solvents_2,
Ethyl Bromide,74-96-4,,,16.5,8.4,2.3,,,,halogenated,Organobromides,,ethyl bromide,Ethyl Bromide,,,0.7,hsp_solvents_2,
Ethyl Butyl Ether,628-81-9,,,14.5,3.9,4.7,,,,ether,Organooxygen compounds,Ethers,ethyl butyl ether,Ethyl Butyl Ether,,,0.7,hsp_solvents_2,
Ethyl Butyl Ketone,106-35-4,,,16.2,5.0,4.1,,,,ketone,,,ethyl butyl ketone,Ethyl Butyl Ketone,,,0.7,hsp_solvents_2,
Ethyl Butyrate,105-54-4,,,15.5,5.6,5.0,,,,ester,,,ethyl butyrate,Ethyl Butyrate,,,0.7,hsp_solvents_2,
Ethyl Capronate,123-66-0,,,15.5,3.2,5.9,,,,ester,Fatty Acyls,Fatty acid esters,ethyl capronate,Ethyl Capronate,,,0.7,hsp_solvents_2,
Ethyl Carbamate,51-79-6,,,16.8,10.1,13.0,,,,amide,Carboximidic acids and derivatives,,ethyl carbamate,Ethyl Carbamate,,,0.7,hsp_solvents_2,
Ethyl Carbylamine,624-79-3,,,15.6,15.2,5.8,,,,amine,,,ethyl carbylamine,Ethyl Carbylamine,,,0.7,hsp_solvents_2,
Ethyl Chloride,75-00-3,,,15.7,6.1,2.9,,,,halogenated,Organochlorides,,ethyl chloride,Ethyl Chloride,,,0.7,hsp_solvents_2,
Ethyl Chloroformate,541-41-3,,,16.4,11.0,8.0,,,,ester,Organic carbonic acids and derivatives,,ethyl chloroformate,Ethyl Chloroformate,,,0.7,hsp_solvents_2,
Ethyl Cinnamate,103-36-6,,,18.4,8.2,4.1,,,,ester,,,ethyl cinnamate,Ethyl Cinnamate,,,0.7,hsp_solvents_2,
Ethyl Cyanoacetate,105-56-6,,,16.7,7.9,8.3,,,,ester,Carboxylic acids and derivatives,Carboxylic acid derivatives,ethyl cyanoacetate,Ethyl Cyanoacetate,,,0.7,hsp_solvents_2,
Ethyl Cyanoacrylate,7085-85-0,,,15.2,10.3,9.0,,,,ester,,,ethyl cyanoacrylate,Ethyl Cyanoacrylate,,,0.7,hsp_solvents_2,
Ethyl Ethynylether,927-80-0,,,15.4,7.9,5.9,,,,ether,Organooxygen compounds,,ethyl ethynylether,Ethyl Ethynylether,,,0.7,hsp_solvents_2,
Ethyl Fluoride,353-36-6,,,15.2,9.3,3.0,,,,halogenated,Organofluorides,,ethyl fluoride,Ethyl Fluoride,,,0.7,hsp_solvents_2,
Ethyl Formate,109-94-4,,,15.5,8.4,8.4,,,,ester,Carboxylic acids and derivatives,Carboxylic acid derivatives,ethyl formate,Ethyl Formate,,,0.7,hsp_solvents_2,
Ethyl Hypochlorite,624-85-1,,,15.7,8.6,6.5,,,,halogenated,Organic oxoanionic compounds,,ethyl hypochlorite,Ethyl Hypochlorite,,,0.7,hsp_solvents_2,
Ethyl Iodide,75-03-6,,,17.5,7.0,6.0,,,,halogenated,Organoiodides,,ethyl iodide,Ethyl Iodide,,,0.7,hsp_solvents_2,
Ethyl Isocyanate,109-90-0,,,15.4,12.0,2.5,,,,amide,Organonitrogen compounds,Isocyanates,ethyl isocyanate,Ethyl Isocyanate,,,0.7,hsp_solvents_2,
Ethyl Isopropenyl Ether,926-66-9,,,14.8,3.5,5.1,,,,ether,Organooxygen compounds,,ethyl isopropenyl ether,Ethyl Isopropenyl Ether,,,0.7,hsp_solvents_2,
Ethyl Isothiocyanate,542-85-8,,,17.2,14.7,9.0,,,,sulfur compound,Isothiocyanates,,ethyl isothiocyanate,Ethyl Isothiocyanate,,,0.7,hsp_solvents_2,
Ethyl Lactate,97-64-3,,,16.0,7.6,12.5,,,,ester,Carboxylic acids and derivatives,Carboxylic acid derivatives,ethyl lactate,Ethyl Lactate,,,0.7,hsp_solvents_2,
Ethyl Methacrylate,97-63-2,,,15.8,7.2,7.5,,,,ester,Carboxylic acids and derivatives,Carboxylic acid derivatives,ethyl methacrylate,Ethyl Methacrylate,,,0.7,hsp_solvents_2,
Ethyl Methyl Sulfide,624-89-5,,,17.1,4.8,2.5,,,,sulfur compound,Thioethers,Dialkylthioethers,methylsulfanylethane,Ethyl Methyl Sulfide,,,0.7,hsp_solvents_2,
Ethyl Oleate,111-62-6,,,16.2,3.2,4.0,,,,ester,Fatty Acyls,Fatty acid esters,ethyl oleate,Ethyl Oleate,,,0.7,hsp_solvents_2,
Ethyl Propionate,105-37-3,,,15.5,6.1,4.9,,,,ester,Carboxylic acids and derivatives,Carboxylic acid derivatives,ethyl propionate,Ethyl Propionate,,,0.7,hsp_solvents_2,
Ethyl Thiocyanate,542-90-5,,,15.4,13.4,5.4,,,,sulfur compound,Thiocyanates,,ethyl thiocyanate,Ethyl Thiocyanate,,,0.7,hsp_solvents_2,
Ethyl Vinylether,109-92-2,,,14.9,4.9,5.6,,,,ether,Organooxygen compounds,,ethyl vinylether,Ethyl Vinylether,,,0.7,hsp_solvents_2,
Ethyl Vinylketone,1629-58-9,,,15.8,11.3,4.5,,,,ketone,Organooxygen compounds,Carbonyl compounds,ethyl vinylketone,Ethyl Vinylketone,,,0.7,hsp_solvents_2,
Ethyl-1-Propynylether,14273-06-4,,,15.9,6.4,5.4,,,,ether,Organooxygen compounds,,ethyl-1-propynylether,Ethyl-1-Propynylether,,,0.7,hsp_solvents_2,
Ethylene,74-85-1,,,15.0,2.0,3.8,,,,hydrocarbon,Unsaturated hydrocarbons,Unsaturated aliphatic hydrocarbons,ethylene,Ethylene,,,0.7,hsp_solvents_2,
Ethylene Carbonate,96-49-1,,,18.0,21.7,5.1,,,,ester,Organic carbonic acids and derivatives,Carbonic acid diesters,ethylene carbonate,Ethylene Carbonate,EC,,0.7,hsp_solvents_2,
Ethylene Chlorohydrin,107-07-3,,,16.9,8.8,17.2,,,,halogenated,,,ethylene chlorohydrin,Ethylene Chlorohydrin,,,0.7,hsp_solvents_2,
Ethylene Cyanohydrin,109-78-4,,,17.2,18.8,17.6,,,,nitrile,Organonitrogen compounds,Organic cyanides,ethylene cyanohydrin,Ethylene Cyanohydrin,,,0.7,hsp_solvents_2,
Ethylene Dibromide,106-93-4,,,19.2,3.5,8.6,,,,halogenated,Organobromides,,ethylene dibromide,Ethylene Dibromide,,,0.7,hsp_solvents_2,
Ethylene Dichloride,107-06-2,,,18.0,7.4,4.1,,,,halogenated,Organochlorides,,ethylene dichloride,Ethylene Dichloride,,,0.7,hsp_solvents_2,
Ethylene Dinitrate,628-96-6,,,16.2,18.0,6.0,,,,nitro,,,ethylene dinitrate,Ethylene Dinitrate,,,0.7,hsp_solvents_2,
Ethylene Glycol,107-21-1,,,17.0,11.0,26.0,,,,glycol,Organooxygen compounds,Alcohols and polyols,ethylene glycol,Ethylene Glycol,EG,,0.7,hsp_solvents_2,
Ethylene Glycol Butyl Ether Acetate,112-07-2,,,15.3,7.5,6.8,,,,ester,,,ethylene glycol butyl ether acetate,Ethylene Glycol Butyl Ether Acetate,,,0.7,hsp_solvents_2,
Ethylene Glycol Butyl Ethyl Ether,4413-13-2,,,15.3,4.9,4.6,,,,ether,Organooxygen compounds,Ethers,ethylene glycol butyl ethyl ether,Ethylene Glycol Butyl Ethyl Ether,,,0.7,hsp_solvents_2,
Ethylene Glycol Butyl Methyl Ether,13343-98-1,,,15.5,5.2,4.9,,,,ether,Organooxygen compounds,Ethers,ethylene glycol butyl methyl ether,Ethylene Glycol Butyl Methyl Ether,,,0.7,hsp_solvents_2,
Ethylene Glycol Di-t-Butyl Ether,26547-47-7,,,14.7,4.1,8.2,,,,ether,Organooxygen compounds,Ethers,ethylene glycol di-t-butyl ether,Ethylene Glycol Di-t-Butyl Ether,,,0.7,hsp_solvents_2,
Ethylene Glycol Diacetate,111-55-7,,,16.2,4.7,9.8,,,,ester,,,ethylene glycol diacetate,Ethylene Glycol Diacetate,,,0.7,hsp_solvents_2,
Ethylene Glycol Dibutyl Ether,112-48-1,,,15.7,4.5,4.2,,,,ether,,,ethylene glycol dibutyl ether,Ethylene Glycol Dibutyl Ether,,,0.7,hsp_solvents_2,
Ethylene Glycol Diethyl Ether,629-14-1,,,15.4,5.4,5.2,,,,ether,,,ethylene glycol diethyl ether,Ethylene Glycol Diethyl Ether,,,0.7,hsp_solvents_2,
Ethylene Glycol Dimethyl Ether,110-71-4,,,15.4,6.3,6.0,,,,ether,Organooxygen compounds,Ethers,ethylene glycol dimethyl ether,Ethylene Glycol Dimethyl Ether,,,0.7,hsp_solvents_2,
Ethylene Glycol Methyl t-Butyl Ether,66728-50-5,,,15.3,5.1,8.2,,,,ether,Organooxygen compounds,Ethers,ethylene glycol methyl t-butyl ether,Ethylene Glycol Methyl t-Butyl Ether,,,0.7,hsp_solvents_2,
Ethylene Glycol Mono 2-Ethyl Hexyl Ether,1559-35-9,,,16.0,4.1,10.5,,,,ether,Organooxygen compounds,Ethers,ethylene glycol mono 2-ethyl hexyl ether,Ethylene Glycol Mono 2-Ethyl Hexyl Ether,,,0.7,hsp_solvents_2,
Ethylene Glycol Mono Benzyl Ether,622-08-2,,,17.8,5.9,12.2,,,,ether,Benzene and substituted derivatives,Benzylethers,ethylene glycol mono benzyl ether,Ethylene Glycol Mono Benzyl Ether,,,0.7,hsp_solvents_2,
Ethylene Glycol Mono Ethyl Ether Acrylate,106-74-1,,,15.9,5.1,9.3,,,,ester,,,ethylene glycol mono ethyl ether acrylate,Ethylene Glycol Mono Ethyl Ether Acrylate,,,0.7,hsp_solvents_2,
Ethylene Glycol Mono n-Hexyl Ether,112-25-4,,,16.0,5.0,11.4,,,,ether,,,ethylene glycol mono n-hexyl ether,Ethylene Glycol Mono n-Hexyl Ether,,,0.7,hsp_solvents_2,
Ethylene Glycol Mono n-Propyl Ether,2807-30-9,,,16.1,8.7,13.5,,,,ether,Organooxygen compounds,Ethers,ethylene glycol mono n-propyl ether,Ethylene Glycol Mono n-Propyl Ether,,,0.7,hsp_solvents_2,
Ethylene Glycol Mono t-Butyl Ether,7580-85-0,,,15.3,6.1,10.8,,,,ether,Organooxygen compounds,Ethers,ethylene glycol mono t-butyl ether,Ethylene Glycol Mono t-Butyl Ether,,,0.7,hsp_solvents_2,
Ethylene Glycol Monobutyl Ether,111-76-2,,,16.0,5.1,12.3,,,,ether,Organooxygen compounds,Ethers,ethylene glycol monobutyl ether,Ethylene Glycol Monobutyl Ether,,,0.7,hsp_solvents_2,
Ethylene Glycol Monoethyl Ether,110-80-5,,,15.9,7.2,14.0,,,,ether,Organooxygen compounds,Ethers,ethylene glycol monoethyl ether,Ethylene Glycol Monoethyl Ether,,,0.7,hsp_solvents_2,
Ethylene Glycol Monoethyl Ether Acetate,111-15-9,,,15.9,4.7,10.6,,,,ester,,,ethylene glycol monoethyl ether acetate,Ethylene Glycol Monoethyl Ether Acetate,,,0.7,hsp_solvents_2,
Ethylene Glycol Monoisobutyl Ether,4439-24-1,,,15.2,4.9,9.6,,,,ether,Organooxygen compounds,Ethers,ethylene glycol monoisobutyl ether,Ethylene Glycol Monoisobutyl Ether,,,0.7,hsp_solvents_2,
Ethylene Glycol Monoisopropyl Ether,109-59-1,,,16.0,8.2,13.1,,,,ether,,,ethylene glycol monoisopropyl ether,Ethylene Glycol Monoisopropyl Ether,,,0.7,hsp_solvents_2,
Ethylene Glycol Monomethyl Ether,109-86-4,,,16.0,8.2,15.0,,,,ether,,,ethylene glycol monomethyl ether,Ethylene Glycol Monomethyl Ether,,,0.7,hsp_solvents_2,
Ethylene Glycol Monomethyl Ether Acetate,110-49-6,,,15.9,5.5,11.6,,,,ester,Carboxylic acids and derivatives,Carboxylic acid derivatives,ethylene glycol monomethyl ether acetate,Ethylene Glycol Monomethyl Ether Acetate,,,0.7,hsp_solvents_2,
Ethylene Glycol Sulfite,3741-38-6,,,20.0,15.9,5.1,,,,glycol,Organic oxoanionic compounds,Organic sulfites,ethylene glycol sulfite,Ethylene Glycol Sulfite,,,0.7,hsp_solvents_2,
Ethylene Methyl Sulfonate,4672-49-5,,,16.9,9.3,9.6,,,,sulfur compound,Organic sulfonic acids and derivatives,Organosulfonic acids and derivatives,ethylene methyl sulfonate,Ethylene Methyl Sulfonate,,,0.7,hsp_solvents_2,
Ethylene Oxide,75-21-8,,,15.6,10.0,11.0,,,,ether,Epoxides,,ethylene oxide,Ethylene Oxide,,,0.7,hsp_solvents_2,
Ethylene Sulfide,420-12-2,,,19.3,9.0,6.5,,,,sulfur compound,Thiiranes,,ethylene sulfide,Ethylene Sulfide,,,0.7,hsp_solvents_2,
Ethylenediamine,107-15-3,,,16.6,8.8,17.0,,,,amine,Organonitrogen compounds,Amines,ethylenediamine,Ethylenediamine,,,0.7,hsp_solvents_2,
Ethyleneimine,151-56-4,,,17.7,11.0,9.8,,,,amine,Aziridines,,ethyleneimine,Ethyleneimine,,,0.7,hsp_solvents_2,
Ethylidene Acetone,625-33-2,,,16.2,12.1,4.5,,,,ketone,Organooxygen compounds,Carbonyl compounds,ethylidene acetone,Ethylidene Acetone,,,0.7,hsp_solvents_2,
Ethynyl Methyl Ether,6443-91-0,,,15.8,8.1,6.5,,,,ether,,,ethynyl methyl ether,Ethynyl Methyl Ether,,,0.7,hsp_solvents_2,
Ethynyl Propyl Ether,42842-08-0,,,15.4,3.8,5.4,,,,ether,,,ethynyl propyl ether,Ethynyl Propyl Ether,,,0.7,hsp_solvents_2,
Eugenol,97-53-0,,,19.0,7.5,13.0,,,,alcohol,Phenols,Methoxyphenols,eugenol,Eugenol,,,0.7,hsp_solvents_2,
Fenchene(A),471-84-1,,,16.9,1.5,3.1,,,,terpene,Prenol lipids,Monoterpenoids,fenchene(a),Fenchene(A),,,0.7,hsp_solvents_2,
Ferulic Acid,1135-24-6,,,19.0,6.6,15.1,,,,acid,Cinnamic acids and derivatives,Hydroxycinnamic acids and derivatives,ferulic acid,Ferulic Acid,,,0.7,hsp_solvents_2,
Fluorene,86-73-7,,,21.3,1.7,1.7,,,,halogenated,Fluorenes,,fluorene,Fluorene,,,0.7,hsp_solvents_2,
Fluorobenzene,462-06-6,,,18.1,6.1,2.0,,,,halogenated,Benzene and substituted derivatives,Halobenzenes,fluorobenzene,Fluorobenzene,,,0.7,hsp_solvents_2,
Fluoroethylene,75-02-5,,,15.2,7.0,1.0,,,,halogenated,Vinyl halides,Vinyl fluorides,fluoroethylene,Fluoroethylene,,,0.7,hsp_solvents_2,
Fluoromethane,593-53-3,,,13.4,10.6,9.5,,,,halogenated,Alkyl halides,Halomethanes,fluoromethane,Fluoromethane,,,0.7,hsp_solvents_2,
Fluoroprene,381-61-3,,,14.2,5.8,1.0,,,,halogenated,Vinyl halides,Vinyl fluorides,fluoroprene,Fluoroprene,,,0.7,hsp_solvents_2,
Formaldehyde,50-00-0,,,12.8,14.4,15.4,,,,aldehyde,,,formaldehyde,Formaldehyde,,,0.7,hsp_solvents_2,
Formamide,75-12-7,,,17.2,26.2,19.0,,,,amide,,,formamide,Formamide,,,0.7,hsp_solvents_2,
Formic Acid,64-18-6,,,14.6,10.0,14.0,,,,acid,Carboxylic acids and derivatives,Carboxylic acids,formic acid,Formic Acid,FA,,0.7,hsp_solvents_2,
Formyl Fluoride,1493-02-3,,,15.0,10.1,8.6,,,,halogenated,,,formyl fluoride,Formyl Fluoride,,,0.7,hsp_solvents_2,
Fumaronitrile,764-42-1,,,16.7,13.6,7.8,,,,nitrile,,,fumaronitrile,Fumaronitrile,,,0.7,hsp_solvents_2,
Furan,110-00-9,,,17.0,1.8,5.3,,,,ether,,,furan,Furan,,,0.7,hsp_solvents_2,
Furfural,98-01-1,,,18.6,14.9,5.1,,,,heterocyclic,,,furfural,Furfural,,,0.7,hsp_solvents_2,
Furfuryl Alcohol,98-00-0,,,17.4,7.6,15.1,,,,alcohol,Heteroaromatic compounds,,furfuryl alcohol,Furfuryl Alcohol,,,0.7,hsp_solvents_2,
Glycerol,56-81-5,,,17.4,11.3,27.2,,,,alcohol,Organooxygen compounds,Carbohydrates and carbohydrate conjugates,glycerol,Glycerol,,,0.7,hsp_solvents_2,
Glycerol Carbonate,931-40-8,,,17.9,25.5,17.4,,,,alcohol,Organic carbonic acids and derivatives,Carbonic acid diesters,glycerol carbonate,Glycerol Carbonate,,,0.7,hsp_solvents_2,
Glycerol Carbonate Acetate,1607-31-4,,,17.1,14.7,9.2,,,,alcohol,Organic carbonic acids and derivatives,Carbonic acid diesters,glycerol carbonate acetate,Glycerol Carbonate Acetate,,,0.7,hsp_solvents_2,
Glycerol Carbonate Ethyl Ether,307949-19-5,,,16.8,18.5,8.7,,,,alcohol,,,glycerol carbonate ethyl ether,Glycerol Carbonate Ethyl Ether,,,0.7,hsp_solvents_2,
Glycerol Diacetate,,,,16.4,8.9,14.2,,,,alcohol,,,glycerol diacetate,Glycerol Diacetate,,,0.7,hsp_solvents_2,
Glycerol Formal,4740-78-7 5464-28-8,,,18.4,10.6,16.5,,,,alcohol,,,glycerol formal,Glycerol Formal,,,0.7,hsp_solvents_2,
Glycerol Triacetate,102-76-1,,,16.5,4.5,9.1,,,,alcohol,,,glycerol triacetate,Glycerol Triacetate,,,0.7,hsp_solvents_2,
Glycerol Tributyrate,60-01-5,,,16.3,2.5,7.0,,,,alcohol,Glycerolipids,Triradylcglycerols,glycerol tributyrate,Glycerol Tributyrate,,,0.7,hsp_solvents_2,
Glycerol Trioleate,122-32-7,,,16.0,3.8,3.2,,,,alcohol,Glycerolipids,Triradylcglycerols,glycerol trioleate,Glycerol Trioleate,,,0.7,hsp_solvents_2,
Glycidol,556-52-5,,,18.2,9.0,17.9,,,,ether,Epoxides,,glycidol,Glycidol,,,0.7,hsp_solvents_2,
Glycidyl Methacrylate,106-91-2,,,16.3,8.5,5.7,,,,ester,Carboxylic acids and derivatives,Carboxylic acid derivatives,glycidyl methacrylate,Glycidyl Methacrylate,,,0.7,hsp_solvents_2,
Glyoxal (Ethandial),107-22-2,,,15.0,17.0,13.3,,,,ketone,Organooxygen compounds,Carbonyl compounds,glyoxal (ethandial),Glyoxal (Ethandial),,,0.7,hsp_solvents_2,
HCFC 134a,811-97-2,,,16.1,4.0,0.0,,,,fluorinated,Organofluorides,,hcfc 134a,HCFC 134a,,,0.7,hsp_solvents_2,
HCFC 141b,1717-00-6,,,15.7,4.0,1.0,,,,fluorinated,Organofluorides,,hcfc 141b,HCFC 141b,,,0.7,hsp_solvents_2,
HCFC 225ca,422-56-0,,,14.9,3.5,1.0,,,,fluorinated,Organofluorides,,hcfc 225ca,HCFC 225ca,,,0.7,hsp_solvents_2,
HCFC 225cb,507-55-1,,,13.1,2.9,1.0,,,,fluorinated,Organofluorides,,hcfc 225cb,HCFC 225cb,,,0.7,hsp_solvents_2,
HCFC 253eb,460-35-5,,,14.6,7.3,1.0,,,,fluorinated,Organofluorides,,hcfc 253eb,HCFC 253eb,,,0.7,hsp_solvents_2,
HCFC-225ca:cb (45:55),,,,14.1,3.2,1.0,,,,fluorinated,,,hcfc-225ca:cb (45:55),HCFC-225ca:cb (45:55),,,0.7,hsp_solvents_2,
HCFC123,306-83-2,,,15.0,5.4,1.0,,,,fluorinated,Organofluorides,,hcfc123,HCFC123,,,0.7,hsp_solvents_2,
Heptane,142-82-5,,,15.3,0.0,0.0,,,,hydrocarbon,Saturated hydrocarbons,Alkanes,heptane,Heptane,,,0.7,hsp_solvents_2,
Hexachloroacetone,116-16-5,,,18.3,3.0,3.0,,,,ketone,Organooxygen compounds,Carbonyl compounds,hexachloroacetone,Hexachloroacetone,,,0.7,hsp_solvents_2,
Hexachlorobenzene,118-74-1,,,20.3,2.1,0.0,,,,halogenated,Benzene and substituted derivatives,Halobenzenes,hexachlorobenzene,Hexachlorobenzene,,,0.7,hsp_solvents_2,
Hexachloroethane,67-72-1,,,18.6,2.0,0.0,,,,halogenated,Organochlorides,,hexachloroethane,Hexachloroethane,,,0.7,hsp_solvents_2,
Hexadecane,544-76-3,,,16.3,0.0,0.0,,,,hydrocarbon,Saturated hydrocarbons,Alkanes,hexadecane,Hexadecane,,,0.7,hsp_solvents_2,
Hexafluoro Isopropanol,920-66-1,,,17.2,4.5,14.7,,,,alcohol,Halohydrins,Fluorohydrins,hexafluoro isopropanol,Hexafluoro Isopropanol,IPA,,0.7,hsp_solvents_2,
"Hexafluoro-1,3-Butadiene",685-63-2,,,13.8,0.0,0.0,,,,fluorinated,Vinyl halides,Vinyl fluorides,"hexafluoro-1,3-butadiene","Hexafluoro-1,3-Butadiene",,,0.7,hsp_solvents_2,
Hexafluorobenzene,392-56-3,,,16.0,0.0,0.0,,,,fluorinated,Benzene and substituted derivatives,Halobenzenes,hexafluorobenzene,Hexafluorobenzene,,,0.7,hsp_solvents_2,
Hexafluorohexanol,,,,15.1,4.4,9.9,,,,alcohol,,,hexafluorohexanol,Hexafluorohexanol,,,0.7,hsp_solvents_2,
Hexamethyl Benzene,87-85-4,,,19.2,1.6,0.0,,,,aromatic,,,hexamethyl benzene,Hexamethyl Benzene,,,0.7,hsp_solvents_2,
Hexamethylenetetramine,100-97-0,,,19.4,7.0,16.0,,,,amine,,,hexamethylenetetramine,Hexamethylenetetramine,,,0.7,hsp_solvents_2,
Hexamethylphosphoramide,680-31-9,,,18.5,11.6,8.7,,,,inorganic,Organic phosphoric acids and derivatives,Organic phosphoramides,hexamethylphosphoramide,Hexamethylphosphoramide,HMPA,,0.7,hsp_solvents_2,
Hexanal,66-25-1,,,15.8,8.4,5.3,,,,aldehyde,Organooxygen compounds,Carbonyl compounds,hexanal,Hexanal,,,0.7,hsp_solvents_2,
Hexane,110-54-3,,,14.9,0.0,0.0,,,,hydrocarbon,,,hexane,Hexane,,,0.7,hsp_solvents_2,
"Hexane 1,6 Diol",629-11-8,,,15.7,8.4,17.8,,,,alcohol,Fatty Acyls,Fatty alcohols,"hexane 1,6 diol","Hexane 1,6 Diol",,,0.7,hsp_solvents_2,
Hexanoic Acid,142-62-1,,,16.3,4.2,11.5,,,,acid,,,hexanoic acid,Hexanoic Acid,,,0.7,hsp_solvents_2,
Hexyl Acetate,142-92-7,,,15.8,2.9,5.9,,,,ester,,,hexyl acetate,Hexyl Acetate,,,0.7,hsp_solvents_2,
Hexylene Glycol Diacetate,6222-17-9,,,15.3,4.5,7.2,,,,ester,Carboxylic acids and derivatives,Dicarboxylic acids and derivatives,hexylene glycol diacetate,Hexylene Glycol Diacetate,,,0.7,hsp_solvents_2,
HFC 245fa,460-73-1,,,15.4,3.0,0.0,,,,fluorinated,Organofluorides,,hfc 245fa,HFC 245fa,,,0.7,hsp_solvents_2,
HFC 338pcc,377-36-6,,,13.7,0.0,0.0,,,,fluorinated,,,hfc 338pcc,HFC 338pcc,,,0.7,hsp_solvents_2,
HFC-365mfc,406-58-6,,,16.4,0.0,0.0,,,,fluorinated,Organofluorides,,hfc-365mfc,HFC-365mfc,,,0.7,hsp_solvents_2,
HFC-43-10mee,138495-42-8,,,11.6,0.0,0.0,,,,fluorinated,Organofluorides,,hfc-43-10mee,HFC-43-10mee,,,0.7,hsp_solvents_2,
HFE 7000,375-03-1,,,13.0,4.2,1.0,,,,fluorinated,,,hfe 7000,HFE 7000,,,0.7,hsp_solvents_2,
HFE 7100,163702-07-6,,,13.7,2.2,1.0,,,,fluorinated,Organooxygen compounds,Ethers,hfe 7100,HFE 7100,,,0.7,hsp_solvents_2,
HFE 7500,297730-93-9,,,13.3,2.0,1.0,,,,fluorinated,Organooxygen compounds,Ethers,hfe 7500,HFE 7500,,,0.7,hsp_solvents_2,
HFE 8200,,,,13.0,4.0,1.0,,,,fluorinated,,,hfe 8200,HFE 8200,,,0.7,hsp_solvents_2,
Hydrazine,302-01-2,,,14.2,8.3,8.9,,,,amine,Homogeneous other non-metal compounds,,hydrazine,Hydrazine,,,0.7,hsp_solvents_2,
Hydrogen Cyanide,74-90-8,,,12.3,17.6,9.0,,,,nitrile,,,hydrogen cyanide,Hydrogen Cyanide,,,0.7,hsp_solvents_2,
Hydrogen Peroxide,7722-84-1,,,15.5,12.2,42.7,,,,inorganic,,,hydrogen peroxide,Hydrogen Peroxide,,,0.7,hsp_solvents_2,
Hydrogen Sulfide,7783-06-04 00:00:00,,,17.9,6.0,10.2,,,,sulfur compound,,,hydrogen sulfide,Hydrogen Sulfide,,,0.7,hsp_solvents_2,
Hydroxyethyl Acrylate,818-61-1,,,16.0,13.2,13.4,,,,ester,Carboxylic acids and derivatives,Acrylic acids and derivatives,hydroxyethyl acrylate,Hydroxyethyl Acrylate,,,0.7,hsp_solvents_2,
Indene,95-13-6,,,18.7,2.6,9.0,,,,aromatic,Indenes and isoindenes,,indene,Indene,,,0.7,hsp_solvents_2,
Indole,120-72-9,,,20.5,7.5,6.5,,,,heterocyclic,Indoles and derivatives,Indoles,indole,Indole,,,0.7,hsp_solvents_2,
Iodobenzene,591-50-4,,,19.9,5.6,6.1,,,,halogenated,Benzene and substituted derivatives,Halobenzenes,iodobenzene,Iodobenzene,,,0.7,hsp_solvents_2,
Iodoform,75-47-8,,,20.2,3.6,10.6,,,,halogenated,Alkyl halides,Halomethanes,iodoform,Iodoform,,,0.7,hsp_solvents_2,
Iodoprene,19221-28-4,,,17.2,2.5,6.2,,,,halogenated,,,iodoprene,Iodoprene,,,0.7,hsp_solvents_2,
Isoamyl Acetate,123-92-2,,,15.3,3.1,7.0,,,,ester,Carboxylic acids and derivatives,Carboxylic acid derivatives,isoamyl acetate,Isoamyl Acetate,,,0.7,hsp_solvents_2,
Isoamyl Alcohol (3-Methyl-1-Butanol),123-51-3,,,15.8,5.2,13.3,,,,alcohol,,,isoamyl alcohol (3-methyl-1-butanol),Isoamyl Alcohol (3-Methyl-1-Butanol),,,0.7,hsp_solvents_2,
Isoamyl Propionate,105-68-0,,,15.7,5.2,5.6,,,,ester,Carboxylic acids and derivatives,Carboxylic acid derivatives,isoamyl propionate,Isoamyl Propionate,,,0.7,hsp_solvents_2,
Isobutyl Acetate,110-19-0,,,15.1,3.7,6.3,,,,ester,Carboxylic acids and derivatives,Carboxylic acid derivatives,isobutyl acetate,Isobutyl Acetate,,,0.7,hsp_solvents_2,
Isobutyl Acrylate,106-63-8,,,15.5,6.2,5.0,,,,ester,Carboxylic acids and derivatives,Acrylic acids and derivatives,isobutyl acrylate,Isobutyl Acrylate,,,0.7,hsp_solvents_2,
Isobutyl Alcohol,78-83-1,,,15.1,5.7,15.9,,,,alcohol,Organooxygen compounds,Alcohols and polyols,isobutyl alcohol,Isobutyl Alcohol,,,0.7,hsp_solvents_2,
Isobutyl Formate,542-55-2,,,15.5,6.5,6.7,,,,ester,Carboxylic acids and derivatives,Carboxylic acid derivatives,isobutyl formate,Isobutyl Formate,,,0.7,hsp_solvents_2,
Isobutyl Isobutyrate,97-85-8,,,15.1,2.8,5.8,,,,ester,Carboxylic acids and derivatives,Carboxylic acid derivatives,isobutyl isobutyrate,Isobutyl Isobutyrate,,,0.7,hsp_solvents_2,
Isobutyl Sulfoxide,3085-40-3,,,16.3,10.5,6.1,,,,sulfoxide,Sulfoxides,,isobutyl sulfoxide,Isobutyl Sulfoxide,,,0.7,hsp_solvents_2,
Isobutylene,115-11-7,,,14.5,2.0,1.5,,,,hydrocarbon,Unsaturated hydrocarbons,Branched unsaturated hydrocarbons,isobutylene,Isobutylene,,,0.7,hsp_solvents_2,
Isobutyleneoxide,558-30-5,,,16.1,4.8,5.8,,,,ether,,,isobutyleneoxide,Isobutyleneoxide,,,0.7,hsp_solvents_2,
Isobutyric Acid,79-31-2,,,15.7,5.4,10.5,,,,acid,Carboxylic acids and derivatives,Carboxylic acids,isobutyric acid,Isobutyric Acid,,,0.7,hsp_solvents_2,
Isocyanic Acid,75-13-8,,,15.8,10.5,13.6,,,,acid,Organooxygen compounds,,isocyanic acid,Isocyanic Acid,,,0.7,hsp_solvents_2,
Isooctyl Alcohol,26952-21-6,,,14.4,7.3,12.9,,,,alcohol,Fatty Acyls,Fatty alcohols,isooctyl alcohol,Isooctyl Alcohol,,,0.7,hsp_solvents_2,
Isopentane,78-78-4,,,13.8,0.0,0.0,,,,hydrocarbon,Saturated hydrocarbons,Alkanes,isopentane,Isopentane,,,0.7,hsp_solvents_2,
Isophorone,78-59-1,,,17.0,8.0,5.0,,,,ketone,Organooxygen compounds,Carbonyl compounds,isophorone,Isophorone,,,0.7,hsp_solvents_2,
"Isoprene (2-Methyl-1,3-Butadiene)",78-79-5,,,14.7,1.4,4.1,,,,hydrocarbon,Unsaturated hydrocarbons,Branched unsaturated hydrocarbons,"isoprene (2-methyl-1,3-butadiene)","Isoprene (2-Methyl-1,3-Butadiene)",,,0.7,hsp_solvents_2,
Isopropyl Acetate,108-21-4,,,14.9,4.5,8.2,,,,ester,Carboxylic acids and derivatives,Carboxylic acid derivatives,isopropyl acetate,Isopropyl Acetate,iPrOAc,,0.7,hsp_solvents_2,
Isopropyl Amine (2-Propan Amine),75-31-0,,,14.8,4.4,6.6,,,,amine,Organonitrogen compounds,Amines,isopropyl amine (2-propan amine),Isopropyl Amine (2-Propan Amine),,,0.7,hsp_solvents_2,
Isopropyl Benzene (Cumene),98-82-8,,,18.1,1.2,1.2,,,,aromatic,Benzene and substituted derivatives,Cumenes,isopropyl benzene (cumene),Isopropyl Benzene (Cumene),,,0.7,hsp_solvents_2,
Isopropyl Chloride (2-Chloro Propane),75-29-6,,,15.0,8.0,2.0,,,,halogenated,Organochlorides,,isopropyl chloride (2-chloro propane),Isopropyl Chloride (2-Chloro Propane),,,0.7,hsp_solvents_2,
Isopropyl Ether,108-20-3,,,15.1,3.2,3.2,,,,ether,,,isopropyl ether,Isopropyl Ether,,,0.7,hsp_solvents_2,
Isopropyl Palmitate,142-91-6,,,16.2,3.9,3.7,,,,ester,,,isopropyl palmitate,Isopropyl Palmitate,,,0.7,hsp_solvents_2,
Isovaleraldehyde,590-86-3,,,14.7,9.5,5.0,,,,aldehyde,Organooxygen compounds,Carbonyl compounds,isovaleraldehyde,Isovaleraldehyde,,,0.7,hsp_solvents_2,
Isovaleric Acid,503-74-2,,,16.4,4.1,10.7,,,,acid,Fatty Acyls,Fatty acids and conjugates,isovaleric acid,Isovaleric Acid,,,0.7,hsp_solvents_2,
Isoxazole,288-14-2,,,18.8,13.4,11.2,,,,heterocyclic,,,isoxazole,Isoxazole,,,0.7,hsp_solvents_2,
Ketene,463-51-4,,,15.4,7.3,5.8,,,,ketone,Organooxygen compounds,Ketenes,ketene,Ketene,,,0.7,hsp_solvents_2,
l-Dopa,59-92-7,,,18.0,8.2,20.3,,,,other,Carboxylic acids and derivatives,"Amino acids, peptides, and analogues",l-dopa,l-Dopa,,,0.7,hsp_solvents_2,
l-Menthol,2216-51-5,,,16.0,4.7,9.0,,,,alcohol,,,l-menthol,l-Menthol,,,0.7,hsp_solvents_2,
l-Menthone,10458-14-7,,,17.0,8.1,4.4,,,,terpene,,,l-menthone,l-Menthone,,,0.7,hsp_solvents_2,
l-Menthyl Acetate,2623-23-6,,,16.8,4.7,4.9,,,,ester,Prenol lipids,Monoterpenoids,l-menthyl acetate,l-Menthyl Acetate,,,0.7,hsp_solvents_2,
l-Tyrosine,60-18-4,,,17.5,6.9,17.2,,,,other,Carboxylic acids and derivatives,"Amino acids, peptides, and analogues",l-tyrosine,l-Tyrosine,,,0.7,hsp_solvents_2,
Lactic Acid (dl),50-21-5,,,17.0,8.3,28.4,,,,acid,Hydroxy acids and derivatives,Alpha hydroxy acids and derivatives,lactic acid (dl),Lactic Acid (dl),,,0.7,hsp_solvents_2,
Lauryl Methacrylate,142-90-5,,,14.4,2.2,5.1,,,,ester,Fatty Acyls,Fatty alcohol esters,lauryl methacrylate,Lauryl Methacrylate,,,0.7,hsp_solvents_2,
m-Chloroaniline,108-42-9,,,20.2,7.3,9.8,,,,amine,Benzene and substituted derivatives,Aniline and substituted anilines,m-chloroaniline,m-Chloroaniline,,,0.7,hsp_solvents_2,
m-Cresol,108-39-4,,,18.5,6.5,13.7,,,,alcohol,Phenols,Cresols,m-cresol,m-Cresol,,,0.7,hsp_solvents_2,
m-Dichlorobenzene,541-73-1,,,19.2,5.1,2.7,,,,halogenated,Benzene and substituted derivatives,Halobenzenes,m-dichlorobenzene,m-Dichlorobenzene,,,0.7,hsp_solvents_2,
Maleic Anhydride,108-31-6,,,19.5,13.3,11.9,,,,ester,Dihydrofurans,Furanones,maleic anhydride,Maleic Anhydride,,,0.7,hsp_solvents_2,
Malononitrile,109-77-3,,,17.0,18.4,6.7,,,,nitrile,,,malononitrile,Malononitrile,,,0.7,hsp_solvents_2,
Meclofenoxate,51-68-3,,,16.0,6.2,9.0,,,,other,Benzene and substituted derivatives,Phenoxyacetic acid derivatives,meclofenoxate,Meclofenoxate,,,0.7,hsp_solvents_2,
Menthofuran,494-90-6,,,17.2,4.6,5.6,,,,ether,Prenol lipids,Monoterpenoids,menthofuran,Menthofuran,,,0.7,hsp_solvents_2,
Mesityl Oxide,141-79-7,,,16.4,7.2,5.0,,,,ketone,Organooxygen compounds,Carbonyl compounds,mesityl oxide,Mesityl Oxide,,,0.7,hsp_solvents_2,
Mesitylene,108-67-8,,,18.0,0.6,0.6,,,,aromatic,Benzene and substituted derivatives,,mesitylene,Mesitylene,,,0.7,hsp_solvents_2,
Methacrylaldehyde,78-85-3,,,15.0,10.3,7.1,,,,aldehyde,Organooxygen compounds,Carbonyl compounds,methacrylaldehyde,Methacrylaldehyde,,,0.7,hsp_solvents_2,
Methacrylamide,79-39-0,,,15.8,11.0,11.6,,,,amide,Carboxylic acids and derivatives,Carboxylic acid derivatives,methacrylamide,Methacrylamide,,,0.7,hsp_solvents_2,
Methacrylic Acid,79-41-4,,,15.8,2.8,12.0,,,,acid,Carboxylic acids and derivatives,Carboxylic acids,methacrylic acid,Methacrylic Acid,,,0.7,hsp_solvents_2,
Methacrylonitrile,126-98-7,,,15.8,9.5,5.4,,,,nitrile,Organonitrogen compounds,Organic cyanides,methacrylonitrile,Methacrylonitrile,,,0.7,hsp_solvents_2,
Methane (Liquid B.P.),74-82-8,,,14.0,0.0,0.0,,,,hydrocarbon,Saturated hydrocarbons,Alkanes,methane (liquid b.p.),Methane (Liquid B.P.),,,0.7,hsp_solvents_2,
Methanol,67-56-1,,,14.7,12.3,22.3,,,,alcohol,Organooxygen compounds,Alcohols and polyols,methanol,Methanol,MeOH,,0.7,hsp_solvents_2,
Methanol Cluster,67-56-1,,,14.7,5.0,10.0,,,,alcohol,Organooxygen compounds,Alcohols and polyols,methanol cluster,Methanol Cluster,,,0.7,hsp_solvents_2,
Methoxy Methanol,4461-52-3,,,16.0,9.0,18.5,,,,alcohol,Organooxygen compounds,Ethers,methoxy methanol,Methoxy Methanol,,,0.7,hsp_solvents_2,
Methoxyhexanone (Pentoxone),107-70-0,,,15.3,6.0,5.9,,,,ketone,,,methoxyhexanone (pentoxone),Methoxyhexanone (Pentoxone),,,0.7,hsp_solvents_2,
Methyl 1-Propenyl Ether,7319-16-6,,,15.0,4.3,5.7,,,,ether,,,methyl 1-propenyl ether,Methyl 1-Propenyl Ether,,,0.7,hsp_solvents_2,
Methyl Acetate,79-20-9,,,15.5,7.2,7.6,,,,ester,Carboxylic acids and derivatives,Carboxylic acid derivatives,methyl acetate,Methyl Acetate,MeOAc,,0.7,hsp_solvents_2,
Methyl Aceto Acetate,105-45-3,,,16.4,8.6,8.9,,,,ester,Keto acids and derivatives,Beta-keto acids and derivatives,methyl aceto acetate,Methyl Aceto Acetate,,,0.7,hsp_solvents_2,
Methyl Acetylene,74-99-7,,,15.1,3.8,9.2,,,,hydrocarbon,,,methyl acetylene,Methyl Acetylene,,,0.7,hsp_solvents_2,
Methyl Acrylate,96-33-3,,,15.3,6.7,9.4,,,,ester,Carboxylic acids and derivatives,Acrylic acids and derivatives,methyl acrylate,Methyl Acrylate,,,0.7,hsp_solvents_2,
Methyl Allyl Cyanide,16529-56-9,,,16.4,11.3,5.1,,,,nitrile,,,methyl allyl cyanide,Methyl Allyl Cyanide,,,0.7,hsp_solvents_2,
Methyl Amine,74-89-5,,,14.4,7.0,16.0,,,,amine,,,methyl amine,Methyl Amine,,,0.7,hsp_solvents_2,
Methyl Amyl Acetate,108-84-9,,,15.2,3.1,6.8,,,,ester,Carboxylic acids and derivatives,Carboxylic acid derivatives,methyl amyl acetate,Methyl Amyl Acetate,,,0.7,hsp_solvents_2,
Methyl Benzoate,93-58-3,,,18.9,8.2,4.7,,,,ester,,,methyl benzoate,Methyl Benzoate,,,0.7,hsp_solvents_2,
Methyl Bromide,74-83-9,,,17.0,8.8,2.6,,,,halogenated,Alkyl halides,Halomethanes,methyl bromide,Methyl Bromide,,,0.7,hsp_solvents_2,
Methyl Butyl Ketone,591-78-6,,,15.3,6.1,4.1,,,,ketone,Organooxygen compounds,Carbonyl compounds,methyl butyl ketone,Methyl Butyl Ketone,,,0.7,hsp_solvents_2,
Methyl Chloride,74-87-3,,,15.3,9.9,3.9,,,,halogenated,Alkyl halides,Halomethanes,methyl chloride,Methyl Chloride,,,0.7,hsp_solvents_2,
Methyl Chloroformate,79-22-1,,,16.3,9.5,8.5,,,,ester,Organic carbonic acids and derivatives,,methyl chloroformate,Methyl Chloroformate,,,0.7,hsp_solvents_2,
Methyl Cyanoacetate,105-34-0,,,16.9,14.9,9.9,,,,ester,,,methyl cyanoacetate,Methyl Cyanoacetate,,,0.7,hsp_solvents_2,
Methyl Cyclohexane,108-87-2,,,16.0,0.0,1.0,,,,hydrocarbon,,,methyl cyclohexane,Methyl Cyclohexane,,,0.7,hsp_solvents_2,
Methyl Cyclopentane,96-37-7,,,16.0,0.0,1.0,,,,hydrocarbon,Saturated hydrocarbons,Cycloalkanes,methyl cyclopentane,Methyl Cyclopentane,,,0.7,hsp_solvents_2,
Methyl Ethyl Ether,540-67-0,,,14.0,4.7,6.0,,,,ether,Organooxygen compounds,Ethers,methyl ethyl ether,Methyl Ethyl Ether,,,0.7,hsp_solvents_2,
Methyl Ethyl Ketone (MEK),78-93-3,,,16.0,9.0,5.1,,,,ketone,Organooxygen compounds,Carbonyl compounds,methyl ethyl ketone (mek),Methyl Ethyl Ketone (MEK),MEK,,0.7,hsp_solvents_2,
Methyl Ethyl Ketoxime,96-29-7,,,14.7,4.9,7.8,,,,amine,,,methyl ethyl ketoxime,Methyl Ethyl Ketoxime,,,0.7,hsp_solvents_2,
Methyl Formate,107-31-3,,,15.3,8.4,10.2,,,,ester,Carboxylic acids and derivatives,Carboxylic acid derivatives,methyl formate,Methyl Formate,,,0.7,hsp_solvents_2,
Methyl Furoate,611-13-2,,,17.4,6.9,9.7,,,,ester,Furans,Furoic acid and derivatives,methyl furoate,Methyl Furoate,,,0.7,hsp_solvents_2,
Methyl Glyoxal,78-98-8,,,15.5,16.1,9.7,,,,ketone,Organooxygen compounds,Carbonyl compounds,methyl glyoxal,Methyl Glyoxal,,,0.7,hsp_solvents_2,
Methyl Hydrazine,60-34-4,,,16.2,8.7,14.8,,,,amine,Organonitrogen compounds,Hydrazines and derivatives,methyl hydrazine,Methyl Hydrazine,,,0.7,hsp_solvents_2,
Methyl Hydroperoxide,3031-73-0,,,15.0,15.0,30.0,,,,other,,,methyl hydroperoxide,Methyl Hydroperoxide,,,0.7,hsp_solvents_2,
Methyl Iodide,74-88-4,,,17.5,7.7,5.3,,,,halogenated,Alkyl halides,Halomethanes,methyl iodide,Methyl Iodide,,,0.7,hsp_solvents_2,
Methyl Isoamyl Ketone,110-12-3,,,16.0,5.7,4.1,,,,ketone,,,methyl isoamyl ketone,Methyl Isoamyl Ketone,,,0.7,hsp_solvents_2,
Methyl Isobutyl Carbinol,108-11-2,,,15.4,3.3,12.3,,,,alcohol,Organooxygen compounds,Alcohols and polyols,methyl isobutyl carbinol,Methyl Isobutyl Carbinol,,,0.7,hsp_solvents_2,
Methyl Isobutyl Ketone (MIBK),108-10-1,,,15.3,6.1,4.1,,,,ketone,Organooxygen compounds,Carbonyl compounds,methyl isobutyl ketone (mibk),Methyl Isobutyl Ketone (MIBK),MIBK,,0.7,hsp_solvents_2,
Methyl Isocyanate,624-83-9,,,15.6,11.5,2.5,,,,amide,Organonitrogen compounds,Isocyanates,methyl isocyanate,Methyl Isocyanate,,,0.7,hsp_solvents_2,
Methyl Isopropenyl Ketone,814-78-8,,,15.9,12.1,4.5,,,,ketone,Organooxygen compounds,Carbonyl compounds,methyl isopropenyl ketone,Methyl Isopropenyl Ketone,,,0.7,hsp_solvents_2,
Methyl Isothiocyanate,556-61-6,,,17.3,16.2,10.1,,,,sulfur compound,Isothiocyanates,,methyl isothiocyanate,Methyl Isothiocyanate,,,0.7,hsp_solvents_2,
Methyl Mercaptan,74-93-1,,,16.6,7.7,8.6,,,,sulfur compound,Thiols,Alkylthiols,methyl mercaptan,Methyl Mercaptan,,,0.7,hsp_solvents_2,
Methyl Methacrylate,80-62-6,,,15.8,6.5,5.4,,,,ester,Carboxylic acids and derivatives,Carboxylic acid derivatives,methyl methacrylate,Methyl Methacrylate,,,0.7,hsp_solvents_2,
Methyl n-Amyl Ketone,110-43-0,,,16.2,5.7,4.1,,,,ketone,,,methyl n-amyl ketone,Methyl n-Amyl Ketone,,,0.7,hsp_solvents_2,
Methyl n-Propyl Ketone,107-87-9,,,16.0,7.6,4.7,,,,ketone,,,methyl n-propyl ketone,Methyl n-Propyl Ketone,,,0.7,hsp_solvents_2,
Methyl Nitrate,598-58-3,,,15.8,14.0,4.8,,,,nitro,Organic oxoanionic compounds,Organic nitrates,methyl nitrate,Methyl Nitrate,,,0.7,hsp_solvents_2,
Methyl Oleate,112-62-9,,,16.2,3.8,4.5,,,,ester,Fatty Acyls,Fatty acid esters,methyl oleate,Methyl Oleate,,,0.7,hsp_solvents_2,
Methyl Phenyl Sulfide,100-68-5,,,19.6,4.8,4.7,,,,aromatic,Thioethers,Aryl thioethers,methyl phenyl sulfide,Methyl Phenyl Sulfide,,,0.7,hsp_solvents_2,
Methyl Phenyl Sulfone (Uncertain),3112-85-4,,,20.0,16.9,7.8,,,,sulfoxide,Benzene and substituted derivatives,Benzenesulfonyl compounds,methyl phenyl sulfone (uncertain),Methyl Phenyl Sulfone (Uncertain),,,0.7,hsp_solvents_2,
Methyl Phosphonic Difluoride,676-99-3,,,14.0,14.0,8.4,,,,inorganic,Organic phosphonic acids and derivatives,,methyl phosphonic difluoride,Methyl Phosphonic Difluoride,,,0.7,hsp_solvents_2,
Methyl Propionate,554-12-1,,,15.5,6.5,7.7,,,,ester,Carboxylic acids and derivatives,Carboxylic acid derivatives,methyl propionate,Methyl Propionate,,,0.7,hsp_solvents_2,
Methyl Riboside,,,,17.0,12.0,32.8,,,,other,,,methyl riboside,Methyl Riboside,,,0.7,hsp_solvents_2,
Methyl Salicylate,119-36-8,,,18.1,8.0,13.9,,,,ester,Benzene and substituted derivatives,Benzoic acids and derivatives,methyl salicylate,Methyl Salicylate,,,0.7,hsp_solvents_2,
Methyl Silane,992-94-9,,,15.5,3.3,0.0,,,,inorganic,,,methyl silane,Methyl Silane,,,0.7,hsp_solvents_2,
Methyl Sulfolane,872-93-5,,,19.0,17.4,5.3,,,,sulfoxide,Thiolanes,,methyl sulfolane,Methyl Sulfolane,,,0.7,hsp_solvents_2,
Methyl Thiocyanate,556-64-9,,,17.3,15.0,6.0,,,,sulfur compound,Thiocyanates,,methyl thiocyanate,Methyl Thiocyanate,,,0.7,hsp_solvents_2,
Methyl Vinyl Ether,107-25-5,,,14.9,5.3,6.3,,,,ether,Organooxygen compounds,,methyl vinyl ether,Methyl Vinyl Ether,,,0.7,hsp_solvents_2,
Methyl Vinyl Ketone,78-94-4,,,15.6,12.5,5.0,,,,ketone,Organooxygen compounds,Carbonyl compounds,methyl vinyl ketone,Methyl Vinyl Ketone,,,0.7,hsp_solvents_2,
Methyl Vinyl Sulfide,1822-74-8,,,16.4,4.9,6.0,,,,sulfur compound,Thioethers,Thioenol ethers,methyl vinyl sulfide,Methyl Vinyl Sulfide,,,0.7,hsp_solvents_2,
Methyl Vinyl Sulfone,3680-02-02 00:00:00,,,16.8,19.6,4.8,,,,sulfoxide,,,methyl vinyl sulfone,Methyl Vinyl Sulfone,,,0.7,hsp_solvents_2,
Methyl-1-Propynyl Ether,13169-01-2,,,15.7,6.3,5.9,,,,ether,Organooxygen compounds,,methyl-1-propynyl ether,Methyl-1-Propynyl Ether,,,0.7,hsp_solvents_2,
Methyl-4-Toluenesulfonate,80-48-8,,,19.6,15.3,3.8,,,,sulfur compound,Benzene and substituted derivatives,Benzenesulfonic acids and derivatives,methyl-4-toluenesulfonate,Methyl-4-Toluenesulfonate,,,0.7,hsp_solvents_2,
Methyl-p-Toluate,99-75-2,,,19.0,6.5,3.8,,,,ester,Benzene and substituted derivatives,Benzoic acids and derivatives,methyl-p-toluate,Methyl-p-Toluate,,,0.7,hsp_solvents_2,
Methyl-t-Butyl Ether,1634-04-4,,,14.8,4.3,5.0,,,,ether,,,methyl-t-butyl ether,Methyl-t-Butyl Ether,,,0.7,hsp_solvents_2,
Methylal (Dimethoxy Methane),109-87-5,,,15.0,1.8,8.6,,,,ether,Organooxygen compounds,Ethers,methylal (dimethoxy methane),Methylal (Dimethoxy Methane),,,0.7,hsp_solvents_2,
Methylene Dichloride (Dichloromethane),75-09-2,,,17.0,7.3,7.1,,,,halogenated,Alkyl halides,Halomethanes,methylene dichloride (dichloromethane),Methylene Dichloride (Dichloromethane),DCM,,0.7,hsp_solvents_2,
Methylene Diiodide (Diiodomethane),75-11-6,,,22.0,3.9,5.5,,,,halogenated,,,methylene diiodide (diiodomethane),Methylene Diiodide (Diiodomethane),,,0.7,hsp_solvents_2,
Morpholine,110-91-8,,,18.0,4.9,11.0,,,,amine,Oxazinanes,Morpholines,morpholine,Morpholine,,,0.7,hsp_solvents_2,
"N,N,N,N-Tetramethylthiourea",2782-91-4,,,17.3,6.0,10.5,,,,amide,Thioureas,,"n,n,n,n-tetramethylthiourea","N,N,N,N-Tetramethylthiourea",,,0.7,hsp_solvents_2,
"N,N-Dibutyl Formamide",761-65-9,,,15.5,8.9,6.2,,,,amide,Carboxylic acids and derivatives,Carboxylic acid derivatives,"n,n-dibutyl formamide","N,N-Dibutyl Formamide",,,0.7,hsp_solvents_2,
"N,N-Dichloroethyl Amine",334-22-5,,,16.8,7.6,7.7,,,,amine,,,"n,n-dichloroethyl amine","N,N-Dichloroethyl Amine",,,0.7,hsp_solvents_2,
"N,N-Dichloromethyl Amine",7651-91-4,,,16.5,7.5,8.0,,,,amine,Organonitrogen compounds,,"n,n-dichloromethyl amine","N,N-Dichloromethyl Amine",,,0.7,hsp_solvents_2,
"N,N-Diethyl Acetamide",685-91-6,,,16.4,11.3,7.5,,,,amide,,,"n,n-diethyl acetamide","N,N-Diethyl Acetamide",,,0.7,hsp_solvents_2,
"N,N-Diethyl Formamide",617-84-5,,,16.4,11.4,9.2,,,,amide,,,"n,n-diethyl formamide","N,N-Diethyl Formamide",,,0.7,hsp_solvents_2,
"N,N-Dimethyl Acetamide",127-19-5,,,16.8,11.5,9.4,,,,amide,,,"n,n-dimethyl acetamide","N,N-Dimethyl Acetamide",,,0.7,hsp_solvents_2,
"N,N-Dimethyl Butyramide",760-79-2,,,16.4,10.6,7.4,,,,amide,Fatty Acyls,Fatty amides,"n,n-dimethyl butyramide","N,N-Dimethyl Butyramide",,,0.7,hsp_solvents_2,
N-(2-Hydroxyethyl)-2-Pyrrolidone,3445-11-02 00:00:00,,,18.0,9.2,15.7,,,,amide,,,n-(2-hydroxyethyl)-2-pyrrolidone,N-(2-Hydroxyethyl)-2-Pyrrolidone,,,0.7,hsp_solvents_2,
N-Acetyl Caprolactam,1888-91-1,,,18.9,8.7,4.8,,,,amide,,,n-acetyl caprolactam,N-Acetyl Caprolactam,,,0.7,hsp_solvents_2,
N-Acetyl Piperidine,618-42-8,,,18.5,10.0,6.5,,,,amine,Piperidines,N-acylpiperidines,n-acetyl piperidine,N-Acetyl Piperidine,,,0.7,hsp_solvents_2,
N-Acetyl Pyrrolidone,932-17-2,,,17.8,13.1,8.3,,,,amide,Pyrrolidines,N-acylpyrrolidines,n-acetyl pyrrolidone,N-Acetyl Pyrrolidone,,,0.7,hsp_solvents_2,
N-Acetylmorpholine,1696-20-4,,,18.3,9.8,7.8,,,,amine,,,n-acetylmorpholine,N-Acetylmorpholine,,,0.7,hsp_solvents_2,
N-Benzyl Pyrrolidone,5291-77-0,,,18.2,6.1,5.6,,,,amide,Benzene and substituted derivatives,,n-benzyl pyrrolidone,N-Benzyl Pyrrolidone,,,0.7,hsp_solvents_2,
n-Butyl Acetate,123-86-4,,,15.8,3.7,6.3,,,,ester,Carboxylic acids and derivatives,Carboxylic acid derivatives,n-butyl acetate,n-Butyl Acetate,BuOAc; BA,,0.7,hsp_solvents_2,
n-Butyl Aceto Acetate,591-60-6,,,16.6,5.8,7.3,,,,ester,,,n-butyl aceto acetate,n-Butyl Aceto Acetate,,,0.7,hsp_solvents_2,
n-Butyl Acrylate,141-32-2,,,15.6,6.2,4.9,,,,ester,Carboxylic acids and derivatives,Acrylic acids and derivatives,n-butyl acrylate,n-Butyl Acrylate,,,0.7,hsp_solvents_2,
n-Butyl Amine,109-73-9,,,16.2,4.5,8.0,,,,amine,Organonitrogen compounds,Amines,n-butyl amine,n-Butyl Amine,,,0.7,hsp_solvents_2,
n-Butyl Butyrate,109-21-7,,,15.6,2.9,5.6,,,,ester,,,n-butyl butyrate,n-Butyl Butyrate,,,0.7,hsp_solvents_2,
n-Butyl Cyclohexane,1678-93-9,,,16.2,0.0,0.6,,,,hydrocarbon,Saturated hydrocarbons,Cycloalkanes,n-butyl cyclohexane,n-Butyl Cyclohexane,,,0.7,hsp_solvents_2,
n-Butyl Cyclopentane,2040-95-1,,,16.4,0.0,1.0,,,,hydrocarbon,Saturated hydrocarbons,Cycloalkanes,n-butyl cyclopentane,n-Butyl Cyclopentane,,,0.7,hsp_solvents_2,
n-Butyl Methacrylate,97-88-1,,,15.4,5.9,5.2,,,,ester,Carboxylic acids and derivatives,Carboxylic acid derivatives,n-butyl methacrylate,n-Butyl Methacrylate,,,0.7,hsp_solvents_2,
n-Butyl Propionate,590-01-2,,,15.7,5.5,5.9,,,,ester,,,n-butyl propionate,n-Butyl Propionate,,,0.7,hsp_solvents_2,
n-Butyl Salicylate,2052-14-4,,,17.9,4.8,11.7,,,,ester,Benzene and substituted derivatives,Benzoic acids and derivatives,n-butyl salicylate,n-Butyl Salicylate,,,0.7,hsp_solvents_2,
n-Butylbenzene,104-51-8,,,17.4,0.1,1.1,,,,aromatic,Benzene and substituted derivatives,,n-butylbenzene,n-Butylbenzene,,,0.7,hsp_solvents_2,
n-Butyramide,541-35-5,,,16.9,13.7,12.3,,,,amide,Fatty Acyls,Fatty amides,n-butyramide,n-Butyramide,,,0.7,hsp_solvents_2,
N-Chlorodimethylamine,1585-74-6,,,16.0,7.8,7.9,,,,amine,Organonitrogen compounds,,n-chlorodimethylamine,N-Chlorodimethylamine,,,0.7,hsp_solvents_2,
N-Cyclohexyl-2-Pyrrolidone,6837-24-7,,,18.2,6.8,6.5,,,,amide,Pyrrolidines,N-alkylpyrrolidines,n-cyclohexyl-2-pyrrolidone,N-Cyclohexyl-2-Pyrrolidone,,,0.7,hsp_solvents_2,
N-Ethyl Formamide,627-45-2,,,16.2,10.0,14.0,,,,amide,Carboxylic acids and derivatives,Carboxylic acid derivatives,n-ethyl formamide,N-Ethyl Formamide,,,0.7,hsp_solvents_2,
N-Ethyl-2-Pyrrolidone,2687-91-4,,,18.0,12.0,7.0,,,,amide,Pyrrolidines,N-alkylpyrrolidines,n-ethyl-2-pyrrolidone,N-Ethyl-2-Pyrrolidone,,,0.7,hsp_solvents_2,
N-Formyl Hexamethylene Imine,25114-81-2,,,18.5,10.4,7.6,,,,amide,Azepanes,,n-formyl hexamethylene imine,N-Formyl Hexamethylene Imine,,,0.7,hsp_solvents_2,
N-Formyl Piperidine,2591-86-8,,,18.7,10.6,7.8,,,,amide,Piperidines,,n-formyl piperidine,N-Formyl Piperidine,,,0.7,hsp_solvents_2,
n-Heptyl Acetate,112-06-1,,,15.8,2.9,5.5,,,,ester,Carboxylic acids and derivatives,Carboxylic acid derivatives,n-heptyl acetate,n-Heptyl Acetate,,,0.7,hsp_solvents_2,
N-Methyl Acetamide,79-16-3,,,16.9,17.0,13.0,,,,amide,Carboximidic acids and derivatives,Carboximidic acids,n-methyl acetamide,N-Methyl Acetamide,,,0.7,hsp_solvents_2,
N-Methyl Formamide,123-39-7,,,17.4,18.8,15.9,,,,amide,Carboximidic acids and derivatives,Carboximidic acids,n-methyl formamide,N-Methyl Formamide,,,0.7,hsp_solvents_2,
N-Methyl Morpholine-N-Oxide (App.),7529-22-8,,,19.0,16.1,10.2,,,,amine,Oxazinanes,Morpholines,n-methyl morpholine-n-oxide (app.),N-Methyl Morpholine-N-Oxide (App.),,,0.7,hsp_solvents_2,
N-Methyl Pyrrolidine,120-94-5,,,16.8,2.8,6.7,,,,amine,,,n-methyl pyrrolidine,N-Methyl Pyrrolidine,,,0.7,hsp_solvents_2,
N-Methyl-2-Pyrrolidone (NMP),872-50-4,,,18.0,12.3,7.2,,,,amide,Pyrrolidines,N-alkylpyrrolidines,n-methyl-2-pyrrolidone (nmp),N-Methyl-2-Pyrrolidone (NMP),NMP,,0.7,hsp_solvents_2,
N-Methylaniline,100-61-8,,,19.5,6.0,7.8,,,,amine,,,n-methylaniline,N-Methylaniline,,,0.7,hsp_solvents_2,
N-n-Butyl Pyrrolidone,3470-98-2,,,17.5,9.9,5.8,,,,amide,Pyrrolidines,N-alkylpyrrolidines,n-n-butyl pyrrolidone,N-n-Butyl Pyrrolidone,,,0.7,hsp_solvents_2,
n-Pentyl Propionate,624-54-4,,,15.8,5.2,5.7,,,,ester,Carboxylic acids and derivatives,Carboxylic acid derivatives,n-pentyl propionate,n-Pentyl Propionate,,,0.7,hsp_solvents_2,
n-Propyl Acetate,109-60-4,,,15.3,4.3,7.6,,,,ester,Carboxylic acids and derivatives,Carboxylic acid derivatives,n-propyl acetate,n-Propyl Acetate,,,0.7,hsp_solvents_2,
n-Propyl Nitrate,627-13-4,,,15.8,11.3,4.1,,,,nitro,,,n-propyl nitrate,n-Propyl Nitrate,,,0.7,hsp_solvents_2,
n-Propyl Propanoate,106-36-5,,,15.5,5.6,5.7,,,,ester,Carboxylic acids and derivatives,Carboxylic acid derivatives,n-propyl propanoate,n-Propyl Propanoate,,,0.7,hsp_solvents_2,
n-Tetradecane,629-59-4,,,16.2,0.0,0.0,,,,hydrocarbon,Saturated hydrocarbons,Alkanes,n-tetradecane,n-Tetradecane,,,0.7,hsp_solvents_2,
"Naphtha,High-Flash",8030-30-6,,,17.9,0.7,1.8,,,,hydrocarbon,,,"naphtha,high-flash","Naphtha,High-Flash",,,0.7,hsp_solvents_2,
Naphthalene,91-20-3,,,19.2,2.0,5.9,,,,aromatic,Naphthalenes,,naphthalene,Naphthalene,,,0.7,hsp_solvents_2,
Nicotine,54-11-5,,,18.5,7.8,6.5,,,,heterocyclic,Pyridines and derivatives,Pyrrolidinylpyridines,nicotine,Nicotine,,,0.7,hsp_solvents_2,
Nitric Acid,7697-37-2,,,13.5,18.0,18.6,,,,acid,Non-metal oxoanionic compounds,Non-metal nitrates,nitric acid,Nitric Acid,,,0.7,hsp_solvents_2,
Nitrobenzene,98-95-3,,,20.0,10.6,3.1,,,,nitro,Benzene and substituted derivatives,Nitrobenzenes,nitrobenzene,Nitrobenzene,,,0.7,hsp_solvents_2,
Nitroethane,79-24-3,,,16.0,15.5,4.5,,,,nitro,"Allyl-type 1,3-dipolar organic compounds",Organic nitro compounds,nitroethane,Nitroethane,,,0.7,hsp_solvents_2,
Nitroethylene,3638-64-0,,,16.3,16.6,5.0,,,,nitro,"Allyl-type 1,3-dipolar organic compounds",Organic nitro compounds,nitroethylene,Nitroethylene,,,0.7,hsp_solvents_2,
Nitroglycerin (Glyceryl Trinitrate),55-63-0,,,16.9,13.0,10.9,,,,nitro,Organic oxoanionic compounds,Organic nitrates,nitroglycerin (glyceryl trinitrate),Nitroglycerin (Glyceryl Trinitrate),,,0.7,hsp_solvents_2,
Nitromethane,75-52-5,,,15.8,18.8,6.1,,,,nitro,"Allyl-type 1,3-dipolar organic compounds",Organic nitro compounds,nitromethane,Nitromethane,MeNO2,,0.7,hsp_solvents_2,
Nitrosobenzene,586-96-9,,,20.0,12.7,4.0,,,,nitro,Benzene and substituted derivatives,,nitrosobenzene,Nitrosobenzene,,,0.7,hsp_solvents_2,
Nonane,111-84-2,,,15.7,0.0,0.0,,,,hydrocarbon,Saturated hydrocarbons,Alkanes,nonane,Nonane,,,0.7,hsp_solvents_2,
Nonyl Phenol,104-40-5,,,16.5,4.1,9.2,,,,alcohol,Phenols,1-hydroxy-2-unsubstituted benzenoids,nonyl phenol,Nonyl Phenol,,,0.7,hsp_solvents_2,
Nonyl Phenoxy Ethanol,27986-36-3,,,16.7,10.2,8.4,,,,alcohol,Phenol ethers,,nonyl phenoxy ethanol,Nonyl Phenoxy Ethanol,,,0.7,hsp_solvents_2,
Norephedrin,299-42-3,,,18.0,10.7,24.1,,,,other,,,norephedrin,Norephedrin,,,0.7,hsp_solvents_2,
o-Bromoanisole,578-57-4,,,19.8,8.4,6.7,,,,ether,Phenol ethers,Anisoles,o-bromoanisole,o-Bromoanisole,,,0.7,hsp_solvents_2,
o-Bromochlorobenzene,694-80-4,,,20.3,7.7,4.6,,,,halogenated,Benzene and substituted derivatives,Halobenzenes,o-bromochlorobenzene,o-Bromochlorobenzene,,,0.7,hsp_solvents_2,
o-Bromostyrene,2039-88-5,,,19.5,5.2,5.3,,,,halogenated,Benzene and substituted derivatives,Styrenes,o-bromostyrene,o-Bromostyrene,,,0.7,hsp_solvents_2,
o-Bromotoluene,95-46-5,,,19.3,5.0,4.2,,,,halogenated,Benzene and substituted derivatives,Halobenzenes,o-bromotoluene,o-Bromotoluene,,,0.7,hsp_solvents_2,
o-Chlorofluorobenzene,348-51-6,,,19.4,8.7,2.0,,,,halogenated,Benzene and substituted derivatives,Halobenzenes,o-chlorofluorobenzene,o-Chlorofluorobenzene,,,0.7,hsp_solvents_2,
o-Chlorostyrene,2039-87-4,,,18.7,4.7,3.9,,,,halogenated,Benzene and substituted derivatives,Styrenes,o-chlorostyrene,o-Chlorostyrene,,,0.7,hsp_solvents_2,
o-Chlorothiophenol,6320-03-02 00:00:00,,,20.2,7.0,10.0,,,,alcohol,,,o-chlorothiophenol,o-Chlorothiophenol,,,0.7,hsp_solvents_2,
o-Chlorotoluene,95-49-8,,,19.0,4.9,2.3,,,,halogenated,Benzene and substituted derivatives,Halobenzenes,o-chlorotoluene,o-Chlorotoluene,,,0.7,hsp_solvents_2,
o-Dibromobenzene,583-53-9,,,20.7,6.5,5.3,,,,halogenated,Benzene and substituted derivatives,Halobenzenes,o-dibromobenzene,o-Dibromobenzene,,,0.7,hsp_solvents_2,
o-Dichlorobenzene,95-50-1,,,19.2,6.3,3.3,,,,halogenated,Benzene and substituted derivatives,Halobenzenes,o-dichlorobenzene,o-Dichlorobenzene,,,0.7,hsp_solvents_2,
o-Difluorobenzene,367-11-3,,,18.0,9.0,1.0,,,,halogenated,,,o-difluorobenzene,o-Difluorobenzene,,,0.7,hsp_solvents_2,
o-Methoxyphenol (Guaiacol),90-05-1,,,18.0,7.0,12.0,,,,alcohol,,,o-methoxyphenol (guaiacol),o-Methoxyphenol (Guaiacol),,,0.7,hsp_solvents_2,
o-n-Butyltoluene,1595-11-5,,,17.6,0.1,1.0,,,,aromatic,,,o-n-butyltoluene,o-n-Butyltoluene,,,0.7,hsp_solvents_2,
Octadecane,593-45-3,,,16.4,0.0,0.0,,,,hydrocarbon,Saturated hydrocarbons,Alkanes,octadecane,Octadecane,,,0.7,hsp_solvents_2,
Octamethylcyclotetrasiloxane,556-67-2,,,12.8,1.3,1.0,,,,inorganic,Organometalloid compounds,Organosilicon compounds,octamethylcyclotetrasiloxane,Octamethylcyclotetrasiloxane,,,0.7,hsp_solvents_2,
Octane,111-65-9,,,15.5,0.0,0.0,,,,hydrocarbon,Saturated hydrocarbons,Alkanes,octane,Octane,,,0.7,hsp_solvents_2,
Octanoic Acid,124-07-2,,,15.7,3.3,8.2,,,,acid,Fatty Acyls,Fatty acids and conjugates,octanoic acid,Octanoic Acid,,,0.7,hsp_solvents_2,
Octyl Acetate,112-14-1,,,15.8,2.9,5.1,,,,ester,,,octyl acetate,Octyl Acetate,,,0.7,hsp_solvents_2,
Oleic Acid,112-80-1,,,16.0,2.8,6.2,,,,acid,,,oleic acid,Oleic Acid,,,0.7,hsp_solvents_2,
Oleyl Alcohol,143-28-2,,,16.5,2.6,8.0,,,,alcohol,Fatty Acyls,Fatty alcohols,oleyl alcohol,Oleyl Alcohol,,,0.7,hsp_solvents_2,
OS-10 (Hexamethyldisiloxane),107-46-0,,,12.6,2.0,0.0,,,,inorganic,Organometalloid compounds,Organosilicon compounds,os-10 (hexamethyldisiloxane),OS-10 (Hexamethyldisiloxane),,,0.7,hsp_solvents_2,
OS-20 (Octamethyltrisiloxane),107-51-7,,,12.2,1.8,0.0,,,,inorganic,Organometalloid compounds,Organosilicon compounds,os-20 (octamethyltrisiloxane),OS-20 (Octamethyltrisiloxane),,,0.7,hsp_solvents_2,
OS-30 (Decamethyltetrasiloxane),141-62-8,,,11.7,2.4,0.0,,,,inorganic,Organometalloid compounds,Organosilicon compounds,os-30 (decamethyltetrasiloxane),OS-30 (Decamethyltetrasiloxane),,,0.7,hsp_solvents_2,
Oxalic Acid,144-62-7,,,17.0,17.0,26.0,,,,acid,Carboxylic acids and derivatives,Dicarboxylic acids and derivatives,oxalic acid,Oxalic Acid,,,0.7,hsp_solvents_2,
Oxalylchloride,79-37-8,,,16.1,3.8,7.5,,,,halogenated,,,oxalylchloride,Oxalylchloride,,,0.7,hsp_solvents_2,
Oxetane (Trimethylene Oxide),503-30-0,,,16.7,10.0,5.4,,,,ether,,,oxetane (trimethylene oxide),Oxetane (Trimethylene Oxide),,,0.7,hsp_solvents_2,
Ozone,10028-15-6,,,19.8,4.2,0.0,,,,inorganic,Other non-metal organides,Other non-metal oxides,ozone,Ozone,,,0.7,hsp_solvents_2,
p-Anisidine (Methoxy Aniline),104-94-9,,,19.9,6.5,11.3,,,,amine,,,p-anisidine (methoxy aniline),p-Anisidine (Methoxy Aniline),,,0.7,hsp_solvents_2,
p-Bromobenzonitrile,623-00-7,,,20.4,9.3,5.8,,,,nitrile,,,p-bromobenzonitrile,p-Bromobenzonitrile,,,0.7,hsp_solvents_2,
p-Bromobenzoyl Chloride,586-75-4,,,20.2,6.5,5.5,,,,halogenated,,,p-bromobenzoyl chloride,p-Bromobenzoyl Chloride,,,0.7,hsp_solvents_2,
p-Bromonitrobenzene,586-78-7,,,20.9,9.9,5.9,,,,nitro,Benzene and substituted derivatives,Nitrobenzenes,p-bromonitrobenzene,p-Bromonitrobenzene,,,0.7,hsp_solvents_2,
p-Bromotoluene,106-38-7,,,19.3,6.8,4.1,,,,halogenated,,,p-bromotoluene,p-Bromotoluene,,,0.7,hsp_solvents_2,
p-Chloro Acetophenone,99-91-2,,,19.6,7.6,4.0,,,,ketone,Organooxygen compounds,Carbonyl compounds,p-chloro acetophenone,p-Chloro Acetophenone,,,0.7,hsp_solvents_2,
p-Chlorobenzoyl Chloride,122-01-0,,,19.9,6.7,5.1,,,,halogenated,,,p-chlorobenzoyl chloride,p-Chlorobenzoyl Chloride,,,0.7,hsp_solvents_2,
p-Chloronitrobenzene,100-00-5,,,20.2,8.9,3.9,,,,nitro,Benzene and substituted derivatives,Nitrobenzenes,p-chloronitrobenzene,p-Chloronitrobenzene,,,0.7,hsp_solvents_2,
p-Chlorostyrene,1073-67-2,,,18.7,4.3,3.9,,,,halogenated,,,p-chlorostyrene,p-Chlorostyrene,,,0.7,hsp_solvents_2,
p-Chlorotoluene,106-43-4,,,19.1,6.2,2.6,,,,halogenated,Benzene and substituted derivatives,Halobenzenes,p-chlorotoluene,p-Chlorotoluene,,,0.7,hsp_solvents_2,
p-Coumaryl Alcohol,3690-05-09 00:00:00,,,19.1,7.0,17.3,,,,alcohol,,,p-coumaryl alcohol,p-Coumaryl Alcohol,,,0.7,hsp_solvents_2,
p-Dichlorobenzene,106-46-7,,,19.7,5.6,2.7,,,,halogenated,Benzene and substituted derivatives,Halobenzenes,p-dichlorobenzene,p-Dichlorobenzene,,,0.7,hsp_solvents_2,
p-Diethyl Benzene,105-05-5,,,18.0,0.0,0.6,,,,aromatic,Benzene and substituted derivatives,,p-diethyl benzene,p-Diethyl Benzene,,,0.7,hsp_solvents_2,
p-Divinyl Benzene,105-06-6,,,18.6,1.0,7.0,,,,aromatic,Benzene and substituted derivatives,Styrenes,p-divinyl benzene,p-Divinyl Benzene,,,0.7,hsp_solvents_2,
p-Fluoroanisole,459-60-9,,,18.7,7.3,6.7,,,,ether,Phenol ethers,Anisoles,p-fluoroanisole,p-Fluoroanisole,,,0.7,hsp_solvents_2,
p-n-Butyltoluene,1595-05-7,,,17.4,0.1,1.0,,,,aromatic,,,p-n-butyltoluene,p-n-Butyltoluene,,,0.7,hsp_solvents_2,
p-Nitro Toluene,99-99-0,,,19.5,11.0,3.6,,,,nitro,Benzene and substituted derivatives,Nitrobenzenes,p-nitro toluene,p-Nitro Toluene,,,0.7,hsp_solvents_2,
Paracetamol,103-90-2,,,17.8,10.5,13.9,,,,amide,Phenols,1-hydroxy-2-unsubstituted benzenoids,paracetamol,Paracetamol,,,0.7,hsp_solvents_2,
Paraldehyde,123-63-7,,,16.0,5.0,6.0,,,,aldehyde,Trioxanes,,paraldehyde,Paraldehyde,,,0.7,hsp_solvents_2,
Paraquat,4685-14-7,,,19.5,8.8,5.9,,,,other,Pyridines and derivatives,Bipyridines and oligopyridines,paraquat,Paraquat,,,0.7,hsp_solvents_2,
Pentachloro Ethane,76-01-7,,,18.2,3.2,2.4,,,,halogenated,,,pentachloro ethane,Pentachloro Ethane,,,0.7,hsp_solvents_2,
Pentachlorocyclopropane,6262-51-7,,,18.5,10.5,3.7,,,,halogenated,Organochlorides,,pentachlorocyclopropane,Pentachlorocyclopropane,,,0.7,hsp_solvents_2,
Pentachlorophenol,87-86-5,,,21.5,6.9,12.8,,,,alcohol,Phenols,Halophenols,pentachlorophenol,Pentachlorophenol,,,0.7,hsp_solvents_2,
Pentafluorobenzophenone,652-29-9,,,19.3,8.1,5.4,,,,ketone,,,pentafluorobenzophenone,Pentafluorobenzophenone,,,0.7,hsp_solvents_2,
Pentanal (Valeraldehyde),110-62-3,,,15.7,9.4,5.8,,,,aldehyde,Organooxygen compounds,Carbonyl compounds,pentanal (valeraldehyde),Pentanal (Valeraldehyde),,,0.7,hsp_solvents_2,
Pentane,109-66-0,,,14.5,0.0,0.0,,,,hydrocarbon,Saturated hydrocarbons,Alkanes,pentane,Pentane,,,0.7,hsp_solvents_2,
Pentanoic Acid,109-52-4,,,15.0,4.1,10.3,,,,acid,Fatty Acyls,Fatty acids and conjugates,pentanoic acid,Pentanoic Acid,,,0.7,hsp_solvents_2,
Perfluoro Dimethylcyclohexane,374-77-6,,,12.4,0.0,0.0,,,,fluorinated,Alkyl halides,Cyclohexyl halides,perfluoro dimethylcyclohexane,Perfluoro Dimethylcyclohexane,,,0.7,hsp_solvents_2,
Perfluoro Ethylene (Tetrafluoro Ethylene,116-14-3,,,15.1,0.0,0.0,,,,fluorinated,,,perfluoro ethylene (tetrafluoro ethylene,Perfluoro Ethylene (Tetrafluoro Ethylene,,,0.7,hsp_solvents_2,
Perfluorobutane,355-25-9,,,10.6,0.0,0.0,,,,fluorinated,,,perfluorobutane,Perfluorobutane,,,0.7,hsp_solvents_2,
Perfluoroheptane,335-57-9,,,12.0,0.0,0.0,,,,fluorinated,,,perfluoroheptane,Perfluoroheptane,,,0.7,hsp_solvents_2,
Perfluorohexane (PFC 5060),355-42-0,,,12.1,0.0,0.0,,,,fluorinated,Organofluorides,,perfluorohexane (pfc 5060),Perfluorohexane (PFC 5060),,,0.7,hsp_solvents_2,
Perfluoromethylcyclohexane,355-02-2,,,12.4,0.0,0.0,,,,fluorinated,,,perfluoromethylcyclohexane,Perfluoromethylcyclohexane,,,0.7,hsp_solvents_2,
Perfluoropentane (PFC 5050),678-26-2,,,11.3,0.0,0.0,,,,fluorinated,,,perfluoropentane (pfc 5050),Perfluoropentane (PFC 5050),,,0.7,hsp_solvents_2,
Phenetole (Ethyl Phenyl Ether),103-73-1,,,18.4,4.5,4.0,,,,ether,Phenol ethers,,phenetole (ethyl phenyl ether),Phenetole (Ethyl Phenyl Ether),,,0.7,hsp_solvents_2,
Phenol,108-95-2,,,18.5,5.9,14.9,,,,alcohol,Phenols,1-hydroxy-4-unsubstituted benzenoids,phenol,Phenol,,,0.7,hsp_solvents_2,
Phenyl Acetate,122-79-2,,,19.8,5.2,6.4,,,,ester,Phenol esters,,phenyl acetate,Phenyl Acetate,,,0.7,hsp_solvents_2,
Phenyl Acetonitrile,140-29-4,,,19.5,12.3,3.8,,,,nitrile,,,phenyl acetonitrile,Phenyl Acetonitrile,MeCN; ACN,,0.7,hsp_solvents_2,
Phenyl Acetylene,536-74-3,,,18.8,2.8,4.0,,,,aromatic,,,phenyl acetylene,Phenyl Acetylene,,,0.7,hsp_solvents_2,
Phenylhydrazine,100-63-0,,,20.4,6.5,14.0,,,,amine,Benzene and substituted derivatives,Phenylhydrazines,phenylhydrazine,Phenylhydrazine,,,0.7,hsp_solvents_2,
Phosgene,75-44-5,,,16.4,5.3,5.3,,,,hydrocarbon,Halogen organides,Halogen oxides,phosgene,Phosgene,,,0.7,hsp_solvents_2,
Phosphoric Acid,7664-38-2,,,14.7,18.6,28.4,,,,inorganic,Non-metal oxoanionic compounds,Non-metal phosphates,phosphoric acid,Phosphoric Acid,,,0.7,hsp_solvents_2,
Phosphorous Oxychloride,10025-87-3,,,18.1,9.3,0.0,,,,halogenated,Halogen organides,Halogen oxides,phosphorous oxychloride,Phosphorous Oxychloride,,,0.7,hsp_solvents_2,
Phosphorus Trichloride,,,,18.4,3.6,0.0,,,,halogenated,,,phosphorus trichloride,Phosphorus Trichloride,,,0.7,hsp_solvents_2,
Phthalic Anhydride,85-44-9,,,20.0,14.4,4.1,,,,ester,Benzofurans,Benzofuranones,phthalic anhydride,Phthalic Anhydride,,,0.7,hsp_solvents_2,
"Picric Acid (2,4,6-Trinitrophenol)",88-89-1,,,19.2,7.0,6.0,,,,alcohol,Phenols,Nitrophenols,"picric acid (2,4,6-trinitrophenol)","Picric Acid (2,4,6-Trinitrophenol)",,,0.7,hsp_solvents_2,
Pine Oil,8006-88-0,,,15.6,3.0,9.8,,,,terpene,,,pine oil,Pine Oil,,,0.7,hsp_solvents_2,
Piperazine,110-85-0,,,17.3,4.8,6.0,,,,amine,Diazinanes,Piperazines,piperazine,Piperazine,,,0.7,hsp_solvents_2,
Piperidine,110-89-4,,,17.3,4.5,8.2,,,,amine,Piperidines,,piperidine,Piperidine,,,0.7,hsp_solvents_2,
Propane,74-98-6,,,13.1,0.0,0.0,,,,hydrocarbon,,,propane,Propane,,,0.7,hsp_solvents_2,
Propargyl Acetate,627-09-8,,,16.3,5.2,8.3,,,,ester,Carboxylic acids and derivatives,Carboxylic acid derivatives,propargyl acetate,Propargyl Acetate,,,0.7,hsp_solvents_2,
Propargylaldehyde,624-67-9,,,16.2,11.9,8.7,,,,aldehyde,,,propargylaldehyde,Propargylaldehyde,,,0.7,hsp_solvents_2,
Propionaldehyde,123-38-6,,,15.3,11.1,6.9,,,,aldehyde,Organooxygen compounds,Carbonyl compounds,propionaldehyde,Propionaldehyde,,,0.7,hsp_solvents_2,
"Propionaldehyde - 2,3-Epoxy",765-34-4,,,17.5,13.4,9.8,,,,aldehyde,Epoxides,,"propionaldehyde - 2,3-epoxy","Propionaldehyde - 2,3-Epoxy",,,0.7,hsp_solvents_2,
Propionamide,79-05-0,,,16.7,14.6,11.5,,,,amide,Carboxylic acids and derivatives,Carboxylic acid derivatives,propionamide,Propionamide,,,0.7,hsp_solvents_2,
Propionic Acid,79-09-4,,,14.7,5.3,12.4,,,,acid,Carboxylic acids and derivatives,Carboxylic acids,propionic acid,Propionic Acid,,,0.7,hsp_solvents_2,
Propionic Anhydride,123-62-6,,,15.8,9.0,7.7,,,,ester,Carboxylic acids and derivatives,Dicarboxylic acids and derivatives,propionic anhydride,Propionic Anhydride,,,0.7,hsp_solvents_2,
Propionitrile,107-12-0,,,15.3,14.3,5.5,,,,nitrile,Organonitrogen compounds,Organic cyanides,propionitrile,Propionitrile,,,0.7,hsp_solvents_2,
Propionylchloride,79-03-8,,,16.1,10.3,5.3,,,,halogenated,Acyl halides,Acyl chlorides,propionylchloride,Propionylchloride,,,0.7,hsp_solvents_2,
Propyl Amine,107-10-8,,,16.0,4.9,8.6,,,,amine,Organonitrogen compounds,Amines,propyl amine,Propyl Amine,,,0.7,hsp_solvents_2,
Propyl Chloride,540-54-5,,,16.0,7.8,2.0,,,,halogenated,,,propyl chloride,Propyl Chloride,,,0.7,hsp_solvents_2,
Propyl Formate,110-74-7,,,15.5,7.1,8.6,,,,ester,Carboxylic acids and derivatives,Carboxylic acid derivatives,propyl formate,Propyl Formate,,,0.7,hsp_solvents_2,
Propyl Methacrylate,2210-28-8,,,15.5,6.6,7.0,,,,ester,Carboxylic acids and derivatives,Carboxylic acid derivatives,propyl methacrylate,Propyl Methacrylate,,,0.7,hsp_solvents_2,
Propylene,115-07-1,,,13.3,1.6,1.5,,,,hydrocarbon,Unsaturated hydrocarbons,Unsaturated aliphatic hydrocarbons,propylene,Propylene,,,0.7,hsp_solvents_2,
Propylene Carbonate,108-32-7,,,20.0,18.0,4.1,,,,ester,,,propylene carbonate,Propylene Carbonate,PC,,0.7,hsp_solvents_2,
Propylene Chlorohydrin,127-00-4,,,16.8,9.8,15.3,,,,halogenated,,,propylene chlorohydrin,Propylene Chlorohydrin,,,0.7,hsp_solvents_2,
Propylene Glycol,57-55-6,,,16.8,10.4,21.3,,,,glycol,,,propylene glycol,Propylene Glycol,PG,,0.7,hsp_solvents_2,
Propylene Glycol Mono-t-Butyl Ether,57018-52-7,,,15.3,6.1,10.8,,,,glycol ether,Organooxygen compounds,Alcohols and polyols,propylene glycol mono-t-butyl ether,Propylene Glycol Mono-t-Butyl Ether,,,0.7,hsp_solvents_2,
Propylene Glycol Monobutyl Ether,5131-66-8,,,15.3,4.5,9.2,,,,glycol ether,Organooxygen compounds,Alcohols and polyols,propylene glycol monobutyl ether,Propylene Glycol Monobutyl Ether,,,0.7,hsp_solvents_2,
Propylene Glycol Monoethyl Ether,1569-02-4,,,15.7,6.5,10.5,,,,glycol ether,,,propylene glycol monoethyl ether,Propylene Glycol Monoethyl Ether,,,0.7,hsp_solvents_2,
Propylene Glycol Monoethyl Ether Acetate,54839-24-6,,,15.6,6.3,7.7,,,,glycol ether,Carboxylic acids and derivatives,Carboxylic acid derivatives,propylene glycol monoethyl ether acetate,Propylene Glycol Monoethyl Ether Acetate,,,0.7,hsp_solvents_2,
Propylene Glycol Monoisobutyl Ether,23436-19-3,,,15.1,4.7,9.8,,,,glycol ether,,,propylene glycol monoisobutyl ether,Propylene Glycol Monoisobutyl Ether,,,0.7,hsp_solvents_2,
Propylene Glycol Monoisopropyl Ether,3944-36-3,,,15.5,6.1,11.0,,,,glycol ether,Organooxygen compounds,Alcohols and polyols,propylene glycol monoisopropyl ether,Propylene Glycol Monoisopropyl Ether,,,0.7,hsp_solvents_2,
Propylene Glycol Monomethyl Ether,107-98-2,,,15.6,6.3,11.6,,,,glycol ether,Organooxygen compounds,Alcohols and polyols,propylene glycol monomethyl ether,Propylene Glycol Monomethyl Ether,PGME,,0.7,hsp_solvents_2,
Propylene Glycol Monomethyl Ether Acetate,108-65-6,,,15.6,5.6,9.8,,,,glycol ether,Carboxylic acids and derivatives,Carboxylic acid derivatives,propylene glycol monomethyl ether acetate,Propylene Glycol Monomethyl Ether Acetate,,,0.7,hsp_solvents_2,
Propylene Glycol Monophenyl Ether,770-35-4,,,17.4,5.3,11.5,,,,glycol ether,Phenol ethers,,propylene glycol monophenyl ether,Propylene Glycol Monophenyl Ether,,,0.7,hsp_solvents_2,
Propylene Glycol Monopropyl Ether,1569-01-3,,,15.8,7.0,9.2,,,,glycol ether,Organooxygen compounds,Alcohols and polyols,propylene glycol monopropyl ether,Propylene Glycol Monopropyl Ether,,,0.7,hsp_solvents_2,
Propylene Imine (2-Methyl Aziridine),75-55-8,,,17.8,8.4,6.5,,,,amine,,,propylene imine (2-methyl aziridine),Propylene Imine (2-Methyl Aziridine),,,0.7,hsp_solvents_2,
Propylene Oxide,75-56-9,,,15.2,8.6,6.7,,,,ether,Epoxides,,propylene oxide,Propylene Oxide,,,0.7,hsp_solvents_2,
Propynonitrile,1070-71-9,,,15.5,17.0,6.3,,,,nitrile,Organonitrogen compounds,Organic cyanides,propynonitrile,Propynonitrile,,,0.7,hsp_solvents_2,
Pulegone,89-82-7,,,17.5,8.9,5.5,,,,terpene,Prenol lipids,Monoterpenoids,pulegone,Pulegone,,,0.7,hsp_solvents_2,
Purine,120-73-0,,,20.5,11.7,14.2,,,,heterocyclic,Imidazopyrimidines,Purines and purine derivatives,purine,Purine,,,0.7,hsp_solvents_2,
Pyrazole,288-13-1,,,20.2,10.4,12.4,,,,heterocyclic,Azoles,Pyrazoles,pyrazole,Pyrazole,,,0.7,hsp_solvents_2,
Pyridazine,289-80-5,,,20.2,17.4,11.7,,,,heterocyclic,Diazines,Pyridazines and derivatives,pyridazine,Pyridazine,,,0.7,hsp_solvents_2,
Pyridine,110-86-1,,,19.0,8.8,5.9,,,,amine,Pyridines and derivatives,,pyridine,Pyridine,py,,0.7,hsp_solvents_2,
Pyrimidine,289-95-2,,,20.5,9.4,11.3,,,,heterocyclic,Diazines,Pyrimidines and pyrimidine derivatives,pyrimidine,Pyrimidine,,,0.7,hsp_solvents_2,
"Pyrogallol (1,2,3-Trihydroxybenzene)",87-66-1,,,20.7,10.7,21.1,,,,aromatic,Phenols,Benzenetriols and derivatives,"pyrogallol (1,2,3-trihydroxybenzene)","Pyrogallol (1,2,3-Trihydroxybenzene)",,,0.7,hsp_solvents_2,
Pyrrole,109-97-7,,,19.2,11.0,10.0,,,,heterocyclic,,,pyrrole,Pyrrole,,,0.7,hsp_solvents_2,
Pyrrolidine,123-75-1,,,17.9,6.5,7.4,,,,amine,Pyrrolidines,,pyrrolidine,Pyrrolidine,,,0.7,hsp_solvents_2,
Pyruvonitrile,631-57-2,,,15.9,18.9,8.0,,,,nitrile,Organooxygen compounds,Carbonyl compounds,pyruvonitrile,Pyruvonitrile,,,0.7,hsp_solvents_2,
Quinine,130-95-0,,,19.0,6.6,11.0,,,,heterocyclic,,,quinine,Quinine,,,0.7,hsp_solvents_2,
Quinoline,91-22-5,,,20.5,5.6,5.7,,,,heterocyclic,Quinolines and derivatives,,quinoline,Quinoline,,,0.7,hsp_solvents_2,
Saccharin,81-07-2,,,21.1,12.5,9.8,,,,other,Benzothiazoles,,saccharin,Saccharin,,,0.7,hsp_solvents_2,
Salicylaldehyde,90-02-8,,,19.0,10.5,12.0,,,,aldehyde,,,salicylaldehyde,Salicylaldehyde,,,0.7,hsp_solvents_2,
Salicylic Acid,69-72-7,,,19.0,9.0,13.7,,,,acid,Benzene and substituted derivatives,Benzoic acids and derivatives,salicylic acid,Salicylic Acid,,,0.7,hsp_solvents_2,
Sebacic Acid,111-20-6,,,17.1,7.1,11.7,,,,acid,Fatty Acyls,Fatty acids and conjugates,sebacic acid,Sebacic Acid,,,0.7,hsp_solvents_2,
sec-Butyl Acetate,105-46-4,,,15.0,3.7,7.6,,,,ester,Carboxylic acids and derivatives,Carboxylic acid derivatives,sec-butyl acetate,sec-Butyl Acetate,,,0.7,hsp_solvents_2,
Serotonin,50-67-9,,,18.0,8.2,14.4,,,,other,,,serotonin,Serotonin,,,0.7,hsp_solvents_2,
Sinapyl Alcohol,537-33-7,,,19.2,7.3,16.1,,,,alcohol,Phenols,Methoxyphenols,sinapyl alcohol,Sinapyl Alcohol,,,0.7,hsp_solvents_2,
Skatole,83-34-1,,,20.0,7.1,6.2,,,,heterocyclic,Indoles and derivatives,Indoles,skatole,Skatole,,,0.7,hsp_solvents_2,
Spermidin,124-20-9,,,16.7,11.2,12.0,,,,other,,,spermidin,Spermidin,,,0.7,hsp_solvents_2,
Stearic Acid,57-11-4,,,16.3,3.3,5.5,,,,acid,,,stearic acid,Stearic Acid,,,0.7,hsp_solvents_2,
Styrene,100-42-5,,,18.6,1.0,4.1,,,,aromatic,Benzene and substituted derivatives,Styrenes,styrene,Styrene,,,0.7,hsp_solvents_2,
Styrene Oxide (Phenyl Oxirane),96-09-3,,,19.4,5.8,6.6,,,,ether,Benzene and substituted derivatives,,styrene oxide (phenyl oxirane),Styrene Oxide (Phenyl Oxirane),,,0.7,hsp_solvents_2,
Succinaldehyde (Butanedial),638-37-9,,,16.8,9.8,10.5,,,,hydrocarbon,,,succinaldehyde (butanedial),Succinaldehyde (Butanedial),,,0.7,hsp_solvents_2,
Succinic Anhydride,108-30-5,,,18.6,17.5,16.0,,,,ester,Carboxylic acids and derivatives,Dicarboxylic acids and derivatives,succinic anhydride,Succinic Anhydride,,,0.7,hsp_solvents_2,
Succinonitrile,110-61-2,,,18.2,17.0,7.9,,,,nitrile,Organonitrogen compounds,Organic cyanides,succinonitrile,Succinonitrile,,,0.7,hsp_solvents_2,
Sulfanilamide,63-74-1,,,20.0,19.5,10.7,,,,amide,,,sulfanilamide,Sulfanilamide,,,0.7,hsp_solvents_2,
Sulfolane (Tetramethylene Sulfone),126-33-0,,,17.8,17.4,8.7,,,,sulfoxide,Thiolanes,,sulfolane (tetramethylene sulfone),Sulfolane (Tetramethylene Sulfone),,,0.7,hsp_solvents_2,
Sulfur Dicyanide,627-52-1,,,18.1,13.5,0.0,,,,nitrile,,,sulfur dicyanide,Sulfur Dicyanide,,,0.7,hsp_solvents_2,
Sulfur Dioxide,7446-09-05 00:00:00,,,15.8,8.4,10.0,,,,inorganic,,,sulfur dioxide,Sulfur Dioxide,,,0.7,hsp_solvents_2,
Sulfuryl Chloride,7791-25-5,,,17.6,7.2,0.0,,,,halogenated,,,sulfuryl chloride,Sulfuryl Chloride,,,0.7,hsp_solvents_2,
t-Butyl Acetate,540-88-5,,,15.0,3.7,6.0,,,,ester,,,t-butyl acetate,t-Butyl Acetate,,,0.7,hsp_solvents_2,
t-Butyl Alcohol,75-65-0,,,15.2,5.1,14.7,,,,alcohol,,,t-butyl alcohol,t-Butyl Alcohol,,,0.7,hsp_solvents_2,
Terephthalic Acid,100-21-0,,,20.0,7.4,12.8,,,,acid,Benzene and substituted derivatives,Benzoic acids and derivatives,terephthalic acid,Terephthalic Acid,,,0.7,hsp_solvents_2,
Tetrabromobisphenol A,79-94-7,,,20.2,9.1,13.8,,,,alcohol,Benzene and substituted derivatives,Diphenylmethanes,tetrabromobisphenol a,Tetrabromobisphenol A,,,0.7,hsp_solvents_2,
Tetrachloroethylene,127-18-4,,,18.3,5.7,0.0,,,,halogenated,,,tetrachloroethylene,Tetrachloroethylene,,,0.7,hsp_solvents_2,
Tetraethylorthosilicate,78-10-4,,,13.9,4.3,0.6,,,,inorganic,Organometalloid compounds,Organosilicon compounds,tetraethylorthosilicate,Tetraethylorthosilicate,,,0.7,hsp_solvents_2,
Tetrahydrofuran (THF),109-99-9,,,16.8,5.7,8.0,,,,ether,,,tetrahydrofuran (thf),Tetrahydrofuran (THF),THF,,0.7,hsp_solvents_2,
Tetrahydrofurfuryl Alcohol,97-99-4,,,17.8,8.2,12.9,,,,alcohol,Tetrahydrofurans,,tetrahydrofurfuryl alcohol,Tetrahydrofurfuryl Alcohol,,,0.7,hsp_solvents_2,
Tetrahydronaphthalene,119-64-2,,,19.6,2.0,2.9,,,,aromatic,,,tetrahydronaphthalene,Tetrahydronaphthalene,,,0.7,hsp_solvents_2,
Tetrahydropyran,142-68-7,,,16.4,6.3,6.0,,,,ether,Oxanes,,tetrahydropyran,Tetrahydropyran,,,0.7,hsp_solvents_2,
Tetrahydrothiapyran,1613-51-0,,,18.5,6.3,8.9,,,,ether,Thianes,,tetrahydrothiapyran,Tetrahydrothiapyran,,,0.7,hsp_solvents_2,
Tetramethylene Sulfide,110-01-0,,,18.6,6.7,6.0,,,,sulfur compound,,,tetramethylene sulfide,Tetramethylene Sulfide,,,0.7,hsp_solvents_2,
Tetramethylene Sulfoxide,1600-44-8,,,18.2,11.0,9.1,,,,sulfoxide,Thiolanes,,tetramethylene sulfoxide,Tetramethylene Sulfoxide,,,0.7,hsp_solvents_2,
Tetramethylurea,632-22-4,,,16.7,8.2,11.0,,,,amide,Organic carbonic acids and derivatives,Ureas,tetramethylurea,Tetramethylurea,,,0.7,hsp_solvents_2,
Tetranitromethane,509-14-8,,,15.5,8.5,7.0,,,,nitro,Organonitrogen compounds,Ortho amides,tetranitromethane,Tetranitromethane,,,0.7,hsp_solvents_2,
Thiazole,288-47-1,,,20.5,18.8,10.8,,,,heterocyclic,Azoles,Thiazoles,thiazole,Thiazole,,,0.7,hsp_solvents_2,
Thioacetamide,62-55-5,,,17.5,20.6,20.2,,,,amide,Thioamides,,thioacetamide,Thioacetamide,,,0.7,hsp_solvents_2,
Thioacetic Acid,507-09-5,,,17.0,6.7,8.9,,,,acid,Carbothioic S-acids,,thioacetic acid,Thioacetic Acid,,,0.7,hsp_solvents_2,
Thiocyanic Acid,463-56-9,,,16.8,8.9,10.9,,,,acid,Thiocyanates,,thiocyanic acid,Thiocyanic Acid,,,0.7,hsp_solvents_2,
Thiodiethylenglycol,111-48-8,,,17.3,8.8,19.8,,,,glycol,,,thiodiethylenglycol,Thiodiethylenglycol,,,0.7,hsp_solvents_2,
Thioglycolic Acid (Mercapto Acetic Acid),68-11-1,,,16.0,13.5,20.0,,,,acid,Carboxylic acids and derivatives,Carboxylic acids,thioglycolic acid (mercapto acetic acid),Thioglycolic Acid (Mercapto Acetic Acid),,,0.7,hsp_solvents_2,
Thionyl Chloride,7719-09-07 00:00:00,,,16.9,6.4,6.1,,,,halogenated,,,thionyl chloride,Thionyl Chloride,,,0.7,hsp_solvents_2,
Thiophene,110-02-1,,,18.9,2.4,7.8,,,,hydrocarbon,Heteroaromatic compounds,,thiophene,Thiophene,,,0.7,hsp_solvents_2,
Thiophenol,108-98-5,,,20.0,4.5,10.3,,,,alcohol,Thiophenols,,thiophenol,Thiophenol,,,0.7,hsp_solvents_2,
Thiourea,62-56-6,,,20.0,19.4,14.8,,,,amide,Thioureas,,thiourea,Thiourea,,,0.7,hsp_solvents_2,
Thiourea From Urea Min Sphere,62-56-6,,,18.0,15.0,12.0,,,,amide,Thioureas,,thiourea from urea min sphere,Thiourea From Urea Min Sphere,,,0.7,hsp_solvents_2,
Thymine,65-71-4,,,19.0,20.5,13.0,,,,heterocyclic,Diazines,Pyrimidines and pyrimidine derivatives,thymine,Thymine,,,0.7,hsp_solvents_2,
Thymol,89-83-8,,,19.0,4.5,10.8,,,,terpene,,,thymol,Thymol,,,0.7,hsp_solvents_2,
Tigaldehyde,497-03-0,,,16.2,12.9,6.8,,,,aldehyde,Organooxygen compounds,Carbonyl compounds,tigaldehyde,Tigaldehyde,,,0.7,hsp_solvents_2,
Toluene,108-88-3,,,18.0,1.4,2.0,,,,aromatic,,,toluene,Toluene,,,0.7,hsp_solvents_2,
Tolylene Diisocyanate,86-91-9,,,19.3,7.9,6.1,,,,amide,,,tolylene diisocyanate,Tolylene Diisocyanate,,,0.7,hsp_solvents_2,
Trans-Cinnamaldehyde,14371-10-9,,,19.4,12.4,6.2,,,,aldehyde,,,trans-cinnamaldehyde,Trans-Cinnamaldehyde,,,0.7,hsp_solvents_2,
Trans-Crotononitrile,627-26-9,,,16.4,18.8,5.5,,,,nitrile,,,trans-crotononitrile,Trans-Crotononitrile,,,0.7,hsp_solvents_2,
Trans-Decahydronaphthalene,493-02-7,,,18.0,0.0,0.0,,,,aromatic,Polycyclic hydrocarbons,,trans-decahydronaphthalene,Trans-Decahydronaphthalene,,,0.7,hsp_solvents_2,
Tri-n-Butyl Acetyl Citrate,77-90-7,,,16.7,2.5,7.4,,,,ester,Carboxylic acids and derivatives,Tetracarboxylic acids and derivatives,tri-n-butyl acetyl citrate,Tri-n-Butyl Acetyl Citrate,,,0.7,hsp_solvents_2,
Tri-n-Butyl Borate,688-74-4,,,16.7,1.8,4.6,,,,inorganic,Organic oxoanionic compounds,,tri-n-butyl borate,Tri-n-Butyl Borate,,,0.7,hsp_solvents_2,
Tri-n-Butyl Citrate,77-94-1,,,16.6,3.8,10.1,,,,ester,Carboxylic acids and derivatives,Tricarboxylic acids and derivatives,tri-n-butyl citrate,Tri-n-Butyl Citrate,,,0.7,hsp_solvents_2,
Tri-n-Butyl Phosphate,126-73-8,,,16.3,6.3,4.3,,,,inorganic,Organic phosphoric acids and derivatives,Phosphate esters,tri-n-butyl phosphate,Tri-n-Butyl Phosphate,,,0.7,hsp_solvents_2,
Trichloroacetic Acid,76-03-9,,,18.3,7.0,13.0,,,,acid,Carboxylic acids and derivatives,Alpha-halocarboxylic acids and derivatives,trichloroacetic acid,Trichloroacetic Acid,,,0.7,hsp_solvents_2,
Trichloroacetonitrile,545-06-2,,,16.4,7.4,6.1,,,,nitrile,Organonitrogen compounds,Organic cyanides,trichloroacetonitrile,Trichloroacetonitrile,MeCN; ACN,,0.7,hsp_solvents_2,
Trichlorobiphenyl,55702-46-0,,,19.2,5.3,4.1,,,,halogenated,Benzene and substituted derivatives,Biphenyls and derivatives,trichlorobiphenyl,Trichlorobiphenyl,,,0.7,hsp_solvents_2,
Trichloroethylene,79-01-6,,,18.0,3.1,5.3,,,,halogenated,Vinyl halides,Vinyl chlorides,trichloroethylene,Trichloroethylene,,,0.7,hsp_solvents_2,
Trichlorofluoromethane (Freon 11),75-69-4,,,15.3,2.0,0.0,,,,halogenated,,,trichlorofluoromethane (freon 11),Trichlorofluoromethane (Freon 11),,,0.7,hsp_solvents_2,
Trichloromethylsilane,75-79-6,,,16.5,6.6,3.5,,,,halogenated,Organometalloid compounds,Organosilicon compounds,trichloromethylsilane,Trichloromethylsilane,,,0.7,hsp_solvents_2,
Trichlorosilane,10025-78-2,,,14.2,3.6,3.8,,,,halogenated,Metalloid salts,Metalloid chlorides,trichlorosilane,Trichlorosilane,,,0.7,hsp_solvents_2,
Triclosan,3380-34-5,,,20.0,7.7,10.0,,,,halogenated,Benzene and substituted derivatives,Diphenylethers,triclosan,Triclosan,,,0.7,hsp_solvents_2,
Tricresyl Phosphate,1330-78-5,,,19.0,12.3,4.5,,,,inorganic,,,tricresyl phosphate,Tricresyl Phosphate,,,0.7,hsp_solvents_2,
Tricyclene,508-32-7,,,16.9,0.0,0.0,,,,terpene,Prenol lipids,Monoterpenoids,tricyclene,Tricyclene,,,0.7,hsp_solvents_2,
Tridecyl Alcohol,112-70-9,,,16.2,3.1,9.0,,,,alcohol,Fatty Acyls,Fatty alcohols,tridecyl alcohol,Tridecyl Alcohol,,,0.7,hsp_solvents_2,
Triethanolamine,102-71-6,,,17.3,7.6,21.0,,,,alcohol,Organonitrogen compounds,Amines,triethanolamine,Triethanolamine,,,0.7,hsp_solvents_2,
Triethyl Citrate,77-93-0,,,16.5,4.9,12.0,,,,ester,Carboxylic acids and derivatives,Tricarboxylic acids and derivatives,triethyl citrate,Triethyl Citrate,,,0.7,hsp_solvents_2,
Triethylamine,121-44-8,,,15.5,0.4,1.0,,,,amine,Organonitrogen compounds,Amines,triethylamine,Triethylamine,TEA; Et3N,,0.7,hsp_solvents_2,
Triethylene Glycol,112-27-6,,,16.0,12.5,18.6,,,,glycol,Organooxygen compounds,Ethers,triethylene glycol,Triethylene Glycol,TEG,,0.7,hsp_solvents_2,
Triethylene Glycol Monomethyl Ether,112-35-6,,,16.2,7.6,12.5,,,,ether,Organooxygen compounds,Ethers,triethylene glycol monomethyl ether,Triethylene Glycol Monomethyl Ether,,,0.7,hsp_solvents_2,
Triethylene Glycol Monooleyl Ether,5274-66-8,,,16.0,3.1,8.4,,,,ether,,,triethylene glycol monooleyl ether,Triethylene Glycol Monooleyl Ether,,,0.7,hsp_solvents_2,
Triethylphosphate,78-40-0,,,16.7,11.4,9.2,,,,inorganic,Organic phosphoric acids and derivatives,Phosphate esters,triethylphosphate,Triethylphosphate,,,0.7,hsp_solvents_2,
Trifluoroacetic Acid,76-05-1,,,15.6,9.7,11.4,,,,acid,Carboxylic acids and derivatives,Alpha-halocarboxylic acids and derivatives,trifluoroacetic acid,Trifluoroacetic Acid,TFA,,0.7,hsp_solvents_2,
Trifluoromethane (Freon 23),75-46-7,,,14.4,8.7,6.3,,,,halogenated,Alkyl halides,Halomethanes,trifluoromethane (freon 23),Trifluoromethane (Freon 23),,,0.7,hsp_solvents_2,
Triisononyl Trimellilate,53894-23-8,,,16.6,5.7,2.2,,,,ester,Benzene and substituted derivatives,Benzoic acids and derivatives,triisononyl trimellilate,Triisononyl Trimellilate,,,0.7,hsp_solvents_2,
Triisooctyl Trimellitate,27251-75-8,,,16.6,6.0,2.5,,,,ester,Benzene and substituted derivatives,Benzoic acids and derivatives,triisooctyl trimellitate,Triisooctyl Trimellitate,,,0.7,hsp_solvents_2,
Trimethyl Amine,75-50-3,,,14.6,3.4,1.8,,,,amine,,,trimethyl amine,Trimethyl Amine,,,0.7,hsp_solvents_2,
Trimethylbenzene,95-63-6,,,18.0,1.0,1.0,,,,aromatic,Benzene and substituted derivatives,,trimethylbenzene,Trimethylbenzene,,,0.7,hsp_solvents_2,
Trimethylene Sulfide,287-27-4,,,18.8,7.8,9.4,,,,sulfur compound,,,trimethylene sulfide,Trimethylene Sulfide,,,0.7,hsp_solvents_2,
Trimethylphosphate,512-56-1,,,15.7,10.5,10.2,,,,inorganic,,,trimethylphosphate,Trimethylphosphate,,,0.7,hsp_solvents_2,
Trinitromethane,517-25-9,,,15.5,10.3,7.3,,,,nitro,Orthocarboxylic acid derivatives,,trinitromethane,Trinitromethane,,,0.7,hsp_solvents_2,
Trinitrotoluene (TNT) (DM),118-96-7,,,19.5,3.5,4.4,,,,nitro,,,trinitrotoluene (tnt) (dm),Trinitrotoluene (TNT) (DM),,,0.7,hsp_solvents_2,
Trinitrotoluene (TNT) (G.C.),118-96-7,,,19.5,10.0,4.5,,,,nitro,,,trinitrotoluene (tnt) (g.c.),Trinitrotoluene (TNT) (G.C.),,,0.7,hsp_solvents_2,
Trioctyl Phosphate,1806-54-8,,,16.2,5.9,4.2,,,,inorganic,Organic phosphoric acids and derivatives,Phosphate esters,trioctyl phosphate,Trioctyl Phosphate,,,0.7,hsp_solvents_2,
Triphenyl Phosphate,115-86-6,,,20.1,6.4,6.8,,,,inorganic,,,triphenyl phosphate,Triphenyl Phosphate,,,0.7,hsp_solvents_2,
Tripropylene Glycol Monomethyl Ether,30373-82-1,,,15.3,5.5,10.4,,,,glycol ether,,,tripropylene glycol monomethyl ether,Tripropylene Glycol Monomethyl Ether,,,0.7,hsp_solvents_2,
Undecane,1120-21-4,,,16.0,0.0,0.0,,,,hydrocarbon,Saturated hydrocarbons,Alkanes,undecane,Undecane,,,0.7,hsp_solvents_2,
Urea For Ro Equal 19.4,57-13-6,,,20.9,18.7,26.4,,,,amide,,,urea for ro equal 19.4,Urea For Ro Equal 19.4,,,0.7,hsp_solvents_2,
Urea Min Sphere,57-13-6,,,17.6,17.3,16.0,,,,amide,,,urea min sphere,Urea Min Sphere,,,0.7,hsp_solvents_2,
Valeronitrile,110-59-8,,,15.3,11.0,4.8,,,,nitrile,Organonitrogen compounds,Organic cyanides,valeronitrile,Valeronitrile,,,0.7,hsp_solvents_2,
Vanillin (4-Hydroxy-3-Methoxy Benzaldehy,121-33-5,,,19.4,9.8,11.2,,,,aldehyde,Phenols,Methoxyphenols,vanillin (4-hydroxy-3-methoxy benzaldehy,Vanillin (4-Hydroxy-3-Methoxy Benzaldehy,,,0.7,hsp_solvents_2,
Vinyl 2-Chloro Ethyl Ether,110-75-8,,,16.3,6.7,5.8,,,,ether,Organochlorides,,vinyl 2-chloro ethyl ether,Vinyl 2-Chloro Ethyl Ether,,,0.7,hsp_solvents_2,
Vinyl 2-Ethylhexyl Ether,103-44-6,,,15.6,3.4,4.2,,,,ether,Organooxygen compounds,,vinyl 2-ethylhexyl ether,Vinyl 2-Ethylhexyl Ether,,,0.7,hsp_solvents_2,
Vinyl 2-Methoxy Ethyl Ether,1663-35-0,,,15.9,6.7,6.8,,,,ether,Organooxygen compounds,Ethers,vinyl 2-methoxy ethyl ether,Vinyl 2-Methoxy Ethyl Ether,,,0.7,hsp_solvents_2,
Vinyl Acetate,108-05-4,,,16.0,7.2,5.9,,,,ester,Carboxylic acids and derivatives,Carboxylic acid derivatives,vinyl acetate,Vinyl Acetate,,,0.7,hsp_solvents_2,
Vinyl Acetylene,689-97-4,,,16.0,1.7,8.0,,,,hydrocarbon,Unsaturated hydrocarbons,Enynes,vinyl acetylene,Vinyl Acetylene,,,0.7,hsp_solvents_2,
Vinyl Allyl Ether,3917-15-5,,,14.9,6.5,5.3,,,,ether,Organooxygen compounds,,vinyl allyl ether,Vinyl Allyl Ether,,,0.7,hsp_solvents_2,
Vinyl Amine,593-67-9,,,15.7,7.2,11.8,,,,amine,,,vinyl amine,Vinyl Amine,,,0.7,hsp_solvents_2,
Vinyl Butyl Carbitol,,,,16.0,5.0,6.0,,,,alcohol,,,vinyl butyl carbitol,Vinyl Butyl Carbitol,,,0.7,hsp_solvents_2,
Vinyl Butyl Ether,111-34-2,,,15.2,4.1,5.1,,,,ether,Organooxygen compounds,,vinyl butyl ether,Vinyl Butyl Ether,,,0.7,hsp_solvents_2,
Vinyl Butyl Sulfide,4789-70-2,,,16.0,5.0,5.4,,,,sulfur compound,Thioethers,Thioenol ethers,vinyl butyl sulfide,Vinyl Butyl Sulfide,,,0.7,hsp_solvents_2,
Vinyl Butyrate,123-20-6,,,15.6,3.9,6.9,,,,ester,,,vinyl butyrate,Vinyl Butyrate,,,0.7,hsp_solvents_2,
Vinyl Carbitol,929-37-3,,,16.3,7.5,13.8,,,,alcohol,Organooxygen compounds,Ethers,vinyl carbitol,Vinyl Carbitol,,,0.7,hsp_solvents_2,
Vinyl Chloride,75-01-4,,,16.0,6.5,2.4,,,,halogenated,Vinyl halides,Vinyl chlorides,vinyl chloride,Vinyl Chloride,,,0.7,hsp_solvents_2,
Vinyl Crotonate,14861-06-4,,,15.9,5.0,9.0,,,,ester,Fatty Acyls,Fatty acid esters,vinyl crotonate,Vinyl Crotonate,,,0.7,hsp_solvents_2,
Vinyl Ether,109-93-3,,,14.8,4.2,5.8,,,,ether,Organooxygen compounds,,vinyl ether,Vinyl Ether,,,0.7,hsp_solvents_2,
Vinyl Ethyl Carbitol,10143-53-0,,,15.9,6.0,6.6,,,,alcohol,Organooxygen compounds,Ethers,vinyl ethyl carbitol,Vinyl Ethyl Carbitol,,,0.7,hsp_solvents_2,
Vinyl Ethyl Sulfide,627-50-9,,,16.4,5.8,6.3,,,,sulfur compound,,,vinyl ethyl sulfide,Vinyl Ethyl Sulfide,,,0.7,hsp_solvents_2,
Vinyl Formate,692-45-5,,,15.3,6.5,9.7,,,,ester,Carboxylic acids and derivatives,Carboxylic acid derivatives,vinyl formate,Vinyl Formate,,,0.7,hsp_solvents_2,
Vinyl Iodide (Iodoethene),593-66-8,,,18.0,5.5,7.3,,,,halogenated,Vinyl halides,Vinyl iodides,vinyl iodide (iodoethene),Vinyl Iodide (Iodoethene),,,0.7,hsp_solvents_2,
Vinyl Isobutyl Ether,109-53-5,,,15.1,4.1,5.1,,,,ether,Organooxygen compounds,,vinyl isobutyl ether,Vinyl Isobutyl Ether,,,0.7,hsp_solvents_2,
Vinyl Isopropyl Ether,926-65-8,,,14.7,3.5,5.2,,,,ether,Organooxygen compounds,,vinyl isopropyl ether,Vinyl Isopropyl Ether,,,0.7,hsp_solvents_2,
Vinyl Propionate,105-38-4,,,15.6,8.0,4.7,,,,ester,,,vinyl propionate,Vinyl Propionate,,,0.7,hsp_solvents_2,
Vinyl Propyl Ether,764-47-6,,,14.9,3.5,5.2,,,,ether,Organooxygen compounds,,vinyl propyl ether,Vinyl Propyl Ether,,,0.7,hsp_solvents_2,
Vinyl Pyrrolidone,88-12-0,,,16.4,9.3,5.9,,,,amide,Pyrrolidines,Pyrrolidones,vinyl pyrrolidone,Vinyl Pyrrolidone,,,0.7,hsp_solvents_2,
Vinyl S-Butyl Mercapto Ethyl Ether,,,,16.5,5.0,5.8,,,,ether,,,vinyl s-butyl mercapto ethyl ether,Vinyl S-Butyl Mercapto Ethyl Ether,,,0.7,hsp_solvents_2,
Vinyl S-Ethyl Mercapto Ethyl Ether,,,,16.4,7.0,6.0,,,,ether,,,vinyl s-ethyl mercapto ethyl ether,Vinyl S-Ethyl Mercapto Ethyl Ether,,,0.7,hsp_solvents_2,
Vinyl Silane,7291-09-0,,,15.5,2.6,4.0,,,,inorganic,,,vinyl silane,Vinyl Silane,,,0.7,hsp_solvents_2,
Vinyl Trifluoro Acetate,433-28-3,,,13.9,4.3,7.6,,,,ester,Carboxylic acids and derivatives,Carboxylic acid derivatives,vinyl trifluoro acetate,Vinyl Trifluoro Acetate,,,0.7,hsp_solvents_2,
Vinyl Trimethyl Silane,754-05-2,,,14.5,1.0,2.5,,,,inorganic,,,vinyl trimethyl silane,Vinyl Trimethyl Silane,,,0.7,hsp_solvents_2,
Vinyl-2-Ethyl Hexanoate,94-04-2,,,15.6,2.7,5.8,,,,ester,Fatty Acyls,Fatty acid esters,vinyl-2-ethyl hexanoate,Vinyl-2-Ethyl Hexanoate,,,0.7,hsp_solvents_2,
Vinylenecarbonate,872-36-6,,,17.3,18.1,9.6,,,,ester,Organic carbonic acids and derivatives,Carbonic acid diesters,vinylenecarbonate,Vinylenecarbonate,,,0.7,hsp_solvents_2,
Water,7732-18-5,,,15.5,16.0,42.3,,,,inorganic,Homogeneous other non-metal compounds,,water,Water,,,0.7,hsp_solvents_2,
Water 1% Soluble In - Ro=18.1,7732-18-5,,,15.1,20.4,16.5,,,,inorganic,Homogeneous other non-metal compounds,,water 1% soluble in - ro=18.1,Water 1% Soluble In - Ro=18.1,,,0.7,hsp_solvents_2,
Water Complete Misc. (R=13.0),7732-18-5,,,18.1,17.1,16.9,,,,inorganic,Homogeneous other non-metal compounds,,water complete misc. (r=13.0),Water Complete Misc. (R=13.0),,,0.7,hsp_solvents_2,
Xylene,106-42-3,,,17.8,1.0,3.1,,,,aromatic,Benzene and substituted derivatives,Xylenes,xylene,Xylene,,,0.7,hsp_solvents_2,
ß-Propiolactone,57-57-8,,,17.0,18.2,9.0,,,,ester,,,ß-propiolactone,ß-Propiolactone,,,0.7,hsp_solvents_2,
α-Chloro Acetophenone,532-27-4,,,20.0,9.6,5.7,,,,ketone,Organooxygen compounds,Carbonyl compounds,α-chloro acetophenone,α-Chloro Acetophenone,,,0.7,hsp_solvents_2,
α-Chloro Methyl Acrylate,80-63-7,,,15.9,7.3,8.5,,,,ester,Carboxylic acids and derivatives,Carboxylic acid derivatives,α-chloro methyl acrylate,α-Chloro Methyl Acrylate,,,0.7,hsp_solvents_2,
γ-Butyrolactone (GBL),96-48-0,,,18.0,16.6,7.4,,,,ester,Lactones,Gamma butyrolactones,γ-butyrolactone (gbl),γ-Butyrolactone (GBL),,,0.7,hsp_solvents_2,
γ-Thiobutyrolactone,1003-10-7,,,19.0,6.9,6.2,,,,ester,,,γ-thiobutyrolactone,γ-Thiobutyrolactone,,,0.7,hsp_solvents_2,
