name_iupac,name_common,name_acronyms,cas,mol_formula,smiles,dD,dP,dH,radius,mw,bp_c,density_g_ml,cf_class,cf_subclass,ghs_hazard,processing_notes
"1,1,1,2-tetrachloroethane","1,1,1,2-Tetrachloroethane",,630-20-6,C2H2Cl4,ClCC(Cl)(Cl)Cl,18.0,4.4,4.2,,167.8,130.6,,Organochlorides,,H302; H310; H318; H319; H331; H332; H351; H412; H320; H335; H341; H373; H402,[NAME] name_iupac from PubChem pipeline | [CLASS] ClassyFire from pipeline: Organochlorides | [CAS] CAS 630-20-6 validated by pipeline
"1,1,1-trichloroethane","1,1,1-Trichloroethane",,71-55-6,C2H3Cl3,CC(Cl)(Cl)Cl,16.8,4.3,2.0,,133.4,,,Organochlorides,,H332; H420; H225; H315; H319; H290; H320; H336; H350; H360; H370; H372; H400; H410; H335; H351; H361; H373,[NAME] name_iupac from PubChem pipeline | [CLASS] ClassyFire from pipeline: Organochlorides | [CAS] CAS 71-55-6 validated by pipeline
"1,1,2,2-tetrabromoethane","1,1,2,2-Tetrabromoethane",,79-27-6,C2H2Br4,BrC(Br)C(Br)Br,21.0,7.0,8.2,,345.65,243.6,,Organobromides,,H319; H330; H412; H302; H315; H331; H335; H370; H372; H373; H320; H371,[NAME] name_iupac from PubChem pipeline | [CLASS] ClassyFire from pipeline: Organobromides | [CAS] CAS 79-27-6 validated by pipeline
"1,1,2,2-tetrachloroethane","1,1,2,2-Tetrachloroethane",,79-34-5,C2H2Cl4,ClC(Cl)C(Cl)Cl,18.8,5.1,5.3,,167.8,,,Organochlorides,,H310; H330; H411; H302; H350; H315; H319; H331; H335; H336; H341; H351; H370; H372; H227; H301; H401,[NAME] name_iupac from PubChem pipeline | [CLASS] ClassyFire from pipeline: Organochlorides | [CAS] CAS 79-34-5 validated by pipeline
"1,1,2,2-tetrachloropropane","1,1,2,2-Tetrachloropropane",,13116-60-4,C3H4Cl4,CC(Cl)(Cl)C(Cl)Cl,17.9,6.7,3.3,,181.9,153.0,,Organochlorides,,,[NAME] name_iupac from PubChem pipeline | [CLASS] ClassyFire from pipeline: Organochlorides | [CAS] CAS 13116-60-4 validated by pipeline
"1,1,2-tribromoethene","1,1,2-Tribromo Ethylene",,598-16-3,C2HBr3,BrC=C(Br)Br,18.3,9.4,8.0,,264.74,164.1,,Vinyl halides,Vinyl bromides,H302; H312; H315; H319; H332; H335,[NAME] name_iupac from PubChem pipeline | [CLASS] ClassyFire from pipeline: Vinyl halides | [CAS] CAS 598-16-3 validated by pipeline
"1,1,2-trichloroprop-1-ene","1,1,2-Trichloro Propene",,21400-25-9,C3H3Cl3,CC(Cl)=C(Cl)Cl,17.7,15.7,3.4,,145.41,,,Vinyl halides,Vinyl chlorides,,[NAME] name_iupac from PubChem pipeline | [CLASS] ClassyFire from pipeline: Vinyl halides | [CAS] CAS 21400-25-9 validated by pipeline
"1,1,2-trichloroethane","1,1,2-Trichloroethane",,79-00-5,C2H3Cl3,ClCC(Cl)Cl,18.2,5.3,6.8,,133.4,,,Organochlorides,,H302; H312; H332; H351; H331; H412; H315; H320; H335; H336; H370; H372; H402; H373,[NAME] name_iupac from PubChem pipeline | [CLASS] ClassyFire from pipeline: Organochlorides | [CAS] CAS 79-00-5 validated by pipeline
"1,1,3,3-tetramethoxypropane","1,1,3,3-Tetramethoxypropane",,102-52-3,C7H16O4,COC(CC(OC)OC)OC,15.0,7.1,6.8,,164.2,183.1,,Organooxygen compounds,Ethers,H226; H315,[NAME] name_iupac from PubChem pipeline | [CLASS] ClassyFire from pipeline: Organooxygen compounds | [CAS] CAS 102-52-3 validated by pipeline
3-(1-prop-2-enoxyethoxy)prop-1-ene,"1,1-Diallyloxyethane",,20682-69-3,C8H14O2,CC(OCC=C)OCC=C,15.4,5.1,4.8,,142.2,,,Organooxygen compounds,Ethers,,[NAME] name_iupac from PubChem pipeline | [CLASS] ClassyFire from pipeline: Organooxygen compounds | [CAS] CAS 20682-69-3 validated by pipeline
"1,1-dibromoethane","1,1-Dibromoethane",,557-91-5,C2H4Br2,CC(Br)Br,18.5,8.4,8.8,,187.86,109.5,,Organobromides,,H301; H302; H311; H312; H315; H319; H331; H332; H335; H351,[NAME] name_iupac from PubChem pipeline | [CLASS] ClassyFire from pipeline: Organobromides | [CAS] CAS 557-91-5 validated by pipeline
"1,1-dibromoethene","1,1-Dibromoethylene",,593-92-0,C2H2Br2,BrC(Br)=C,16.2,4.8,7.0,,185.85,92.1,,Organooxygen compounds,Ketene acetals,,[NAME] name_iupac from PubChem pipeline | [CLASS] ClassyFire from pipeline: Organooxygen compounds | [CAS] CAS 593-92-0 validated by pipeline
"1,1-dichloro-1-nitroethane","1,1-Dichloro-1-Nitroethane",,594-72-9,C2H3Cl2NO2,CC(Cl)(Cl)[N+]([O-])=O,16.8,12.1,4.3,,143.95,123.6,,"Allyl-type 1,3-dipolar organic compounds",Organic nitro compounds,H301; H311; H331; H226; H302; H315; H370,"[NAME] name_iupac from PubChem pipeline | [CLASS] ClassyFire from pipeline: Allyl-type 1,3-dipolar organic compounds | [CAS] CAS 594-72-9 validated by pipeline"
"1,1-dichloropropan-2-one","1,1-Dichloroacetone",,513-88-2,C3H4Cl2O,CC(=O)C(Cl)Cl,17.1,7.6,5.4,,126.97,120.1,,Organooxygen compounds,Carbonyl compounds,H226; H301; H302; H314; H318; H319; H400; H410,[NAME] name_iupac from PubChem pipeline | [CLASS] ClassyFire from pipeline: Organooxygen compounds | [CAS] CAS 513-88-2 validated by pipeline
"1,1-dichloroethane","1,1-Dichloroethane",,75-34-3,C2H4Cl2,CC(Cl)Cl,16.5,7.8,3.0,,98.96,,,Organochlorides,,H225; H302; H319; H335; H412; H332; H315; H336; H341; H370; H402; H411; H333; H373,[NAME] name_iupac from PubChem pipeline | [CLASS] ClassyFire from pipeline: Organochlorides | [CAS] CAS 75-34-3 validated by pipeline
"1,1-dichloroethene","1,1-Dichloroethylene",,75-35-4,C2H2Cl2,ClC(Cl)=C,16.4,5.2,2.4,,96.94,31.4,,Organooxygen compounds,Ketene acetals,H224; H332; H351; H302; H319; H372; H412; H341; H350; H401; H336; H361; H370; H305; H331; H373; H301; H315,[NAME] name_iupac from PubChem pipeline | [CLASS] ClassyFire from pipeline: Organooxygen compounds | [CAS] CAS 75-35-4 validated by pipeline
"1,1-dichloropropane","1,1-Dichloropropane",,78-99-9,C3H6Cl2,CCC(Cl)Cl,16.1,7.8,3.5,,112.98,88.1,,Organochlorides,,H225; H315; H319; H332; H335; H351; H402; H412,[NAME] name_iupac from PubChem pipeline | [CLASS] ClassyFire from pipeline: Organochlorides | [CAS] CAS 78-99-9 validated by pipeline
"1,1-dichloroprop-1-ene","1,1-Dichloropropene",,563-58-6,C3H4Cl2,CC=C(Cl)Cl,16.9,6.7,2.9,,110.97,76.6,,Organooxygen compounds,Ketene acetals,H225; H301; H412,[NAME] name_iupac from PubChem pipeline | [CLASS] ClassyFire from pipeline: Organooxygen compounds | [CAS] CAS 563-58-6 validated by pipeline
"1,1-diethoxybutane","1,1-Diethoxy Butane",,3658-95-5,C8H18O2,CCCC(OCC)OCC,15.4,4.9,4.6,,146.23,143.1,,Organooxygen compounds,Ethers,H225; H226; H315; H317; H319,[NAME] name_iupac from PubChem pipeline | [CLASS] ClassyFire from pipeline: Organooxygen compounds | [CAS] CAS 3658-95-5 validated by pipeline
"1,1-diethoxyethane","1,1-Diethoxy Ethane",,105-57-7,C6H14O2,CCOC(C)OCC,15.0,3.4,4.0,,118.17,,,Organooxygen compounds,Ethers,H225; H315; H319; H318; H320; H335; H336,[NAME] name_iupac from PubChem pipeline | [CLASS] ClassyFire from pipeline: Organooxygen compounds | [CAS] CAS 105-57-7 validated by pipeline
"1,1-difluoroethane","1,1-Difluoroethane",,75-37-6,C2H4F2,CC(F)F,14.9,9.3,2.9,,66.05,-24.7,,Organofluorides,,H220; H280; H336,[NAME] name_iupac from PubChem pipeline | [CLASS] ClassyFire from pipeline: Organofluorides | [CAS] CAS 75-37-6 validated by pipeline
"1,1-difluoroethene","1,1-Difluoroethylene",,75-38-7,C2H2F2,FC(F)=C,15.0,5.7,3.6,,64.03,-82.9,,Organooxygen compounds,Ketene acetals,H220; H230; H280; H340; H350; H336,[NAME] name_iupac from PubChem pipeline | [CLASS] ClassyFire from pipeline: Organooxygen compounds | [CAS] CAS 75-38-7 validated by pipeline
"1,1-dimethoxyethane","1,1-Dimethoxy Ethane",,534-15-6,C4H10O2,COC(C)OC,15.1,4.9,4.9,,90.12,62.9,,Organooxygen compounds,Ethers,H225,[NAME] name_iupac from PubChem pipeline | [CLASS] ClassyFire from pipeline: Organooxygen compounds | [CAS] CAS 534-15-6 validated by pipeline
"1,1-dimethylhydrazine","1,1-Dimethyl Hydrazine",,57-14-7,C2H8N2,CN(C)N,15.3,5.9,11.0,,60.1,64.0,,Organonitrogen compounds,Hydrazines and derivatives,H225; H301; H314; H331; H350; H411; H311; H335; H317; H312; H315; H319; H330; H341; H351; H370; H372; H340; H361,[NAME] name_iupac from PubChem pipeline | [CLASS] ClassyFire from pipeline: Organonitrogen compounds | [CAS] CAS 57-14-7 validated by pipeline
"1,2,3,4-tetramethylbenzene","1,2,3,4-Tetramethylbenzene",,488-23-3,C10H14,Cc1ccc(C)c(C)c1C,18.8,0.5,0.5,,134.22,,,Benzene and substituted derivatives,,H315; H319; H335,[NAME] name_iupac from PubChem pipeline | [CLASS] ClassyFire from pipeline: Benzene and substituted derivatives | [CAS] CAS 488-23-3 validated by pipeline
"1,2,3,5-tetramethylbenzene","1,2,3,5-Tetramethylbenzene",,527-53-7,C10H14,Cc1cc(C)c(C)c(C)c1,18.6,0.5,0.5,,134.22,,,Benzene and substituted derivatives,,H315; H319,[NAME] name_iupac from PubChem pipeline | [CLASS] ClassyFire from pipeline: Benzene and substituted derivatives | [CAS] CAS 527-53-7 validated by pipeline
2H-benzotriazole,"1,2,3-Benzotriazole",,95-14-7,C6H5N3,[nH]1nnc2ccccc12,18.7,15.6,12.4,,119.12,,,Benzotriazoles,,H411; H302; H319; H332; H412; H336; H371; H402,[NAME] name_iupac from PubChem pipeline | [CLASS] ClassyFire from pipeline: Benzotriazoles | [CAS] CAS 95-14-7 validated by pipeline
2H-triazole,"1,2,3-Triazole",,288-36-8,C2H3N3,[nH]1ccnn1,20.7,8.8,15.0,,69.07,,,Azoles,Triazoles,H315; H319; H335,[NAME] name_iupac from PubChem pipeline | [CLASS] ClassyFire from pipeline: Azoles | [CAS] CAS 288-36-8 validated by pipeline
"1,2,3-trichloroprop-1-ene","1,2,3-Trichloro Propene",,96-19-5,C3H3Cl3,ClCC(Cl)=CCl,17.8,7.8,3.4,,145.41,,,Vinyl halides,Vinyl chlorides,H227; H301; H302; H311; H315; H319; H330; H331; H335,[NAME] name_iupac from PubChem pipeline | [CLASS] ClassyFire from pipeline: Vinyl halides | [CAS] CAS 96-19-5 validated by pipeline
"1,2,3-trichloropropane","1,2,3-Trichloropropane",,96-18-4,C3H5Cl3,ClCC(Cl)CCl,17.8,12.3,3.4,,147.43,,,Organochlorides,,H302; H312; H332; H350; H360; H301; H311; H319; H331; H341; H372; H373; H411; H227; H330; H335; H370; H401; H336; H371,[NAME] name_iupac from PubChem pipeline | [CLASS] ClassyFire from pipeline: Organochlorides | [CAS] CAS 96-18-4 validated by pipeline
"1,2,4,5-tetrachlorobenzene","1,2,4,5-Tetrachlorobenzene",,95-94-3,C6H2Cl4,Clc1cc(Cl)c(Cl)cc1Cl,21.2,10.7,3.4,,215.9,243.1,,Benzene and substituted derivatives,Halobenzenes,H302; H315; H319; H335; H400; H410; H336; H361; H362; H372; H373,[NAME] name_iupac from PubChem pipeline | [CLASS] ClassyFire from pipeline: Benzene and substituted derivatives | [CAS] CAS 95-94-3 validated by pipeline
"1,2,4-trichlorobenzene","1,2,4-Trichlorobenzene",,120-82-1,C6H3Cl3,Clc1ccc(Cl)c(Cl)c1,20.2,4.2,3.2,,181.4,213.6,,Benzene and substituted derivatives,Halobenzenes,H302; H315; H400; H410; H319; H335; H336; H351; H373; H316,[NAME] name_iupac from PubChem pipeline | [CLASS] ClassyFire from pipeline: Benzene and substituted derivatives | [CAS] CAS 120-82-1 validated by pipeline
"buta-1,2-diene","1,2-Butadiene",,590-19-2,C4H6,C[CH]=[C]=[CH2],15.0,1.7,6.2,,54.09,10.9,,Acyclic allenes,,H220; H224; H280; H411,[NAME] name_iupac from PubChem pipeline | [CLASS] ClassyFire from pipeline: Acyclic allenes | [CAS] CAS 590-19-2 validated by pipeline
"1,2-chlorobromoethylene","1,2-Chlorobromoethylene",,,,,17.2,6.6,2.3,,,,,,,,[NAME] name_iupac: no pipeline enrichment; using lowercase common name | [CLASS] ClassyFire not available | [CAS] CAS not available in source
"cyclohexane-1,2-diol","1,2-Cyclohexanediol",,931-17-9,C6H12O2,OC1CCCCC1O,17.4,9.8,18.3,,116.16,,,Organooxygen compounds,Alcohols and polyols,H315; H319; H335,[NAME] name_iupac from PubChem pipeline | [CLASS] ClassyFire from pipeline: Organooxygen compounds | [CAS] CAS 931-17-9 validated by pipeline
"cyclohexane-1,2-dione","1,2-Cyclohexanedione",,765-87-7,C6H8O2,O=C1CCCCC1=O,18.6,10.3,8.0,,112.13,194.1,,Organooxygen compounds,Carbonyl compounds,H302; H315; H319; H335,[NAME] name_iupac from PubChem pipeline | [CLASS] ClassyFire from pipeline: Organooxygen compounds | [CAS] CAS 765-87-7 validated by pipeline
"1,2-dibromoethene","1,2-Dibromoethylene",,540-49-8,C2H2Br2,BrC=CBr,17.0,4.9,3.0,,185.85,111.9,,Vinyl halides,Vinyl bromides,H301; H315; H319; H335,[NAME] name_iupac from PubChem pipeline | [CLASS] ClassyFire from pipeline: Vinyl halides | [CAS] CAS 540-49-8 validated by pipeline
"(Z)-1,2-dichloroethene","1,2-Dichloroethylene (Cis)",,156-59-2,,,17,8,3.2,,,,,Vinyl halides,Vinyl chlorides,,[NAME] name_iupac from PubChem pipeline | [CLASS] ClassyFire from pipeline: Vinyl halides | [CAS] CAS 156-59-2 validated by pipeline
"1,2-dichloropropane","1,2-Dichloropropane",,78-87-5,C3H6Cl2,CC(Cl)CCl,17.3,7.1,2.9,,112.98,,,Organochlorides,,H225; H302; H332; H350; H331; H317; H319; H336; H341; H361; H370; H372; H373; H401; H411; H315; H335; H351; H316,[NAME] name_iupac from PubChem pipeline | [CLASS] ClassyFire from pipeline: Organochlorides | [CAS] CAS 78-87-5 validated by pipeline
"(Z)-1,2-dichloroprop-1-ene","1,2-Dichloropropene (Cis)",,6923-20-2,,,17,8.5,2.9,,,,,Vinyl halides,Vinyl chlorides,,[NAME] name_iupac from PubChem pipeline | [CLASS] ClassyFire from pipeline: Vinyl halides | [CAS] CAS 6923-20-2 validated by pipeline
"1,2-dichloro-1-ethoxyethene","1,2-Dichlorovinyl Ethyl Ether",,42345-82-4,C4H6Cl2O,CCOC(Cl)=CCl,16.9,10.5,6.0,,140.99,,,Vinyl halides,Vinyl chlorides,,[NAME] name_iupac from PubChem pipeline | [CLASS] ClassyFire from pipeline: Vinyl halides | [CAS] CAS 42345-82-4 validated by pipeline
"1,2-diethylbenzene","1,2-Diethyl Benzene",,135-01-3,C10H14,CCc1ccccc1CC,17.7,0.1,1.0,,134.22,,,Benzene and substituted derivatives,,H226; H304; H315; H319; H335; H411; H412; H373,[NAME] name_iupac from PubChem pipeline | [CLASS] ClassyFire from pipeline: Benzene and substituted derivatives | [CAS] CAS 135-01-3 validated by pipeline
"benzene-1,2-diol","1,2-Dihydroxybenzene (Catechol)",,120-80-9,,,20,11.3,21.8,,,,,Phenols,Benzenediols,,[NAME] name_iupac from PubChem pipeline | [CLASS] ClassyFire from pipeline: Phenols | [CAS] CAS 120-80-9 validated by pipeline
"1,2-dimethoxybenzene","1,2-Dimethoxybenzene",,91-16-7,C8H10O2,COc1ccccc1OC,19.2,4.4,9.4,,138.16,206.1,,Benzene and substituted derivatives,Methoxybenzenes,H302; H371,[NAME] name_iupac from PubChem pipeline | [CLASS] ClassyFire from pipeline: Benzene and substituted derivatives | [CAS] CAS 91-16-7 validated by pipeline
"1,2-dinitrobenzene","1,2-Dinitrobenzene",,528-29-0,C6H4N2O4,[O-][N+](=O)c1ccccc1[N+]([O-])=O,20.6,11.6,3.9,,168.11,,,Benzene and substituted derivatives,Nitrobenzenes,H300; H310; H330; H373; H400; H410; H370; H372; H317; H319; H361; H316; H335,[NAME] name_iupac from PubChem pipeline | [CLASS] ClassyFire from pipeline: Benzene and substituted derivatives | [CAS] CAS 528-29-0 validated by pipeline
2-methylideneoxirane,"1,2-Epoxy-2-Propene",,40079-14-9,C3H4O,C=C1CO1,16.5,8.6,6.7,,56.06,,,Epoxides,,,[NAME] name_iupac from PubChem pipeline | [CLASS] ClassyFire from pipeline: Epoxides | [CAS] CAS 40079-14-9 validated by pipeline
"ethane-1,2-dithiol","1,2-Ethane Dithiol",,540-63-6,C2H6S2,,17.9,7.2,8.7,,94.2,146.1,,Thiols,Alkylthiols,H226; H301; H302; H310; H312; H319; H330,[NAME] name_iupac from PubChem pipeline | [CLASS] ClassyFire from cache: Thiols | [CAS] CAS 540-63-6 validated by pipeline
"1,3-benzodioxole","1,2-Methylenedioxybenzene (G.C.)",,274-09-9,,,19,6.7,5.9,,,,,Benzodioxoles,,,[NAME] name_iupac from PubChem pipeline | [CLASS] ClassyFire from pipeline: Benzodioxoles | [CAS] CAS 274-09-9 validated by pipeline
"propa-1,2-diene","1,2-Propadiene (Allene)",,463-49-0,,,15.3,3,6.8,,,,,Acyclic allenes,,,[NAME] name_iupac from PubChem pipeline | [CLASS] ClassyFire from pipeline: Acyclic allenes | [CAS] CAS 463-49-0 validated by pipeline
"1,3,5-trioxane","1,3,5-Trioxane",,110-88-3,C3H6O3,C1OCOCO1,18.7,9.2,8.6,,90.08,,,Trioxanes,,H228; H335; H361; H370; H372; H336; H360; H373,[NAME] name_iupac from PubChem pipeline | [CLASS] ClassyFire from pipeline: Trioxanes | [CAS] CAS 110-88-3 validated by pipeline
"benzene-1,3-diol","1,3-Benzenediol",,108-46-3,C6H6O2,Oc1cccc(O)c1,18.6,8.1,20.3,,110.11,276.9,,Phenols,Benzenediols,H302; H315; H317; H319; H370; H400; H371; H318; H372; H313; H333; H410,[NAME] name_iupac from PubChem pipeline | [CLASS] ClassyFire from pipeline: Phenols | [CAS] CAS 108-46-3 validated by pipeline
"buta-1,3-diene","1,3-Butadiene",,106-99-0,C4H6,C=CC=C,14.8,2.8,5.6,,54.09,,,Unsaturated hydrocarbons,Olefins,H220; H340; H350; H280; H361; H412; H319; H335; H336; H360; H372; H373,[NAME] name_iupac from PubChem pipeline | [CLASS] ClassyFire from pipeline: Unsaturated hydrocarbons | [CAS] CAS 106-99-0 validated by pipeline
"(1Z)-1,2-dichlorobuta-1,3-diene","1,3-Butadiene-1,2-Di-Chloro",,3574-40-1,C4H4Cl2,,17.0,10.7,2.8,,122.98,,,Vinyl halides,Vinyl chlorides,,[NAME] name_iupac from PubChem pipeline | [CLASS] ClassyFire from cache: Vinyl halides | [CAS] CAS 3574-40-1 validated by pipeline
"1-chlorobuta-1,3-diene","1,3-Butadiene-1-Chloro",,627-22-5,C4H5Cl,,15.6,8.5,2.0,,88.53,,,Vinyl halides,Vinyl chlorides,H225; H315; H319; H335; H373,[NAME] name_iupac from PubChem pipeline | [CLASS] ClassyFire from cache: Vinyl halides | [CAS] CAS 627-22-5 validated by pipeline
"butane-1,3-diol","1,3-Butanediol",,107-88-0,C4H10O2,CC(O)CCO,16.5,8.1,20.9,,90.12,,,Organooxygen compounds,Alcohols and polyols,H226,[NAME] name_iupac from PubChem pipeline | [CLASS] ClassyFire from pipeline: Organooxygen compounds | [CAS] CAS 107-88-0 validated by pipeline
"1,3-dichloropropane","1,3-Dichloro Propane",,142-28-9,C3H6Cl2,ClCCCCl,18.0,8.2,3.0,,112.98,,,Organochlorides,,H225; H226; H317; H319; H412; H315; H336; H371,[NAME] name_iupac from PubChem pipeline | [CLASS] ClassyFire from pipeline: Organochlorides | [CAS] CAS 142-28-9 validated by pipeline
"1,3-dichlorobut-2-ene","1,3-Dichloro-2-Butene",,926-57-8,C4H6Cl2,CC(Cl)=CCCl,16.9,7.8,2.7,,124.99,127.1,,Vinyl halides,Vinyl chlorides,H226; H301; H302; H312; H315; H319; H331; H335,[NAME] name_iupac from PubChem pipeline | [CLASS] ClassyFire from pipeline: Vinyl halides | [CAS] CAS 926-57-8 validated by pipeline
"1,3-dichloro-2-fluorobenzene","1,3-Dichloro-2-Fluorobenzene",,2268-05-5,C6H3Cl2F,Fc1c(Cl)cccc1Cl,19.4,9.1,2.7,,164.99,168.6,,Benzene and substituted derivatives,Halobenzenes,H228; H315; H319; H335,[NAME] name_iupac from PubChem pipeline | [CLASS] ClassyFire from pipeline: Benzene and substituted derivatives | [CAS] CAS 2268-05-5 validated by pipeline
"1,3-dichloropropan-2-ol","1,3-Dichloro-2-Propanol",,96-23-1,C3H6Cl2O,OC(CCl)CCl,17.5,9.9,14.6,,128.98,175.2,,Halohydrins,Chlorohydrins,H301; H312; H350; H311; H314; H318; H330; H335; H336; H341; H370; H373; H227; H315; H319; H351; H372,[NAME] name_iupac from PubChem pipeline | [CLASS] ClassyFire from pipeline: Halohydrins | [CAS] CAS 96-23-1 validated by pipeline
"1,3-dimethoxybutane","1,3-Dimethoxy Butane",,10143-66-5,C6H14O2,COCCC(C)OC,15.6,5.5,5.2,,118.17,,,Organooxygen compounds,Ethers,,[NAME] name_iupac from PubChem pipeline | [CLASS] ClassyFire from pipeline: Organooxygen compounds | [CAS] CAS 10143-66-5 validated by pipeline
"1,3-dioxolane","1,3-Dioxolane",,646-06-0,C3H6O2,C1COCO1,18.1,6.6,9.3,,74.08,74.6,,Dioxolanes,"1,3-dioxolanes",H225; H319; H360; H318; H361; H303; H316; H341,[NAME] name_iupac from PubChem pipeline | [CLASS] ClassyFire from pipeline: Dioxolanes | [CAS] CAS 646-06-0 validated by pipeline
"(3E)-penta-1,3-diene","1,3-Pentadiene (Trans)",,2004-70-8,,,15,2.5,4,,,,,Unsaturated hydrocarbons,Olefins,,[NAME] name_iupac from PubChem pipeline | [CLASS] ClassyFire from pipeline: Unsaturated hydrocarbons | [CAS] CAS 2004-70-8 validated by pipeline
"oxathiolane 2,2-dioxide","1,3-Propane Sultone",,1120-71-4,C3H6O3S,O=[S]1(=O)CCCO1,18.4,16.0,9.0,,122.15,,,Oxathiolanes,Gamma sultones,H302; H312; H350; H301; H311; H315; H318; H319; H332; H341; H412; H370; H402; H316; H320; H335; H351; H330,[NAME] name_iupac from PubChem pipeline | [CLASS] ClassyFire from pipeline: Oxathiolanes | [CAS] CAS 1120-71-4 validated by pipeline
"propane-1,3-diol","1,3-Propanediol (Trimethyleneglycol)",,504-63-2,,,16.8,13.5,23.2,,,,,Organooxygen compounds,Alcohols and polyols,,[NAME] name_iupac from PubChem pipeline | [CLASS] ClassyFire from pipeline: Organooxygen compounds | [CAS] CAS 504-63-2 validated by pipeline
4-prop-2-enoyloxybutyl prop-2-enoate,"1,4-Butandiol Diacrylate",,1070-70-8,C10H14O4,OCCCCO.OC(=O)C=C.OC(=O)C=C,16.8,9.1,4.2,,198.22,,,Carboxylic acids and derivatives,Acrylic acids and derivatives,H312; H314; H317; H302; H311; H318; H319; H332; H412; H315,[NAME] name_iupac from PubChem pipeline | [CLASS] ClassyFire from pipeline: Carboxylic acids and derivatives | [CAS] CAS 1070-70-8 validated by pipeline
"butane-1,4-diol","1,4-Butanediol",,110-63-4,C4H10O2,OCCCCO,16.6,11.0,20.9,,90.12,229.7,,Organooxygen compounds,Alcohols and polyols,H302; H336,[NAME] name_iupac from PubChem pipeline | [CLASS] ClassyFire from pipeline: Organooxygen compounds | [CAS] CAS 110-63-4 validated by pipeline
"1,4-dichlorobut-2-ene","1,4-Dichloro-2-Butene",,764-41-0,C4H6Cl2,ClCC=CCCl,17.8,7.6,2.0,,124.99,,,Organochlorides,,H301; H311; H314; H330; H350; H400; H410; H226; H318; H336; H341; H370; H372; H340; H361,[NAME] name_iupac from PubChem pipeline | [CLASS] ClassyFire from pipeline: Organochlorides | [CAS] CAS 764-41-0 validated by pipeline
"1,4-dichlorobutane","1,4-Dichlorobutane",,110-56-5,C4H8Cl2,ClCCCCCl,18.3,7.7,2.8,,127.01,,,Organochlorides,,H226; H315; H319; H335; H412,[NAME] name_iupac from PubChem pipeline | [CLASS] ClassyFire from pipeline: Organochlorides | [CAS] CAS 110-56-5 validated by pipeline
"benzene-1,4-diol","1,4-Dihydroxybenzene (1,4-Benzenediol)",,123-31-9,,,21,10.2,27.2,,,,,Phenols,Benzenediols,,[NAME] name_iupac from PubChem pipeline | [CLASS] ClassyFire from pipeline: Phenols | [CAS] CAS 123-31-9 validated by pipeline
"1,4-dioxane","1,4-Dioxane",dioxane,123-91-1,C4H8O2,C1COCCO1,17.1,6.8,7.8,,88.11,,,Dioxanes,"1,4-dioxanes",H225; H319; H335; H350; H351; H332; H336; H372; H315; H370; H373; H313; H331,[NAME] name_iupac from PubChem pipeline | [CLASS] ClassyFire from pipeline: Dioxanes | [NAME] Acronyms: dioxane | [CAS] CAS 123-91-1 validated by pipeline
"1,4-dioxane","1,4-Dioxane (High P)",dioxane,123-91-1,,,17.1,6.8,7.8,,,,,Dioxanes,"1,4-dioxanes",,[NAME] name_iupac from PubChem pipeline | [CLASS] ClassyFire from pipeline: Dioxanes | [NAME] Acronyms: dioxane | [CAS] CAS 123-91-1 validated by pipeline
"1,4-oxathiane","1,4-Thioxane",,15980-15-1,C4H8OS,C1CSCCO1,19.0,6.6,7.7,,104.17,,,Oxathianes,,H226; H315; H319; H335,[NAME] name_iupac from PubChem pipeline | [CLASS] ClassyFire from pipeline: Oxathianes | [CAS] CAS 15980-15-1 validated by pipeline
"1,5-dichloropentane","1,5-Dichloropentane",,628-76-2,C5H10Cl2,ClCCCCCCl,18.0,7.8,1.5,,141.04,180.1,,Organochlorides,,H226; H301; H315; H319; H335,[NAME] name_iupac from PubChem pipeline | [CLASS] ClassyFire from pipeline: Organochlorides | [CAS] CAS 628-76-2 validated by pipeline
"1,3,3-trimethyl-2-oxabicyclo[2.2.2]octane","1,8-Cineole (Eucalyptol)",,470-82-6,,,16.7,4.6,3.4,,,,,Oxanes,,,[NAME] name_iupac from PubChem pipeline | [CLASS] ClassyFire from pipeline: Oxanes | [CAS] CAS 470-82-6 validated by pipeline
"nonane-1,9-diol","1,9-Nonanediol",,3937-56-2,C9H20O2,OCCCCCCCCCO,15.7,7.0,15.1,,160.25,,,Fatty Acyls,Fatty alcohols,H315; H319; H335; H412,[NAME] name_iupac from PubChem pipeline | [CLASS] ClassyFire from pipeline: Fatty Acyls | [CAS] CAS 3937-56-2 validated by pipeline
"[(1E)-buta-1,3-dienyl] acetate","1-Acetoxy-1,3-Butadiene",,1515-76-0,C6H8O2,CC(=O)OC=CC=C,16.1,4.4,8.3,,112.13,,,Carboxylic acids and derivatives,Carboxylic acid derivatives,H226; H302; H311; H315; H319; H335,[NAME] name_iupac from PubChem pipeline | [CLASS] ClassyFire from pipeline: Carboxylic acids and derivatives | [CAS] CAS 1515-76-0 validated by pipeline
1-aminocyclopropane-1-carboxylic acid,1-Aminocyclopropane Carboxylic Acid,,22059-21-8,C4H7NO2,NC1(CC1)C(O)=O,17.0,6.3,13.6,,101.1,,,Carboxylic acids and derivatives,"Amino acids, peptides, and analogues",H315; H319; H335,[NAME] name_iupac from PubChem pipeline | [CLASS] ClassyFire from pipeline: Carboxylic acids and derivatives | [CAS] CAS 22059-21-8 validated by pipeline
(Z)-1-bromoprop-1-ene,1-Bromo Propene (Cis),,590-13-6,,,16.3,6.4,5,,,,,Vinyl halides,Vinyl bromides,,[NAME] name_iupac from PubChem pipeline | [CLASS] ClassyFire from pipeline: Vinyl halides | [CAS] CAS 590-13-6 validated by pipeline
1-bromo-4-ethoxybenzene,1-Bromo-4-Ethoxy Benzene,,588-96-5,C8H9BrO,CCOc1ccc(Br)cc1,19.5,7.7,5.3,,201.06,233.1,,Phenol ethers,,H315; H319; H335,[NAME] name_iupac from PubChem pipeline | [CLASS] ClassyFire from pipeline: Phenol ethers | [CAS] CAS 588-96-5 validated by pipeline
1-bromonaphthalene,1-Bromonaphthalene,,90-11-9,C10H7Br,Brc1cccc2ccccc12,20.6,3.1,4.1,,207.07,281.1,,Naphthalenes,,H302; H319,[NAME] name_iupac from PubChem pipeline | [CLASS] ClassyFire from pipeline: Naphthalenes | [CAS] CAS 90-11-9 validated by pipeline
1-bromopropane,1-Bromopropane,,106-94-5,C3H7Br,CCCBr,16.4,7.9,4.8,,122.99,,,Organobromides,,H225; H315; H319; H335; H336; H360; H373; H332; H351; H372; H402; H412; H361,[NAME] name_iupac from PubChem pipeline | [CLASS] ClassyFire from pipeline: Organobromides | [CAS] CAS 106-94-5 validated by pipeline
butane-1-thiol,1-Butanethiol,,109-79-5,C4H10S,CCCCS,16.3,5.3,4.5,,90.19,,,Thiols,Alkylthiols,H225; H302; H319; H332; H317; H335; H336; H370; H316; H320; H361; H371,[NAME] name_iupac from PubChem pipeline | [CLASS] ClassyFire from pipeline: Thiols | [CAS] CAS 109-79-5 validated by pipeline
butan-1-ol,1-Butanol,n-BuOH,71-36-3,C4H10O,CCCCO,16.0,5.7,15.8,,74.12,,,Organooxygen compounds,Alcohols and polyols,H226; H302; H315; H318; H335; H336; H319; H372; H305; H313,[NAME] name_iupac from PubChem pipeline | [CLASS] ClassyFire from pipeline: Organooxygen compounds | [NAME] Acronyms: n-BuOH | [CAS] CAS 71-36-3 validated by pipeline
but-1-ene,1-Butene,,106-98-9,C4H8,CCC=C,13.2,1.3,3.9,,56.11,,,Unsaturated hydrocarbons,Unsaturated aliphatic hydrocarbons,H220; H280; H320; H336,[NAME] name_iupac from PubChem pipeline | [CLASS] ClassyFire from pipeline: Unsaturated hydrocarbons | [CAS] CAS 106-98-9 validated by pipeline
4-methoxybut-1-ene,1-Butenyl Methyl Ether,,4696-30-4,C5H10O,CCC=COC,15.1,5.3,5.2,,86.13,,,Organooxygen compounds,,H225; H315; H319; H335,[NAME] name_iupac from PubChem pipeline | [CLASS] ClassyFire from pipeline: Organooxygen compounds | [CAS] CAS 4696-30-4 validated by pipeline
1-chloropentane,1-Chloro Pentane,,543-59-9,C5H11Cl,CCCCCCl,16.0,6.9,1.9,,106.59,,,Organochlorides,,H225; H302; H312; H332,[NAME] name_iupac from PubChem pipeline | [CLASS] ClassyFire from pipeline: Organochlorides | [CAS] CAS 543-59-9 validated by pipeline
1-chloro vinyl ethyl ether,1-Chloro Vinyl Ethyl Ether,,54722-81-5,,CCOC(Cl)=C,16.8,6.5,5.7,,,,,Organooxygen compounds,Ketene acetals,,[NAME] name_iupac from PubChem pipeline | [NAME] name_iupac: PubChem returned empty; using lowercase common name | [CLASS] ClassyFire from pipeline: Organooxygen compounds | [CAS] CAS 54722-81-5 validated by pipeline
1-chloro-1-fluoroethene,1-Chloro-1-Fluoro Ethylene,,2317-91-1,C2H2ClF,FC(Cl)=C,16.0,6.9,4.0,,80.49,-24.1,,Organooxygen compounds,Ketene acetals,,[NAME] name_iupac from PubChem pipeline | [CLASS] ClassyFire from pipeline: Organooxygen compounds | [CAS] CAS 2317-91-1 validated by pipeline
1-chloro-1-nitroethane,1-Chloro-1-Nitroethane,,598-92-5,C2H4ClNO2,CC(Cl)[N+]([O-])=O,16.8,13.5,4.7,,109.51,,,"Allyl-type 1,3-dipolar organic compounds",Organic nitro compounds,,"[NAME] name_iupac from PubChem pipeline | [CLASS] ClassyFire from pipeline: Allyl-type 1,3-dipolar organic compounds | [CAS] CAS 598-92-5 validated by pipeline"
1-chloro-1-nitropropane,1-Chloro-1-Nitropropane,,600-25-9,C3H6ClNO2,CCC(Cl)[N+]([O-])=O,16.8,13.0,4.5,,123.54,,,"Allyl-type 1,3-dipolar organic compounds",Organic nitro compounds,H302; H332; H227; H319; H335; H316; H371,"[NAME] name_iupac from PubChem pipeline | [CLASS] ClassyFire from pipeline: Allyl-type 1,3-dipolar organic compounds | [CAS] CAS 600-25-9 validated by pipeline"
1-chlorobut-2-ene,1-Chloro-2-Butene,,591-97-9,C4H7Cl,CC=CCCl,16.2,7.7,2.0,,90.55,84.0,,Organochlorides,,H225; H302; H314; H315; H317; H318; H332; H412,[NAME] name_iupac from PubChem pipeline | [CLASS] ClassyFire from pipeline: Organochlorides | [CAS] CAS 591-97-9 validated by pipeline
1-chloro-2-ethoxybenzene,1-Chloro-2-Ethoxy Benzene,,614-72-2,C8H9ClO,CCOc1ccccc1Cl,19.2,8.1,4.4,,156.61,,,Phenol ethers,,,[NAME] name_iupac from PubChem pipeline | [CLASS] ClassyFire from pipeline: Phenol ethers | [CAS] CAS 614-72-2 validated by pipeline
1-chloro-2-ethylbenzene,1-Chloro-2-Ethyl Benzene,,89-96-3,C8H9Cl,CCc1ccccc1Cl,18.9,4.9,2.2,,140.61,178.5,,Benzene and substituted derivatives,Halobenzenes,H302; H312; H315; H319; H332; H335,[NAME] name_iupac from PubChem pipeline | [CLASS] ClassyFire from pipeline: Benzene and substituted derivatives | [CAS] CAS 89-96-3 validated by pipeline
1-chloro-2-methylprop-1-ene,1-Chloro-2-Methyl Propene,,513-37-1,C4H7Cl,CC(C)=CCl,16.1,7.1,4.2,,90.55,68.1,,Vinyl halides,Vinyl chlorides,H225; H311; H315; H319; H330; H335; H350; H301; H341; H351; H373,[NAME] name_iupac from PubChem pipeline | [CLASS] ClassyFire from pipeline: Vinyl halides | [CAS] CAS 513-37-1 validated by pipeline
1-chloro-4-ethoxybenzene,1-Chloro-4-Ethoxy Benzene,,622-61-7,C8H9ClO,CCOc1ccc(Cl)cc1,19.3,6.3,4.4,,156.61,211.9,,Phenol ethers,,H227; H302; H312; H315; H319; H332; H335,[NAME] name_iupac from PubChem pipeline | [CLASS] ClassyFire from pipeline: Phenol ethers | [CAS] CAS 622-61-7 validated by pipeline
1-chlorobutane,1-Chlorobutane,,109-69-3,C4H9Cl,CCCCCl,16.2,5.5,2.0,,92.57,,,Organochlorides,,H225; H412; H315; H320; H361,[NAME] name_iupac from PubChem pipeline | [CLASS] ClassyFire from pipeline: Organochlorides | [CAS] CAS 109-69-3 validated by pipeline
1-chlorohexane,1-Chlorohexane,,544-10-5,C6H13Cl,CCCCCCCl,16.1,6.2,1.7,,120.62,135.0,,Organochlorides,,H226; H412,[NAME] name_iupac from PubChem pipeline | [CLASS] ClassyFire from pipeline: Organochlorides | [CAS] CAS 544-10-5 validated by pipeline
1-chloronaphthalene,1-Chloronaphthalene,,90-13-1,C10H7Cl,Clc1cccc2ccccc12,20.5,4.9,2.5,,162.61,,,Naphthalenes,Chloronaphthalenes,H302; H315; H319; H335; H400; H320; H373; H410; H371,[NAME] name_iupac from PubChem pipeline | [CLASS] ClassyFire from pipeline: Naphthalenes | [CAS] CAS 90-13-1 validated by pipeline
1-chloroprop-1-ene,1-Chloropropene,,590-21-6,C3H5Cl,CC=CCl,15.3,6.9,2.2,,76.52,,,Vinyl halides,Vinyl chlorides,H224; H225; H302; H315; H319; H336,[NAME] name_iupac from PubChem pipeline | [CLASS] ClassyFire from pipeline: Vinyl halides | [CAS] CAS 590-21-6 validated by pipeline
decan-1-ol,1-Decanol,,112-30-1,C10H22O,CCCCCCCCCCO,16.0,4.7,10.5,,158.28,,,Fatty Acyls,Fatty alcohols,H315; H319; H411; H412; H335; H400; H304; H332; H361; H227; H402,[NAME] name_iupac from PubChem pipeline | [CLASS] ClassyFire from pipeline: Fatty Acyls | [CAS] CAS 112-30-1 validated by pipeline
dec-1-ene,1-Decene,,872-05-9,C10H20,CCCCCCCCC=C,15.6,1.0,2.2,,140.27,,,Unsaturated hydrocarbons,Unsaturated aliphatic hydrocarbons,H226; H304; H400; H410; H411; H315,[NAME] name_iupac from PubChem pipeline | [CLASS] ClassyFire from pipeline: Unsaturated hydrocarbons | [CAS] CAS 872-05-9 validated by pipeline
"1,3-diethoxypropan-2-ol",1-Ethoxy Ethoxy-2-Propanol,,4043-59-8,C7H16O3,CCOC(C)OCC(C)O,15.4,6.3,6.0,,148.2,,,Organooxygen compounds,Alcohols and polyols,H319,[NAME] name_iupac from PubChem pipeline | [CLASS] ClassyFire from pipeline: Organooxygen compounds | [CAS] CAS 4043-59-8 validated by pipeline
(E)-1-ethoxybut-1-ene,1-Ethyl Vinyl Ethyl Ether,,1528-20-7,C6H12O,CCOC(=C)CC,15.3,4.2,4.6,,100.16,,,Organooxygen compounds,,,[NAME] name_iupac from PubChem pipeline | [CLASS] ClassyFire from pipeline: Organooxygen compounds | [CAS] CAS 1528-20-7 validated by pipeline
2-fluoroprop-2-enoic acid,1-Fluoro Acrylic Acid,,430-99-9,C3H3FO2,,16.0,8.7,13.0,,90.05,,,Carboxylic acids and derivatives,Alpha-halocarboxylic acids and derivatives,H314; H318,[NAME] name_iupac from PubChem pipeline | [CLASS] ClassyFire from cache: Carboxylic acids and derivatives | [CAS] CAS 430-99-9 validated by pipeline
2-fluoroprop-2-enenitrile,1-Fluoro Acrylonitrile,,430-49-9,C3H2FN,,14.1,15.4,5.7,,71.05,,,Vinyl halides,Vinyl fluorides,,[NAME] name_iupac from PubChem pipeline | [CLASS] ClassyFire from cache: Vinyl halides | [CAS] CAS 430-49-9 validated by pipeline
heptan-1-ol,1-Heptanol,,111-70-6,C7H16O,CCCCCCCO,16.0,5.3,11.7,,116.2,,,Fatty Acyls,Fatty alcohols,H319; H227; H315,[NAME] name_iupac from PubChem pipeline | [CLASS] ClassyFire from pipeline: Fatty Acyls | [CAS] CAS 111-70-6 validated by pipeline
hept-1-ene,1-Heptene,,592-76-7,C7H14,CCCCCC=C,15.0,1.1,2.6,,98.19,,,Unsaturated hydrocarbons,Unsaturated aliphatic hydrocarbons,H225; H304; H400; H410; H315; H319; H335; H320,[NAME] name_iupac from PubChem pipeline | [CLASS] ClassyFire from pipeline: Unsaturated hydrocarbons | [CAS] CAS 592-76-7 validated by pipeline
hexan-1-ol,1-Hexanol,,111-27-3,C6H14O,CCCCCCO,15.9,5.8,12.5,,102.17,,,Fatty Acyls,Fatty alcohols,H302; H226; H312; H319; H315,[NAME] name_iupac from PubChem pipeline | [CLASS] ClassyFire from pipeline: Fatty Acyls | [CAS] CAS 111-27-3 validated by pipeline
hex-1-ene,1-Hexene,,592-41-6,C6H12,CCCCC=C,14.7,1.1,3.0,,84.16,,,Unsaturated hydrocarbons,Unsaturated aliphatic hydrocarbons,H225; H304; H319; H401; H335; H336,[NAME] name_iupac from PubChem pipeline | [CLASS] ClassyFire from pipeline: Unsaturated hydrocarbons | [CAS] CAS 592-41-6 validated by pipeline
"(1E)-1-methoxybuta-1,3-diene","1-Methoxy-1,3-Butadiene",,3036-66-6,C5H8O,COC=CC=C,15.5,8.3,5.4,,84.12,91.6,,Organooxygen compounds,,H225; H302,[NAME] name_iupac from PubChem pipeline | [CLASS] ClassyFire from pipeline: Organooxygen compounds | [CAS] CAS 3036-66-6 validated by pipeline
1-methoxy-2-nitrobenzene,1-Methoxy-2-Nitrobenzene,,91-23-6,C7H7NO3,COc1ccccc1[N+]([O-])=O,19.6,12.7,5.5,,153.14,273.1,,Benzene and substituted derivatives,Nitrobenzenes,H302; H350; H341; H361; H371; H373; H351,[NAME] name_iupac from PubChem pipeline | [CLASS] ClassyFire from pipeline: Benzene and substituted derivatives | [CAS] CAS 91-23-6 validated by pipeline
1-methylcyclohexan-1-ol,1-Methyl Cyclohexanol,,590-67-0,C7H14O,CC1(O)CCCCC1,17.1,4.0,12.0,,114.19,155.1,,Organooxygen compounds,Alcohols and polyols,H228; H302; H312; H315; H319; H332; H335,[NAME] name_iupac from PubChem pipeline | [CLASS] ClassyFire from pipeline: Organooxygen compounds | [CAS] CAS 590-67-0 validated by pipeline
1-methylimidazole,1-Methyl Imidazole,,616-47-7,C4H6N2,Cn1ccnc1,19.7,15.6,11.2,,82.1,198.1,,Azoles,Imidazoles,H302; H312; H314; H311; H318; H361,[NAME] name_iupac from PubChem pipeline | [CLASS] ClassyFire from pipeline: Azoles | [CAS] CAS 616-47-7 validated by pipeline
1-methylnaphthalene,1-Methyl Naphthalene,,90-12-0,C11H10,Cc1cccc2ccccc12,19.7,0.8,4.7,,142.2,,,Naphthalenes,,H302; H304; H411; H319; H335; H336; H373; H400; H410; H227; H401; H315; H334,[NAME] name_iupac from PubChem pipeline | [CLASS] ClassyFire from pipeline: Naphthalenes | [CAS] CAS 90-12-0 validated by pipeline
2-methoxyprop-1-ene,1-Methyl Vinyl Methyl Ether,,116-11-0,C4H8O,COC(C)=C,14.8,4.2,5.6,,72.11,35.1,,Organooxygen compounds,,H224; H302; H412,[NAME] name_iupac from PubChem pipeline | [CLASS] ClassyFire from pipeline: Organooxygen compounds | [CAS] CAS 116-11-0 validated by pipeline
naphthalen-1-ol,1-Naphthol,,90-15-3,C10H8O,Oc1cccc2ccccc12,19.7,6.3,12.3,,144.17,288.0,,Naphthalenes,Naphthols and derivatives,H302; H312; H315; H318; H335; H311; H317; H400; H410; H412; H411; H314; H371,[NAME] name_iupac from PubChem pipeline | [CLASS] ClassyFire from pipeline: Naphthalenes | [CAS] CAS 90-15-3 validated by pipeline
1-nitropropane,1-Nitropropane,,108-03-2,C3H7NO2,CCC[N+]([O-])=O,16.6,12.3,5.5,,89.09,,,"Allyl-type 1,3-dipolar organic compounds",Organic nitro compounds,H226; H302; H312; H332; H331; H319; H335; H336; H370; H351,"[NAME] name_iupac from PubChem pipeline | [CLASS] ClassyFire from pipeline: Allyl-type 1,3-dipolar organic compounds | [CAS] CAS 108-03-2 validated by pipeline"
nonan-1-ol,1-Nonanol,,143-08-8,C9H20O,CCCCCCCCCO,16.0,4.8,11.0,,144.25,,,Fatty Acyls,Fatty alcohols,H315; H319; H411; H227; H332; H335; H373,[NAME] name_iupac from PubChem pipeline | [CLASS] ClassyFire from pipeline: Fatty Acyls | [CAS] CAS 143-08-8 validated by pipeline
non-1-ene,1-Nonene,,124-11-8,C9H18,CCCCCCCC=C,15.4,1.0,2.2,,126.24,,,Unsaturated hydrocarbons,Unsaturated aliphatic hydrocarbons,H226; H304; H315; H319; H335; H336,[NAME] name_iupac from PubChem pipeline | [CLASS] ClassyFire from pipeline: Unsaturated hydrocarbons | [CAS] CAS 124-11-8 validated by pipeline
octan-1-ol,1-Octanol,,111-87-5,C8H18O,CCCCCCCCO,16.0,5.0,11.2,,130.23,,,Fatty Acyls,Fatty alcohols,H302; H312; H315; H319; H412; H227; H370; H371; H401; H305; H316; H335; H341; H402,[NAME] name_iupac from PubChem pipeline | [CLASS] ClassyFire from pipeline: Fatty Acyls | [CAS] CAS 111-87-5 validated by pipeline
oct-1-ene,1-Octene,,111-66-0,C8H16,CCCCCCC=C,15.3,1.0,2.4,,112.21,,,Unsaturated hydrocarbons,Unsaturated aliphatic hydrocarbons,H225; H304; H315; H411; H400; H410; H332; H336,[NAME] name_iupac from PubChem pipeline | [CLASS] ClassyFire from pipeline: Unsaturated hydrocarbons | [CAS] CAS 111-66-0 validated by pipeline
pentan-1-ol,1-Pentanol,,71-41-0,C5H12O,CCCCCO,15.9,5.9,13.9,,88.15,,,Organooxygen compounds,Alcohols and polyols,H226; H315; H332; H335; H314; H318; H319; H371,[NAME] name_iupac from PubChem pipeline | [CLASS] ClassyFire from pipeline: Organooxygen compounds | [CAS] CAS 71-41-0 validated by pipeline
pent-1-ene,1-Pentene,,109-67-1,C5H10,CCCC=C,13.9,1.4,3.8,,70.13,,,Unsaturated hydrocarbons,Unsaturated aliphatic hydrocarbons,H224; H304; H315; H319; H412,[NAME] name_iupac from PubChem pipeline | [CLASS] ClassyFire from pipeline: Unsaturated hydrocarbons | [CAS] CAS 109-67-1 validated by pipeline
propane-1-thiol,1-Propanethiol,,107-03-9,C3H8S,CCCS,16.1,5.8,5.7,,76.16,,,Thiols,Alkylthiols,H225; H302; H319; H317; H400; H332; H335,[NAME] name_iupac from PubChem pipeline | [CLASS] ClassyFire from pipeline: Thiols | [CAS] CAS 107-03-9 validated by pipeline
propan-1-ol,1-Propanol,,71-23-8,C3H8O,CCCO,16.0,6.8,17.4,,60.1,,,Organooxygen compounds,Alcohols and polyols,H225; H318; H336; H302; H361; H303; H305; H313; H315; H319; H335; H351,[NAME] name_iupac from PubChem pipeline | [CLASS] ClassyFire from pipeline: Organooxygen compounds | [CAS] CAS 71-23-8 validated by pipeline
tetradec-1-ene,1-Tetradecene,,1120-36-1,C14H28,CCCCCCCCCCCCC=C,16.1,0.5,1.9,,196.37,251.1,,Unsaturated hydrocarbons,Unsaturated aliphatic hydrocarbons,H304; H315,[NAME] name_iupac from PubChem pipeline | [CLASS] ClassyFire from pipeline: Unsaturated hydrocarbons | [CAS] CAS 1120-36-1 validated by pipeline
"2-(1,3-dithiol-2-ylidene)-1,3-dithiole","2,2',5,5'-Tetrathiafulvalen",,31366-25-3,C6H4S4,,21.0,8.2,8.4,,204.4,,,Dithioles,"1,3-dithioles",H317,[NAME] name_iupac from PubChem pipeline | [CLASS] ClassyFire from cache: Dithioles | [CAS] CAS 31366-25-3 validated by pipeline
"2,2,2-trifluoroethanol","2,2,2-Trifluoro Ethanol",,75-89-8,C2H3F3O,OCC(F)(F)F,15.4,8.3,16.4,,100.04,,,Halohydrins,Fluorohydrins,H226; H301; H312; H315; H318; H331; H332; H335; H360; H373,[NAME] name_iupac from PubChem pipeline | [CLASS] ClassyFire from pipeline: Halohydrins | [CAS] CAS 75-89-8 validated by pipeline
"(3-hydroxy-2,2,4-trimethylpentyl) 2-methylpropanoate","2,2,4-Trimethyl-1,3-Pentanediol Monoisobutyrate (Texanol)",,25265-77-4,,,15.1,6.1,9.8,,,,,Organooxygen compounds,Alcohols and polyols,,[NAME] name_iupac from PubChem pipeline | [CLASS] ClassyFire from pipeline: Organooxygen compounds | [CAS] CAS 25265-77-4 validated by pipeline
"2,2,6,6-tetrachlorocyclohexan-1-one","2,2,6,6-Tetrachlorocyclohexanone",,3776-30-5,C6H6Cl4O,ClC1(Cl)CCCC(Cl)(Cl)C1=O,19.5,14.0,6.3,,235.9,,,Organooxygen compounds,Carbonyl compounds,H302,[NAME] name_iupac from PubChem pipeline | [CLASS] ClassyFire from pipeline: Organooxygen compounds | [CAS] CAS 3776-30-5 validated by pipeline
"2,2-dimethylpropan-1-ol","2,2-Dimethyl-1-Propanol (Neopentyl Alc.)",,75-84-3,,,15.6,6.5,13.5,,,,,Organooxygen compounds,Alcohols and polyols,,[NAME] name_iupac from PubChem pipeline | [CLASS] ClassyFire from pipeline: Organooxygen compounds | [CAS] CAS 75-84-3 validated by pipeline
"1,2,3-trifluoro-4-nitrobenzene","2,3,4-Trifluoro Nitrobenzene",,771-69-7,C6H2F3NO2,[O-][N+](=O)c1ccc(F)c(F)c1F,19.5,7.7,3.5,,177.08,,,Benzene and substituted derivatives,Nitrobenzenes,H302; H311; H312; H315; H317; H319; H332; H335; H373,[NAME] name_iupac from PubChem pipeline | [CLASS] ClassyFire from pipeline: Benzene and substituted derivatives | [CAS] CAS 771-69-7 validated by pipeline
1-benzofuran,"2,3-Benzofuran (Cumaron)",,271-89-6,,,18.7,5.1,5.7,,,,,Benzofurans,,,[NAME] name_iupac from PubChem pipeline | [CLASS] ClassyFire from pipeline: Benzofurans | [CAS] CAS 271-89-6 validated by pipeline
"buta-2,3-dien-1-ol","2,3-Butadiene-1-ol",,18913-31-0,C4H6O,OC[CH]=[C]=[CH2],16.2,6.6,16.8,,70.09,,,Organooxygen compounds,Alcohols and polyols,H226; H315; H319; H335,[NAME] name_iupac from PubChem pipeline | [CLASS] ClassyFire from pipeline: Organooxygen compounds | [CAS] CAS 18913-31-0 validated by pipeline
"4,5-dimethyl-1,3-dioxolan-2-one","2,3-Butylene Carbonate",,4437-70-1,C5H8O3,CC1OC(=O)OC1C,18.0,16.8,3.1,,116.11,,,Organic carbonic acids and derivatives,Carbonic acid diesters,,[NAME] name_iupac from PubChem pipeline | [CLASS] ClassyFire from pipeline: Organic carbonic acids and derivatives | [CAS] CAS 4437-70-1 validated by pipeline
"2,3-dibromobuta-1,3-diene","2,3-Dibromoprene",,34994-48-4,C4H4Br2,,17.7,11.8,6.4,,211.88,,,Vinyl halides,Vinyl bromides,,[NAME] name_iupac from PubChem pipeline | [CLASS] ClassyFire from cache: Vinyl halides | [CAS] CAS 34994-48-4 validated by pipeline
"2,3-dichlorobuta-1,3-diene","2,3-Dichloro-1,3-Butadiene",,1653-19-6,C4H4Cl2,ClC(=C)C(Cl)=C,17.1,2.3,2.8,,122.98,98.1,,Vinyl halides,Vinyl chlorides,H302; H315; H319; H335; H411,[NAME] name_iupac from PubChem pipeline | [CLASS] ClassyFire from pipeline: Vinyl halides | [CAS] CAS 1653-19-6 validated by pipeline
"1,2-dichloro-3-nitrobenzene","2,3-Dichloronitrobenzene",,3209-22-1,C6H3Cl2NO2,[O-][N+](=O)c1cccc(Cl)c1Cl,19.7,12.6,4.4,,192.0,257.6,,Benzene and substituted derivatives,Nitrobenzenes,H301; H302; H373; H411; H401; H315; H370,[NAME] name_iupac from PubChem pipeline | [CLASS] ClassyFire from pipeline: Benzene and substituted derivatives | [CAS] CAS 3209-22-1 validated by pipeline
"2,3-dichloropropan-1-ol","2,3-Dichloropropanol",,616-23-9,C3H6Cl2O,OCC(Cl)CCl,17.5,9.2,14.6,,128.98,182.9,,Halohydrins,Chlorohydrins,H301; H310; H315; H318; H319; H332; H227; H371; H373,[NAME] name_iupac from PubChem pipeline | [CLASS] ClassyFire from pipeline: Halohydrins | [CAS] CAS 616-23-9 validated by pipeline
"2,3-dichloroprop-1-ene","2,3-Dichloropropene",,78-88-6,C3H4Cl2,ClCC(Cl)=C,16.2,7.8,3.0,,110.97,94.1,,Vinyl halides,Vinyl chlorides,H225; H302; H312; H315; H318; H332; H335; H341; H412; H319; H336,[NAME] name_iupac from PubChem pipeline | [CLASS] ClassyFire from pipeline: Vinyl halides | [CAS] CAS 78-88-6 validated by pipeline
"2,4,5-trichlorobenzenethiol","2,4,5-Trichlorothiophenol",,3773-14-6,C6H3Cl3S,Sc1cc(Cl)c(Cl)cc1Cl,21.0,4.5,9.1,,213.5,,,Thiophenols,,H315; H318; H319; H335; H413,[NAME] name_iupac from PubChem pipeline | [CLASS] ClassyFire from pipeline: Thiophenols | [CAS] CAS 3773-14-6 validated by pipeline
"2,4,6-tribromophenol","2,4,6-Tribromo Phenol",,118-79-6,C6H3Br3O,Oc1c(Br)cc(Br)cc1Br,20.6,10.2,14.1,,330.8,,,Phenols,Halophenols,H317; H319; H400; H410; H302; H361; H371; H373,[NAME] name_iupac from PubChem pipeline | [CLASS] ClassyFire from pipeline: Phenols | [CAS] CAS 118-79-6 validated by pipeline
"1,3,5-trichloro-2-methoxybenzene","2,4,6-Trichloroanisol",,87-40-1,C7H5Cl3O,COc1c(Cl)cc(Cl)cc1Cl,21.0,3.9,7.0,,211.5,,,Phenol ethers,Anisoles,H302; H319; H413,[NAME] name_iupac from PubChem pipeline | [CLASS] ClassyFire from pipeline: Phenol ethers | [CAS] CAS 87-40-1 validated by pipeline
"2,4,6-trichlorophenol","2,4,6-Trichlorophenol",,88-06-2,C6H3Cl3O,Oc1c(Cl)cc(Cl)cc1Cl,20.3,5.1,10.8,,197.4,246.1,,Phenols,Halophenols,H302; H315; H319; H351; H400; H410; H335; H361; H370; H372; H411,[NAME] name_iupac from PubChem pipeline | [CLASS] ClassyFire from pipeline: Phenols | [CAS] CAS 88-06-2 validated by pipeline
"1,3-dichloro-2-fluoro-4-nitrobenzene","2,4-Dichloro-3-Fluoronitrobenzene",,393-79-3,C6H2Cl2FNO2,[O-][N+](=O)c1ccc(Cl)c(F)c1Cl,19.9,7.2,4.2,,209.99,,,Benzene and substituted derivatives,Nitrobenzenes,H302; H312; H332,[NAME] name_iupac from PubChem pipeline | [CLASS] ClassyFire from pipeline: Benzene and substituted derivatives | [CAS] CAS 393-79-3 validated by pipeline
"1,5-dichloro-2-nitro-4-(trifluoromethyl)benzene","2,4-Dichloro-5-Nitrobenzotrifluoride",,400-70-4,C7H2Cl2F3NO2,[O-][N+](=O)c1cc(c(Cl)cc1Cl)C(F)(F)F,19.9,7.6,3.7,,259.99,,,Benzene and substituted derivatives,Trifluoromethylbenzenes,H302; H315; H319; H335,[NAME] name_iupac from PubChem pipeline | [CLASS] ClassyFire from pipeline: Benzene and substituted derivatives | [CAS] CAS 400-70-4 validated by pipeline
"2,4-dichloroaniline","2,4-Dichloroaniline",,554-00-7,C6H5Cl2N,Nc1ccc(Cl)cc1Cl,20.9,6.2,10.0,,162.01,245.1,,Benzene and substituted derivatives,Halobenzenes,H301; H311; H331; H373; H400; H410; H302; H370; H372; H317; H318,[NAME] name_iupac from PubChem pipeline | [CLASS] ClassyFire from pipeline: Benzene and substituted derivatives | [CAS] CAS 554-00-7 validated by pipeline
"2,4-dichlorobenzaldehyde","2,4-Dichlorobenzaldehyde",,874-42-0,C7H4Cl2O,Clc1ccc(C=O)c(Cl)c1,19.7,8.8,5.4,,175.01,233.1,,Benzene and substituted derivatives,Halobenzenes,H314; H318; H411,[NAME] name_iupac from PubChem pipeline | [CLASS] ClassyFire from pipeline: Benzene and substituted derivatives | [CAS] CAS 874-42-0 validated by pipeline
"2,4-dichloro-1-nitrobenzene","2,4-Dichloronitrobenzene",,611-06-3,C6H3Cl2NO2,[O-][N+](=O)c1ccc(Cl)cc1Cl,20.4,8.7,4.2,,192.0,258.6,,Benzene and substituted derivatives,Nitrobenzenes,H302; H311; H315; H317; H319; H335; H341; H350; H411; H351; H361; H373; H312,[NAME] name_iupac from PubChem pipeline | [CLASS] ClassyFire from pipeline: Benzene and substituted derivatives | [CAS] CAS 611-06-3 validated by pipeline
"2,4-dichlorophenol","2,4-Dichlorophenol",,120-83-2,C6H4Cl2O,Oc1ccc(Cl)cc1Cl,20.0,7.2,13.1,,163.0,210.1,,Benzene and substituted derivatives,Halobenzenes,H302; H311; H314; H411; H300; H318; H331; H335; H336; H370; H401; H410,[NAME] name_iupac from PubChem pipeline | [CLASS] ClassyFire from pipeline: Benzene and substituted derivatives | [CAS] CAS 120-83-2 validated by pipeline
"2,4-difluoro-1-nitrobenzene","2,4-Difluoronitrobenzene",,446-35-5,C6H3F2NO2,[O-][N+](=O)c1ccc(F)cc1F,19.4,11.0,3.7,,159.09,207.1,,Benzene and substituted derivatives,Nitrobenzenes,H301; H311; H315; H319; H330; H335; H227; H310; H371; H401; H411,[NAME] name_iupac from PubChem pipeline | [CLASS] ClassyFire from pipeline: Benzene and substituted derivatives | [CAS] CAS 446-35-5 validated by pipeline
"2,4-dimethylaniline","2,4-Dimethylaniline",,95-68-1,C8H11N,Cc1ccc(N)c(C)c1,19.2,5.2,8.7,,121.18,218.1,,Benzene and substituted derivatives,Xylenes,H301; H311; H319; H330; H331; H373; H411; H227; H302; H332; H370; H372; H312; H315; H335; H341; H351,[NAME] name_iupac from PubChem pipeline | [CLASS] ClassyFire from pipeline: Benzene and substituted derivatives | [CAS] CAS 95-68-1 validated by pipeline
"1-methyl-2,4-dinitrobenzene","2,4-Dinitrotoluene",,121-14-2,C7H6N2O4,Cc1ccc(cc1[N+]([O-])=O)[N+]([O-])=O,20.0,13.1,4.9,,182.13,,,Benzene and substituted derivatives,Toluenes,H301; H311; H331; H341; H350; H361; H373; H400; H410; H330; H336; H370; H372; H302; H316; H351,[NAME] name_iupac from PubChem pipeline | [CLASS] ClassyFire from pipeline: Benzene and substituted derivatives | [CAS] CAS 121-14-2 validated by pipeline
"1,4-dichloro-2-(trifluoromethyl)benzene","2,5-Dichlorobenzotrifluoride",,320-50-3,C7H3Cl2F3,FC(F)(F)c1cc(Cl)ccc1Cl,20.0,4.7,2.4,,215.0,,,Benzene and substituted derivatives,Trifluoromethylbenzenes,H314,[NAME] name_iupac from PubChem pipeline | [CLASS] ClassyFire from pipeline: Benzene and substituted derivatives | [CAS] CAS 320-50-3 validated by pipeline
"2,5-dichlorophenol","2,5-Dichlorophenol",,583-78-8,C6H4Cl2O,Oc1cc(Cl)ccc1Cl,20.0,6.3,12.1,,163.0,211.1,,Benzene and substituted derivatives,Halobenzenes,H302; H314; H315; H318; H319; H411; H335; H371; H372; H401,[NAME] name_iupac from PubChem pipeline | [CLASS] ClassyFire from pipeline: Benzene and substituted derivatives | [CAS] CAS 583-78-8 validated by pipeline
"2,5-diethoxyoxolane","2,5-Diethoxy Tetrahydrofuran",THF,3320-90-9,C8H16O3,CCOC1CCC(OCC)O1,16.6,6.4,7.3,,160.21,170.6,,Tetrahydrofurans,,H226,[NAME] name_iupac from PubChem pipeline | [CLASS] ClassyFire from pipeline: Tetrahydrofurans | [NAME] Acronyms: THF | [CAS] CAS 3320-90-9 validated by pipeline
"2,5-dimethoxyoxolane","2,5-Dimethoxytetrahydrofuran",THF,696-59-3,C6H12O3,COC1CCC(OC)O1,16.8,7.2,8.2,,132.16,145.8,,Tetrahydrofurans,,H226; H315; H318; H319; H335,[NAME] name_iupac from PubChem pipeline | [CLASS] ClassyFire from pipeline: Tetrahydrofurans | [NAME] Acronyms: THF | [CAS] CAS 696-59-3 validated by pipeline
"2,5-dimethyl-1H-pyrrole","2,5-Dimethyl Pyrrole",,625-84-3,C6H9N,Cc1[nH]c(C)cc1,18.3,7.6,6.8,,95.14,,,Pyrroles,Substituted pyrroles,H226; H301,[NAME] name_iupac from PubChem pipeline | [CLASS] ClassyFire from pipeline: Pyrroles | [CAS] CAS 625-84-3 validated by pipeline
[5-(hydroxymethyl)oxolan-2-yl]methanol,"2,5-Tetrahydrofuran Dimethanol",THF,104-80-3,C6H12O3,,17.9,8.5,18.9,,132.16,,,,,H315; H319; H335,[NAME] name_iupac from PubChem pipeline | [CLASS] ClassyFire not available | [NAME] Acronyms: THF | [CAS] CAS 104-80-3 validated by pipeline
"2,6-dichloro-7-methylpurine","2,6-Dichloro-7-Methyl Purine",,2273-93-0,C6H4Cl2N4,Cn1cnc2nc(Cl)nc(Cl)c12,20.5,11.7,14.2,,203.03,,,Imidazopyrimidines,Purines and purine derivatives,H302; H315; H319; H335,[NAME] name_iupac from PubChem pipeline | [CLASS] ClassyFire from pipeline: Imidazopyrimidines | [CAS] CAS 2273-93-0 validated by pipeline
"1,3-dichloro-2-methoxybenzene","2,6-Dichloroanisole",,1984-65-2,C7H6Cl2O,COc1c(Cl)cccc1Cl,19.8,8.4,6.5,,177.02,,,Benzene and substituted derivatives,Halobenzenes,H302; H315; H319; H335,[NAME] name_iupac from PubChem pipeline | [CLASS] ClassyFire from pipeline: Benzene and substituted derivatives | [CAS] CAS 1984-65-2 validated by pipeline
"2,6-dichlorophenol","2,6-Dichlorophenol",,87-65-0,C6H4Cl2O,Oc1c(Cl)cccc1Cl,20.1,7.5,10.9,,163.0,219.1,,Benzene and substituted derivatives,Halobenzenes,H314; H411; H315; H319; H371; H401,[NAME] name_iupac from PubChem pipeline | [CLASS] ClassyFire from pipeline: Benzene and substituted derivatives | [CAS] CAS 87-65-0 validated by pipeline
"2,6-difluorobenzonitrile","2,6-Difluorobenzonitrile",,1897-52-5,C7H3F2N,Fc1cccc(F)c1C#N,18.8,11.2,3.2,,139.1,,,Benzene and substituted derivatives,Benzonitriles,H302; H312; H315; H319; H332; H335,[NAME] name_iupac from PubChem pipeline | [CLASS] ClassyFire from pipeline: Benzene and substituted derivatives | [CAS] CAS 1897-52-5 validated by pipeline
"2,6-dimethoxyphenol","2,6-Dimethoxy Phenol",,91-10-1,C8H10O3,COc1cccc(OC)c1O,19.3,7.6,13.7,,154.16,264.6,,Phenols,Methoxyphenols,H302,[NAME] name_iupac from PubChem pipeline | [CLASS] ClassyFire from pipeline: Phenols | [CAS] CAS 91-10-1 validated by pipeline
"2,6-dimethylphenol","2,6-Dimethyl Phenol",,576-26-1,C8H10O,Cc1cccc(C)c1O,19.1,4.9,12.9,,122.16,,,Phenols,Cresols,H301; H311; H314; H411; H318; H335; H336; H370; H372; H373; H401,[NAME] name_iupac from PubChem pipeline | [CLASS] ClassyFire from pipeline: Phenols | [CAS] CAS 576-26-1 validated by pipeline
2-(diethylamino)ethanol,2-(Diethylamino)Ethanol,,100-37-8,,,15.7,5.8,12,,,,,Organooxygen compounds,Alcohols and polyols,,[NAME] name_iupac from PubChem pipeline | [CLASS] ClassyFire from pipeline: Organooxygen compounds | [CAS] CAS 100-37-8 validated by pipeline
1-thiophen-2-ylethanone,2-Acetyl Thiophene,,88-15-3,C6H6OS,CC(=O)c1sccc1,19.1,12.2,9.3,,126.18,213.6,,Organooxygen compounds,Carbonyl compounds,H302; H311; H312; H332,[NAME] name_iupac from PubChem pipeline | [CLASS] ClassyFire from pipeline: Organooxygen compounds | [CAS] CAS 88-15-3 validated by pipeline
pyridin-2-amine,2-Amino Pyridine,,504-29-0,C5H6N2,Nc1ccccn1,20.4,8.1,12.2,,94.11,207.1,,Pyridines and derivatives,Aminopyridines and derivatives,H301; H311; H312; H315; H319; H331; H335; H411; H318; H402; H412; H320; H370; H316,[NAME] name_iupac from PubChem pipeline | [CLASS] ClassyFire from pipeline: Pyridines and derivatives | [CAS] CAS 504-29-0 validated by pipeline
2-bromoprop-2-en-1-ol,2-Bromo Allyl Alcohol,,598-19-6,C3H5BrO,OCC(Br)=C,17.1,9.9,16.2,,136.98,,,Halohydrins,Bromohydrins,H302; H315; H318; H335,[NAME] name_iupac from PubChem pipeline | [CLASS] ClassyFire from pipeline: Halohydrins | [CAS] CAS 598-19-6 validated by pipeline
2-bromoprop-1-ene,2-Bromo Propene,,557-93-7,C3H5Br,CC(Br)=C,16.1,6.0,4.9,,120.98,48.5,,Vinyl halides,Vinyl bromides,H225; H315; H319; H335,[NAME] name_iupac from PubChem pipeline | [CLASS] ClassyFire from pipeline: Vinyl halides | [CAS] CAS 557-93-7 validated by pipeline
2-bromobutane,2-Bromobutane,,78-76-2,C4H9Br,CCC(C)Br,16.3,7.7,4.4,,137.02,,,Organobromides,,H225; H412,[NAME] name_iupac from PubChem pipeline | [CLASS] ClassyFire from pipeline: Organobromides | [CAS] CAS 78-76-2 validated by pipeline
2-bromopropane,2-Bromopropane,,75-26-3,C3H7Br,CC(C)Br,15.5,8.3,4.7,,122.99,,,Organobromides,,H225; H360; H373; H350; H371; H372; H402; H320; H316,[NAME] name_iupac from PubChem pipeline | [CLASS] ClassyFire from pipeline: Organobromides | [CAS] CAS 75-26-3 validated by pipeline
2-bromothiophene,2-Bromothiophene,,1003-09-4,C4H3BrS,Brc1sccc1,20.1,5.2,4.6,,163.04,150.1,,Aryl halides,Aryl bromides,H226; H300; H301; H310; H315; H318; H319; H330,[NAME] name_iupac from PubChem pipeline | [CLASS] ClassyFire from pipeline: Aryl halides | [CAS] CAS 1003-09-4 validated by pipeline
butan-2-ol,2-Butanol,s-BuOH,78-92-2,C4H10O,CCC(C)O,15.8,5.7,14.5,,74.12,,,Organooxygen compounds,Alcohols and polyols,H226; H319; H335; H336; H332; H361; H303,[NAME] name_iupac from PubChem pipeline | [CLASS] ClassyFire from pipeline: Organooxygen compounds | [NAME] Acronyms: s-BuOH | [CAS] CAS 78-92-2 validated by pipeline
(Z)-but-2-ene,2-Butene (Cis),,590-18-1,,,14.7,1.3,4.1,,,,,Unsaturated hydrocarbons,Unsaturated aliphatic hydrocarbons,,[NAME] name_iupac from PubChem pipeline | [CLASS] ClassyFire from pipeline: Unsaturated hydrocarbons | [CAS] CAS 590-18-1 validated by pipeline
2-methoxybut-2-ene,2-Butenyl Methyl Ether (Cis),,25125-85-3,,,15.2,3.4,5,,,,,Organooxygen compounds,Ethers,,[NAME] name_iupac from PubChem pipeline | [CLASS] ClassyFire from pipeline: Organooxygen compounds | [CAS] CAS 25125-85-3 validated by pipeline
1-methoxybut-2-ene,2-Butenyl Methyl Ether (Trans),,10034-14-7,,,15.3,4.4,4.3,,,,,Organooxygen compounds,Ethers,,[NAME] name_iupac from PubChem pipeline | [CLASS] ClassyFire from pipeline: Organooxygen compounds | [CAS] CAS 10034-14-7 validated by pipeline
but-2-ynedinitrile,2-Butynedinitrile,,1071-98-3,C4N2,N#CC#CC#N,15.2,16.2,8.0,,76.06,76.6,,Organonitrogen compounds,Organic cyanides,,[NAME] name_iupac from PubChem pipeline | [CLASS] ClassyFire from pipeline: Organonitrogen compounds | [CAS] CAS 1071-98-3 validated by pipeline
2-chloroprop-2-en-1-ol,2-Chloro Allyl Alcohol,,5976-47-6,C3H5ClO,OCC(Cl)=C,17.1,10.2,16.4,,92.52,138.1,,Halohydrins,Chlorohydrins,H226; H302; H312; H332,[NAME] name_iupac from PubChem pipeline | [CLASS] ClassyFire from pipeline: Halohydrins | [CAS] CAS 5976-47-6 validated by pipeline
2-chloroprop-1-ene,2-Chloro Propene (Isopropenyl Chloride),,557-98-2,,,15.5,6.7,2.2,,,,,Vinyl halides,Vinyl chlorides,,[NAME] name_iupac from PubChem pipeline | [CLASS] ClassyFire from pipeline: Vinyl halides | [CAS] CAS 557-98-2 validated by pipeline
2-chloro-2-methylpropane,2-Chloro-2-Methyl Propane,,507-20-0,C4H9Cl,CC(C)(C)Cl,15.6,7.6,2.0,,92.57,,,Organochlorides,,H225,[NAME] name_iupac from PubChem pipeline | [CLASS] ClassyFire from pipeline: Organochlorides | [CAS] CAS 507-20-0 validated by pipeline
2-chloro-4-methylaniline,2-Chloro-4-Methylaniline,,615-65-6,C7H8ClN,Cc1ccc(N)c(Cl)c1,19.7,7.4,8.9,,141.6,224.1,,Benzene and substituted derivatives,Toluenes,H302; H312; H315; H318; H319; H332; H412,[NAME] name_iupac from PubChem pipeline | [CLASS] ClassyFire from pipeline: Benzene and substituted derivatives | [CAS] CAS 615-65-6 validated by pipeline
2-chloro-5-methylphenol,2-Chloro-5-Methyl Phenol,,615-74-7,C7H7ClO,Cc1ccc(Cl)c(O)c1,19.0,7.7,13.1,,142.58,197.9,,Phenols,Cresols,H302; H312; H315; H317; H318; H319; H335; H400,[NAME] name_iupac from PubChem pipeline | [CLASS] ClassyFire from pipeline: Phenols | [CAS] CAS 615-74-7 validated by pipeline
2-chloroacetamide,2-Chloroacetamide,,79-07-2,C2H4ClNO,NC(=O)CCl,17.6,12.4,12.8,,93.51,,,Carboxylic acids and derivatives,Carboxylic acid derivatives,H301; H317; H361; H319; H315; H360,[NAME] name_iupac from PubChem pipeline | [CLASS] ClassyFire from pipeline: Carboxylic acids and derivatives | [CAS] CAS 79-07-2 validated by pipeline
(1-acetyloxy-2-chloroprop-2-enyl) acetate,2-Chloroallylidene Diacetate,,5459-90-5,C7H9ClO4,CC(=O)OC(OC(C)=O)C(Cl)=C,16.7,7.3,8.8,,192.6,,,Carboxylic acids and derivatives,Carboxylic acid derivatives,,[NAME] name_iupac from PubChem pipeline | [CLASS] ClassyFire from pipeline: Carboxylic acids and derivatives | [CAS] CAS 5459-90-5 validated by pipeline
2-chlorobutane,2-Chlorobutane,,78-86-4,C4H9Cl,CCC(C)Cl,15.8,7.6,2.0,,92.57,,,Organochlorides,,H225; H290; H315; H319; H335; H412,[NAME] name_iupac from PubChem pipeline | [CLASS] ClassyFire from pipeline: Organochlorides | [CAS] CAS 78-86-4 validated by pipeline
2-chlorocyclohexan-1-one,2-Chlorocyclohexanone,,822-87-7,C6H9ClO,ClC1CCCCC1=O,18.5,13.0,5.1,,132.59,,,Organooxygen compounds,Carbonyl compounds,H315; H317; H319; H335,[NAME] name_iupac from PubChem pipeline | [CLASS] ClassyFire from pipeline: Organooxygen compounds | [CAS] CAS 822-87-7 validated by pipeline
2-chloroethyl acetate,2-Chloroethyl Acetate,EtOAc; EA,542-58-5,C4H7ClO2,CC(=O)OCCCl,16.7,9.6,8.8,,122.55,145.1,,Carboxylic acids and derivatives,Carboxylic acid derivatives,H226; H300; H310; H330,[NAME] name_iupac from PubChem pipeline | [CLASS] ClassyFire from pipeline: Carboxylic acids and derivatives | [NAME] Acronyms: EtOAc; EA | [CAS] CAS 542-58-5 validated by pipeline
2-chloroethylbenzene,2-Chloroethyl Benzene,,622-24-2,C8H9Cl,ClCCc1ccccc1,19.3,6.3,2.2,,140.61,,,Benzene and substituted derivatives,,H315; H319; H412; H413; H227,[NAME] name_iupac from PubChem pipeline | [CLASS] ClassyFire from pipeline: Benzene and substituted derivatives | [CAS] CAS 622-24-2 validated by pipeline
1-chloro-2-ethoxyethane,2-Chloroethyl Ethyl Ether,,628-34-2,C4H9ClO,CCOCCCl,16.3,7.9,4.6,,108.57,107.6,,Organooxygen compounds,Ethers,H225; H301; H315; H319; H331; H332; H335,[NAME] name_iupac from PubChem pipeline | [CLASS] ClassyFire from pipeline: Organooxygen compounds | [CAS] CAS 628-34-2 validated by pipeline
1-chloro-2-ethylsulfanylethane,2-Chloroethyl Ethyl Sulfide,,693-07-2,C4H9ClS,CCSCCCl,17.2,5.0,6.1,,124.63,157.1,,Thioethers,Dialkylthioethers,H226; H301; H311; H314; H331; H350,[NAME] name_iupac from PubChem pipeline | [CLASS] ClassyFire from pipeline: Thioethers | [CAS] CAS 693-07-2 validated by pipeline
2-chlorophenol,2-Chlorophenol,,95-57-8,C6H5ClO,Oc1ccccc1Cl,19.0,5.5,13.9,,128.55,175.8,,Phenols,Halophenols,H302; H312; H332; H411; H300; H227; H314; H318; H330; H360; H370; H301; H335; H351; H361; H373,[NAME] name_iupac from PubChem pipeline | [CLASS] ClassyFire from pipeline: Phenols | [CAS] CAS 95-57-8 validated by pipeline
2-chloroprop-2-enal,2-Chloropropenal,,683-51-2,C3H3ClO,ClC(=C)C=O,17.1,12.9,8.1,,90.51,,,Organooxygen compounds,Carbonyl compounds,,[NAME] name_iupac from PubChem pipeline | [CLASS] ClassyFire from pipeline: Organooxygen compounds | [CAS] CAS 683-51-2 validated by pipeline
2-chloroprop-2-enoic acid,2-Chloropropenoic Acid,,598-79-8,C3H3ClO2,OC(=O)C(Cl)=C,19.1,9.4,12.4,,106.51,,,Carboxylic acids and derivatives,Alpha-halocarboxylic acids and derivatives,H314,[NAME] name_iupac from PubChem pipeline | [CLASS] ClassyFire from pipeline: Carboxylic acids and derivatives | [CAS] CAS 598-79-8 validated by pipeline
2-chlorothiophene,2-Chlorothiophene,,96-43-5,C4H3ClS,Clc1sccc1,19.2,6.2,8.0,,118.59,128.5,,Aryl halides,Aryl chlorides,H225; H226; H301; H311; H315; H319; H330; H335,[NAME] name_iupac from PubChem pipeline | [CLASS] ClassyFire from pipeline: Aryl halides | [CAS] CAS 96-43-5 validated by pipeline
cyclopent-2-en-1-ol,2-Cyclopentenyl Alcohol,,3212-60-0,C5H8O,OC1CCC=C1,18.1,7.6,15.6,,84.12,,,Organooxygen compounds,Alcohols and polyols,H225; H226; H315; H319; H332; H335,[NAME] name_iupac from PubChem pipeline | [CLASS] ClassyFire from pipeline: Organooxygen compounds | [CAS] CAS 3212-60-0 validated by pipeline
decan-2-ol,2-Decanol,,1120-06-5,C10H22O,CCCCCCCCC(C)O,15.8,3.9,10.0,,158.28,210.5,,Fatty Acyls,Fatty alcohols,H319,[NAME] name_iupac from PubChem pipeline | [CLASS] ClassyFire from pipeline: Fatty Acyls | [CAS] CAS 1120-06-5 validated by pipeline
(E)-2-ethylbut-2-enal,2-Ethyl Croton Aldehyde,,19780-25-7,C6H10O,CC\C(=C/C)C=O,16.1,8.0,5.5,,98.14,,,Organooxygen compounds,Carbonyl compounds,H226; H311; H315; H319; H335,[NAME] name_iupac from PubChem pipeline | [CLASS] ClassyFire from pipeline: Organooxygen compounds | [CAS] CAS 19780-25-7 validated by pipeline
2-ethylhexyl acetate,2-Ethyl Hexyl Acetate,,103-09-3,C10H20O2,,15.8,2.9,5.1,,172.26,199.9,,Carboxylic acids and derivatives,Carboxylic acid derivatives,H315,[NAME] name_iupac from PubChem pipeline | [CLASS] ClassyFire from cache: Carboxylic acids and derivatives | [CAS] CAS 103-09-3 validated by pipeline
2-ethylhexyl prop-2-enoate,2-Ethyl Hexyl Acrylate,,103-11-7,C11H20O2,,15.3,4.3,3.0,,184.27,217.1,,Carboxylic acids and derivatives,Acrylic acids and derivatives,H315; H317; H335; H412; H319; H227; H336; H351; H373; H401; H411,[NAME] name_iupac from PubChem pipeline | [CLASS] ClassyFire from cache: Carboxylic acids and derivatives | [CAS] CAS 103-11-7 validated by pipeline
2-(2-ethylhexoxycarbonyl)benzoic acid,2-Ethyl Hexyl Phthalate (Mono),,4376-20-9,,,17.3,6.2,6.8,,,,,Benzene and substituted derivatives,Benzoic acids and derivatives,,[NAME] name_iupac from PubChem pipeline | [CLASS] ClassyFire from pipeline: Benzene and substituted derivatives | [CAS] CAS 4376-20-9 validated by pipeline
3-methylidenepent-1-ene,"2-Ethyl-1,3-Butadiene",,3404-63-5,C6H10,CCC(=C)C=C,15.3,1.6,3.8,,82.14,72.9,,Unsaturated hydrocarbons,Branched unsaturated hydrocarbons,,[NAME] name_iupac from PubChem pipeline | [CLASS] ClassyFire from pipeline: Unsaturated hydrocarbons | [CAS] CAS 3404-63-5 validated by pipeline
2-ethylbutan-1-ol,2-Ethyl-1-Butanol,,97-95-0,C6H14O,CCC(CC)CO,15.8,4.3,13.5,,102.17,,,Organooxygen compounds,Alcohols and polyols,H302; H312; H226,[NAME] name_iupac from PubChem pipeline | [CLASS] ClassyFire from pipeline: Organooxygen compounds | [CAS] CAS 97-95-0 validated by pipeline
3-methylidenepentane,2-Ethyl-1-Butene,,760-21-4,C6H12,CCC(=C)CC,14.9,1.7,3.5,,84.16,,,Unsaturated hydrocarbons,Branched unsaturated hydrocarbons,H225; H304; H317; H319; H336,[NAME] name_iupac from PubChem pipeline | [CLASS] ClassyFire from pipeline: Unsaturated hydrocarbons | [CAS] CAS 760-21-4 validated by pipeline
2-ethylhexan-1-ol,2-Ethyl-Hexanol,,104-76-7,C8H18O,CCCCC(CC)CO,15.9,3.3,11.8,,130.23,,,Fatty Acyls,Fatty alcohols,H315; H319; H332; H335; H402; H227; H336; H361; H371; H401; H312; H314,[NAME] name_iupac from PubChem pipeline | [CLASS] ClassyFire from pipeline: Fatty Acyls | [CAS] CAS 104-76-7 validated by pipeline
N-ethylhexan-1-amine,2-Ethylhexyl Amine,,20352-67-4,C8H19N,CCCCC(CC)CN,15.7,4.2,6.1,,129.24,,,Organonitrogen compounds,Amines,,[NAME] name_iupac from PubChem pipeline | [CLASS] ClassyFire from pipeline: Organonitrogen compounds | [CAS] CAS 20352-67-4 validated by pipeline
furan-2-carbonitrile,2-Furonitrile,,617-90-3,C5H3NO,N#Cc1occc1,18.4,15.0,8.2,,93.08,147.1,,Heteroaromatic compounds,,H226; H302; H312; H318; H332,[NAME] name_iupac from PubChem pipeline | [CLASS] ClassyFire from pipeline: Heteroaromatic compounds | [CAS] CAS 617-90-3 validated by pipeline
heptan-2-ol,2-Heptanol,,543-49-7,C7H16O,CCCCCC(C)O,15.7,5.4,11.7,,116.2,,,Fatty Acyls,Fatty alcohols,H226; H312; H315; H319,[NAME] name_iupac from PubChem pipeline | [CLASS] ClassyFire from pipeline: Fatty Acyls | [CAS] CAS 543-49-7 validated by pipeline
2-methoxyoxane,2-Methoxy Tetrahydropyrane,,6581-66-4,C6H12O2,COC1CCCCO1,17.2,6.6,6.0,,116.16,128.6,,Oxanes,,H226,[NAME] name_iupac from PubChem pipeline | [CLASS] ClassyFire from pipeline: Oxanes | [CAS] CAS 6581-66-4 validated by pipeline
"2-methoxy-1,3-dioxolane","2-Methoxy-1,3-Dioxolane",,19693-75-5,C4H8O3,COC1OCCO1,17.8,8.4,7.7,,104.1,129.6,,Organooxygen compounds,Ortho esters,H226,[NAME] name_iupac from PubChem pipeline | [CLASS] ClassyFire from pipeline: Organooxygen compounds | [CAS] CAS 19693-75-5 validated by pipeline
(Z)-but-2-enoic acid,2-Methyl (Cis) Acrylic Acid,,503-64-0,,,16.8,5.2,12.4,,,,,Carboxylic acids and derivatives,Carboxylic acids,,[NAME] name_iupac from PubChem pipeline | [CLASS] ClassyFire from pipeline: Carboxylic acids and derivatives | [CAS] CAS 503-64-0 validated by pipeline
2-methylcyclohexan-1-ol,2-Methyl Cyclohexanol (Mix),,583-59-5,,,17.1,6.5,12.5,,,,,Organooxygen compounds,Alcohols and polyols,,[NAME] name_iupac from PubChem pipeline | [CLASS] ClassyFire from pipeline: Organooxygen compounds | [CAS] CAS 583-59-5 validated by pipeline
2-methylcyclohexan-1-one,2-Methyl Cyclohexanone,,583-60-8,C7H12O,CC1CCCCC1=O,17.6,7.8,4.7,,112.17,162.6,,Organooxygen compounds,Carbonyl compounds,H226; H332; H302; H312; H319; H335; H336,[NAME] name_iupac from PubChem pipeline | [CLASS] ClassyFire from pipeline: Organooxygen compounds | [CAS] CAS 583-60-8 validated by pipeline
2-methylpyrazine,2-Methyl Pyrazine,,109-08-0,C5H6N2,Cc1cnccn1,18.3,12.3,10.5,,94.11,135.7,,Diazines,Pyrazines,H226; H302,[NAME] name_iupac from PubChem pipeline | [CLASS] ClassyFire from pipeline: Diazines | [CAS] CAS 109-08-0 validated by pipeline
2-methyloxolane,2-Methyl Tetrahydrofuran,THF,96-47-9,C5H10O,CC1CCCO1,16.9,5.0,4.3,,86.13,,,Tetrahydrofurans,,H225; H302; H315; H318; H319; H335; H336; H314,[NAME] name_iupac from PubChem pipeline | [CLASS] ClassyFire from pipeline: Tetrahydrofurans | [NAME] Acronyms: THF | [CAS] CAS 96-47-9 validated by pipeline
"2-methyl-1,3-dioxolane","2-Methyl-1,3-Dioxolane",,497-26-7,C4H8O2,CC1OCCO1,17.3,4.8,5.8,,88.11,82.6,,Dioxolanes,"1,3-dioxolanes",H225; H319,[NAME] name_iupac from PubChem pipeline | [CLASS] ClassyFire from pipeline: Dioxolanes | [CAS] CAS 497-26-7 validated by pipeline
2-methylbutan-1-ol,2-Methyl-1-Butanol,,137-32-6,C5H12O,CCC(C)CO,16.0,5.1,14.3,,88.15,,,Organooxygen compounds,Alcohols and polyols,H226; H315; H318; H332; H335; H319,[NAME] name_iupac from PubChem pipeline | [CLASS] ClassyFire from pipeline: Organooxygen compounds | [CAS] CAS 137-32-6 validated by pipeline
2-methylbut-1-ene,2-Methyl-1-Butene,,563-46-2,C5H10,CCC(C)=C,14.5,1.8,1.3,,70.13,,,Unsaturated hydrocarbons,Branched unsaturated hydrocarbons,H224; H225; H302; H304; H315; H336; H341; H351; H411; H319; H332; H335,[NAME] name_iupac from PubChem pipeline | [CLASS] ClassyFire from pipeline: Unsaturated hydrocarbons | [CAS] CAS 563-46-2 validated by pipeline
(Z)-2-chlorobut-2-enal,2-Methyl-1-Chloro Acrolein,,53175-28-3,C4H5ClO,CC(=C)C(Cl)=O,17.1,10.6,7.3,,104.53,,,Acyl halides,Acyl chlorides,H226; H301; H311; H315; H318; H330; H335; H400,[NAME] name_iupac from PubChem pipeline | [CLASS] ClassyFire from pipeline: Acyl halides | [CAS] CAS 53175-28-3 validated by pipeline
2-methylpentan-1-ol,2-Methyl-1-Pentanol,,105-30-6,C6H14O,CCCC(C)CO,15.8,4.9,13.5,,102.17,,,Organooxygen compounds,Alcohols and polyols,H226; H302; H315; H318; H319; H335,[NAME] name_iupac from PubChem pipeline | [CLASS] ClassyFire from pipeline: Organooxygen compounds | [CAS] CAS 105-30-6 validated by pipeline
2-methylbutan-2-ol,2-Methyl-2-Butanol,,75-85-4,C5H12O,CCC(C)(C)O,15.3,6.1,13.3,,88.15,,,Organooxygen compounds,Alcohols and polyols,H225; H315; H332; H335; H312; H318; H336; H302; H319; H370,[NAME] name_iupac from PubChem pipeline | [CLASS] ClassyFire from pipeline: Organooxygen compounds | [CAS] CAS 75-85-4 validated by pipeline
2-methylbut-2-ene,2-Methyl-2-Butene,,513-35-9,C5H10,CC=C(C)C,14.7,2.0,2.9,,70.13,,,Unsaturated hydrocarbons,Branched unsaturated hydrocarbons,H224; H225; H302; H304; H315; H336; H341; H350; H351; H411,[NAME] name_iupac from PubChem pipeline | [CLASS] ClassyFire from pipeline: Unsaturated hydrocarbons | [CAS] CAS 513-35-9 validated by pipeline
2-methylfuran,2-Methylfuran,,534-22-5,C5H6O,Cc1occc1,17.3,2.8,7.4,,82.1,,,Heteroaromatic compounds,,H225; H301; H319; H330; H331; H411,[NAME] name_iupac from PubChem pipeline | [CLASS] ClassyFire from pipeline: Heteroaromatic compounds | [CAS] CAS 534-22-5 validated by pipeline
2-nitropropan-1-ol,2-Nitro-1-Propanol,,2902-96-7,C3H7NO3,CC(CO)[N+]([O-])=O,16.1,13.7,15.4,,105.09,,,"Allyl-type 1,3-dipolar organic compounds",Organic nitro compounds,,"[NAME] name_iupac from PubChem pipeline | [CLASS] ClassyFire from pipeline: Allyl-type 1,3-dipolar organic compounds | [CAS] CAS 2902-96-7 validated by pipeline"
2-nitropropane,2-Nitropropane,,79-46-9,C3H7NO2,CC(C)[N+]([O-])=O,16.2,12.1,4.1,,89.09,120.4,,"Allyl-type 1,3-dipolar organic compounds",Organic nitro compounds,H226; H302; H332; H350; H331; H341; H412; H320; H330; H336; H370; H372; H373; H351,"[NAME] name_iupac from PubChem pipeline | [CLASS] ClassyFire from pipeline: Allyl-type 1,3-dipolar organic compounds | [CAS] CAS 79-46-9 validated by pipeline"
2-nitrothiophene,2-Nitrothiophene,,609-40-5,C4H3NO2S,[O-][N+](=O)c1sccc1,19.7,16.2,8.2,,129.14,224.6,,Thiophenes,Nitrothiophenes,H302; H312; H332; H341,[NAME] name_iupac from PubChem pipeline | [CLASS] ClassyFire from pipeline: Thiophenes | [CAS] CAS 609-40-5 validated by pipeline
octan-2-ol,2-Octanol,,123-96-6,C8H18O,CCCCCCC(C)O,16.1,4.9,11.0,,130.23,,,Fatty Acyls,Fatty alcohols,H315; H318; H319; H226; H411; H227; H305; H316; H335; H402; H412,[NAME] name_iupac from PubChem pipeline | [CLASS] ClassyFire from pipeline: Fatty Acyls | [CAS] CAS 123-96-6 validated by pipeline
2-(2-oxopyrrolidin-1-yl)acetamide,2-Oxopyrrolidinacetamid,,7491-74-9,C6H10N2O2,NC(=O)CN1CCCC1=O,17.5,15.6,11.2,,142.16,,,Carboxylic acids and derivatives,"Amino acids, peptides, and analogues",,[NAME] name_iupac from PubChem pipeline | [CLASS] ClassyFire from pipeline: Carboxylic acids and derivatives | [CAS] CAS 7491-74-9 validated by pipeline
pentan-2-ol,2-Pentanol,,6032-29-7,C5H12O,CCCC(C)O,15.6,6.4,13.3,,88.15,,,Organooxygen compounds,Alcohols and polyols,H226; H332; H335; H315; H319,[NAME] name_iupac from PubChem pipeline | [CLASS] ClassyFire from pipeline: Organooxygen compounds | [CAS] CAS 6032-29-7 validated by pipeline
2-phenoxyethanol,2-Phenoxy Ethanol,,122-99-6,C8H10O2,OCCOc1ccccc1,17.8,5.7,14.3,,138.16,245.1,,Phenol ethers,,H302; H318; H335; H319; H336; H320; H361,[NAME] name_iupac from PubChem pipeline | [CLASS] ClassyFire from pipeline: Phenol ethers | [CAS] CAS 122-99-6 validated by pipeline
2-phenylethanol,2-Phenyl Ethanol,,60-12-8,C8H10O,OCCc1ccccc1,18.3,5.6,11.2,,122.16,219.4,,Benzene and substituted derivatives,,H302; H319; H311; H336; H361; H371; H318,[NAME] name_iupac from PubChem pipeline | [CLASS] ClassyFire from pipeline: Benzene and substituted derivatives | [CAS] CAS 60-12-8 validated by pipeline
"2,6,6-trimethylbicyclo[3.1.1]hept-2-ene",2-Pinene (dl),,80-56-8,,,16.9,1.8,3.1,,,,,Prenol lipids,Monoterpenoids,,[NAME] name_iupac from PubChem pipeline | [CLASS] ClassyFire from pipeline: Prenol lipids | [CAS] CAS 80-56-8 validated by pipeline
propane-2-thiol,2-Propanethiol,,75-33-2,C3H8S,CC(C)S,16.3,6.8,6.5,,76.16,,,Thiols,Alkylthiols,H225; H302; H315; H319; H331,[NAME] name_iupac from PubChem pipeline | [CLASS] ClassyFire from pipeline: Thiols | [CAS] CAS 75-33-2 validated by pipeline
propan-2-ol,2-Propanol,IPA; iPrOH,67-63-0,C3H8O,CC(C)O,15.8,6.1,16.4,,60.1,,,Organooxygen compounds,Alcohols and polyols,H225; H319; H336; H318; H373; H400; H410; H335; H361; H370; H372; H303; H305; H313,[NAME] name_iupac from PubChem pipeline | [CLASS] ClassyFire from pipeline: Organooxygen compounds | [NAME] Acronyms: IPA; iPrOH | [CAS] CAS 67-63-0 validated by pipeline
prop-2-yn-1-ol,2-Propyn-1-ol,,107-19-7,C3H4O,OCC#C,16.1,8.7,18.8,,56.06,113.6,,,,H226; H301; H311; H314; H331; H411; H310; H318; H330; H373; H335; H351; H372; H401; H300; H336; H341,[NAME] name_iupac from PubChem pipeline | [CLASS] ClassyFire not available | [CAS] CAS 107-19-7 validated by pipeline
pyrrolidin-2-one,2-Pyrrolidone,,616-45-5,C4H7NO,O=C1CCCN1,18.2,12.0,9.0,,85.1,245.1,,Pyrrolidines,Pyrrolidones,H315; H318; H319; H335; H360,[NAME] name_iupac from PubChem pipeline | [CLASS] ClassyFire from pipeline: Pyrrolidines | [CAS] CAS 616-45-5 validated by pipeline
2-tert-butyl-4-methylphenol,2-t-Butyl-4-Methyl Phenol,,2409-55-4,C11H16O,Cc1ccc(O)c(c1)C(C)(C)C,17.3,3.7,10.5,,164.24,237.1,,Benzene and substituted derivatives,Phenylpropanes,H314; H318; H335; H411; H315; H319; H401,[NAME] name_iupac from PubChem pipeline | [CLASS] ClassyFire from pipeline: Benzene and substituted derivatives | [CAS] CAS 2409-55-4 validated by pipeline
methylsulfanylethane,2-Thiabutane,,624-89-5,C3H8S,CCSC,16.2,5.9,5.3,,76.16,66.7,,Thioethers,Dialkylthioethers,H225; H315,[NAME] name_iupac from PubChem pipeline | [CLASS] ClassyFire from pipeline: Thioethers | [CAS] CAS 624-89-5 validated by pipeline
2-methylaniline,2-Toluidine,,95-53-4,C7H9N,Cc1ccccc1N,19.4,5.8,9.4,,107.15,,,Benzene and substituted derivatives,Toluenes,H301; H319; H331; H350; H400; H312; H315; H341; H411; H227; H302; H332; H336; H370; H372; H410; H313; H316; H340; H373,[NAME] name_iupac from PubChem pipeline | [CLASS] ClassyFire from pipeline: Benzene and substituted derivatives | [CAS] CAS 95-53-4 validated by pipeline
1-ethenyl-2-methylbenzene,2-Vinyl Toluene,,611-15-4,C9H10,Cc1ccccc1C=C,18.6,1.0,3.8,,118.18,160.0,,Benzene and substituted derivatives,Styrenes,H332; H411; H226; H304; H315; H319; H400; H401,[NAME] name_iupac from PubChem pipeline | [CLASS] ClassyFire from pipeline: Benzene and substituted derivatives | [CAS] CAS 611-15-4 validated by pipeline
"3,3,3-trichloroprop-1-ene","3,3,3-Trichloro Propene",,2233-00-3,C3H3Cl3,ClC(Cl)(Cl)C=C,17.7,15.5,3.4,,145.41,,,Organochlorides,,H226; H302; H312; H315; H319; H332; H335,[NAME] name_iupac from PubChem pipeline | [CLASS] ClassyFire from pipeline: Organochlorides | [CAS] CAS 2233-00-3 validated by pipeline
"1,2-dichloro-4-(trifluoromethyl)benzene","3,4-Dichloro Alpha,Alpha,A-Trifluorotoluene",,328-84-7,C7H3Cl2F3,,20.0,4.7,2.4,,215.0,173.6,,Benzene and substituted derivatives,Trifluoromethylbenzenes,H302; H315; H319; H335; H411; H227,[NAME] name_iupac from PubChem pipeline | [CLASS] ClassyFire from cache: Benzene and substituted derivatives | [CAS] CAS 328-84-7 validated by pipeline
"1,2-dichloro-4-nitrobenzene","3,4-Dichloronitrobenzene",,99-54-7,C6H3Cl2NO2,[O-][N+](=O)c1ccc(Cl)c(Cl)c1,20.1,7.2,4.1,,192.0,255.6,,Benzene and substituted derivatives,Nitrobenzenes,H302; H317; H319; H411; H336; H361; H372; H373,[NAME] name_iupac from PubChem pipeline | [CLASS] ClassyFire from pipeline: Benzene and substituted derivatives | [CAS] CAS 99-54-7 validated by pipeline
"2-(3,4-dichlorophenyl)acetonitrile","3,4-Dichlorophenyl Acetonitrile",MeCN; ACN,3218-49-3,C8H5Cl2N,Clc1ccc(CC#N)cc1Cl,20.5,10.8,4.4,,186.03,,,Benzene and substituted derivatives,Benzyl cyanides,H301; H302; H311; H312; H315; H319; H331; H332; H335,[NAME] name_iupac from PubChem pipeline | [CLASS] ClassyFire from pipeline: Benzene and substituted derivatives | [NAME] Acronyms: MeCN; ACN | [CAS] CAS 3218-49-3 validated by pipeline
"3,4-dichlorotoluene","3,4-Dichlorotoluene",,95-75-0,,,19.8,9.8,2.5,,,,,Benzene and substituted derivatives,Halobenzenes,,[NAME] name_iupac: no pipeline enrichment; using lowercase common name | [CLASS] ClassyFire from cache: Benzene and substituted derivatives | [CAS] CAS 95-75-0 from HSPiP source
"3,4-dimethyl phenol","3,4-Dimethyl Phenol",,95-65-8,,,19.2,6,13.4,,,,,Phenols,Cresols,,[NAME] name_iupac: no pipeline enrichment; using lowercase common name | [CLASS] ClassyFire from cache: Phenols | [CAS] CAS 95-65-8 from HSPiP source
"3,4-dinitrophenol","3,4-Dinitrophenol",,577-71-9,,,19.5,12.8,14.3,,,,,Phenols,Nitrophenols,,[NAME] name_iupac: no pipeline enrichment; using lowercase common name | [CLASS] ClassyFire from cache: Phenols | [CAS] CAS 577-71-9 from HSPiP source
"3,4-epoxy-1-butene","3,4-Epoxy-1-Butene",,930-22-3,,,16.6,7.7,7.4,,,,,Epoxides,,,[NAME] name_iupac: no pipeline enrichment; using lowercase common name | [CLASS] ClassyFire from cache: Epoxides | [CAS] CAS 930-22-3 from HSPiP source
"3,5-difluorobenzonitrile","3,5-Difluorobenzonitrile",,64248-63-1,,,18.8,11.2,3.2,,,,,Benzene and substituted derivatives,Benzonitriles,,[NAME] name_iupac: no pipeline enrichment; using lowercase common name | [CLASS] ClassyFire from cache: Benzene and substituted derivatives | [CAS] CAS 64248-63-1 from HSPiP source
"3,5-dinitrophenol","3,5-Dinitrophenol",,586-11-8,,,19.5,12.9,14.4,,,,,Phenols,Nitrophenols,,[NAME] name_iupac: no pipeline enrichment; using lowercase common name | [CLASS] ClassyFire from cache: Phenols | [CAS] CAS 586-11-8 from HSPiP source
3-azidopropene,3-Azidopropene,,821-13-6,,,16.8,7.7,13.4,,,,,"Allyl-type 1,3-dipolar organic compounds",Azo imides,,"[NAME] name_iupac: no pipeline enrichment; using lowercase common name | [CLASS] ClassyFire from cache: Allyl-type 1,3-dipolar organic compounds | [CAS] CAS 821-13-6 from HSPiP source"
3-bromopropyne,3-Bromopropyne,,106-96-7,,,18.1,6.5,5.3,,,,,,,,[NAME] name_iupac: no pipeline enrichment; using lowercase common name | [CLASS] ClassyFire not available | [CAS] CAS 106-96-7 from HSPiP source
3-butenenitrile,3-Butenenitrile,,109-75-1,,,16.2,14.3,5.6,,,,,Organonitrogen compounds,Organic cyanides,,[NAME] name_iupac: no pipeline enrichment; using lowercase common name | [CLASS] ClassyFire from cache: Organonitrogen compounds | [CAS] CAS 109-75-1 from HSPiP source
3-butoxybutanol,3-Butoxybutanol,,NA,,,15.9,5.5,10.6,,,,,,,,[NAME] name_iupac: no pipeline enrichment; using lowercase common name | [CLASS] ClassyFire not available | [CAS] CAS NA from HSPiP source
3-chloro allyl alcohol,3-Chloro Allyl Alcohol,,29560-84-7,,,17.2,10.3,16.5,,,,,Vinyl halides,Vinyl chlorides,,[NAME] name_iupac: no pipeline enrichment; using lowercase common name | [CLASS] ClassyFire from cache: Vinyl halides | [CAS] CAS 29560-84-7 from HSPiP source
3-chloro-1-propanol,3-Chloro-1-Propanol,,627-30-5,,,17.5,5.7,14.7,,,,,,,,[NAME] name_iupac: no pipeline enrichment; using lowercase common name | [CLASS] ClassyFire not available | [CAS] CAS 627-30-5 from HSPiP source
3-chloro-2-methyl propene,3-Chloro-2-Methyl Propene,,563-47-3,,,16.2,5.6,2,,,,,,,,[NAME] name_iupac: no pipeline enrichment; using lowercase common name | [CLASS] ClassyFire not available | [CAS] CAS 563-47-3 from HSPiP source
3-chlorobenzylchloride,3-Chlorobenzylchloride,,620-20-2,,,19.9,9.3,2.6,,,,,Benzene and substituted derivatives,Benzyl halides,,[NAME] name_iupac: no pipeline enrichment; using lowercase common name | [CLASS] ClassyFire from cache: Benzene and substituted derivatives | [CAS] CAS 620-20-2 from HSPiP source
3-chloropropionaldehyde,3-Chloropropionaldehyde,,19434-65-2,,,17,13.3,8.2,,,,,,,,[NAME] name_iupac: no pipeline enrichment; using lowercase common name | [CLASS] ClassyFire not available | [CAS] CAS 19434-65-2 from HSPiP source
3-chloropropionitrile,3-Chloropropionitrile,,542-76-7,,,17.3,15.9,6.1,,,,,Organonitrogen compounds,Organic cyanides,,[NAME] name_iupac: no pipeline enrichment; using lowercase common name | [CLASS] ClassyFire from cache: Organonitrogen compounds | [CAS] CAS 542-76-7 from HSPiP source
3-chloropropyne,3-Chloropropyne,,624-65-7,,,16.7,7.4,2.3,,,,,,,,[NAME] name_iupac: no pipeline enrichment; using lowercase common name | [CLASS] ClassyFire not available | [CAS] CAS 624-65-7 from HSPiP source
3-ethoxy propionaldehyde,3-Ethoxy Propionaldehyde,,2806-85-1,,,16,8.8,7.4,,,,,,,,[NAME] name_iupac: no pipeline enrichment; using lowercase common name | [CLASS] ClassyFire not available | [CAS] CAS 2806-85-1 from HSPiP source
3-heptanol,3-Heptanol,,589-82-2,,,15.9,5.4,11.7,,,,,Organooxygen compounds,Alcohols and polyols,,[NAME] name_iupac: no pipeline enrichment; using lowercase common name | [CLASS] ClassyFire from cache: Organooxygen compounds | [CAS] CAS 589-82-2 from HSPiP source
3-hydroxy tetrahydrofuran,3-Hydroxy Tetrahydrofuran,THF,453-20-3,,,18.9,9.4,16.3,,,,,Tetrahydrofurans,,,[NAME] name_iupac: no pipeline enrichment; using lowercase common name | [CLASS] ClassyFire from cache: Tetrahydrofurans | [NAME] Acronyms: THF | [CAS] CAS 453-20-3 from HSPiP source
3-methoxy butanol,3-Methoxy Butanol,,2517-43-3,,,15.3,5.4,13.6,,,,,Organooxygen compounds,Ethers,,[NAME] name_iupac: no pipeline enrichment; using lowercase common name | [CLASS] ClassyFire from cache: Organooxygen compounds | [CAS] CAS 2517-43-3 from HSPiP source
3-methoxy butyl acetate,3-Methoxy Butyl Acetate,,4435-53-4,,,15.3,4.1,8.1,,,,,Carboxylic acids and derivatives,Carboxylic acid derivatives,,[NAME] name_iupac: no pipeline enrichment; using lowercase common name | [CLASS] ClassyFire from cache: Carboxylic acids and derivatives | [CAS] CAS 4435-53-4 from HSPiP source
3-methoxy-3-methyl butanol,3-Methoxy-3-Methyl Butanol,,56539-66-3,,,16,6.3,12.9,,,,,Organooxygen compounds,Ethers,,[NAME] name_iupac: no pipeline enrichment; using lowercase common name | [CLASS] ClassyFire from cache: Organooxygen compounds | [CAS] CAS 56539-66-3 from HSPiP source
3-methoxypropionitrile,3-Methoxypropionitrile,,110-67-8,,,16.6,14.4,7.8,,,,,,,,[NAME] name_iupac: no pipeline enrichment; using lowercase common name | [CLASS] ClassyFire not available | [CAS] CAS 110-67-8 from HSPiP source
3-methyl allyl alcohol,3-Methyl Allyl Alcohol,,504-61-0,,,16,6,15.5,,,,,Organooxygen compounds,Alcohols and polyols,,[NAME] name_iupac: no pipeline enrichment; using lowercase common name | [CLASS] ClassyFire from cache: Organooxygen compounds | [CAS] CAS 504-61-0 from HSPiP source
3-methyl cyclohexanol (mix),3-Methyl Cyclohexanol (Mix),,591-23-1,,,17.2,6.4,12.5,,,,,Organooxygen compounds,Alcohols and polyols,,[NAME] name_iupac: no pipeline enrichment; using lowercase common name | [CLASS] ClassyFire from cache: Organooxygen compounds | [CAS] CAS 591-23-1 from HSPiP source
3-methyl cyclohexanone,3-Methyl Cyclohexanone,,591-24-2,,,17.7,7.7,4.7,,,,,Organooxygen compounds,Carbonyl compounds,,[NAME] name_iupac: no pipeline enrichment; using lowercase common name | [CLASS] ClassyFire from cache: Organooxygen compounds | [CAS] CAS 591-24-2 from HSPiP source
3-methyl isoxazole,3-Methyl Isoxazole,,30842-90-1,,,19.4,14.8,11.8,,,,,Azoles,Isoxazoles,,[NAME] name_iupac: no pipeline enrichment; using lowercase common name | [CLASS] ClassyFire from cache: Azoles | [CAS] CAS 30842-90-1 from HSPiP source
"3-methyl-1,2-butadiene","3-Methyl-1,2-Butadiene",,598-25-4,,,15.1,2.5,4.5,,,,,Unsaturated hydrocarbons,Branched unsaturated hydrocarbons,,[NAME] name_iupac: no pipeline enrichment; using lowercase common name | [CLASS] ClassyFire from cache: Unsaturated hydrocarbons | [CAS] CAS 598-25-4 from HSPiP source
3-methyl-1-butene,3-Methyl-1-Butene,,563-45-1,,,14,1.4,3.8,,,,,Unsaturated hydrocarbons,Unsaturated aliphatic hydrocarbons,,[NAME] name_iupac: no pipeline enrichment; using lowercase common name | [CLASS] ClassyFire from cache: Unsaturated hydrocarbons | [CAS] CAS 563-45-1 from HSPiP source
3-methyl-2-butanol,3-Methyl-2-Butanol,,598-75-4,,,15.6,5.2,13.4,,,,,,,,[NAME] name_iupac: no pipeline enrichment; using lowercase common name | [CLASS] ClassyFire not available | [CAS] CAS 598-75-4 from HSPiP source
3-methyl-3-methoxy butyl acetate,3-Methyl-3-Methoxy Butyl Acetate,,103429-90-9,,,15.3,3.8,7.7,,,,,Carboxylic acids and derivatives,Carboxylic acid derivatives,,[NAME] name_iupac: no pipeline enrichment; using lowercase common name | [CLASS] ClassyFire from cache: Carboxylic acids and derivatives | [CAS] CAS 103429-90-9 from HSPiP source
3-n-butyl toluene,3-n-Butyl Toluene,,1595-04-6,,,17.4,0.1,1,,,,,Benzene and substituted derivatives,Toluenes,,[NAME] name_iupac: no pipeline enrichment; using lowercase common name | [CLASS] ClassyFire from cache: Benzene and substituted derivatives | [CAS] CAS 1595-04-6 from HSPiP source
3-nitroaniline,3-Nitroaniline,,99-09-2,,,21.4,17.7,10.6,,,,,,,,[NAME] name_iupac: no pipeline enrichment; using lowercase common name | [CLASS] ClassyFire not available | [CAS] CAS 99-09-2 from HSPiP source
"4,4'-methylenebis(phenylisocyanate)","4,4'-Methylenebis(Phenylisocyanate)",,101-68-8,,,19.5,4.1,1.7,,,,,Benzene and substituted derivatives,Diphenylmethanes,,[NAME] name_iupac: no pipeline enrichment; using lowercase common name | [CLASS] ClassyFire from cache: Benzene and substituted derivatives | [CAS] CAS 101-68-8 from HSPiP source
4-(trifluoromethyl) acetophenone,4-(Trifluoromethyl) Acetophenone,,709-63-7,,,18.8,6.1,3.5,,,,,Organooxygen compounds,Carbonyl compounds,,[NAME] name_iupac: no pipeline enrichment; using lowercase common name | [CLASS] ClassyFire from cache: Organooxygen compounds | [CAS] CAS 709-63-7 from HSPiP source
4-aminopyridine,4-Aminopyridine,,504-24-5,,,20.4,16.1,12.9,,,,,Pyridines and derivatives,Aminopyridines and derivatives,,[NAME] name_iupac: no pipeline enrichment; using lowercase common name | [CLASS] ClassyFire from cache: Pyridines and derivatives | [CAS] CAS 504-24-5 from HSPiP source
"4-bromo-1,2-butadiene","4-Bromo-1,2-Butadiene",,18668-68-3,,,17,6.5,4.7,,,,,Organobromides,,,[NAME] name_iupac: no pipeline enrichment; using lowercase common name | [CLASS] ClassyFire from cache: Organobromides | [CAS] CAS 18668-68-3 from HSPiP source
4-bromo-1-butene,4-Bromo-1-Butene,,5162-44-7,,,16.5,6,4.5,,,,,Organobromides,,,[NAME] name_iupac: no pipeline enrichment; using lowercase common name | [CLASS] ClassyFire from cache: Organobromides | [CAS] CAS 5162-44-7 from HSPiP source
"4-chloro-1,2-butadiene","4-Chloro-1,2-Butadiene",,25790-55-0,,,16.6,8,6.7,,,,,,,,[NAME] name_iupac: no pipeline enrichment; using lowercase common name | [CLASS] ClassyFire not available | [CAS] CAS 25790-55-0 from HSPiP source
4-chloro-2-nitrotoluene,4-Chloro-2-Nitrotoluene,,89-59-8,,,19.9,11.8,3.8,,,,,Benzene and substituted derivatives,Nitrobenzenes,,[NAME] name_iupac: no pipeline enrichment; using lowercase common name | [CLASS] ClassyFire from cache: Benzene and substituted derivatives | [CAS] CAS 89-59-8 from HSPiP source
4-chloroanisole,4-Chloroanisole,,623-12-1,,,19.6,7.8,6.7,,,,,Phenol ethers,Anisoles,,[NAME] name_iupac: no pipeline enrichment; using lowercase common name | [CLASS] ClassyFire from cache: Phenol ethers | [CAS] CAS 623-12-1 from HSPiP source
4-chlorobenzaldehyde,4-Chlorobenzaldehyde,,104-88-1,,,19.9,7.2,5.6,,,,,Benzene and substituted derivatives,Benzoyl derivatives,,[NAME] name_iupac: no pipeline enrichment; using lowercase common name | [CLASS] ClassyFire from cache: Benzene and substituted derivatives | [CAS] CAS 104-88-1 from HSPiP source
4-chlorobenzonitrile,4-Chlorobenzonitrile,,623-03-0,,,19.5,8,4.1,,,,,Benzene and substituted derivatives,Benzonitriles,,[NAME] name_iupac: no pipeline enrichment; using lowercase common name | [CLASS] ClassyFire from cache: Benzene and substituted derivatives | [CAS] CAS 623-03-0 from HSPiP source
4-chlorobenzotrichloride,4-Chlorobenzotrichloride,,5216-25-1,,,20.3,5.5,3.5,,,,,Benzene and substituted derivatives,Halobenzenes,,[NAME] name_iupac: no pipeline enrichment; using lowercase common name | [CLASS] ClassyFire from cache: Benzene and substituted derivatives | [CAS] CAS 5216-25-1 from HSPiP source
4-chlorobenzyl alcohol,4-Chlorobenzyl Alcohol,,873-76-7,,,19.6,7.5,13,,,,,Benzene and substituted derivatives,Benzyl alcohols,,[NAME] name_iupac: no pipeline enrichment; using lowercase common name | [CLASS] ClassyFire from cache: Benzene and substituted derivatives | [CAS] CAS 873-76-7 from HSPiP source
4-chlorothiophenol,4-Chlorothiophenol,,106-54-7,,,20.8,8.6,10.6,,,,,Thiophenols,,,[NAME] name_iupac: no pipeline enrichment; using lowercase common name | [CLASS] ClassyFire from cache: Thiophenols | [CAS] CAS 106-54-7 from HSPiP source
4-ethoxy acetophenone,4-Ethoxy Acetophenone,,1676-63-7,,,18.8,10.3,6.4,,,,,,,,[NAME] name_iupac: no pipeline enrichment; using lowercase common name | [CLASS] ClassyFire not available | [CAS] CAS 1676-63-7 from HSPiP source
4-ethyl morpholine,4-Ethyl Morpholine,,100-74-3,,,17.7,5,6.6,,,,,Oxazinanes,Morpholines,,[NAME] name_iupac: no pipeline enrichment; using lowercase common name | [CLASS] ClassyFire from cache: Oxazinanes | [CAS] CAS 100-74-3 from HSPiP source
4-ethyl phenol,4-Ethyl Phenol,,123-07-9,,,18.3,5.2,12.6,,,,,Phenols,1-hydroxy-2-unsubstituted benzenoids,,[NAME] name_iupac: no pipeline enrichment; using lowercase common name | [CLASS] ClassyFire from cache: Phenols | [CAS] CAS 123-07-9 from HSPiP source
"4-ethyl-1,3-dioxolane-2-one","4-Ethyl-1,3-Dioxolane-2-One",,4437-85-8,,,17.5,9.8,3,,,,,Organic carbonic acids and derivatives,Carbonic acid diesters,,[NAME] name_iupac: no pipeline enrichment; using lowercase common name | [CLASS] ClassyFire from cache: Organic carbonic acids and derivatives | [CAS] CAS 4437-85-8 from HSPiP source
4-fluoro-3-nitrobenzofluoride,4-Fluoro-3-Nitrobenzofluoride,,364-74-9,,,19.4,7.2,3.7,,,,,Benzene and substituted derivatives,Nitrobenzenes,,[NAME] name_iupac: no pipeline enrichment; using lowercase common name | [CLASS] ClassyFire from cache: Benzene and substituted derivatives | [CAS] CAS 364-74-9 from HSPiP source
4-fluoropropiophenone,4-Fluoropropiophenone,,582-83-2,,,19.6,7.1,3.5,,,,,Organooxygen compounds,Carbonyl compounds,,[NAME] name_iupac: no pipeline enrichment; using lowercase common name | [CLASS] ClassyFire from cache: Organooxygen compounds | [CAS] CAS 582-83-2 from HSPiP source
4-hydroxy benzaldehyde,4-Hydroxy Benzaldehyde,,123-08-0,,,19.4,15.2,14.5,,,,,Organooxygen compounds,Carbonyl compounds,,[NAME] name_iupac: no pipeline enrichment; using lowercase common name | [CLASS] ClassyFire from cache: Organooxygen compounds | [CAS] CAS 123-08-0 from HSPiP source
4-hydroxycinnamic acid,4-Hydroxycinnamic Acid,,7400-08-0,,,19.1,6.7,15.9,,,,,Cinnamic acids and derivatives,Hydroxycinnamic acids and derivatives,,[NAME] name_iupac: no pipeline enrichment; using lowercase common name | [CLASS] ClassyFire from cache: Cinnamic acids and derivatives | [CAS] CAS 7400-08-0 from HSPiP source
"4-iodo-1,2-butadiene","4-Iodo-1,2-Butadiene",,29871-57-6,,,17.4,6.3,6.2,,,,,,,,[NAME] name_iupac: no pipeline enrichment; using lowercase common name | [CLASS] ClassyFire not available | [CAS] CAS 29871-57-6 from HSPiP source
4-methoxy acetophenone,4-Methoxy Acetophenone,,100-06-1,,,18.9,11.2,7,,,,,Organooxygen compounds,Carbonyl compounds,,[NAME] name_iupac: no pipeline enrichment; using lowercase common name | [CLASS] ClassyFire from cache: Organooxygen compounds | [CAS] CAS 100-06-1 from HSPiP source
4-methoxy benzonitrile,4-Methoxy Benzonitrile,,874-90-8,,,19.4,16.7,5.4,,,,,Benzene and substituted derivatives,Benzonitriles,,[NAME] name_iupac: no pipeline enrichment; using lowercase common name | [CLASS] ClassyFire from cache: Benzene and substituted derivatives | [CAS] CAS 874-90-8 from HSPiP source
4-methyl cyclohexanol (mix),4-Methyl Cyclohexanol (Mix),,589-91-3,,,17.2,6.3,12.5,,,,,Organooxygen compounds,Alcohols and polyols,,[NAME] name_iupac: no pipeline enrichment; using lowercase common name | [CLASS] ClassyFire from cache: Organooxygen compounds | [CAS] CAS 589-91-3 from HSPiP source
4-nitrophenol,4-Nitrophenol,,100-02-7,,,20,14.5,14.2,,,,,Phenols,Nitrophenols,,[NAME] name_iupac: no pipeline enrichment; using lowercase common name | [CLASS] ClassyFire from cache: Phenols | [CAS] CAS 100-02-7 from HSPiP source
4-pentenal,4-Pentenal,,2100-17-6,,,15.5,8.1,6.8,,,,,Organooxygen compounds,Carbonyl compounds,,[NAME] name_iupac: no pipeline enrichment; using lowercase common name | [CLASS] ClassyFire from cache: Organooxygen compounds | [CAS] CAS 2100-17-6 from HSPiP source
4-vinyl pyridine,4-Vinyl Pyridine,,100-43-6,,,18.1,7.2,6.8,,,,,Pyridines and derivatives,,,[NAME] name_iupac: no pipeline enrichment; using lowercase common name | [CLASS] ClassyFire from cache: Pyridines and derivatives | [CAS] CAS 100-43-6 from HSPiP source
"5,6-dihydroxyindole","5,6-Dihydroxyindole",,3131-52-0,,,19.5,8.8,17.9,,,,,Indoles and derivatives,Hydroxyindoles,,[NAME] name_iupac: no pipeline enrichment; using lowercase common name | [CLASS] ClassyFire from cache: Indoles and derivatives | [CAS] CAS 3131-52-0 from HSPiP source
"5,6-dihydroxyindole-2-carboxylic acid","5,6-Dihydroxyindole-2-Carboxylic Acid",,4790-08-03 00:00:00,,,19.5,8.1,17.7,,,,,,,,[NAME] name_iupac: no pipeline enrichment; using lowercase common name | [CLASS] ClassyFire not available | [CAS] CAS 4790-08-03 00:00:00 from HSPiP source
"5,6-indolequinone","5,6-Indolequinone",,NA,,,19.5,9.3,7.8,,,,,,,,[NAME] name_iupac: no pipeline enrichment; using lowercase common name | [CLASS] ClassyFire not available | [CAS] CAS NA from HSPiP source
"5,6-indolequinone-2-carboxylic acid","5,6-Indolequinone-2-Carboxylic Acid",,NA,,,19.5,8.3,10.6,,,,,,,,[NAME] name_iupac: no pipeline enrichment; using lowercase common name | [CLASS] ClassyFire not available | [CAS] CAS NA from HSPiP source
5-bromo-2-nitrobenzotrifluoride,5-Bromo-2-Nitrobenzotrifluoride,,344-38-7,,,20,6,4.9,,,,,Benzene and substituted derivatives,Trifluoromethylbenzenes,,[NAME] name_iupac: no pipeline enrichment; using lowercase common name | [CLASS] ClassyFire from cache: Benzene and substituted derivatives | [CAS] CAS 344-38-7 from HSPiP source
6-chloro-2-nitrotoluene,6-Chloro-2-Nitrotoluene,,83-42-1,,,20.3,9.6,3.8,,,,,Benzene and substituted derivatives,Nitrobenzenes,,[NAME] name_iupac: no pipeline enrichment; using lowercase common name | [CLASS] ClassyFire from cache: Benzene and substituted derivatives | [CAS] CAS 83-42-1 from HSPiP source
"9,10-anthraquinone","9,10-Anthraquinone",,84-65-1,,,20.3,7.6,4.8,,,,,Anthracenes,Anthraquinones,,[NAME] name_iupac: no pipeline enrichment; using lowercase common name | [CLASS] ClassyFire from cache: Anthracenes | [CAS] CAS 84-65-1 from HSPiP source
"9,10-phenanthrenequinone","9,10-Phenanthrenequinone",,84-11-7,,,20.3,17.1,4.8,,,,,Phenanthrenes and derivatives,Phenanthraquinones,,[NAME] name_iupac: no pipeline enrichment; using lowercase common name | [CLASS] ClassyFire from cache: Phenanthrenes and derivatives | [CAS] CAS 84-11-7 from HSPiP source
a-methyl styrene,a-Methyl Styrene,,98-83-9,,,18.5,2.4,2.4,,,,,Benzene and substituted derivatives,Phenylpropenes,,[NAME] name_iupac: no pipeline enrichment; using lowercase common name | [CLASS] ClassyFire from cache: Benzene and substituted derivatives | [CAS] CAS 98-83-9 from HSPiP source
acetaldehyde,Acetaldehyde,,75-07-0,,,14.7,12.5,7.9,,,,,Organooxygen compounds,Carbonyl compounds,,[NAME] name_iupac: no pipeline enrichment; using lowercase common name | [CLASS] ClassyFire from cache: Organooxygen compounds | [CAS] CAS 75-07-0 from HSPiP source
acetaldoxime,Acetaldoxime,,107-29-9,,,16.3,4,20.2,,,,,Organonitrogen compounds,Oximes,,[NAME] name_iupac: no pipeline enrichment; using lowercase common name | [CLASS] ClassyFire from cache: Organonitrogen compounds | [CAS] CAS 107-29-9 from HSPiP source
acetamide,Acetamide,,60-35-5,,,17.3,18.7,19.3,,,,,Carboximidic acids and derivatives,Carboximidic acids,,[NAME] name_iupac: no pipeline enrichment; using lowercase common name | [CLASS] ClassyFire from cache: Carboximidic acids and derivatives | [CAS] CAS 60-35-5 from HSPiP source
acetanilide,Acetanilide,,103-84-4,,,20.6,14.4,13.5,,,,,Benzene and substituted derivatives,,,[NAME] name_iupac: no pipeline enrichment; using lowercase common name | [CLASS] ClassyFire from cache: Benzene and substituted derivatives | [CAS] CAS 103-84-4 from HSPiP source
acetic acid,Acetic Acid,AcOH; HOAc,64-19-7,,,14.5,8,13.5,,,,,Carboxylic acids and derivatives,Carboxylic acids,,[NAME] name_iupac: no pipeline enrichment; using lowercase common name | [CLASS] ClassyFire from cache: Carboxylic acids and derivatives | [NAME] Acronyms: AcOH; HOAc | [CAS] CAS 64-19-7 from HSPiP source
acetic anhydride,Acetic Anhydride,Ac2O,108-24-7,,,16,11.7,10.2,,,,,Carboxylic acids and derivatives,Dicarboxylic acids and derivatives,,[NAME] name_iupac: no pipeline enrichment; using lowercase common name | [CLASS] ClassyFire from cache: Carboxylic acids and derivatives | [NAME] Acronyms: Ac2O | [CAS] CAS 108-24-7 from HSPiP source
acetone,Acetone,,67-64-1,,,15.5,10.4,7,,,,,Organooxygen compounds,Carbonyl compounds,,[NAME] name_iupac: no pipeline enrichment; using lowercase common name | [CLASS] ClassyFire from cache: Organooxygen compounds | [CAS] CAS 67-64-1 from HSPiP source
acetonecyanhydrin,Acetonecyanhydrin,,75-86-5,,,16.6,12.2,15.5,,,,,Organooxygen compounds,Alcohols and polyols,,[NAME] name_iupac: no pipeline enrichment; using lowercase common name | [CLASS] ClassyFire from cache: Organooxygen compounds | [CAS] CAS 75-86-5 from HSPiP source
acetonemethyloxime,Acetonemethyloxime,,3376-35-0,,,14.7,4.6,4.6,,,,,Organonitrogen compounds,Oximes,,[NAME] name_iupac: no pipeline enrichment; using lowercase common name | [CLASS] ClassyFire from cache: Organonitrogen compounds | [CAS] CAS 3376-35-0 from HSPiP source
acetonitrile,Acetonitrile,MeCN; ACN,75-05-8,,,15.3,18,6.1,,,,,Organonitrogen compounds,Organic cyanides,,[NAME] name_iupac: no pipeline enrichment; using lowercase common name | [CLASS] ClassyFire from cache: Organonitrogen compounds | [NAME] Acronyms: MeCN; ACN | [CAS] CAS 75-05-8 from HSPiP source
acetophenone,Acetophenone,,98-86-2,,,18.8,9,4,,,,,Organooxygen compounds,Carbonyl compounds,,[NAME] name_iupac: no pipeline enrichment; using lowercase common name | [CLASS] ClassyFire from cache: Organooxygen compounds | [CAS] CAS 98-86-2 from HSPiP source
acetoxime,Acetoxime,,127-06-0,,,16.3,3.7,10.9,,,,,Organonitrogen compounds,Oximes,,[NAME] name_iupac: no pipeline enrichment; using lowercase common name | [CLASS] ClassyFire from cache: Organonitrogen compounds | [CAS] CAS 127-06-0 from HSPiP source
acetyl salicylic acid,Acetyl Salicylic Acid,,50-78-2,,,19,6.9,9.7,,,,,Benzene and substituted derivatives,Benzoic acids and derivatives,,[NAME] name_iupac: no pipeline enrichment; using lowercase common name | [CLASS] ClassyFire from cache: Benzene and substituted derivatives | [CAS] CAS 50-78-2 from HSPiP source
acetyl triethyl citrate,Acetyl Triethyl Citrate,,77-89-4,,,16.6,3.5,8.6,,,,,Carboxylic acids and derivatives,Tetracarboxylic acids and derivatives,,[NAME] name_iupac: no pipeline enrichment; using lowercase common name | [CLASS] ClassyFire from cache: Carboxylic acids and derivatives | [CAS] CAS 77-89-4 from HSPiP source
acetylacetone,Acetylacetone,,123-54-6,,,16.1,10,6.2,,,,,Organooxygen compounds,Carbonyl compounds,,[NAME] name_iupac: no pipeline enrichment; using lowercase common name | [CLASS] ClassyFire from cache: Organooxygen compounds | [CAS] CAS 123-54-6 from HSPiP source
acetylbromide,Acetylbromide,,506-96-7,,,16.7,10.6,5.2,,,,,Acyl halides,Acyl bromides,,[NAME] name_iupac: no pipeline enrichment; using lowercase common name | [CLASS] ClassyFire from cache: Acyl halides | [CAS] CAS 506-96-7 from HSPiP source
acetylchloride,Acetylchloride,,75-36-5,,,16.2,11.2,5.8,,,,,,,,[NAME] name_iupac: no pipeline enrichment; using lowercase common name | [CLASS] ClassyFire not available | [CAS] CAS 75-36-5 from HSPiP source
acetylene (ethyne),Acetylene (Ethyne),,74-86-2,,,14.4,4.2,11.9,,,,,,,,[NAME] name_iupac: no pipeline enrichment; using lowercase common name | [CLASS] ClassyFire not available | [CAS] CAS 74-86-2 from HSPiP source
acetylfluoride,Acetylfluoride,,557-99-3,,,14.7,14,5.7,,,,,Acyl halides,Acyl fluorides,,[NAME] name_iupac: no pipeline enrichment; using lowercase common name | [CLASS] ClassyFire from cache: Acyl halides | [CAS] CAS 557-99-3 from HSPiP source
acridine,Acridine,,260-94-6,,,20,5.9,2,,,,,,,,[NAME] name_iupac: no pipeline enrichment; using lowercase common name | [CLASS] ClassyFire not available | [CAS] CAS 260-94-6 from HSPiP source
acrolein,Acrolein,,107-02-8,,,15.5,10,8.6,,,,,Organooxygen compounds,Carbonyl compounds,,[NAME] name_iupac: no pipeline enrichment; using lowercase common name | [CLASS] ClassyFire from cache: Organooxygen compounds | [CAS] CAS 107-02-8 from HSPiP source
acrylamide,Acrylamide,,79-06-1,,,15.8,12.1,12.8,,,,,,,,[NAME] name_iupac: no pipeline enrichment; using lowercase common name | [CLASS] ClassyFire not available | [CAS] CAS 79-06-1 from HSPiP source
acrylic acid,Acrylic Acid,,79-10-7,,,16.6,6.4,10,,,,,Carboxylic acids and derivatives,Acrylic acids and derivatives,,[NAME] name_iupac: no pipeline enrichment; using lowercase common name | [CLASS] ClassyFire from cache: Carboxylic acids and derivatives | [CAS] CAS 79-10-7 from HSPiP source
acrylonitrile,Acrylonitrile,,107-13-1,,,16,12.8,6.8,,,,,,,,[NAME] name_iupac: no pipeline enrichment; using lowercase common name | [CLASS] ClassyFire not available | [CAS] CAS 107-13-1 from HSPiP source
acrylylchloride,Acrylylchloride,,814-68-6,,,16.2,11.6,5.4,,,,,,,,[NAME] name_iupac: no pipeline enrichment; using lowercase common name | [CLASS] ClassyFire not available | [CAS] CAS 814-68-6 from HSPiP source
adenine,Adenine,,73-24-5,,,20,16,14.9,,,,,Imidazopyrimidines,Purines and purine derivatives,,[NAME] name_iupac: no pipeline enrichment; using lowercase common name | [CLASS] ClassyFire from cache: Imidazopyrimidines | [CAS] CAS 73-24-5 from HSPiP source
"adipic acid (1,6-hexanedioic)","Adipic Acid (1,6-Hexanedioic)",,124-04-9,,,17.1,10,16.3,,,,,,,,[NAME] name_iupac: no pipeline enrichment; using lowercase common name | [CLASS] ClassyFire not available | [CAS] CAS 124-04-9 from HSPiP source
adonitol,Adonitol,,488-81-3,,,18,12,36,,,,,,,,[NAME] name_iupac: no pipeline enrichment; using lowercase common name | [CLASS] ClassyFire not available | [CAS] CAS 488-81-3 from HSPiP source
adrenalin,Adrenalin,,51-43-4,,,20.5,8.7,19.9,,,,,,,,[NAME] name_iupac: no pipeline enrichment; using lowercase common name | [CLASS] ClassyFire not available | [CAS] CAS 51-43-4 from HSPiP source
allyl acetate,Allyl Acetate,,591-87-7,,,15.7,4.5,8,,,,,,,,[NAME] name_iupac: no pipeline enrichment; using lowercase common name | [CLASS] ClassyFire not available | [CAS] CAS 591-87-7 from HSPiP source
allyl acetic acid,Allyl Acetic Acid,,591-80-0,,,16.7,4.7,11.3,,,,,Fatty Acyls,Fatty acids and conjugates,,[NAME] name_iupac: no pipeline enrichment; using lowercase common name | [CLASS] ClassyFire from cache: Fatty Acyls | [CAS] CAS 591-80-0 from HSPiP source
allyl acetoacetate,Allyl Acetoacetate,,1118-84-9,,,15.9,6.9,8.6,,,,,Keto acids and derivatives,Beta-keto acids and derivatives,,[NAME] name_iupac: no pipeline enrichment; using lowercase common name | [CLASS] ClassyFire from cache: Keto acids and derivatives | [CAS] CAS 1118-84-9 from HSPiP source
allyl alcohol,Allyl Alcohol,,107-18-6,,,16.2,10.8,16.8,,,,,Organooxygen compounds,Alcohols and polyols,,[NAME] name_iupac: no pipeline enrichment; using lowercase common name | [CLASS] ClassyFire from cache: Organooxygen compounds | [CAS] CAS 107-18-6 from HSPiP source
allyl amine,Allyl Amine,,107-11-9,,,15.5,5.7,10.6,,,,,Organonitrogen compounds,Amines,,[NAME] name_iupac: no pipeline enrichment; using lowercase common name | [CLASS] ClassyFire from cache: Organonitrogen compounds | [CAS] CAS 107-11-9 from HSPiP source
allyl bromide (3-bromoprene),Allyl Bromide (3-Bromoprene),,106-95-6,,,16.5,7.3,4.9,,,,,Organobromides,,,[NAME] name_iupac: no pipeline enrichment; using lowercase common name | [CLASS] ClassyFire from cache: Organobromides | [CAS] CAS 106-95-6 from HSPiP source
allyl chloride,Allyl Chloride,,107-05-1,,,17,6.2,2.3,,,,,Organochlorides,,,[NAME] name_iupac: no pipeline enrichment; using lowercase common name | [CLASS] ClassyFire from cache: Organochlorides | [CAS] CAS 107-05-1 from HSPiP source
allyl cyanide,Allyl Cyanide,,109-75-1,,,16,14.3,5.6,,,,,Organonitrogen compounds,Organic cyanides,,[NAME] name_iupac: no pipeline enrichment; using lowercase common name | [CLASS] ClassyFire from cache: Organonitrogen compounds | [CAS] CAS 109-75-1 from HSPiP source
allyl ethylether,Allyl Ethylether,,557-31-3,,,15,4.8,5.1,,,,,Organooxygen compounds,Ethers,,[NAME] name_iupac: no pipeline enrichment; using lowercase common name | [CLASS] ClassyFire from cache: Organooxygen compounds | [CAS] CAS 557-31-3 from HSPiP source
allyl fluoride,Allyl Fluoride,,818-92-8,,,14.9,6.4,1,,,,,Organofluorides,,,[NAME] name_iupac: no pipeline enrichment; using lowercase common name | [CLASS] ClassyFire from cache: Organofluorides | [CAS] CAS 818-92-8 from HSPiP source
allyl formate,Allyl Formate,,1838-59-1,,,15.7,5.4,8.8,,,,,Carboxylic acids and derivatives,Carboxylic acid derivatives,,[NAME] name_iupac: no pipeline enrichment; using lowercase common name | [CLASS] ClassyFire from cache: Carboxylic acids and derivatives | [CAS] CAS 1838-59-1 from HSPiP source
allyl iodide,Allyl Iodide,,556-56-9,,,18.3,6.4,3.3,,,,,Organoiodides,,,[NAME] name_iupac: no pipeline enrichment; using lowercase common name | [CLASS] ClassyFire from cache: Organoiodides | [CAS] CAS 556-56-9 from HSPiP source
allyl isocyanide,Allyl Isocyanide,,2835-21-4,,,16.1,13,5.4,,,,,Organonitrogen compounds,Organic isocyanides,,[NAME] name_iupac: no pipeline enrichment; using lowercase common name | [CLASS] ClassyFire from cache: Organonitrogen compounds | [CAS] CAS 2835-21-4 from HSPiP source
allyl isopropyl ether,Allyl Isopropyl Ether,,6140-80-3,,,15,4.1,7.1,,,,,,,,[NAME] name_iupac: no pipeline enrichment; using lowercase common name | [CLASS] ClassyFire not available | [CAS] CAS 6140-80-3 from HSPiP source
allyl isothiocyanate,Allyl Isothiocyanate,,57-06-7,,,17,11.3,8.5,,,,,Isothiocyanates,,,[NAME] name_iupac: no pipeline enrichment; using lowercase common name | [CLASS] ClassyFire from cache: Isothiocyanates | [CAS] CAS 57-06-7 from HSPiP source
allyl mercaptan,Allyl Mercaptan,,870-23-5,,,16.4,6.2,7.9,,,,,Allyl sulfur compounds,,,[NAME] name_iupac: no pipeline enrichment; using lowercase common name | [CLASS] ClassyFire from cache: Allyl sulfur compounds | [CAS] CAS 870-23-5 from HSPiP source
allyl methacrylate,Allyl Methacrylate,,96-05-9,,,15.2,4.1,7.5,,,,,Carboxylic acids and derivatives,Carboxylic acid derivatives,,[NAME] name_iupac: no pipeline enrichment; using lowercase common name | [CLASS] ClassyFire from cache: Carboxylic acids and derivatives | [CAS] CAS 96-05-9 from HSPiP source
allyl methyl ether,Allyl Methyl Ether,,627-40-7,,,15,4.3,5.9,,,,,Organooxygen compounds,Ethers,,[NAME] name_iupac: no pipeline enrichment; using lowercase common name | [CLASS] ClassyFire from cache: Organooxygen compounds | [CAS] CAS 627-40-7 from HSPiP source
allylacetonitrile (4-pentenenitrile),Allylacetonitrile (4-Pentenenitrile),MeCN; ACN,592-51-8,,,16.3,11.2,5,,,,,Organonitrogen compounds,Organic cyanides,,[NAME] name_iupac: no pipeline enrichment; using lowercase common name | [CLASS] ClassyFire from cache: Organonitrogen compounds | [NAME] Acronyms: MeCN; ACN | [CAS] CAS 592-51-8 from HSPiP source
ammonia,Ammonia,,7664-41-7,,,13.7,16.7,18.8,,,,,,,,[NAME] name_iupac: no pipeline enrichment; using lowercase common name | [CLASS] ClassyFire not available | [CAS] CAS 7664-41-7 from HSPiP source
amphetamine,Amphetamine,,300-62-9,,,17.5,4.3,6.3,,,,,,,,[NAME] name_iupac: no pipeline enrichment; using lowercase common name | [CLASS] ClassyFire not available | [CAS] CAS 300-62-9 from HSPiP source
amyl acetate,Amyl Acetate,,628-63-7,,,15.8,3.3,6.1,,,,,Carboxylic acids and derivatives,Carboxylic acid derivatives,,[NAME] name_iupac: no pipeline enrichment; using lowercase common name | [CLASS] ClassyFire from cache: Carboxylic acids and derivatives | [CAS] CAS 628-63-7 from HSPiP source
anethole (trans),Anethole (Trans),,104-46-1,,,18.5,4.3,6,,,,,Phenol ethers,Anisoles,,[NAME] name_iupac: no pipeline enrichment; using lowercase common name | [CLASS] ClassyFire from cache: Phenol ethers | [CAS] CAS 104-46-1 from HSPiP source
aniline,Aniline,,62-53-3,,,20.1,5.8,11.2,,,,,,,,[NAME] name_iupac: no pipeline enrichment; using lowercase common name | [CLASS] ClassyFire not available | [CAS] CAS 62-53-3 from HSPiP source
anisaldehyde (2-methoxy benzaldehyde),Anisaldehyde (2-Methoxy Benzaldehyde),,135-02-4,,,19.4,11.9,8.3,,,,,Benzene and substituted derivatives,Benzoyl derivatives,,[NAME] name_iupac: no pipeline enrichment; using lowercase common name | [CLASS] ClassyFire from cache: Benzene and substituted derivatives | [CAS] CAS 135-02-4 from HSPiP source
anisidine (2-methoxyaniline),Anisidine (2-Methoxyaniline),,90-04-0,,,19.5,5.4,11.4,,,,,,,,[NAME] name_iupac: no pipeline enrichment; using lowercase common name | [CLASS] ClassyFire not available | [CAS] CAS 90-04-0 from HSPiP source
anisole,Anisole,,100-66-3,,,17.8,4.4,6.9,,,,,Phenol ethers,Anisoles,,[NAME] name_iupac: no pipeline enrichment; using lowercase common name | [CLASS] ClassyFire from cache: Phenol ethers | [CAS] CAS 100-66-3 from HSPiP source
ascorbic acid,Ascorbic Acid,,50-81-7,,,18,11.7,25.5,,,,,,,,[NAME] name_iupac: no pipeline enrichment; using lowercase common name | [CLASS] ClassyFire not available | [CAS] CAS 50-81-7 from HSPiP source
azidoethane,Azidoethane,,871-31-8,,,15.9,8.9,12.9,,,,,"Allyl-type 1,3-dipolar organic compounds",Azo imides,,"[NAME] name_iupac: no pipeline enrichment; using lowercase common name | [CLASS] ClassyFire from cache: Allyl-type 1,3-dipolar organic compounds | [CAS] CAS 871-31-8 from HSPiP source"
"benzal chloride (alpha,a-dichlorobenzene)","Benzal Chloride (Alpha,A-Dichlorobenzene)",,98-87-3,,,19,7.6,2.4,,,,,,,,[NAME] name_iupac: no pipeline enrichment; using lowercase common name | [CLASS] ClassyFire not available | [CAS] CAS 98-87-3 from HSPiP source
benzaldehyde,Benzaldehyde,,100-52-7,,,19.4,7.4,5.3,,,,,Benzene and substituted derivatives,Benzoyl derivatives,,[NAME] name_iupac: no pipeline enrichment; using lowercase common name | [CLASS] ClassyFire from cache: Benzene and substituted derivatives | [CAS] CAS 100-52-7 from HSPiP source
benzamide,Benzamide,,55-21-0,,,21.2,14.7,11.2,,,,,Benzene and substituted derivatives,Benzoic acids and derivatives,,[NAME] name_iupac: no pipeline enrichment; using lowercase common name | [CLASS] ClassyFire from cache: Benzene and substituted derivatives | [CAS] CAS 55-21-0 from HSPiP source
benzimidazole,Benzimidazole,,51-17-2,,,20.6,14.9,11,,,,,Benzimidazoles,,,[NAME] name_iupac: no pipeline enrichment; using lowercase common name | [CLASS] ClassyFire from cache: Benzimidazoles | [CAS] CAS 51-17-2 from HSPiP source
benzisoxazole,Benzisoxazole,,271-58-9,,,20.6,11.5,8.8,,,,,,,,[NAME] name_iupac: no pipeline enrichment; using lowercase common name | [CLASS] ClassyFire not available | [CAS] CAS 271-58-9 from HSPiP source
benzoic acid,Benzoic Acid,,65-85-0,,,20,6.9,10.8,,,,,,,,[NAME] name_iupac: no pipeline enrichment; using lowercase common name | [CLASS] ClassyFire not available | [CAS] CAS 65-85-0 from HSPiP source
benzoin,Benzoin,,119-53-9,,,19.9,9.7,10.7,,,,,Stilbenes,Benzoins,,[NAME] name_iupac: no pipeline enrichment; using lowercase common name | [CLASS] ClassyFire from cache: Stilbenes | [CAS] CAS 119-53-9 from HSPiP source
benzonitrile,Benzonitrile,,100-47-0,,,18.8,12,3.3,,,,,,,,[NAME] name_iupac: no pipeline enrichment; using lowercase common name | [CLASS] ClassyFire not available | [CAS] CAS 100-47-0 from HSPiP source
benzophenone,Benzophenone,,119-61-9,,,19.5,7.2,5.1,,,,,Benzene and substituted derivatives,Benzophenones,,[NAME] name_iupac: no pipeline enrichment; using lowercase common name | [CLASS] ClassyFire from cache: Benzene and substituted derivatives | [CAS] CAS 119-61-9 from HSPiP source
benzothiazole,Benzothiazole,,95-16-9,,,20.6,5.2,8.4,,,,,,,,[NAME] name_iupac: no pipeline enrichment; using lowercase common name | [CLASS] ClassyFire not available | [CAS] CAS 95-16-9 from HSPiP source
benzotrichloride,Benzotrichloride,,98-07-7,,,19.4,3.2,3.2,,,,,Benzene and substituted derivatives,,,[NAME] name_iupac: no pipeline enrichment; using lowercase common name | [CLASS] ClassyFire from cache: Benzene and substituted derivatives | [CAS] CAS 98-07-7 from HSPiP source
benzoyl chloride,Benzoyl Chloride,,98-88-4,,,19.3,6.8,4.5,,,,,Benzene and substituted derivatives,Benzoic acids and derivatives,,[NAME] name_iupac: no pipeline enrichment; using lowercase common name | [CLASS] ClassyFire from cache: Benzene and substituted derivatives | [CAS] CAS 98-88-4 from HSPiP source
benzyl acetate,Benzyl Acetate,,140-11-4,,,18.3,5.7,6,,,,,Benzene and substituted derivatives,Benzyloxycarbonyls,,[NAME] name_iupac: no pipeline enrichment; using lowercase common name | [CLASS] ClassyFire from cache: Benzene and substituted derivatives | [CAS] CAS 140-11-4 from HSPiP source
benzyl alcohol,Benzyl Alcohol,BnOH,100-51-6,,,18.4,6.3,13.7,,,,,,,,[NAME] name_iupac: no pipeline enrichment; using lowercase common name | [CLASS] ClassyFire not available | [NAME] Acronyms: BnOH | [CAS] CAS 100-51-6 from HSPiP source
benzyl amine,Benzyl Amine,,100-46-9,,,19,4.6,9.4,,,,,Benzene and substituted derivatives,Phenylmethylamines,,[NAME] name_iupac: no pipeline enrichment; using lowercase common name | [CLASS] ClassyFire from cache: Benzene and substituted derivatives | [CAS] CAS 100-46-9 from HSPiP source
benzyl benzoate,Benzyl Benzoate,,120-51-4,,,20,5.1,5.2,,,,,Benzene and substituted derivatives,Benzoic acids and derivatives,,[NAME] name_iupac: no pipeline enrichment; using lowercase common name | [CLASS] ClassyFire from cache: Benzene and substituted derivatives | [CAS] CAS 120-51-4 from HSPiP source
benzyl butyl phthalate,Benzyl Butyl Phthalate,,85-68-7,,,19,11.2,3.1,,,,,Benzene and substituted derivatives,Benzoic acids and derivatives,,[NAME] name_iupac: no pipeline enrichment; using lowercase common name | [CLASS] ClassyFire from cache: Benzene and substituted derivatives | [CAS] CAS 85-68-7 from HSPiP source
benzyl chloride,Benzyl Chloride,,100-44-7,,,18.8,7.1,2.6,,,,,,,,[NAME] name_iupac: no pipeline enrichment; using lowercase common name | [CLASS] ClassyFire not available | [CAS] CAS 100-44-7 from HSPiP source
benzyl ethyl ether,Benzyl Ethyl Ether,,539-30-0,,,18.4,3.8,3.8,,,,,Benzene and substituted derivatives,Benzylethers,,[NAME] name_iupac: no pipeline enrichment; using lowercase common name | [CLASS] ClassyFire from cache: Benzene and substituted derivatives | [CAS] CAS 539-30-0 from HSPiP source
benzyl methacrylate,Benzyl Methacrylate,,2495-37-6,,,16.8,4.1,4.1,,,,,Benzene and substituted derivatives,Benzyloxycarbonyls,,[NAME] name_iupac: no pipeline enrichment; using lowercase common name | [CLASS] ClassyFire from cache: Benzene and substituted derivatives | [CAS] CAS 2495-37-6 from HSPiP source
biphenyl,Biphenyl,,92-52-4,,,19.7,1,2,,,,,Benzene and substituted derivatives,Biphenyls and derivatives,,[NAME] name_iupac: no pipeline enrichment; using lowercase common name | [CLASS] ClassyFire from cache: Benzene and substituted derivatives | [CAS] CAS 92-52-4 from HSPiP source
bis(chloromethyl)ether,Bis(Chloromethyl)Ether,,542-88-1,,,17.2,8.2,7.6,,,,,Organochlorides,,,[NAME] name_iupac: no pipeline enrichment; using lowercase common name | [CLASS] ClassyFire from cache: Organochlorides | [CAS] CAS 542-88-1 from HSPiP source
bis-(m-phenoxyphenyl) ether,Bis-(M-Phenoxyphenyl) Ether,,748-30-1,,,19.6,3.1,5.1,,,,,Benzene and substituted derivatives,Diphenylethers,,[NAME] name_iupac: no pipeline enrichment; using lowercase common name | [CLASS] ClassyFire from cache: Benzene and substituted derivatives | [CAS] CAS 748-30-1 from HSPiP source
bisphenol a,Bisphenol A,,80-05-7,,,19.2,5.9,13.8,,,,,Benzene and substituted derivatives,Diphenylmethanes,,[NAME] name_iupac: no pipeline enrichment; using lowercase common name | [CLASS] ClassyFire from cache: Benzene and substituted derivatives | [CAS] CAS 80-05-7 from HSPiP source
bisphenol-s,Bisphenol-S,,80-09-1,,,20,14.6,16.3,,,,,Benzene and substituted derivatives,Benzenesulfonyl compounds,,[NAME] name_iupac: no pipeline enrichment; using lowercase common name | [CLASS] ClassyFire from cache: Benzene and substituted derivatives | [CAS] CAS 80-09-1 from HSPiP source
biuret,Biuret,,108-19-0,,,20,14.6,18.8,,,,,Carboximidic acids and derivatives,Carboximidic acids,,[NAME] name_iupac: no pipeline enrichment; using lowercase common name | [CLASS] ClassyFire from cache: Carboximidic acids and derivatives | [CAS] CAS 108-19-0 from HSPiP source
borine carbonyl,Borine Carbonyl,,13205-44-2,,,17,10.2,6.9,,,,,Organic metal salts,Organic metalloid salts,,[NAME] name_iupac: no pipeline enrichment; using lowercase common name | [CLASS] ClassyFire from cache: Organic metal salts | [CAS] CAS 13205-44-2 from HSPiP source
bromoacetylene,Bromoacetylene,,593-61-3,,,15.7,9.9,5.6,,,,,,,,[NAME] name_iupac: no pipeline enrichment; using lowercase common name | [CLASS] ClassyFire not available | [CAS] CAS 593-61-3 from HSPiP source
bromobenzene,Bromobenzene,,108-86-1,,,19.2,5.5,4.1,,,,,Benzene and substituted derivatives,Halobenzenes,,[NAME] name_iupac: no pipeline enrichment; using lowercase common name | [CLASS] ClassyFire from cache: Benzene and substituted derivatives | [CAS] CAS 108-86-1 from HSPiP source
bromochloromethane,Bromochloromethane,,74-97-5,,,17.3,5.7,3.5,,,,,Alkyl halides,Halomethanes,,[NAME] name_iupac: no pipeline enrichment; using lowercase common name | [CLASS] ClassyFire from cache: Alkyl halides | [CAS] CAS 74-97-5 from HSPiP source
bromoethylene,Bromoethylene,,593-60-2,,,15.9,6.3,5.4,,,,,,,,[NAME] name_iupac: no pipeline enrichment; using lowercase common name | [CLASS] ClassyFire not available | [CAS] CAS 593-60-2 from HSPiP source
bromoform,Bromoform,,75-25-2,,,20,5,7,,,,,,,,[NAME] name_iupac: no pipeline enrichment; using lowercase common name | [CLASS] ClassyFire not available | [CAS] CAS 75-25-2 from HSPiP source
bromomethyl methyl ether,Bromomethyl Methyl Ether,,13057-17-5,,,16.9,8.5,7,,,,,Organooxygen compounds,Ethers,,[NAME] name_iupac: no pipeline enrichment; using lowercase common name | [CLASS] ClassyFire from cache: Organooxygen compounds | [CAS] CAS 13057-17-5 from HSPiP source
bromoprene,Bromoprene,,1822-86-2,,,16.9,6.4,4.7,,,,,Vinyl halides,Vinyl bromides,,[NAME] name_iupac: no pipeline enrichment; using lowercase common name | [CLASS] ClassyFire from cache: Vinyl halides | [CAS] CAS 1822-86-2 from HSPiP source
bromotrichloro methane #2-gc,Bromotrichloro Methane #2-Gc,,75-62-7,,,18.3,8.1,6,,,,,Alkyl halides,Halomethanes,,[NAME] name_iupac: no pipeline enrichment; using lowercase common name | [CLASS] ClassyFire from cache: Alkyl halides | [CAS] CAS 75-62-7 from HSPiP source
butadiene-4-cyano,Butadiene-4-Cyano,,1615-70-9,,,16.2,11.7,5.2,,,,,Organonitrogen compounds,Organic cyanides,,[NAME] name_iupac: no pipeline enrichment; using lowercase common name | [CLASS] ClassyFire from cache: Organonitrogen compounds | [CAS] CAS 1615-70-9 from HSPiP source
butadienedioxide,Butadienedioxide,,1464-53-5,,,18.3,14.4,6.2,,,,,Epoxides,,,[NAME] name_iupac: no pipeline enrichment; using lowercase common name | [CLASS] ClassyFire from cache: Epoxides | [CAS] CAS 1464-53-5 from HSPiP source
butadione,Butadione,,431-03-8,,,15.7,5.1,6.8,,,,,Organooxygen compounds,Carbonyl compounds,,[NAME] name_iupac: no pipeline enrichment; using lowercase common name | [CLASS] ClassyFire from cache: Organooxygen compounds | [CAS] CAS 431-03-8 from HSPiP source
butoxy ethoxy propanol,Butoxy Ethoxy Propanol,,39332-55-3,,,15.5,6.5,10.2,,,,,Organooxygen compounds,Ethers,,[NAME] name_iupac: no pipeline enrichment; using lowercase common name | [CLASS] ClassyFire from cache: Organooxygen compounds | [CAS] CAS 39332-55-3 from HSPiP source
butyl benzoate,Butyl Benzoate,,136-60-7,,,18.3,5.6,5.5,,,,,Benzene and substituted derivatives,Benzoic acids and derivatives,,[NAME] name_iupac: no pipeline enrichment; using lowercase common name | [CLASS] ClassyFire from cache: Benzene and substituted derivatives | [CAS] CAS 136-60-7 from HSPiP source
butyl formate,Butyl Formate,,592-84-7,,,15.7,6.5,9.2,,,,,Carboxylic acids and derivatives,Carboxylic acid derivatives,,[NAME] name_iupac: no pipeline enrichment; using lowercase common name | [CLASS] ClassyFire from cache: Carboxylic acids and derivatives | [CAS] CAS 592-84-7 from HSPiP source
butyl isopropenyl ether,Butyl Isopropenyl Ether,,22022-33-9,,,14.8,5.3,5,,,,,,,,[NAME] name_iupac: no pipeline enrichment; using lowercase common name | [CLASS] ClassyFire not available | [CAS] CAS 22022-33-9 from HSPiP source
butyl lactate,Butyl Lactate,,138-22-7,,,15.8,6.5,10.2,,,,,Carboxylic acids and derivatives,Carboxylic acid derivatives,,[NAME] name_iupac: no pipeline enrichment; using lowercase common name | [CLASS] ClassyFire from cache: Carboxylic acids and derivatives | [CAS] CAS 138-22-7 from HSPiP source
butyl oleate,Butyl Oleate,,142-77-8,,,16.3,3.7,4.2,,,,,Fatty Acyls,Fatty acid esters,,[NAME] name_iupac: no pipeline enrichment; using lowercase common name | [CLASS] ClassyFire from cache: Fatty Acyls | [CAS] CAS 142-77-8 from HSPiP source
butyl stearate,Butyl Stearate,,123-95-5,,,14.5,3.7,3.5,,,,,Fatty Acyls,Fatty acid esters,,[NAME] name_iupac: no pipeline enrichment; using lowercase common name | [CLASS] ClassyFire from cache: Fatty Acyls | [CAS] CAS 123-95-5 from HSPiP source
butyl-6-methyl-3-cyclohexene carboxylate,Butyl-6-Methyl-3-Cyclohexene Carboxylate,,NA,,,16.1,2.5,5.7,,,,,,,,[NAME] name_iupac: no pipeline enrichment; using lowercase common name | [CLASS] ClassyFire not available | [CAS] CAS NA from HSPiP source
butyleneoxide,Butyleneoxide,,106-88-7,,,16.3,6.2,5.9,,,,,Epoxides,,,[NAME] name_iupac: no pipeline enrichment; using lowercase common name | [CLASS] ClassyFire from cache: Epoxides | [CAS] CAS 106-88-7 from HSPiP source
butyraldehyde,Butyraldehyde,,123-72-8,,,15.6,10.1,6.2,,,,,Organooxygen compounds,Carbonyl compounds,,[NAME] name_iupac: no pipeline enrichment; using lowercase common name | [CLASS] ClassyFire from cache: Organooxygen compounds | [CAS] CAS 123-72-8 from HSPiP source
butyric acid,Butyric Acid,,107-92-6,,,15.7,4.8,12,,,,,Fatty Acyls,Fatty acids and conjugates,,[NAME] name_iupac: no pipeline enrichment; using lowercase common name | [CLASS] ClassyFire from cache: Fatty Acyls | [CAS] CAS 107-92-6 from HSPiP source
butyric anhydride,Butyric Anhydride,,106-31-0,,,15.8,10.3,4.5,,,,,Carboxylic acids and derivatives,Dicarboxylic acids and derivatives,,[NAME] name_iupac: no pipeline enrichment; using lowercase common name | [CLASS] ClassyFire from cache: Carboxylic acids and derivatives | [CAS] CAS 106-31-0 from HSPiP source
butyronitrile,Butyronitrile,,109-74-0,,,15.3,12.4,5.1,,,,,Organonitrogen compounds,Organic cyanides,,[NAME] name_iupac: no pipeline enrichment; using lowercase common name | [CLASS] ClassyFire from cache: Organonitrogen compounds | [CAS] CAS 109-74-0 from HSPiP source
butyrylchloride,Butyrylchloride,,141-75-3,,,16.8,9.4,4.8,,,,,,,,[NAME] name_iupac: no pipeline enrichment; using lowercase common name | [CLASS] ClassyFire not available | [CAS] CAS 141-75-3 from HSPiP source
caffeine,Caffeine,,58-08-2,,,19.5,10.1,13,,,,,Imidazopyrimidines,Purines and purine derivatives,,[NAME] name_iupac: no pipeline enrichment; using lowercase common name | [CLASS] ClassyFire from cache: Imidazopyrimidines | [CAS] CAS 58-08-2 from HSPiP source
camphene,Camphene,,79-92-5,,,16.4,1.8,3.1,,,,,,,,[NAME] name_iupac: no pipeline enrichment; using lowercase common name | [CLASS] ClassyFire not available | [CAS] CAS 79-92-5 from HSPiP source
caprolactone (epsilon),Caprolactone (Epsilon),,502-44-3,,,18,15,7.4,,,,,,,,[NAME] name_iupac: no pipeline enrichment; using lowercase common name | [CLASS] ClassyFire not available | [CAS] CAS 502-44-3 from HSPiP source
carbazole (diphenylenimine),Carbazole (Diphenylenimine),,86-74-8,,,21.7,6.4,6.2,,,,,,,,[NAME] name_iupac: no pipeline enrichment; using lowercase common name | [CLASS] ClassyFire not available | [CAS] CAS 86-74-8 from HSPiP source
carbon dioxide (fit = 1.0),Carbon Dioxide (Fit = 1.0),,124-38-9,,,15.7,6.3,5.7,,,,,Other non-metal organides,Other non-metal oxides,,[NAME] name_iupac: no pipeline enrichment; using lowercase common name | [CLASS] ClassyFire from cache: Other non-metal organides | [CAS] CAS 124-38-9 from HSPiP source
carbon disulfide (p by group cont.),Carbon Disulfide (P By Group Cont.),,75-15-0,,,19.9,5.8,0.6,,,,,Other non-metal organides,Other non-metal sulfides,,[NAME] name_iupac: no pipeline enrichment; using lowercase common name | [CLASS] ClassyFire from cache: Other non-metal organides | [CAS] CAS 75-15-0 from HSPiP source
carbonyl cyanide,Carbonyl Cyanide,,922-64-5,,,15,6.3,8,,,,,,,,[NAME] name_iupac: no pipeline enrichment; using lowercase common name | [CLASS] ClassyFire not available | [CAS] CAS 922-64-5 from HSPiP source
castor oil,Castor Oil,,8001-79-4,,,15.9,4.6,12,,,,,,,,[NAME] name_iupac: no pipeline enrichment; using lowercase common name | [CLASS] ClassyFire not available | [CAS] CAS 8001-79-4 from HSPiP source
cetyl alcohol (1-hexadecanol),Cetyl Alcohol (1-Hexadecanol),,36653-82-4,,,16.4,3.7,8.1,,,,,,,,[NAME] name_iupac: no pipeline enrichment; using lowercase common name | [CLASS] ClassyFire not available | [CAS] CAS 36653-82-4 from HSPiP source
chloral,Chloral,,75-87-6,,,17.2,7.4,7.6,,,,,Organochlorides,,,[NAME] name_iupac: no pipeline enrichment; using lowercase common name | [CLASS] ClassyFire from cache: Organochlorides | [CAS] CAS 75-87-6 from HSPiP source
chloro acetaldehyde,Chloro Acetaldehyde,,107-20-0,,,16.2,14,9,,,,,Organochlorides,,,[NAME] name_iupac: no pipeline enrichment; using lowercase common name | [CLASS] ClassyFire from cache: Organochlorides | [CAS] CAS 107-20-0 from HSPiP source
chloro acetic acid,Chloro Acetic Acid,,79-11-8,,,17.7,10.4,12.3,,,,,Carboxylic acids and derivatives,Alpha-halocarboxylic acids and derivatives,,[NAME] name_iupac: no pipeline enrichment; using lowercase common name | [CLASS] ClassyFire from cache: Carboxylic acids and derivatives | [CAS] CAS 79-11-8 from HSPiP source
chloro maleic anhydride,Chloro Maleic Anhydride,,96-02-6,,,20.4,17.3,11.5,,,,,Dihydrofurans,Furanones,,[NAME] name_iupac: no pipeline enrichment; using lowercase common name | [CLASS] ClassyFire from cache: Dihydrofurans | [CAS] CAS 96-02-6 from HSPiP source
chloroacetone,Chloroacetone,,78-95-5,,,16.8,9.6,5.5,,,,,Organooxygen compounds,Carbonyl compounds,,[NAME] name_iupac: no pipeline enrichment; using lowercase common name | [CLASS] ClassyFire from cache: Organooxygen compounds | [CAS] CAS 78-95-5 from HSPiP source
chloroacetonitrile,Chloroacetonitrile,MeCN; ACN,107-14-2,,,17.4,13.6,2,,,,,,,,[NAME] name_iupac: no pipeline enrichment; using lowercase common name | [CLASS] ClassyFire not available | [NAME] Acronyms: MeCN; ACN | [CAS] CAS 107-14-2 from HSPiP source
chloroacetylchloride,Chloroacetylchloride,,79-04-9,,,17.5,9.2,5.5,,,,,Acyl halides,Acyl chlorides,,[NAME] name_iupac: no pipeline enrichment; using lowercase common name | [CLASS] ClassyFire from cache: Acyl halides | [CAS] CAS 79-04-9 from HSPiP source
chloroacetylene,Chloroacetylene,,593-63-5,,,16.2,2.1,2.5,,,,,Haloacetylenes and derivatives,,,[NAME] name_iupac: no pipeline enrichment; using lowercase common name | [CLASS] ClassyFire from cache: Haloacetylenes and derivatives | [CAS] CAS 593-63-5 from HSPiP source
chlorobenzene,Chlorobenzene,,108-90-7,,,19,4.3,2,,,,,,,,[NAME] name_iupac: no pipeline enrichment; using lowercase common name | [CLASS] ClassyFire not available | [CAS] CAS 108-90-7 from HSPiP source
chlorocyclopropane,Chlorocyclopropane,,7393-45-5,,,17.6,7.2,2.2,,,,,,,,[NAME] name_iupac: no pipeline enrichment; using lowercase common name | [CLASS] ClassyFire not available | [CAS] CAS 7393-45-5 from HSPiP source
chlorodifluoromethane (freon 22),Chlorodifluoromethane (Freon 22),,75-45-6,,,12.3,6.3,5.7,,,,,Alkyl halides,Halomethanes,,[NAME] name_iupac: no pipeline enrichment; using lowercase common name | [CLASS] ClassyFire from cache: Alkyl halides | [CAS] CAS 75-45-6 from HSPiP source
chloroform,Chloroform,CHCl3,67-66-3,,,17.8,3.1,5.7,,,,,Alkyl halides,Halomethanes,,[NAME] name_iupac: no pipeline enrichment; using lowercase common name | [CLASS] ClassyFire from cache: Alkyl halides | [NAME] Acronyms: CHCl3 | [CAS] CAS 67-66-3 from HSPiP source
chloromethylsulfide,Chloromethylsulfide,,3592-44-7,,,16.6,6.4,2,,,,,Thioethers,Dialkylthioethers,,[NAME] name_iupac: no pipeline enrichment; using lowercase common name | [CLASS] ClassyFire from cache: Thioethers | [CAS] CAS 3592-44-7 from HSPiP source
chloronitromethane,Chloronitromethane,,1794-84-9,,,17.4,13.5,5.5,,,,,"Allyl-type 1,3-dipolar organic compounds",Organic nitro compounds,,"[NAME] name_iupac: no pipeline enrichment; using lowercase common name | [CLASS] ClassyFire from cache: Allyl-type 1,3-dipolar organic compounds | [CAS] CAS 1794-84-9 from HSPiP source"
chloropicrin (trichloronitromethane),Chloropicrin (Trichloronitromethane),,76-06-2,,,17.6,6.8,7,,,,,Alkyl halides,Halomethanes,,[NAME] name_iupac: no pipeline enrichment; using lowercase common name | [CLASS] ClassyFire from cache: Alkyl halides | [CAS] CAS 76-06-2 from HSPiP source
chloroprene,Chloroprene,,126-99-8,,,16.1,5.4,2.1,,,,,Vinyl halides,Vinyl chlorides,,[NAME] name_iupac: no pipeline enrichment; using lowercase common name | [CLASS] ClassyFire from cache: Vinyl halides | [CAS] CAS 126-99-8 from HSPiP source
cinnamyl alcohol,Cinnamyl Alcohol,,104-54-1,,,19.1,6,13,,,,,Cinnamyl alcohols,,,[NAME] name_iupac: no pipeline enrichment; using lowercase common name | [CLASS] ClassyFire from cache: Cinnamyl alcohols | [CAS] CAS 104-54-1 from HSPiP source
cis-cinnamic acid,Cis-Cinnamic Acid,,102-94-3,,,19.1,3.9,10.6,,,,,Cinnamic acids and derivatives,Cinnamic acids,,[NAME] name_iupac: no pipeline enrichment; using lowercase common name | [CLASS] ClassyFire from cache: Cinnamic acids and derivatives | [CAS] CAS 102-94-3 from HSPiP source
citraconic anhydride,Citraconic Anhydride,,616-02-4,,,19.2,17,11.2,,,,,Dihydrofurans,Furanones,,[NAME] name_iupac: no pipeline enrichment; using lowercase common name | [CLASS] ClassyFire from cache: Dihydrofurans | [CAS] CAS 616-02-4 from HSPiP source
coniferyl alcohol,Coniferyl Alcohol,,458-35-5,,,19,7,16.3,,,,,,,,[NAME] name_iupac: no pipeline enrichment; using lowercase common name | [CLASS] ClassyFire not available | [CAS] CAS 458-35-5 from HSPiP source
coumarin,Coumarin,,91-64-5,,,20,12.5,6.7,,,,,Coumarins and derivatives,,,[NAME] name_iupac: no pipeline enrichment; using lowercase common name | [CLASS] ClassyFire from cache: Coumarins and derivatives | [CAS] CAS 91-64-5 from HSPiP source
crotonaldehyde,Crotonaldehyde,,123-73-9,,,16.2,14.9,7.4,,,,,Organooxygen compounds,Carbonyl compounds,,[NAME] name_iupac: no pipeline enrichment; using lowercase common name | [CLASS] ClassyFire from cache: Organooxygen compounds | [CAS] CAS 123-73-9 from HSPiP source
crotonic acid,Crotonic Acid,,107-93-7,,,16.8,8.7,12,,,,,,,,[NAME] name_iupac: no pipeline enrichment; using lowercase common name | [CLASS] ClassyFire not available | [CAS] CAS 107-93-7 from HSPiP source
crotonlactone,Crotonlactone,,497-23-4,,,19,19.8,9.6,,,,,Dihydrofurans,Furanones,,[NAME] name_iupac: no pipeline enrichment; using lowercase common name | [CLASS] ClassyFire from cache: Dihydrofurans | [CAS] CAS 497-23-4 from HSPiP source
cyanamid (carbamonitrile),Cyanamid (Carbamonitrile),,420-04-2,,,15.5,27.6,16.8,,,,,Organonitrogen compounds,Amines,,[NAME] name_iupac: no pipeline enrichment; using lowercase common name | [CLASS] ClassyFire from cache: Organonitrogen compounds | [CAS] CAS 420-04-2 from HSPiP source
cyclobutanone,Cyclobutanone,,1191-95-3,,,18.3,11.4,5.2,,,,,Organooxygen compounds,Carbonyl compounds,,[NAME] name_iupac: no pipeline enrichment; using lowercase common name | [CLASS] ClassyFire from cache: Organooxygen compounds | [CAS] CAS 1191-95-3 from HSPiP source
cyclodecanone,Cyclodecanone,,1502-06-3,,,16.8,8,4.1,,,,,Organooxygen compounds,Carbonyl compounds,,[NAME] name_iupac: no pipeline enrichment; using lowercase common name | [CLASS] ClassyFire from cache: Organooxygen compounds | [CAS] CAS 1502-06-3 from HSPiP source
cycloheptane,Cycloheptane,,291-64-5,,,17.1,1.4,1.9,,,,,Saturated hydrocarbons,Cycloalkanes,,[NAME] name_iupac: no pipeline enrichment; using lowercase common name | [CLASS] ClassyFire from cache: Saturated hydrocarbons | [CAS] CAS 291-64-5 from HSPiP source
cycloheptanone,Cycloheptanone,,502-42-1,,,17.2,10.6,4.8,,,,,Organooxygen compounds,Carbonyl compounds,,[NAME] name_iupac: no pipeline enrichment; using lowercase common name | [CLASS] ClassyFire from cache: Organooxygen compounds | [CAS] CAS 502-42-1 from HSPiP source
"cyclohexane-1,2-dicarboxylic acid di-isononyl ether","Cyclohexane-1,2-Dicarboxylic Acid Di-Isononyl Ether",,NA,,,16.4,2.2,5,,,,,,,,[NAME] name_iupac: no pipeline enrichment; using lowercase common name | [CLASS] ClassyFire not available | [CAS] CAS NA from HSPiP source
cyclohexanol,Cyclohexanol,,108-93-0,,,17.4,4.1,13.5,,,,,Organooxygen compounds,Alcohols and polyols,,[NAME] name_iupac: no pipeline enrichment; using lowercase common name | [CLASS] ClassyFire from cache: Organooxygen compounds | [CAS] CAS 108-93-0 from HSPiP source
cyclohexanone,Cyclohexanone,,108-94-1,,,17.8,8.4,5.1,,,,,Organooxygen compounds,Carbonyl compounds,,[NAME] name_iupac: no pipeline enrichment; using lowercase common name | [CLASS] ClassyFire from cache: Organooxygen compounds | [CAS] CAS 108-94-1 from HSPiP source
cyclohexene,Cyclohexene,,110-83-8,,,17.2,1,2,,,,,Unsaturated hydrocarbons,Olefins,,[NAME] name_iupac: no pipeline enrichment; using lowercase common name | [CLASS] ClassyFire from cache: Unsaturated hydrocarbons | [CAS] CAS 110-83-8 from HSPiP source
cycloheximide,Cycloheximide,,66-81-9,,,18.3,11,13.8,,,,,Pyridines and derivatives,Hydropyridines,,[NAME] name_iupac: no pipeline enrichment; using lowercase common name | [CLASS] ClassyFire from cache: Pyridines and derivatives | [CAS] CAS 66-81-9 from HSPiP source
cyclohexylamine,Cyclohexylamine,,108-91-8,,,17.2,3.1,6.5,,,,,,,,[NAME] name_iupac: no pipeline enrichment; using lowercase common name | [CLASS] ClassyFire not available | [CAS] CAS 108-91-8 from HSPiP source
cyclohexylchloride,Cyclohexylchloride,,542-18-7,,,17.3,5.5,2,,,,,Alkyl halides,Cyclohexyl halides,,[NAME] name_iupac: no pipeline enrichment; using lowercase common name | [CLASS] ClassyFire from cache: Alkyl halides | [CAS] CAS 542-18-7 from HSPiP source
cyclooctanone,Cyclooctanone,,502-49-8,,,17,9.6,4.5,,,,,,,,[NAME] name_iupac: no pipeline enrichment; using lowercase common name | [CLASS] ClassyFire not available | [CAS] CAS 502-49-8 from HSPiP source
cyclopentadiene,Cyclopentadiene,,542-92-7,,,17,1.9,2,,,,,,,,[NAME] name_iupac: no pipeline enrichment; using lowercase common name | [CLASS] ClassyFire not available | [CAS] CAS 542-92-7 from HSPiP source
cyclopentanone,Cyclopentanone,,120-92-3,,,17.9,11.9,5.2,,,,,Organooxygen compounds,Carbonyl compounds,,[NAME] name_iupac: no pipeline enrichment; using lowercase common name | [CLASS] ClassyFire from cache: Organooxygen compounds | [CAS] CAS 120-92-3 from HSPiP source
cyclopentene,Cyclopentene,,142-29-0,,,16.7,3.8,1.7,,,,,Unsaturated hydrocarbons,Olefins,,[NAME] name_iupac: no pipeline enrichment; using lowercase common name | [CLASS] ClassyFire from cache: Unsaturated hydrocarbons | [CAS] CAS 142-29-0 from HSPiP source
cyclopentyl methyl ether (cpme),Cyclopentyl Methyl Ether (Cpme),,5614-37-9,,,16.7,4.3,4.3,,,,,,,,[NAME] name_iupac: no pipeline enrichment; using lowercase common name | [CLASS] ClassyFire not available | [CAS] CAS 5614-37-9 from HSPiP source
cyclopropene,Cyclopropene,,2781-85-3,,,17.2,2.4,2,,,,,Unsaturated hydrocarbons,Olefins,,[NAME] name_iupac: no pipeline enrichment; using lowercase common name | [CLASS] ClassyFire from cache: Unsaturated hydrocarbons | [CAS] CAS 2781-85-3 from HSPiP source
cyclopropylmethylketone,Cyclopropylmethylketone,,765-43-5,,,17,11.1,4.6,,,,,,,,[NAME] name_iupac: no pipeline enrichment; using lowercase common name | [CLASS] ClassyFire not available | [CAS] CAS 765-43-5 from HSPiP source
cyclopropylnitrile,Cyclopropylnitrile,,5500-21-0,,,18.6,16.2,5.7,,,,,Organonitrogen compounds,Organic cyanides,,[NAME] name_iupac: no pipeline enrichment; using lowercase common name | [CLASS] ClassyFire from cache: Organonitrogen compounds | [CAS] CAS 5500-21-0 from HSPiP source
d-camphor,d-Camphor,,464-49-3,,,17.8,10.3,5.2,,,,,,,,[NAME] name_iupac: no pipeline enrichment; using lowercase common name | [CLASS] ClassyFire not available | [CAS] CAS 464-49-3 from HSPiP source
d-limonene,d-Limonene,,5989-27-5,,,17.2,1.8,4.3,,,,,Prenol lipids,Monoterpenoids,,[NAME] name_iupac: no pipeline enrichment; using lowercase common name | [CLASS] ClassyFire from cache: Prenol lipids | [CAS] CAS 5989-27-5 from HSPiP source
ddt,DDT,,50-29-3,,,20,5.5,3.1,,,,,Benzene and substituted derivatives,Diphenylmethanes,,[NAME] name_iupac: no pipeline enrichment; using lowercase common name | [CLASS] ClassyFire from cache: Benzene and substituted derivatives | [CAS] CAS 50-29-3 from HSPiP source
decamethylcyclopentasiloxane,Decamethylcyclopentasiloxane,,541-02-6,,,12.9,1.3,1,,,,,Organometalloid compounds,Organosilicon compounds,,[NAME] name_iupac: no pipeline enrichment; using lowercase common name | [CLASS] ClassyFire from cache: Organometalloid compounds | [CAS] CAS 541-02-6 from HSPiP source
di butyl fumarate,Di Butyl Fumarate,,105-75-9,,,16.7,3,6.7,,,,,Fatty Acyls,Fatty acid esters,,[NAME] name_iupac: no pipeline enrichment; using lowercase common name | [CLASS] ClassyFire from cache: Fatty Acyls | [CAS] CAS 105-75-9 from HSPiP source
di p-tolyl sulfoxide,Di p-Tolyl Sulfoxide,,1774-35-2,,,20.3,11.4,3.1,,,,,,,,[NAME] name_iupac: no pipeline enrichment; using lowercase common name | [CLASS] ClassyFire not available | [CAS] CAS 1774-35-2 from HSPiP source
di-(2-chloro-isopropyl) ether,Di-(2-Chloro-Isopropyl) Ether,,108-60-1,,,19,8.2,5.1,,,,,Organooxygen compounds,Ethers,,[NAME] name_iupac: no pipeline enrichment; using lowercase common name | [CLASS] ClassyFire from cache: Organooxygen compounds | [CAS] CAS 108-60-1 from HSPiP source
di-(2-chloroethoxy) methane,Di-(2-Chloroethoxy) Methane,,111-91-1,,,17.1,10.2,7.1,,,,,Organooxygen compounds,Ethers,,[NAME] name_iupac: no pipeline enrichment; using lowercase common name | [CLASS] ClassyFire from cache: Organooxygen compounds | [CAS] CAS 111-91-1 from HSPiP source
di-(2-chloroethyl) ether,Di-(2-Chloroethyl) Ether,,111-44-4,,,18.8,9,5.7,,,,,Organooxygen compounds,Ethers,,[NAME] name_iupac: no pipeline enrichment; using lowercase common name | [CLASS] ClassyFire from cache: Organooxygen compounds | [CAS] CAS 111-44-4 from HSPiP source
di-(2-ethyl hexyl) sebacate,Di-(2-Ethyl Hexyl) Sebacate,,122-62-3,,,16.2,5,9,,,,,Fatty Acyls,Fatty alcohol esters,,[NAME] name_iupac: no pipeline enrichment; using lowercase common name | [CLASS] ClassyFire from cache: Fatty Acyls | [CAS] CAS 122-62-3 from HSPiP source
di-(2-ethylhexyl)azelate,Di-(2-Ethylhexyl)Azelate,,103-24-2,,,16.2,4.7,8.4,,,,,Fatty Acyls,Fatty acid esters,,[NAME] name_iupac: no pipeline enrichment; using lowercase common name | [CLASS] ClassyFire from cache: Fatty Acyls | [CAS] CAS 103-24-2 from HSPiP source
di-(2-methoxyethyl) ether,Di-(2-Methoxyethyl) Ether,,111-96-6,,,15.7,6.1,6.5,,,,,Organooxygen compounds,Ethers,,[NAME] name_iupac: no pipeline enrichment; using lowercase common name | [CLASS] ClassyFire from cache: Organooxygen compounds | [CAS] CAS 111-96-6 from HSPiP source
di-2-ethylhexyl amine,Di-2-Ethylhexyl Amine,,106-20-7,,,15.6,0.8,3.2,,,,,Organonitrogen compounds,Amines,,[NAME] name_iupac: no pipeline enrichment; using lowercase common name | [CLASS] ClassyFire from cache: Organonitrogen compounds | [CAS] CAS 106-20-7 from HSPiP source
di-2-ethylhexyl ether,Di-2-Ethylhexyl Ether,,10143-60-9,,,15.9,2.6,2.5,,,,,Organooxygen compounds,Ethers,,[NAME] name_iupac: no pipeline enrichment; using lowercase common name | [CLASS] ClassyFire from cache: Organooxygen compounds | [CAS] CAS 10143-60-9 from HSPiP source
di-isobutyl carbinol,Di-Isobutyl Carbinol,,108-82-7,,,14.9,3.1,10.8,,,,,Organooxygen compounds,Alcohols and polyols,,[NAME] name_iupac: no pipeline enrichment; using lowercase common name | [CLASS] ClassyFire from cache: Organooxygen compounds | [CAS] CAS 108-82-7 from HSPiP source
di-isobutyl ketone,Di-Isobutyl Ketone,,108-83-8,,,16,3.7,4.1,,,,,,,,[NAME] name_iupac: no pipeline enrichment; using lowercase common name | [CLASS] ClassyFire not available | [CAS] CAS 108-83-8 from HSPiP source
di-isobutyl sulfoxide,Di-Isobutyl Sulfoxide,,3085-40-3,,,16.3,10.5,6.1,,,,,Sulfoxides,,,[NAME] name_iupac: no pipeline enrichment; using lowercase common name | [CLASS] ClassyFire from cache: Sulfoxides | [CAS] CAS 3085-40-3 from HSPiP source
di-isodecyl phthalate,Di-Isodecyl Phthalate,,26761-40-0,,,16.6,6.2,2.6,,,,,Benzene and substituted derivatives,Benzoic acids and derivatives,,[NAME] name_iupac: no pipeline enrichment; using lowercase common name | [CLASS] ClassyFire from cache: Benzene and substituted derivatives | [CAS] CAS 26761-40-0 from HSPiP source
di-isoheptyl phthalate,Di-Isoheptyl Phthalate,,71888-89-6,,,16.8,7.2,3.4,,,,,,,,[NAME] name_iupac: no pipeline enrichment; using lowercase common name | [CLASS] ClassyFire not available | [CAS] CAS 71888-89-6 from HSPiP source
di-isononyl adipate,Di-Isononyl Adipate,,33703-08-1,,,16.7,1.8,4.9,,,,,,,,[NAME] name_iupac: no pipeline enrichment; using lowercase common name | [CLASS] ClassyFire not available | [CAS] CAS 33703-08-1 from HSPiP source
di-isononyl phthalate,Di-Isononyl Phthalate,,28553-12-0,,,16.6,6.6,2.9,,,,,Benzene and substituted derivatives,Benzoic acids and derivatives,,[NAME] name_iupac: no pipeline enrichment; using lowercase common name | [CLASS] ClassyFire from cache: Benzene and substituted derivatives | [CAS] CAS 28553-12-0 from HSPiP source
di-isopropyl methyl phosphonate,Di-Isopropyl Methyl Phosphonate,,1445-75-6,,,16.4,10,5.7,,,,,Organic phosphonic acids and derivatives,Phosphonic acid diesters,,[NAME] name_iupac: no pipeline enrichment; using lowercase common name | [CLASS] ClassyFire from cache: Organic phosphonic acids and derivatives | [CAS] CAS 1445-75-6 from HSPiP source
di-isopropyl phosphonofluoridate,Di-Isopropyl Phosphonofluoridate,,55-91-4,,,15.7,10.2,5.9,,,,,Organic phosphoric acids and derivatives,Phosphate esters,,[NAME] name_iupac: no pipeline enrichment; using lowercase common name | [CLASS] ClassyFire from cache: Organic phosphoric acids and derivatives | [CAS] CAS 55-91-4 from HSPiP source
di-isopropyl sulfoxide,Di-Isopropyl Sulfoxide,,2211-89-4,,,17,11.5,7.4,,,,,,,,[NAME] name_iupac: no pipeline enrichment; using lowercase common name | [CLASS] ClassyFire not available | [CAS] CAS 2211-89-4 from HSPiP source
di-n-butyl ether,Di-n-Butyl Ether,,142-96-1,,,15.2,3.4,3.2,,,,,,,,[NAME] name_iupac: no pipeline enrichment; using lowercase common name | [CLASS] ClassyFire not available | [CAS] CAS 142-96-1 from HSPiP source
di-n-butyl sulfoxide,Di-n-Butyl Sulfoxide,,2168-93-6,,,16.4,10.5,6.1,,,,,Sulfoxides,,,[NAME] name_iupac: no pipeline enrichment; using lowercase common name | [CLASS] ClassyFire from cache: Sulfoxides | [CAS] CAS 2168-93-6 from HSPiP source
di-n-pentyl ether,Di-n-Pentyl Ether,,693-65-2,,,15.6,3.1,3,,,,,,,,[NAME] name_iupac: no pipeline enrichment; using lowercase common name | [CLASS] ClassyFire not available | [CAS] CAS 693-65-2 from HSPiP source
di-n-propyl ether,Di-n-Propyl Ether,,111-43-3,,,15.1,3.2,3.2,,,,,,,,[NAME] name_iupac: no pipeline enrichment; using lowercase common name | [CLASS] ClassyFire not available | [CAS] CAS 111-43-3 from HSPiP source
di-n-propyl sulfoxide,Di-n-Propyl Sulfoxide,,4253-91-2,,,17,13,7.4,,,,,Sulfoxides,,,[NAME] name_iupac: no pipeline enrichment; using lowercase common name | [CLASS] ClassyFire from cache: Sulfoxides | [CAS] CAS 4253-91-2 from HSPiP source
di-sec-butyl ether,Di-sec-Butyl Ether,,6863-58-7,,,15.2,3.5,3.3,,,,,Organooxygen compounds,Ethers,,[NAME] name_iupac: no pipeline enrichment; using lowercase common name | [CLASS] ClassyFire from cache: Organooxygen compounds | [CAS] CAS 6863-58-7 from HSPiP source
diacetone alcohol,Diacetone Alcohol,,123-42-2,,,15.8,8.2,10.8,,,,,Organooxygen compounds,Carbonyl compounds,,[NAME] name_iupac: no pipeline enrichment; using lowercase common name | [CLASS] ClassyFire from cache: Organooxygen compounds | [CAS] CAS 123-42-2 from HSPiP source
diallyl amine,Diallyl Amine,,124-02-7,,,15.6,4.5,6.7,,,,,Organonitrogen compounds,Amines,,[NAME] name_iupac: no pipeline enrichment; using lowercase common name | [CLASS] ClassyFire from cache: Organonitrogen compounds | [CAS] CAS 124-02-7 from HSPiP source
diallyl ether,Diallyl Ether,,557-40-4,,,15.3,4.4,5.3,,,,,,,,[NAME] name_iupac: no pipeline enrichment; using lowercase common name | [CLASS] ClassyFire not available | [CAS] CAS 557-40-4 from HSPiP source
diazomethane,Diazomethane,,334-88-3,,,14.7,6.1,11.3,,,,,"Propargyl-type 1,3-dipolar organic compounds",Diazo compounds,,"[NAME] name_iupac: no pipeline enrichment; using lowercase common name | [CLASS] ClassyFire from cache: Propargyl-type 1,3-dipolar organic compounds | [CAS] CAS 334-88-3 from HSPiP source"
dibasic esters (dbe),Dibasic Esters (DBE),,95481-62- 2,,,16.2,6.5,8.4,,,,,,,,[NAME] name_iupac: no pipeline enrichment; using lowercase common name | [CLASS] ClassyFire not available | [CAS] CAS 95481-62- 2 from HSPiP source
dibenzyl ether,Dibenzyl Ether,,103-50-4,,,19.6,3.4,5.2,,,,,Benzene and substituted derivatives,Benzylethers,,[NAME] name_iupac: no pipeline enrichment; using lowercase common name | [CLASS] ClassyFire from cache: Benzene and substituted derivatives | [CAS] CAS 103-50-4 from HSPiP source
dibenzyl sebacate,Dibenzyl Sebacate,,140-24-9,,,17.8,2.2,5.5,,,,,Benzene and substituted derivatives,Benzyloxycarbonyls,,[NAME] name_iupac: no pipeline enrichment; using lowercase common name | [CLASS] ClassyFire from cache: Benzene and substituted derivatives | [CAS] CAS 140-24-9 from HSPiP source
dibromomethane (methylene dibromide),Dibromomethane (Methylene Dibromide),,74-95-3,,,19,6.4,7,,,,,Alkyl halides,Halomethanes,,[NAME] name_iupac: no pipeline enrichment; using lowercase common name | [CLASS] ClassyFire from cache: Alkyl halides | [CAS] CAS 74-95-3 from HSPiP source
dibutyl amine,Dibutyl Amine,,111-92-2,,,15,3,4.3,,,,,Organonitrogen compounds,Amines,,[NAME] name_iupac: no pipeline enrichment; using lowercase common name | [CLASS] ClassyFire from cache: Organonitrogen compounds | [CAS] CAS 111-92-2 from HSPiP source
dibutyl ketone,Dibutyl Ketone,,502-56-7,,,16,7.7,4.4,,,,,Organooxygen compounds,Carbonyl compounds,,[NAME] name_iupac: no pipeline enrichment; using lowercase common name | [CLASS] ClassyFire from cache: Organooxygen compounds | [CAS] CAS 502-56-7 from HSPiP source
dibutyl maleate,Dibutyl Maleate,,105-76-0,,,16.5,6.1,7.2,,,,,Fatty Acyls,Fatty acid esters,,[NAME] name_iupac: no pipeline enrichment; using lowercase common name | [CLASS] ClassyFire from cache: Fatty Acyls | [CAS] CAS 105-76-0 from HSPiP source
dibutyl phthalate,Dibutyl Phthalate,,84-74-2,,,17.8,8.6,4.1,,,,,Benzene and substituted derivatives,Benzoic acids and derivatives,,[NAME] name_iupac: no pipeline enrichment; using lowercase common name | [CLASS] ClassyFire from cache: Benzene and substituted derivatives | [CAS] CAS 84-74-2 from HSPiP source
dibutyl sebacate,Dibutyl Sebacate,,109-43-3,,,16.7,4.5,4.1,,,,,Fatty Acyls,Fatty acid esters,,[NAME] name_iupac: no pipeline enrichment; using lowercase common name | [CLASS] ClassyFire from cache: Fatty Acyls | [CAS] CAS 109-43-3 from HSPiP source
dichloroacetaldehyde,Dichloroacetaldehyde,,79-02-7,,,16.7,9.1,7.5,,,,,Organochlorides,,,[NAME] name_iupac: no pipeline enrichment; using lowercase common name | [CLASS] ClassyFire from cache: Organochlorides | [CAS] CAS 79-02-7 from HSPiP source
dichloroacetic acid,Dichloroacetic Acid,,79-43-6,,,18.2,8.1,12.2,,,,,Carboxylic acids and derivatives,Alpha-halocarboxylic acids and derivatives,,[NAME] name_iupac: no pipeline enrichment; using lowercase common name | [CLASS] ClassyFire from cache: Carboxylic acids and derivatives | [CAS] CAS 79-43-6 from HSPiP source
dichloroacetonitrile,Dichloroacetonitrile,MeCN; ACN,3018-12-0,,,17.4,9.4,6.4,,,,,Organonitrogen compounds,Organic cyanides,,[NAME] name_iupac: no pipeline enrichment; using lowercase common name | [CLASS] ClassyFire from cache: Organonitrogen compounds | [NAME] Acronyms: MeCN; ACN | [CAS] CAS 3018-12-0 from HSPiP source
dichloroethylene (trans),Dichloroethylene (Trans),,156-60-5,,,16.7,7.8,3.3,,,,,Vinyl halides,Vinyl chlorides,,[NAME] name_iupac: no pipeline enrichment; using lowercase common name | [CLASS] ClassyFire from cache: Vinyl halides | [CAS] CAS 156-60-5 from HSPiP source
dichloromethyl methyl ether,Dichloromethyl Methyl Ether,,4885-02-03 00:00:00,,,17.1,12.9,6.5,,,,,,,,[NAME] name_iupac: no pipeline enrichment; using lowercase common name | [CLASS] ClassyFire not available | [CAS] CAS 4885-02-03 00:00:00 from HSPiP source
dichloromonofluoromethane (freon21),Dichloromonofluoromethane (Freon21),,75-43-4,,,15.8,3.1,5.7,,,,,Alkyl halides,Halomethanes,,[NAME] name_iupac: no pipeline enrichment; using lowercase common name | [CLASS] ClassyFire from cache: Alkyl halides | [CAS] CAS 75-43-4 from HSPiP source
diethanolamine,Diethanolamine,,111-42-2,,,17.2,7,19,,,,,Organonitrogen compounds,Amines,,[NAME] name_iupac: no pipeline enrichment; using lowercase common name | [CLASS] ClassyFire from cache: Organonitrogen compounds | [CAS] CAS 111-42-2 from HSPiP source
diethyl adipate,Diethyl Adipate,,141-28-6,,,16.4,6.2,7.5,,,,,,,,[NAME] name_iupac: no pipeline enrichment; using lowercase common name | [CLASS] ClassyFire not available | [CAS] CAS 141-28-6 from HSPiP source
diethyl amine,Diethyl Amine,,109-89-7,,,14.9,2.3,6.1,,,,,Organonitrogen compounds,Amines,,[NAME] name_iupac: no pipeline enrichment; using lowercase common name | [CLASS] ClassyFire from cache: Organonitrogen compounds | [CAS] CAS 109-89-7 from HSPiP source
diethyl carbonate,Diethyl Carbonate,DEC,105-58-8,,,15.1,6.3,3.5,,,,,Organic carbonic acids and derivatives,Carbonic acid diesters,,[NAME] name_iupac: no pipeline enrichment; using lowercase common name | [CLASS] ClassyFire from cache: Organic carbonic acids and derivatives | [NAME] Acronyms: DEC | [CAS] CAS 105-58-8 from HSPiP source
diethyl ether,Diethyl Ether,Et2O; DEE,60-29-7,,,14.5,2.9,4.6,,,,,Organooxygen compounds,Ethers,,[NAME] name_iupac: no pipeline enrichment; using lowercase common name | [CLASS] ClassyFire from cache: Organooxygen compounds | [NAME] Acronyms: Et2O; DEE | [CAS] CAS 60-29-7 from HSPiP source
diethyl glutarate,Diethyl Glutarate,,818-38-2,,,16.3,7,7.8,,,,,Fatty Acyls,Fatty acid esters,,[NAME] name_iupac: no pipeline enrichment; using lowercase common name | [CLASS] ClassyFire from cache: Fatty Acyls | [CAS] CAS 818-38-2 from HSPiP source
diethyl ketone,Diethyl Ketone,,96-22-0,,,15.8,7.6,4.7,,,,,,,,[NAME] name_iupac: no pipeline enrichment; using lowercase common name | [CLASS] ClassyFire not available | [CAS] CAS 96-22-0 from HSPiP source
diethyl malonate,Diethyl Malonate,,105-53-3,,,16.1,7.7,8.3,,,,,Carboxylic acids and derivatives,Dicarboxylic acids and derivatives,,[NAME] name_iupac: no pipeline enrichment; using lowercase common name | [CLASS] ClassyFire from cache: Carboxylic acids and derivatives | [CAS] CAS 105-53-3 from HSPiP source
diethyl oxalate,Diethyl Oxalate,,95-92-1,,,16.2,8,8.8,,,,,,,,[NAME] name_iupac: no pipeline enrichment; using lowercase common name | [CLASS] ClassyFire not available | [CAS] CAS 95-92-1 from HSPiP source
diethyl phthalate,Diethyl Phthalate,,84-66-2,,,17.6,9.6,4.5,,,,,Benzene and substituted derivatives,Benzoic acids and derivatives,,[NAME] name_iupac: no pipeline enrichment; using lowercase common name | [CLASS] ClassyFire from cache: Benzene and substituted derivatives | [CAS] CAS 84-66-2 from HSPiP source
diethyl succinate,Diethyl Succinate,,123-25-1,,,16.2,6.8,8.7,,,,,Fatty Acyls,Fatty acid esters,,[NAME] name_iupac: no pipeline enrichment; using lowercase common name | [CLASS] ClassyFire from cache: Fatty Acyls | [CAS] CAS 123-25-1 from HSPiP source
diethyl sulfate,Diethyl Sulfate,,64-67-5,,,15.7,12.7,5.1,,,,,,,,[NAME] name_iupac: no pipeline enrichment; using lowercase common name | [CLASS] ClassyFire not available | [CAS] CAS 64-67-5 from HSPiP source
diethyl sulfide,Diethyl Sulfide,,352-93-2,,,16.8,3.1,2,,,,,,,,[NAME] name_iupac: no pipeline enrichment; using lowercase common name | [CLASS] ClassyFire not available | [CAS] CAS 352-93-2 from HSPiP source
diethyldisulfide,Diethyldisulfide,,110-81-6,,,17,6.7,5.7,,,,,Organic disulfides,Dialkyldisulfides,,[NAME] name_iupac: no pipeline enrichment; using lowercase common name | [CLASS] ClassyFire from cache: Organic disulfides | [CAS] CAS 110-81-6 from HSPiP source
diethylene glycol,Diethylene Glycol,DEG,111-46-6,,,16.6,12,19,,,,,,,,[NAME] name_iupac: no pipeline enrichment; using lowercase common name | [CLASS] ClassyFire not available | [NAME] Acronyms: DEG | [CAS] CAS 111-46-6 from HSPiP source
diethylene glycol butyl ether acetate,Diethylene Glycol Butyl Ether Acetate,,124-17-4,,,16,4.1,8.2,,,,,Carboxylic acids and derivatives,Carboxylic acid derivatives,,[NAME] name_iupac: no pipeline enrichment; using lowercase common name | [CLASS] ClassyFire from cache: Carboxylic acids and derivatives | [CAS] CAS 124-17-4 from HSPiP source
diethylene glycol dibutyl ether,Diethylene Glycol Dibutyl Ether,,112-73-2,,,15.8,4.7,4.4,,,,,Organooxygen compounds,Ethers,,[NAME] name_iupac: no pipeline enrichment; using lowercase common name | [CLASS] ClassyFire from cache: Organooxygen compounds | [CAS] CAS 112-73-2 from HSPiP source
diethylene glycol diethyl ether,Diethylene Glycol Diethyl Ether,,112-36-7,,,15.8,5.9,5.6,,,,,,,,[NAME] name_iupac: no pipeline enrichment; using lowercase common name | [CLASS] ClassyFire not available | [CAS] CAS 112-36-7 from HSPiP source
diethylene glycol divinyl ether,Diethylene Glycol Divinyl Ether,,764-99-8,,,16,7.3,7.9,,,,,Organooxygen compounds,Ethers,,[NAME] name_iupac: no pipeline enrichment; using lowercase common name | [CLASS] ClassyFire from cache: Organooxygen compounds | [CAS] CAS 764-99-8 from HSPiP source
diethylene glycol hexyl ether,Diethylene Glycol Hexyl Ether,,112-59-4,,,16,6,10,,,,,,,,[NAME] name_iupac: no pipeline enrichment; using lowercase common name | [CLASS] ClassyFire not available | [CAS] CAS 112-59-4 from HSPiP source
diethylene glycol methyl t-butyl ether,Diethylene Glycol Methyl t-Butyl Ether,,52788-79-1,,,16,7.2,7.2,,,,,Organooxygen compounds,Ethers,,[NAME] name_iupac: no pipeline enrichment; using lowercase common name | [CLASS] ClassyFire from cache: Organooxygen compounds | [CAS] CAS 52788-79-1 from HSPiP source
diethylene glycol monobutyl ether,Diethylene Glycol Monobutyl Ether,,112-34-5,,,16,7,10.6,,,,,Organooxygen compounds,Ethers,,[NAME] name_iupac: no pipeline enrichment; using lowercase common name | [CLASS] ClassyFire from cache: Organooxygen compounds | [CAS] CAS 112-34-5 from HSPiP source
diethylene glycol monoethyl ether,Diethylene Glycol Monoethyl Ether,,111-90-0,,,16.1,9.2,12.2,,,,,Organooxygen compounds,Ethers,,[NAME] name_iupac: no pipeline enrichment; using lowercase common name | [CLASS] ClassyFire from cache: Organooxygen compounds | [CAS] CAS 111-90-0 from HSPiP source
diethylene glycol monoethyl ether acetate,Diethylene Glycol Monoethyl Ether Acetate,,112-15-2,,,16.2,5.1,9.2,,,,,Carboxylic acids and derivatives,Carboxylic acid derivatives,,[NAME] name_iupac: no pipeline enrichment; using lowercase common name | [CLASS] ClassyFire from cache: Carboxylic acids and derivatives | [CAS] CAS 112-15-2 from HSPiP source
diethylene glycol monomethyl ether,Diethylene Glycol Monomethyl Ether,,111-77-3,,,16.2,7.8,12.6,,,,,Organooxygen compounds,Ethers,,[NAME] name_iupac: no pipeline enrichment; using lowercase common name | [CLASS] ClassyFire from cache: Organooxygen compounds | [CAS] CAS 111-77-3 from HSPiP source
diethylene glycol monopropyl ether,Diethylene Glycol Monopropyl Ether,,6881-94-3,,,16,7.2,11.3,,,,,Organooxygen compounds,Ethers,,[NAME] name_iupac: no pipeline enrichment; using lowercase common name | [CLASS] ClassyFire from cache: Organooxygen compounds | [CAS] CAS 6881-94-3 from HSPiP source
diethylenetriamine,Diethylenetriamine,,111-40-0,,,16.7,7.1,14.3,,,,,Organonitrogen compounds,Amines,,[NAME] name_iupac: no pipeline enrichment; using lowercase common name | [CLASS] ClassyFire from cache: Organonitrogen compounds | [CAS] CAS 111-40-0 from HSPiP source
diethylhexyl phthalate (dioctyl phthalate),Diethylhexyl Phthalate (Dioctyl Phthalate),,117-81-7,,,16.6,7,3.1,,,,,Benzene and substituted derivatives,Benzoic acids and derivatives,,[NAME] name_iupac: no pipeline enrichment; using lowercase common name | [CLASS] ClassyFire from cache: Benzene and substituted derivatives | [CAS] CAS 117-81-7 from HSPiP source
dihexyl ether,Dihexyl Ether,,112-58-3,,,16,3,2.8,,,,,Organooxygen compounds,Ethers,,[NAME] name_iupac: no pipeline enrichment; using lowercase common name | [CLASS] ClassyFire from cache: Organooxygen compounds | [CAS] CAS 112-58-3 from HSPiP source
dihexyl phthalate,Dihexyl Phthalate,,84-75-3,,,17,7.6,3.6,,,,,Benzene and substituted derivatives,Benzoic acids and derivatives,,[NAME] name_iupac: no pipeline enrichment; using lowercase common name | [CLASS] ClassyFire from cache: Benzene and substituted derivatives | [CAS] CAS 84-75-3 from HSPiP source
dihydrogen disulfide,Dihydrogen Disulfide,,13465-07-1,,,17.3,6.3,10.7,,,,,Other non-metal organides,Other non-metal sulfides,,[NAME] name_iupac: no pipeline enrichment; using lowercase common name | [CLASS] ClassyFire from cache: Other non-metal organides | [CAS] CAS 13465-07-1 from HSPiP source
dihydropyran,Dihydropyran,,110-87-2,,,17.5,5.5,5.7,,,,,Oxacyclic compounds,,,[NAME] name_iupac: no pipeline enrichment; using lowercase common name | [CLASS] ClassyFire from cache: Oxacyclic compounds | [CAS] CAS 110-87-2 from HSPiP source
diisobutyl adipate,Diisobutyl Adipate,,141-04-8,,,16.7,2.5,6.2,,,,,Fatty Acyls,Fatty acid esters,,[NAME] name_iupac: no pipeline enrichment; using lowercase common name | [CLASS] ClassyFire from cache: Fatty Acyls | [CAS] CAS 141-04-8 from HSPiP source
diisopropylamine,Diisopropylamine,,108-18-9,,,14.8,1.7,3.5,,,,,,,,[NAME] name_iupac: no pipeline enrichment; using lowercase common name | [CLASS] ClassyFire not available | [CAS] CAS 108-18-9 from HSPiP source
diketene,Diketene,,674-82-8,,,16.2,14.5,7.8,,,,,Lactones,Beta propiolactones,,[NAME] name_iupac: no pipeline enrichment; using lowercase common name | [CLASS] ClassyFire from cache: Lactones | [CAS] CAS 674-82-8 from HSPiP source
dimethoxymethane,Dimethoxymethane,DMM,109-87-5,,,15,1.8,8.6,,,,,Organooxygen compounds,Ethers,,[NAME] name_iupac: no pipeline enrichment; using lowercase common name | [CLASS] ClassyFire from cache: Organooxygen compounds | [NAME] Acronyms: DMM | [CAS] CAS 109-87-5 from HSPiP source
dimethyl isosorbide,Dimethyl Isosorbide,,5306-85-4,,,17.6,7.1,7.5,,,,,,,,[NAME] name_iupac: no pipeline enrichment; using lowercase common name | [CLASS] ClassyFire not available | [CAS] CAS 5306-85-4 from HSPiP source
dimethyl 2-methylglutarate,Dimethyl 2-Methylglutarate,,14035-94-0,,,16.6,8.7,5,,,,,Fatty Acyls,Fatty acid esters,,[NAME] name_iupac: no pipeline enrichment; using lowercase common name | [CLASS] ClassyFire from cache: Fatty Acyls | [CAS] CAS 14035-94-0 from HSPiP source
dimethyl acetylene,Dimethyl Acetylene,,503-17-3,,,15.1,3.4,7.6,,,,,Unsaturated hydrocarbons,Acetylenes,,[NAME] name_iupac: no pipeline enrichment; using lowercase common name | [CLASS] ClassyFire from cache: Unsaturated hydrocarbons | [CAS] CAS 503-17-3 from HSPiP source
dimethyl adipate,Dimethyl Adipate,,627-93-0,,,16.3,6.8,8.5,,,,,,,,[NAME] name_iupac: no pipeline enrichment; using lowercase common name | [CLASS] ClassyFire not available | [CAS] CAS 627-93-0 from HSPiP source
dimethyl amine,Dimethyl Amine,,124-40-3,,,15.3,4.8,11.2,,,,,,,,[NAME] name_iupac: no pipeline enrichment; using lowercase common name | [CLASS] ClassyFire not available | [CAS] CAS 124-40-3 from HSPiP source
dimethyl carbonate,Dimethyl Carbonate,DMC,616-38-6,,,15.5,8.6,9.7,,,,,,,,[NAME] name_iupac: no pipeline enrichment; using lowercase common name | [CLASS] ClassyFire not available | [NAME] Acronyms: DMC | [CAS] CAS 616-38-6 from HSPiP source
dimethyl cellosolve,Dimethyl Cellosolve,,110-71-4,,,15.4,6,6,,,,,Organooxygen compounds,Ethers,,[NAME] name_iupac: no pipeline enrichment; using lowercase common name | [CLASS] ClassyFire from cache: Organooxygen compounds | [CAS] CAS 110-71-4 from HSPiP source
dimethyl disulfide,Dimethyl Disulfide,,624-92-0,,,17.6,7.8,6.5,,,,,Organic disulfides,Dialkyldisulfides,,[NAME] name_iupac: no pipeline enrichment; using lowercase common name | [CLASS] ClassyFire from cache: Organic disulfides | [CAS] CAS 624-92-0 from HSPiP source
dimethyl ethanolamine,Dimethyl Ethanolamine,,108-01-0,,,16.1,9.2,14,,,,,,,,[NAME] name_iupac: no pipeline enrichment; using lowercase common name | [CLASS] ClassyFire not available | [CAS] CAS 108-01-0 from HSPiP source
dimethyl ether,Dimethyl Ether,,115-10-6,,,15.2,6.1,5.7,,,,,Organooxygen compounds,Ethers,,[NAME] name_iupac: no pipeline enrichment; using lowercase common name | [CLASS] ClassyFire from cache: Organooxygen compounds | [CAS] CAS 115-10-6 from HSPiP source
dimethyl formamide (dmf),Dimethyl Formamide (DMF),,68-12-2,,,17.4,13.7,11.3,,,,,Carboxylic acids and derivatives,Carboxylic acid derivatives,,[NAME] name_iupac: no pipeline enrichment; using lowercase common name | [CLASS] ClassyFire from cache: Carboxylic acids and derivatives | [CAS] CAS 68-12-2 from HSPiP source
dimethyl glutarate,Dimethyl Glutarate,,1119-40-0,,,16.1,7.7,8.3,,,,,,,,[NAME] name_iupac: no pipeline enrichment; using lowercase common name | [CLASS] ClassyFire not available | [CAS] CAS 1119-40-0 from HSPiP source
dimethyl ketene,Dimethyl Ketene,,598-26-5,,,15.2,7.4,4.8,,,,,Organooxygen compounds,Ketenes,,[NAME] name_iupac: no pipeline enrichment; using lowercase common name | [CLASS] ClassyFire from cache: Organooxygen compounds | [CAS] CAS 598-26-5 from HSPiP source
dimethyl maleate,Dimethyl Maleate,,624-48-6,,,16.3,8.3,9.8,,,,,,,,[NAME] name_iupac: no pipeline enrichment; using lowercase common name | [CLASS] ClassyFire not available | [CAS] CAS 624-48-6 from HSPiP source
dimethyl methyl phosphonate,Dimethyl Methyl Phosphonate,,756-79-6,,,16.7,13.1,7.5,,,,,,,,[NAME] name_iupac: no pipeline enrichment; using lowercase common name | [CLASS] ClassyFire not available | [CAS] CAS 756-79-6 from HSPiP source
dimethyl phthalate,Dimethyl Phthalate,,131-11-3,,,18.6,10.8,4.9,,,,,,,,[NAME] name_iupac: no pipeline enrichment; using lowercase common name | [CLASS] ClassyFire not available | [CAS] CAS 131-11-3 from HSPiP source
dimethyl sebacate,Dimethyl Sebacate,,106-79-6,,,16.6,2.9,6.7,,,,,Fatty Acyls,Fatty acid esters,,[NAME] name_iupac: no pipeline enrichment; using lowercase common name | [CLASS] ClassyFire from cache: Fatty Acyls | [CAS] CAS 106-79-6 from HSPiP source
dimethyl succinate,Dimethyl Succinate,,106-65-0,,,16.1,7.7,8.8,,,,,,,,[NAME] name_iupac: no pipeline enrichment; using lowercase common name | [CLASS] ClassyFire not available | [CAS] CAS 106-65-0 from HSPiP source
dimethyl sulfate,Dimethyl Sulfate,DMS,77-78-1,,,16.5,13,7,,,,,Organic sulfuric acids and derivatives,Sulfuric acid esters,,[NAME] name_iupac: no pipeline enrichment; using lowercase common name | [CLASS] ClassyFire from cache: Organic sulfuric acids and derivatives | [NAME] Acronyms: DMS | [CAS] CAS 77-78-1 from HSPiP source
dimethyl sulfide,Dimethyl Sulfide,,75-18-3,,,16.1,6.4,7.4,,,,,Thioethers,Dialkylthioethers,,[NAME] name_iupac: no pipeline enrichment; using lowercase common name | [CLASS] ClassyFire from cache: Thioethers | [CAS] CAS 75-18-3 from HSPiP source
dimethyl sulfone,Dimethyl Sulfone,,67-71-0,,,19,19.4,12.3,,,,,Sulfonyls,Sulfones,,[NAME] name_iupac: no pipeline enrichment; using lowercase common name | [CLASS] ClassyFire from cache: Sulfonyls | [CAS] CAS 67-71-0 from HSPiP source
dimethyl sulfoxide (dmso),Dimethyl Sulfoxide (DMSO),DMSO,67-68-5,,,18.4,16.4,10.2,,,,,,,,[NAME] name_iupac: no pipeline enrichment; using lowercase common name | [CLASS] ClassyFire not available | [NAME] Acronyms: DMSO | [CAS] CAS 67-68-5 from HSPiP source
dioctyl adipate,Dioctyl Adipate,,123-79-5,,,16.7,2,5.1,,,,,Fatty Acyls,Fatty alcohol esters,,[NAME] name_iupac: no pipeline enrichment; using lowercase common name | [CLASS] ClassyFire from cache: Fatty Acyls | [CAS] CAS 123-79-5 from HSPiP source
dipentene (dl-limonene),Dipentene (Dl-Limonene),,138-86-3,,,17.2,1.8,4.3,,,,,Prenol lipids,Monoterpenoids,,[NAME] name_iupac: no pipeline enrichment; using lowercase common name | [CLASS] ClassyFire from cache: Prenol lipids | [CAS] CAS 138-86-3 from HSPiP source
diphenyl acetylene (0 dipole moment),Diphenyl Acetylene (0 Dipole Moment),,501-65-5,,,18,2,3.2,,,,,Benzene and substituted derivatives,,,[NAME] name_iupac: no pipeline enrichment; using lowercase common name | [CLASS] ClassyFire from cache: Benzene and substituted derivatives | [CAS] CAS 501-65-5 from HSPiP source
diphenyl acetylene (p by group cont.),Diphenyl Acetylene (P By Group Cont.),,501-65-5,,,18,2,3.2,,,,,Benzene and substituted derivatives,,,[NAME] name_iupac: no pipeline enrichment; using lowercase common name | [CLASS] ClassyFire from cache: Benzene and substituted derivatives | [CAS] CAS 501-65-5 from HSPiP source
diphenyl ether,Diphenyl Ether,,101-84-8,,,19.4,3.4,4,,,,,Benzene and substituted derivatives,Diphenylethers,,[NAME] name_iupac: no pipeline enrichment; using lowercase common name | [CLASS] ClassyFire from cache: Benzene and substituted derivatives | [CAS] CAS 101-84-8 from HSPiP source
diphenyl sulfone,Diphenyl Sulfone,,127-63-9,,,21.1,14.4,3.4,,,,,Benzene and substituted derivatives,Benzenesulfonyl compounds,,[NAME] name_iupac: no pipeline enrichment; using lowercase common name | [CLASS] ClassyFire from cache: Benzene and substituted derivatives | [CAS] CAS 127-63-9 from HSPiP source
diphenylamine,Diphenylamine,,122-39-4,,,20,3.3,5.9,,,,,Benzene and substituted derivatives,Aniline and substituted anilines,,[NAME] name_iupac: no pipeline enrichment; using lowercase common name | [CLASS] ClassyFire from cache: Benzene and substituted derivatives | [CAS] CAS 122-39-4 from HSPiP source
diphenylmethane,Diphenylmethane,,101-81-5,,,19.5,1,1,,,,,,,,[NAME] name_iupac: no pipeline enrichment; using lowercase common name | [CLASS] ClassyFire not available | [CAS] CAS 101-81-5 from HSPiP source
dipropyl amine,Dipropyl Amine,,142-84-7,,,15.3,1.4,4.1,,,,,,,,[NAME] name_iupac: no pipeline enrichment; using lowercase common name | [CLASS] ClassyFire not available | [CAS] CAS 142-84-7 from HSPiP source
dipropyl ketone,Dipropyl Ketone,,123-19-3,,,15.8,7.6,4.9,,,,,Organooxygen compounds,Carbonyl compounds,,[NAME] name_iupac: no pipeline enrichment; using lowercase common name | [CLASS] ClassyFire from cache: Organooxygen compounds | [CAS] CAS 123-19-3 from HSPiP source
dipropylene glycol,Dipropylene Glycol,,2396-61-4,,,16.5,10.6,17.7,,,,,Organooxygen compounds,Ethers,,[NAME] name_iupac: no pipeline enrichment; using lowercase common name | [CLASS] ClassyFire from cache: Organooxygen compounds | [CAS] CAS 2396-61-4 from HSPiP source
dipropylene glycol methyl ether,Dipropylene Glycol Methyl Ether,,112-28-7,,,15.5,5.7,11.2,,,,,Organooxygen compounds,Ethers,,[NAME] name_iupac: no pipeline enrichment; using lowercase common name | [CLASS] ClassyFire from cache: Organooxygen compounds | [CAS] CAS 112-28-7 from HSPiP source
dipropylene glycol mono n-butyl ether,Dipropylene Glycol Mono n-Butyl Ether,,29911-28-2,,,15.7,6.5,10,,,,,,,,[NAME] name_iupac: no pipeline enrichment; using lowercase common name | [CLASS] ClassyFire not available | [CAS] CAS 29911-28-2 from HSPiP source
dipropylene glycol mono n-propyl ether,Dipropylene Glycol Mono n-Propyl Ether,,29911-27-1,,,15.6,6.1,11,,,,,Organooxygen compounds,Alcohols and polyols,,[NAME] name_iupac: no pipeline enrichment; using lowercase common name | [CLASS] ClassyFire from cache: Organooxygen compounds | [CAS] CAS 29911-27-1 from HSPiP source
dipropylene glycol monomethyl ether acetate,Dipropylene Glycol Monomethyl Ether Acetate,,88917-22-0,,,16.3,4.9,8,,,,,,,,[NAME] name_iupac: no pipeline enrichment; using lowercase common name | [CLASS] ClassyFire not available | [CAS] CAS 88917-22-0 from HSPiP source
ditridecyl phthalate,Ditridecyl Phthalate,,119-06-2,,,16.6,5.4,1.9,,,,,Benzene and substituted derivatives,Benzoic acids and derivatives,,[NAME] name_iupac: no pipeline enrichment; using lowercase common name | [CLASS] ClassyFire from cache: Benzene and substituted derivatives | [CAS] CAS 119-06-2 from HSPiP source
divinylsulfide,Divinylsulfide,,627-51-0,,,16.5,4.6,5.6,,,,,,,,[NAME] name_iupac: no pipeline enrichment; using lowercase common name | [CLASS] ClassyFire not available | [CAS] CAS 627-51-0 from HSPiP source
dodecanol,Dodecanol,,112-53-8,,,16,4,9.3,,,,,Fatty Acyls,Fatty alcohols,,[NAME] name_iupac: no pipeline enrichment; using lowercase common name | [CLASS] ClassyFire from cache: Fatty Acyls | [CAS] CAS 112-53-8 from HSPiP source
dopamine,Dopamine,,51-61-6,,,18.2,10.3,19.5,,,,,Phenols,Benzenediols,,[NAME] name_iupac: no pipeline enrichment; using lowercase common name | [CLASS] ClassyFire from cache: Phenols | [CAS] CAS 51-61-6 from HSPiP source
ecstasy,Ecstasy,,42542-10-9,,,18,5.1,6.1,,,,,Benzodioxoles,,,[NAME] name_iupac: no pipeline enrichment; using lowercase common name | [CLASS] ClassyFire from cache: Benzodioxoles | [CAS] CAS 42542-10-9 from HSPiP source
epichlorohydrin,Epichlorohydrin,,106-89-8,,,17.5,7.6,7.6,,,,,Epoxides,,,[NAME] name_iupac: no pipeline enrichment; using lowercase common name | [CLASS] ClassyFire from cache: Epoxides | [CAS] CAS 106-89-8 from HSPiP source
epsilon-caprolactam,Epsilon-Caprolactam,,105-60-2,,,19.4,13.8,3.9,,,,,Lactams,Caprolactams,,[NAME] name_iupac: no pipeline enrichment; using lowercase common name | [CLASS] ClassyFire from cache: Lactams | [CAS] CAS 105-60-2 from HSPiP source
ethanesulfonylchloride,Ethanesulfonylchloride,,594-44-5,,,17.7,14.9,6.8,,,,,Sulfonyl halides,Sulfonyl chlorides,,[NAME] name_iupac: no pipeline enrichment; using lowercase common name | [CLASS] ClassyFire from cache: Sulfonyl halides | [CAS] CAS 594-44-5 from HSPiP source
ethanethiol (ethyl mercaptan),Ethanethiol (Ethyl Mercaptan),,75-08-1,,,15.7,6.5,7.1,,,,,Thiols,Alkylthiols,,[NAME] name_iupac: no pipeline enrichment; using lowercase common name | [CLASS] ClassyFire from cache: Thiols | [CAS] CAS 75-08-1 from HSPiP source
ethanol,Ethanol,EtOH,64-17-5,,,15.8,8.8,19.4,,,,,Organooxygen compounds,Alcohols and polyols,,[NAME] name_iupac: no pipeline enrichment; using lowercase common name | [CLASS] ClassyFire from cache: Organooxygen compounds | [NAME] Acronyms: EtOH | [CAS] CAS 64-17-5 from HSPiP source
ethanolamine,Ethanolamine,,141-43-5,,,17,15.5,21,,,,,,,,[NAME] name_iupac: no pipeline enrichment; using lowercase common name | [CLASS] ClassyFire not available | [CAS] CAS 141-43-5 from HSPiP source
ethoxyethyl propionate,Ethoxyethyl Propionate,,14272-48-1,,,16.2,3.3,8.8,,,,,Carboxylic acids and derivatives,Carboxylic acids,,[NAME] name_iupac: no pipeline enrichment; using lowercase common name | [CLASS] ClassyFire from cache: Carboxylic acids and derivatives | [CAS] CAS 14272-48-1 from HSPiP source
ethyl acetate,Ethyl Acetate,EtOAc; EA,141-78-6,,,15.8,5.3,7.2,,,,,Carboxylic acids and derivatives,Carboxylic acid derivatives,,[NAME] name_iupac: no pipeline enrichment; using lowercase common name | [CLASS] ClassyFire from cache: Carboxylic acids and derivatives | [NAME] Acronyms: EtOAc; EA | [CAS] CAS 141-78-6 from HSPiP source
ethyl aceto acetate (keto),Ethyl Aceto Acetate (Keto),,141-97-9,,,16.5,7.3,8.3,,,,,Keto acids and derivatives,Beta-keto acids and derivatives,,[NAME] name_iupac: no pipeline enrichment; using lowercase common name | [CLASS] ClassyFire from cache: Keto acids and derivatives | [CAS] CAS 141-97-9 from HSPiP source
ethyl acetylene,Ethyl Acetylene,,107-00-6,,,15.1,3.4,5,,,,,,,,[NAME] name_iupac: no pipeline enrichment; using lowercase common name | [CLASS] ClassyFire not available | [CAS] CAS 107-00-6 from HSPiP source
ethyl acrylate,Ethyl Acrylate,,140-88-5,,,15.5,7.1,5.5,,,,,Carboxylic acids and derivatives,Acrylic acids and derivatives,,[NAME] name_iupac: no pipeline enrichment; using lowercase common name | [CLASS] ClassyFire from cache: Carboxylic acids and derivatives | [CAS] CAS 140-88-5 from HSPiP source
ethyl amine,Ethyl Amine,,75-04-7,,,15,5.6,10.7,,,,,Organonitrogen compounds,Amines,,[NAME] name_iupac: no pipeline enrichment; using lowercase common name | [CLASS] ClassyFire from cache: Organonitrogen compounds | [CAS] CAS 75-04-7 from HSPiP source
ethyl amyl ketone,Ethyl Amyl Ketone,,106-68-3,,,16.2,4.5,4.1,,,,,,,,[NAME] name_iupac: no pipeline enrichment; using lowercase common name | [CLASS] ClassyFire not available | [CAS] CAS 106-68-3 from HSPiP source
ethyl benzene,Ethyl Benzene,,100-41-4,,,17.8,0.6,1.4,,,,,Benzene and substituted derivatives,,,[NAME] name_iupac: no pipeline enrichment; using lowercase common name | [CLASS] ClassyFire from cache: Benzene and substituted derivatives | [CAS] CAS 100-41-4 from HSPiP source
ethyl benzoate,Ethyl Benzoate,,93-89-0,,,17.9,6.2,6,,,,,Benzene and substituted derivatives,Benzoic acids and derivatives,,[NAME] name_iupac: no pipeline enrichment; using lowercase common name | [CLASS] ClassyFire from cache: Benzene and substituted derivatives | [CAS] CAS 93-89-0 from HSPiP source
ethyl bromide,Ethyl Bromide,,74-96-4,,,16.5,8.4,2.3,,,,,Organobromides,,,[NAME] name_iupac: no pipeline enrichment; using lowercase common name | [CLASS] ClassyFire from cache: Organobromides | [CAS] CAS 74-96-4 from HSPiP source
ethyl butyl ether,Ethyl Butyl Ether,,628-81-9,,,14.5,3.9,4.7,,,,,Organooxygen compounds,Ethers,,[NAME] name_iupac: no pipeline enrichment; using lowercase common name | [CLASS] ClassyFire from cache: Organooxygen compounds | [CAS] CAS 628-81-9 from HSPiP source
ethyl butyl ketone,Ethyl Butyl Ketone,,106-35-4,,,16.2,5,4.1,,,,,,,,[NAME] name_iupac: no pipeline enrichment; using lowercase common name | [CLASS] ClassyFire not available | [CAS] CAS 106-35-4 from HSPiP source
ethyl butyrate,Ethyl Butyrate,,105-54-4,,,15.5,5.6,5,,,,,,,,[NAME] name_iupac: no pipeline enrichment; using lowercase common name | [CLASS] ClassyFire not available | [CAS] CAS 105-54-4 from HSPiP source
ethyl capronate,Ethyl Capronate,,123-66-0,,,15.5,3.2,5.9,,,,,Fatty Acyls,Fatty acid esters,,[NAME] name_iupac: no pipeline enrichment; using lowercase common name | [CLASS] ClassyFire from cache: Fatty Acyls | [CAS] CAS 123-66-0 from HSPiP source
ethyl carbamate,Ethyl Carbamate,,51-79-6,,,16.8,10.1,13,,,,,Carboximidic acids and derivatives,,,[NAME] name_iupac: no pipeline enrichment; using lowercase common name | [CLASS] ClassyFire from cache: Carboximidic acids and derivatives | [CAS] CAS 51-79-6 from HSPiP source
ethyl carbylamine,Ethyl Carbylamine,,624-79-3,,,15.6,15.2,5.8,,,,,,,,[NAME] name_iupac: no pipeline enrichment; using lowercase common name | [CLASS] ClassyFire not available | [CAS] CAS 624-79-3 from HSPiP source
ethyl chloride,Ethyl Chloride,,75-00-3,,,15.7,6.1,2.9,,,,,Organochlorides,,,[NAME] name_iupac: no pipeline enrichment; using lowercase common name | [CLASS] ClassyFire from cache: Organochlorides | [CAS] CAS 75-00-3 from HSPiP source
ethyl chloroformate,Ethyl Chloroformate,,541-41-3,,,16.4,11,8,,,,,Organic carbonic acids and derivatives,,,[NAME] name_iupac: no pipeline enrichment; using lowercase common name | [CLASS] ClassyFire from cache: Organic carbonic acids and derivatives | [CAS] CAS 541-41-3 from HSPiP source
ethyl cinnamate,Ethyl Cinnamate,,103-36-6,,,18.4,8.2,4.1,,,,,,,,[NAME] name_iupac: no pipeline enrichment; using lowercase common name | [CLASS] ClassyFire not available | [CAS] CAS 103-36-6 from HSPiP source
ethyl cyanoacetate,Ethyl Cyanoacetate,,105-56-6,,,16.7,7.9,8.3,,,,,Carboxylic acids and derivatives,Carboxylic acid derivatives,,[NAME] name_iupac: no pipeline enrichment; using lowercase common name | [CLASS] ClassyFire from cache: Carboxylic acids and derivatives | [CAS] CAS 105-56-6 from HSPiP source
ethyl cyanoacrylate,Ethyl Cyanoacrylate,,7085-85-0,,,15.2,10.3,9,,,,,,,,[NAME] name_iupac: no pipeline enrichment; using lowercase common name | [CLASS] ClassyFire not available | [CAS] CAS 7085-85-0 from HSPiP source
ethyl ethynylether,Ethyl Ethynylether,,927-80-0,,,15.4,7.9,5.9,,,,,Organooxygen compounds,,,[NAME] name_iupac: no pipeline enrichment; using lowercase common name | [CLASS] ClassyFire from cache: Organooxygen compounds | [CAS] CAS 927-80-0 from HSPiP source
ethyl fluoride,Ethyl Fluoride,,353-36-6,,,15.2,9.3,3,,,,,Organofluorides,,,[NAME] name_iupac: no pipeline enrichment; using lowercase common name | [CLASS] ClassyFire from cache: Organofluorides | [CAS] CAS 353-36-6 from HSPiP source
ethyl formate,Ethyl Formate,,109-94-4,,,15.5,8.4,8.4,,,,,Carboxylic acids and derivatives,Carboxylic acid derivatives,,[NAME] name_iupac: no pipeline enrichment; using lowercase common name | [CLASS] ClassyFire from cache: Carboxylic acids and derivatives | [CAS] CAS 109-94-4 from HSPiP source
ethyl hypochlorite,Ethyl Hypochlorite,,624-85-1,,,15.7,8.6,6.5,,,,,Organic oxoanionic compounds,,,[NAME] name_iupac: no pipeline enrichment; using lowercase common name | [CLASS] ClassyFire from cache: Organic oxoanionic compounds | [CAS] CAS 624-85-1 from HSPiP source
ethyl iodide,Ethyl Iodide,,75-03-6,,,17.5,7,6,,,,,Organoiodides,,,[NAME] name_iupac: no pipeline enrichment; using lowercase common name | [CLASS] ClassyFire from cache: Organoiodides | [CAS] CAS 75-03-6 from HSPiP source
ethyl isocyanate,Ethyl Isocyanate,,109-90-0,,,15.4,12,2.5,,,,,Organonitrogen compounds,Isocyanates,,[NAME] name_iupac: no pipeline enrichment; using lowercase common name | [CLASS] ClassyFire from cache: Organonitrogen compounds | [CAS] CAS 109-90-0 from HSPiP source
ethyl isopropenyl ether,Ethyl Isopropenyl Ether,,926-66-9,,,14.8,3.5,5.1,,,,,Organooxygen compounds,,,[NAME] name_iupac: no pipeline enrichment; using lowercase common name | [CLASS] ClassyFire from cache: Organooxygen compounds | [CAS] CAS 926-66-9 from HSPiP source
ethyl isothiocyanate,Ethyl Isothiocyanate,,542-85-8,,,17.2,14.7,9,,,,,Isothiocyanates,,,[NAME] name_iupac: no pipeline enrichment; using lowercase common name | [CLASS] ClassyFire from cache: Isothiocyanates | [CAS] CAS 542-85-8 from HSPiP source
ethyl lactate,Ethyl Lactate,,97-64-3,,,16,7.6,12.5,,,,,Carboxylic acids and derivatives,Carboxylic acid derivatives,,[NAME] name_iupac: no pipeline enrichment; using lowercase common name | [CLASS] ClassyFire from cache: Carboxylic acids and derivatives | [CAS] CAS 97-64-3 from HSPiP source
ethyl methacrylate,Ethyl Methacrylate,,97-63-2,,,15.8,7.2,7.5,,,,,Carboxylic acids and derivatives,Carboxylic acid derivatives,,[NAME] name_iupac: no pipeline enrichment; using lowercase common name | [CLASS] ClassyFire from cache: Carboxylic acids and derivatives | [CAS] CAS 97-63-2 from HSPiP source
methylsulfanylethane,Ethyl Methyl Sulfide,,624-89-5,,,17.1,4.8,2.5,,,,,Thioethers,Dialkylthioethers,,[NAME] name_iupac from PubChem pipeline | [CLASS] ClassyFire from pipeline: Thioethers | [CAS] CAS 624-89-5 validated by pipeline
ethyl oleate,Ethyl Oleate,,111-62-6,,,16.2,3.2,4,,,,,Fatty Acyls,Fatty acid esters,,[NAME] name_iupac: no pipeline enrichment; using lowercase common name | [CLASS] ClassyFire from cache: Fatty Acyls | [CAS] CAS 111-62-6 from HSPiP source
ethyl propionate,Ethyl Propionate,,105-37-3,,,15.5,6.1,4.9,,,,,Carboxylic acids and derivatives,Carboxylic acid derivatives,,[NAME] name_iupac: no pipeline enrichment; using lowercase common name | [CLASS] ClassyFire from cache: Carboxylic acids and derivatives | [CAS] CAS 105-37-3 from HSPiP source
ethyl thiocyanate,Ethyl Thiocyanate,,542-90-5,,,15.4,13.4,5.4,,,,,Thiocyanates,,,[NAME] name_iupac: no pipeline enrichment; using lowercase common name | [CLASS] ClassyFire from cache: Thiocyanates | [CAS] CAS 542-90-5 from HSPiP source
ethyl vinylether,Ethyl Vinylether,,109-92-2,,,14.9,4.9,5.6,,,,,Organooxygen compounds,,,[NAME] name_iupac: no pipeline enrichment; using lowercase common name | [CLASS] ClassyFire from cache: Organooxygen compounds | [CAS] CAS 109-92-2 from HSPiP source
ethyl vinylketone,Ethyl Vinylketone,,1629-58-9,,,15.8,11.3,4.5,,,,,Organooxygen compounds,Carbonyl compounds,,[NAME] name_iupac: no pipeline enrichment; using lowercase common name | [CLASS] ClassyFire from cache: Organooxygen compounds | [CAS] CAS 1629-58-9 from HSPiP source
ethyl-1-propynylether,Ethyl-1-Propynylether,,14273-06-4,,,15.9,6.4,5.4,,,,,Organooxygen compounds,,,[NAME] name_iupac: no pipeline enrichment; using lowercase common name | [CLASS] ClassyFire from cache: Organooxygen compounds | [CAS] CAS 14273-06-4 from HSPiP source
ethylene,Ethylene,,74-85-1,,,15,2,3.8,,,,,Unsaturated hydrocarbons,Unsaturated aliphatic hydrocarbons,,[NAME] name_iupac: no pipeline enrichment; using lowercase common name | [CLASS] ClassyFire from cache: Unsaturated hydrocarbons | [CAS] CAS 74-85-1 from HSPiP source
ethylene carbonate,Ethylene Carbonate,EC,96-49-1,,,18,21.7,5.1,,,,,Organic carbonic acids and derivatives,Carbonic acid diesters,,[NAME] name_iupac: no pipeline enrichment; using lowercase common name | [CLASS] ClassyFire from cache: Organic carbonic acids and derivatives | [NAME] Acronyms: EC | [CAS] CAS 96-49-1 from HSPiP source
ethylene chlorohydrin,Ethylene Chlorohydrin,,107-07-3,,,16.9,8.8,17.2,,,,,,,,[NAME] name_iupac: no pipeline enrichment; using lowercase common name | [CLASS] ClassyFire not available | [CAS] CAS 107-07-3 from HSPiP source
ethylene cyanohydrin,Ethylene Cyanohydrin,,109-78-4,,,17.2,18.8,17.6,,,,,Organonitrogen compounds,Organic cyanides,,[NAME] name_iupac: no pipeline enrichment; using lowercase common name | [CLASS] ClassyFire from cache: Organonitrogen compounds | [CAS] CAS 109-78-4 from HSPiP source
ethylene dibromide,Ethylene Dibromide,,106-93-4,,,19.2,3.5,8.6,,,,,Organobromides,,,[NAME] name_iupac: no pipeline enrichment; using lowercase common name | [CLASS] ClassyFire from cache: Organobromides | [CAS] CAS 106-93-4 from HSPiP source
ethylene dichloride,Ethylene Dichloride,,107-06-2,,,18,7.4,4.1,,,,,Organochlorides,,,[NAME] name_iupac: no pipeline enrichment; using lowercase common name | [CLASS] ClassyFire from cache: Organochlorides | [CAS] CAS 107-06-2 from HSPiP source
ethylene dinitrate,Ethylene Dinitrate,,628-96-6,,,16.2,18,6,,,,,,,,[NAME] name_iupac: no pipeline enrichment; using lowercase common name | [CLASS] ClassyFire not available | [CAS] CAS 628-96-6 from HSPiP source
ethylene glycol,Ethylene Glycol,EG,107-21-1,,,17,11,26,,,,,Organooxygen compounds,Alcohols and polyols,,[NAME] name_iupac: no pipeline enrichment; using lowercase common name | [CLASS] ClassyFire from cache: Organooxygen compounds | [NAME] Acronyms: EG | [CAS] CAS 107-21-1 from HSPiP source
ethylene glycol butyl ether acetate,Ethylene Glycol Butyl Ether Acetate,,112-07-2,,,15.3,7.5,6.8,,,,,,,,[NAME] name_iupac: no pipeline enrichment; using lowercase common name | [CLASS] ClassyFire not available | [CAS] CAS 112-07-2 from HSPiP source
ethylene glycol butyl ethyl ether,Ethylene Glycol Butyl Ethyl Ether,,4413-13-2,,,15.3,4.9,4.6,,,,,Organooxygen compounds,Ethers,,[NAME] name_iupac: no pipeline enrichment; using lowercase common name | [CLASS] ClassyFire from cache: Organooxygen compounds | [CAS] CAS 4413-13-2 from HSPiP source
ethylene glycol butyl methyl ether,Ethylene Glycol Butyl Methyl Ether,,13343-98-1,,,15.5,5.2,4.9,,,,,Organooxygen compounds,Ethers,,[NAME] name_iupac: no pipeline enrichment; using lowercase common name | [CLASS] ClassyFire from cache: Organooxygen compounds | [CAS] CAS 13343-98-1 from HSPiP source
ethylene glycol di-t-butyl ether,Ethylene Glycol Di-t-Butyl Ether,,26547-47-7,,,14.7,4.1,8.2,,,,,Organooxygen compounds,Ethers,,[NAME] name_iupac: no pipeline enrichment; using lowercase common name | [CLASS] ClassyFire from cache: Organooxygen compounds | [CAS] CAS 26547-47-7 from HSPiP source
ethylene glycol diacetate,Ethylene Glycol Diacetate,,111-55-7,,,16.2,4.7,9.8,,,,,,,,[NAME] name_iupac: no pipeline enrichment; using lowercase common name | [CLASS] ClassyFire not available | [CAS] CAS 111-55-7 from HSPiP source
ethylene glycol dibutyl ether,Ethylene Glycol Dibutyl Ether,,112-48-1,,,15.7,4.5,4.2,,,,,,,,[NAME] name_iupac: no pipeline enrichment; using lowercase common name | [CLASS] ClassyFire not available | [CAS] CAS 112-48-1 from HSPiP source
ethylene glycol diethyl ether,Ethylene Glycol Diethyl Ether,,629-14-1,,,15.4,5.4,5.2,,,,,,,,[NAME] name_iupac: no pipeline enrichment; using lowercase common name | [CLASS] ClassyFire not available | [CAS] CAS 629-14-1 from HSPiP source
ethylene glycol dimethyl ether,Ethylene Glycol Dimethyl Ether,,110-71-4,,,15.4,6.3,6,,,,,Organooxygen compounds,Ethers,,[NAME] name_iupac: no pipeline enrichment; using lowercase common name | [CLASS] ClassyFire from cache: Organooxygen compounds | [CAS] CAS 110-71-4 from HSPiP source
ethylene glycol methyl t-butyl ether,Ethylene Glycol Methyl t-Butyl Ether,,66728-50-5,,,15.3,5.1,8.2,,,,,Organooxygen compounds,Ethers,,[NAME] name_iupac: no pipeline enrichment; using lowercase common name | [CLASS] ClassyFire from cache: Organooxygen compounds | [CAS] CAS 66728-50-5 from HSPiP source
ethylene glycol mono 2-ethyl hexyl ether,Ethylene Glycol Mono 2-Ethyl Hexyl Ether,,1559-35-9,,,16,4.1,10.5,,,,,Organooxygen compounds,Ethers,,[NAME] name_iupac: no pipeline enrichment; using lowercase common name | [CLASS] ClassyFire from cache: Organooxygen compounds | [CAS] CAS 1559-35-9 from HSPiP source
ethylene glycol mono benzyl ether,Ethylene Glycol Mono Benzyl Ether,,622-08-2,,,17.8,5.9,12.2,,,,,Benzene and substituted derivatives,Benzylethers,,[NAME] name_iupac: no pipeline enrichment; using lowercase common name | [CLASS] ClassyFire from cache: Benzene and substituted derivatives | [CAS] CAS 622-08-2 from HSPiP source
ethylene glycol mono ethyl ether acrylate,Ethylene Glycol Mono Ethyl Ether Acrylate,,106-74-1,,,15.9,5.1,9.3,,,,,,,,[NAME] name_iupac: no pipeline enrichment; using lowercase common name | [CLASS] ClassyFire not available | [CAS] CAS 106-74-1 from HSPiP source
ethylene glycol mono n-hexyl ether,Ethylene Glycol Mono n-Hexyl Ether,,112-25-4,,,16,5,11.4,,,,,,,,[NAME] name_iupac: no pipeline enrichment; using lowercase common name | [CLASS] ClassyFire not available | [CAS] CAS 112-25-4 from HSPiP source
ethylene glycol mono n-propyl ether,Ethylene Glycol Mono n-Propyl Ether,,2807-30-9,,,16.1,8.7,13.5,,,,,Organooxygen compounds,Ethers,,[NAME] name_iupac: no pipeline enrichment; using lowercase common name | [CLASS] ClassyFire from cache: Organooxygen compounds | [CAS] CAS 2807-30-9 from HSPiP source
ethylene glycol mono t-butyl ether,Ethylene Glycol Mono t-Butyl Ether,,7580-85-0,,,15.3,6.1,10.8,,,,,Organooxygen compounds,Ethers,,[NAME] name_iupac: no pipeline enrichment; using lowercase common name | [CLASS] ClassyFire from cache: Organooxygen compounds | [CAS] CAS 7580-85-0 from HSPiP source
ethylene glycol monobutyl ether,Ethylene Glycol Monobutyl Ether,,111-76-2,,,16,5.1,12.3,,,,,Organooxygen compounds,Ethers,,[NAME] name_iupac: no pipeline enrichment; using lowercase common name | [CLASS] ClassyFire from cache: Organooxygen compounds | [CAS] CAS 111-76-2 from HSPiP source
ethylene glycol monoethyl ether,Ethylene Glycol Monoethyl Ether,,110-80-5,,,15.9,7.2,14,,,,,Organooxygen compounds,Ethers,,[NAME] name_iupac: no pipeline enrichment; using lowercase common name | [CLASS] ClassyFire from cache: Organooxygen compounds | [CAS] CAS 110-80-5 from HSPiP source
ethylene glycol monoethyl ether acetate,Ethylene Glycol Monoethyl Ether Acetate,,111-15-9,,,15.9,4.7,10.6,,,,,,,,[NAME] name_iupac: no pipeline enrichment; using lowercase common name | [CLASS] ClassyFire not available | [CAS] CAS 111-15-9 from HSPiP source
ethylene glycol monoisobutyl ether,Ethylene Glycol Monoisobutyl Ether,,4439-24-1,,,15.2,4.9,9.6,,,,,Organooxygen compounds,Ethers,,[NAME] name_iupac: no pipeline enrichment; using lowercase common name | [CLASS] ClassyFire from cache: Organooxygen compounds | [CAS] CAS 4439-24-1 from HSPiP source
ethylene glycol monoisopropyl ether,Ethylene Glycol Monoisopropyl Ether,,109-59-1,,,16,8.2,13.1,,,,,,,,[NAME] name_iupac: no pipeline enrichment; using lowercase common name | [CLASS] ClassyFire not available | [CAS] CAS 109-59-1 from HSPiP source
ethylene glycol monomethyl ether,Ethylene Glycol Monomethyl Ether,,109-86-4,,,16,8.2,15,,,,,,,,[NAME] name_iupac: no pipeline enrichment; using lowercase common name | [CLASS] ClassyFire not available | [CAS] CAS 109-86-4 from HSPiP source
ethylene glycol monomethyl ether acetate,Ethylene Glycol Monomethyl Ether Acetate,,110-49-6,,,15.9,5.5,11.6,,,,,Carboxylic acids and derivatives,Carboxylic acid derivatives,,[NAME] name_iupac: no pipeline enrichment; using lowercase common name | [CLASS] ClassyFire from cache: Carboxylic acids and derivatives | [CAS] CAS 110-49-6 from HSPiP source
ethylene glycol sulfite,Ethylene Glycol Sulfite,,3741-38-6,,,20,15.9,5.1,,,,,Organic oxoanionic compounds,Organic sulfites,,[NAME] name_iupac: no pipeline enrichment; using lowercase common name | [CLASS] ClassyFire from cache: Organic oxoanionic compounds | [CAS] CAS 3741-38-6 from HSPiP source
ethylene methyl sulfonate,Ethylene Methyl Sulfonate,,4672-49-5,,,16.9,9.3,9.6,,,,,Organic sulfonic acids and derivatives,Organosulfonic acids and derivatives,,[NAME] name_iupac: no pipeline enrichment; using lowercase common name | [CLASS] ClassyFire from cache: Organic sulfonic acids and derivatives | [CAS] CAS 4672-49-5 from HSPiP source
ethylene oxide,Ethylene Oxide,,75-21-8,,,15.6,10,11,,,,,Epoxides,,,[NAME] name_iupac: no pipeline enrichment; using lowercase common name | [CLASS] ClassyFire from cache: Epoxides | [CAS] CAS 75-21-8 from HSPiP source
ethylene sulfide,Ethylene Sulfide,,420-12-2,,,19.3,9,6.5,,,,,Thiiranes,,,[NAME] name_iupac: no pipeline enrichment; using lowercase common name | [CLASS] ClassyFire from cache: Thiiranes | [CAS] CAS 420-12-2 from HSPiP source
ethylenediamine,Ethylenediamine,,107-15-3,,,16.6,8.8,17,,,,,Organonitrogen compounds,Amines,,[NAME] name_iupac: no pipeline enrichment; using lowercase common name | [CLASS] ClassyFire from cache: Organonitrogen compounds | [CAS] CAS 107-15-3 from HSPiP source
ethyleneimine,Ethyleneimine,,151-56-4,,,17.7,11,9.8,,,,,Aziridines,,,[NAME] name_iupac: no pipeline enrichment; using lowercase common name | [CLASS] ClassyFire from cache: Aziridines | [CAS] CAS 151-56-4 from HSPiP source
ethylidene acetone,Ethylidene Acetone,,625-33-2,,,16.2,12.1,4.5,,,,,Organooxygen compounds,Carbonyl compounds,,[NAME] name_iupac: no pipeline enrichment; using lowercase common name | [CLASS] ClassyFire from cache: Organooxygen compounds | [CAS] CAS 625-33-2 from HSPiP source
ethynyl methyl ether,Ethynyl Methyl Ether,,6443-91-0,,,15.8,8.1,6.5,,,,,,,,[NAME] name_iupac: no pipeline enrichment; using lowercase common name | [CLASS] ClassyFire not available | [CAS] CAS 6443-91-0 from HSPiP source
ethynyl propyl ether,Ethynyl Propyl Ether,,42842-08-0,,,15.4,3.8,5.4,,,,,,,,[NAME] name_iupac: no pipeline enrichment; using lowercase common name | [CLASS] ClassyFire not available | [CAS] CAS 42842-08-0 from HSPiP source
eugenol,Eugenol,,97-53-0,,,19,7.5,13,,,,,Phenols,Methoxyphenols,,[NAME] name_iupac: no pipeline enrichment; using lowercase common name | [CLASS] ClassyFire from cache: Phenols | [CAS] CAS 97-53-0 from HSPiP source
fenchene(a),Fenchene(A),,471-84-1,,,16.9,1.5,3.1,,,,,Prenol lipids,Monoterpenoids,,[NAME] name_iupac: no pipeline enrichment; using lowercase common name | [CLASS] ClassyFire from cache: Prenol lipids | [CAS] CAS 471-84-1 from HSPiP source
ferulic acid,Ferulic Acid,,1135-24-6,,,19,6.6,15.1,,,,,Cinnamic acids and derivatives,Hydroxycinnamic acids and derivatives,,[NAME] name_iupac: no pipeline enrichment; using lowercase common name | [CLASS] ClassyFire from cache: Cinnamic acids and derivatives | [CAS] CAS 1135-24-6 from HSPiP source
fluorene,Fluorene,,86-73-7,,,21.3,1.7,1.7,,,,,Fluorenes,,,[NAME] name_iupac: no pipeline enrichment; using lowercase common name | [CLASS] ClassyFire from cache: Fluorenes | [CAS] CAS 86-73-7 from HSPiP source
fluorobenzene,Fluorobenzene,,462-06-6,,,18.1,6.1,2,,,,,Benzene and substituted derivatives,Halobenzenes,,[NAME] name_iupac: no pipeline enrichment; using lowercase common name | [CLASS] ClassyFire from cache: Benzene and substituted derivatives | [CAS] CAS 462-06-6 from HSPiP source
fluoroethylene,Fluoroethylene,,75-02-5,,,15.2,7,1,,,,,Vinyl halides,Vinyl fluorides,,[NAME] name_iupac: no pipeline enrichment; using lowercase common name | [CLASS] ClassyFire from cache: Vinyl halides | [CAS] CAS 75-02-5 from HSPiP source
fluoromethane,Fluoromethane,,593-53-3,,,13.4,10.6,9.5,,,,,Alkyl halides,Halomethanes,,[NAME] name_iupac: no pipeline enrichment; using lowercase common name | [CLASS] ClassyFire from cache: Alkyl halides | [CAS] CAS 593-53-3 from HSPiP source
fluoroprene,Fluoroprene,,381-61-3,,,14.2,5.8,1,,,,,Vinyl halides,Vinyl fluorides,,[NAME] name_iupac: no pipeline enrichment; using lowercase common name | [CLASS] ClassyFire from cache: Vinyl halides | [CAS] CAS 381-61-3 from HSPiP source
formaldehyde,Formaldehyde,,50-00-0,,,12.8,14.4,15.4,,,,,,,,[NAME] name_iupac: no pipeline enrichment; using lowercase common name | [CLASS] ClassyFire not available | [CAS] CAS 50-00-0 from HSPiP source
formamide,Formamide,,75-12-7,,,17.2,26.2,19,,,,,,,,[NAME] name_iupac: no pipeline enrichment; using lowercase common name | [CLASS] ClassyFire not available | [CAS] CAS 75-12-7 from HSPiP source
formic acid,Formic Acid,FA,64-18-6,,,14.6,10,14,,,,,Carboxylic acids and derivatives,Carboxylic acids,,[NAME] name_iupac: no pipeline enrichment; using lowercase common name | [CLASS] ClassyFire from cache: Carboxylic acids and derivatives | [NAME] Acronyms: FA | [CAS] CAS 64-18-6 from HSPiP source
formyl fluoride,Formyl Fluoride,,1493-02-3,,,15,10.1,8.6,,,,,,,,[NAME] name_iupac: no pipeline enrichment; using lowercase common name | [CLASS] ClassyFire not available | [CAS] CAS 1493-02-3 from HSPiP source
fumaronitrile,Fumaronitrile,,764-42-1,,,16.7,13.6,7.8,,,,,,,,[NAME] name_iupac: no pipeline enrichment; using lowercase common name | [CLASS] ClassyFire not available | [CAS] CAS 764-42-1 from HSPiP source
furan,Furan,,110-00-9,,,17,1.8,5.3,,,,,,,,[NAME] name_iupac: no pipeline enrichment; using lowercase common name | [CLASS] ClassyFire not available | [CAS] CAS 110-00-9 from HSPiP source
furfural,Furfural,,98-01-1,,,18.6,14.9,5.1,,,,,,,,[NAME] name_iupac: no pipeline enrichment; using lowercase common name | [CLASS] ClassyFire not available | [CAS] CAS 98-01-1 from HSPiP source
furfuryl alcohol,Furfuryl Alcohol,,98-00-0,,,17.4,7.6,15.1,,,,,Heteroaromatic compounds,,,[NAME] name_iupac: no pipeline enrichment; using lowercase common name | [CLASS] ClassyFire from cache: Heteroaromatic compounds | [CAS] CAS 98-00-0 from HSPiP source
glycerol,Glycerol,,56-81-5,,,17.4,11.3,27.2,,,,,Organooxygen compounds,Carbohydrates and carbohydrate conjugates,,[NAME] name_iupac: no pipeline enrichment; using lowercase common name | [CLASS] ClassyFire from cache: Organooxygen compounds | [CAS] CAS 56-81-5 from HSPiP source
glycerol carbonate,Glycerol Carbonate,,931-40-8,,,17.9,25.5,17.4,,,,,Organic carbonic acids and derivatives,Carbonic acid diesters,,[NAME] name_iupac: no pipeline enrichment; using lowercase common name | [CLASS] ClassyFire from cache: Organic carbonic acids and derivatives | [CAS] CAS 931-40-8 from HSPiP source
glycerol carbonate acetate,Glycerol Carbonate Acetate,,1607-31-4,,,17.1,14.7,9.2,,,,,Organic carbonic acids and derivatives,Carbonic acid diesters,,[NAME] name_iupac: no pipeline enrichment; using lowercase common name | [CLASS] ClassyFire from cache: Organic carbonic acids and derivatives | [CAS] CAS 1607-31-4 from HSPiP source
glycerol carbonate ethyl ether,Glycerol Carbonate Ethyl Ether,,307949-19-5,,,16.8,18.5,8.7,,,,,,,,[NAME] name_iupac: no pipeline enrichment; using lowercase common name | [CLASS] ClassyFire not available | [CAS] CAS 307949-19-5 from HSPiP source
glycerol diacetate,Glycerol Diacetate,,NA,,,16.4,8.9,14.2,,,,,,,,[NAME] name_iupac: no pipeline enrichment; using lowercase common name | [CLASS] ClassyFire not available | [CAS] CAS NA from HSPiP source
glycerol formal,Glycerol Formal,,4740-78-7 5464-28-8,,,18.4,10.6,16.5,,,,,,,,[NAME] name_iupac: no pipeline enrichment; using lowercase common name | [CLASS] ClassyFire not available | [CAS] CAS 4740-78-7 5464-28-8 from HSPiP source
glycerol triacetate,Glycerol Triacetate,,102-76-1,,,16.5,4.5,9.1,,,,,,,,[NAME] name_iupac: no pipeline enrichment; using lowercase common name | [CLASS] ClassyFire not available | [CAS] CAS 102-76-1 from HSPiP source
glycerol tributyrate,Glycerol Tributyrate,,60-01-5,,,16.3,2.5,7,,,,,Glycerolipids,Triradylcglycerols,,[NAME] name_iupac: no pipeline enrichment; using lowercase common name | [CLASS] ClassyFire from cache: Glycerolipids | [CAS] CAS 60-01-5 from HSPiP source
glycerol trioleate,Glycerol Trioleate,,122-32-7,,,16,3.8,3.2,,,,,Glycerolipids,Triradylcglycerols,,[NAME] name_iupac: no pipeline enrichment; using lowercase common name | [CLASS] ClassyFire from cache: Glycerolipids | [CAS] CAS 122-32-7 from HSPiP source
glycidol,Glycidol,,556-52-5,,,18.2,9,17.9,,,,,Epoxides,,,[NAME] name_iupac: no pipeline enrichment; using lowercase common name | [CLASS] ClassyFire from cache: Epoxides | [CAS] CAS 556-52-5 from HSPiP source
glycidyl methacrylate,Glycidyl Methacrylate,,106-91-2,,,16.3,8.5,5.7,,,,,Carboxylic acids and derivatives,Carboxylic acid derivatives,,[NAME] name_iupac: no pipeline enrichment; using lowercase common name | [CLASS] ClassyFire from cache: Carboxylic acids and derivatives | [CAS] CAS 106-91-2 from HSPiP source
glyoxal (ethandial),Glyoxal (Ethandial),,107-22-2,,,15,17,13.3,,,,,Organooxygen compounds,Carbonyl compounds,,[NAME] name_iupac: no pipeline enrichment; using lowercase common name | [CLASS] ClassyFire from cache: Organooxygen compounds | [CAS] CAS 107-22-2 from HSPiP source
hcfc 141b,HCFC 141b,,1717-00-6,,,15.7,4,1,,,,,Organofluorides,,,[NAME] name_iupac: no pipeline enrichment; using lowercase common name | [CLASS] ClassyFire from cache: Organofluorides | [CAS] CAS 1717-00-6 from HSPiP source
hcfc 225ca,HCFC 225ca,,422-56-0,,,14.9,3.5,1,,,,,Organofluorides,,,[NAME] name_iupac: no pipeline enrichment; using lowercase common name | [CLASS] ClassyFire from cache: Organofluorides | [CAS] CAS 422-56-0 from HSPiP source
hcfc 225cb,HCFC 225cb,,507-55-1,,,13.1,2.9,1,,,,,Organofluorides,,,[NAME] name_iupac: no pipeline enrichment; using lowercase common name | [CLASS] ClassyFire from cache: Organofluorides | [CAS] CAS 507-55-1 from HSPiP source
hcfc 253eb,HCFC 253eb,,460-35-5,,,14.6,7.3,1,,,,,Organofluorides,,,[NAME] name_iupac: no pipeline enrichment; using lowercase common name | [CLASS] ClassyFire from cache: Organofluorides | [CAS] CAS 460-35-5 from HSPiP source
hcfc-225ca:cb (45:55),HCFC-225ca:cb (45:55),,NA,,,14.1,3.2,1,,,,,,,,[NAME] name_iupac: no pipeline enrichment; using lowercase common name | [CLASS] ClassyFire not available | [CAS] CAS NA from HSPiP source
hcfc123,HCFC123,,306-83-2,,,15,5.4,1,,,,,Organofluorides,,,[NAME] name_iupac: no pipeline enrichment; using lowercase common name | [CLASS] ClassyFire from cache: Organofluorides | [CAS] CAS 306-83-2 from HSPiP source
hexachloroacetone,Hexachloroacetone,,116-16-5,,,18.3,3,3,,,,,Organooxygen compounds,Carbonyl compounds,,[NAME] name_iupac: no pipeline enrichment; using lowercase common name | [CLASS] ClassyFire from cache: Organooxygen compounds | [CAS] CAS 116-16-5 from HSPiP source
hexafluoro isopropanol,Hexafluoro Isopropanol,IPA,920-66-1,,,17.2,4.5,14.7,,,,,Halohydrins,Fluorohydrins,,[NAME] name_iupac: no pipeline enrichment; using lowercase common name | [CLASS] ClassyFire from cache: Halohydrins | [NAME] Acronyms: IPA | [CAS] CAS 920-66-1 from HSPiP source
hexafluorohexanol,Hexafluorohexanol,,NA,,,15.1,4.4,9.9,,,,,,,,[NAME] name_iupac: no pipeline enrichment; using lowercase common name | [CLASS] ClassyFire not available | [CAS] CAS NA from HSPiP source
hexamethylenetetramine,Hexamethylenetetramine,,100-97-0,,,19.4,7,16,,,,,,,,[NAME] name_iupac: no pipeline enrichment; using lowercase common name | [CLASS] ClassyFire not available | [CAS] CAS 100-97-0 from HSPiP source
hexamethylphosphoramide,Hexamethylphosphoramide,HMPA,680-31-9,,,18.5,11.6,8.7,,,,,Organic phosphoric acids and derivatives,Organic phosphoramides,,[NAME] name_iupac: no pipeline enrichment; using lowercase common name | [CLASS] ClassyFire from cache: Organic phosphoric acids and derivatives | [NAME] Acronyms: HMPA | [CAS] CAS 680-31-9 from HSPiP source
hexanal,Hexanal,,66-25-1,,,15.8,8.4,5.3,,,,,Organooxygen compounds,Carbonyl compounds,,[NAME] name_iupac: no pipeline enrichment; using lowercase common name | [CLASS] ClassyFire from cache: Organooxygen compounds | [CAS] CAS 66-25-1 from HSPiP source
"hexane 1,6 diol","Hexane 1,6 Diol",,629-11-8,,,15.7,8.4,17.8,,,,,Fatty Acyls,Fatty alcohols,,[NAME] name_iupac: no pipeline enrichment; using lowercase common name | [CLASS] ClassyFire from cache: Fatty Acyls | [CAS] CAS 629-11-8 from HSPiP source
hexanoic acid,Hexanoic Acid,,142-62-1,,,16.3,4.2,11.5,,,,,,,,[NAME] name_iupac: no pipeline enrichment; using lowercase common name | [CLASS] ClassyFire not available | [CAS] CAS 142-62-1 from HSPiP source
hexyl acetate,Hexyl Acetate,,142-92-7,,,15.8,2.9,5.9,,,,,,,,[NAME] name_iupac: no pipeline enrichment; using lowercase common name | [CLASS] ClassyFire not available | [CAS] CAS 142-92-7 from HSPiP source
hexylene glycol diacetate,Hexylene Glycol Diacetate,,6222-17-9,,,15.3,4.5,7.2,,,,,Carboxylic acids and derivatives,Dicarboxylic acids and derivatives,,[NAME] name_iupac: no pipeline enrichment; using lowercase common name | [CLASS] ClassyFire from cache: Carboxylic acids and derivatives | [CAS] CAS 6222-17-9 from HSPiP source
hfe 7000,HFE 7000,,375-03-1,,,13,4.2,1,,,,,,,,[NAME] name_iupac: no pipeline enrichment; using lowercase common name | [CLASS] ClassyFire not available | [CAS] CAS 375-03-1 from HSPiP source
hfe 7100,HFE 7100,,163702-07-6,,,13.7,2.2,1,,,,,Organooxygen compounds,Ethers,,[NAME] name_iupac: no pipeline enrichment; using lowercase common name | [CLASS] ClassyFire from cache: Organooxygen compounds | [CAS] CAS 163702-07-6 from HSPiP source
hfe 7500,HFE 7500,,297730-93-9,,,13.3,2,1,,,,,Organooxygen compounds,Ethers,,[NAME] name_iupac: no pipeline enrichment; using lowercase common name | [CLASS] ClassyFire from cache: Organooxygen compounds | [CAS] CAS 297730-93-9 from HSPiP source
hfe 8200,HFE 8200,,NA,,,13,4,1,,,,,,,,[NAME] name_iupac: no pipeline enrichment; using lowercase common name | [CLASS] ClassyFire not available | [CAS] CAS NA from HSPiP source
hydrazine,Hydrazine,,302-01-2,,,14.2,8.3,8.9,,,,,Homogeneous other non-metal compounds,,,[NAME] name_iupac: no pipeline enrichment; using lowercase common name | [CLASS] ClassyFire from cache: Homogeneous other non-metal compounds | [CAS] CAS 302-01-2 from HSPiP source
hydrogen cyanide,Hydrogen Cyanide,,74-90-8,,,12.3,17.6,9,,,,,,,,[NAME] name_iupac: no pipeline enrichment; using lowercase common name | [CLASS] ClassyFire not available | [CAS] CAS 74-90-8 from HSPiP source
hydrogen peroxide,Hydrogen Peroxide,,7722-84-1,,,15.5,12.2,42.7,,,,,,,,[NAME] name_iupac: no pipeline enrichment; using lowercase common name | [CLASS] ClassyFire not available | [CAS] CAS 7722-84-1 from HSPiP source
hydrogen sulfide,Hydrogen Sulfide,,7783-06-04 00:00:00,,,17.9,6,10.2,,,,,,,,[NAME] name_iupac: no pipeline enrichment; using lowercase common name | [CLASS] ClassyFire not available | [CAS] CAS 7783-06-04 00:00:00 from HSPiP source
hydroxyethyl acrylate,Hydroxyethyl Acrylate,,818-61-1,,,16,13.2,13.4,,,,,Carboxylic acids and derivatives,Acrylic acids and derivatives,,[NAME] name_iupac: no pipeline enrichment; using lowercase common name | [CLASS] ClassyFire from cache: Carboxylic acids and derivatives | [CAS] CAS 818-61-1 from HSPiP source
indene,Indene,,95-13-6,,,18.7,2.6,9,,,,,Indenes and isoindenes,,,[NAME] name_iupac: no pipeline enrichment; using lowercase common name | [CLASS] ClassyFire from cache: Indenes and isoindenes | [CAS] CAS 95-13-6 from HSPiP source
indole,Indole,,120-72-9,,,20.5,7.5,6.5,,,,,Indoles and derivatives,Indoles,,[NAME] name_iupac: no pipeline enrichment; using lowercase common name | [CLASS] ClassyFire from cache: Indoles and derivatives | [CAS] CAS 120-72-9 from HSPiP source
iodobenzene,Iodobenzene,,591-50-4,,,19.9,5.6,6.1,,,,,Benzene and substituted derivatives,Halobenzenes,,[NAME] name_iupac: no pipeline enrichment; using lowercase common name | [CLASS] ClassyFire from cache: Benzene and substituted derivatives | [CAS] CAS 591-50-4 from HSPiP source
iodoform,Iodoform,,75-47-8,,,20.2,3.6,10.6,,,,,Alkyl halides,Halomethanes,,[NAME] name_iupac: no pipeline enrichment; using lowercase common name | [CLASS] ClassyFire from cache: Alkyl halides | [CAS] CAS 75-47-8 from HSPiP source
iodoprene,Iodoprene,,19221-28-4,,,17.2,2.5,6.2,,,,,,,,[NAME] name_iupac: no pipeline enrichment; using lowercase common name | [CLASS] ClassyFire not available | [CAS] CAS 19221-28-4 from HSPiP source
isoamyl acetate,Isoamyl Acetate,,123-92-2,,,15.3,3.1,7,,,,,Carboxylic acids and derivatives,Carboxylic acid derivatives,,[NAME] name_iupac: no pipeline enrichment; using lowercase common name | [CLASS] ClassyFire from cache: Carboxylic acids and derivatives | [CAS] CAS 123-92-2 from HSPiP source
isoamyl alcohol (3-methyl-1-butanol),Isoamyl Alcohol (3-Methyl-1-Butanol),,123-51-3,,,15.8,5.2,13.3,,,,,,,,[NAME] name_iupac: no pipeline enrichment; using lowercase common name | [CLASS] ClassyFire not available | [CAS] CAS 123-51-3 from HSPiP source
isoamyl propionate,Isoamyl Propionate,,105-68-0,,,15.7,5.2,5.6,,,,,Carboxylic acids and derivatives,Carboxylic acid derivatives,,[NAME] name_iupac: no pipeline enrichment; using lowercase common name | [CLASS] ClassyFire from cache: Carboxylic acids and derivatives | [CAS] CAS 105-68-0 from HSPiP source
isobutyl acetate,Isobutyl Acetate,,110-19-0,,,15.1,3.7,6.3,,,,,Carboxylic acids and derivatives,Carboxylic acid derivatives,,[NAME] name_iupac: no pipeline enrichment; using lowercase common name | [CLASS] ClassyFire from cache: Carboxylic acids and derivatives | [CAS] CAS 110-19-0 from HSPiP source
isobutyl acrylate,Isobutyl Acrylate,,106-63-8,,,15.5,6.2,5,,,,,Carboxylic acids and derivatives,Acrylic acids and derivatives,,[NAME] name_iupac: no pipeline enrichment; using lowercase common name | [CLASS] ClassyFire from cache: Carboxylic acids and derivatives | [CAS] CAS 106-63-8 from HSPiP source
isobutyl alcohol,Isobutyl Alcohol,,78-83-1,,,15.1,5.7,15.9,,,,,Organooxygen compounds,Alcohols and polyols,,[NAME] name_iupac: no pipeline enrichment; using lowercase common name | [CLASS] ClassyFire from cache: Organooxygen compounds | [CAS] CAS 78-83-1 from HSPiP source
isobutyl formate,Isobutyl Formate,,542-55-2,,,15.5,6.5,6.7,,,,,Carboxylic acids and derivatives,Carboxylic acid derivatives,,[NAME] name_iupac: no pipeline enrichment; using lowercase common name | [CLASS] ClassyFire from cache: Carboxylic acids and derivatives | [CAS] CAS 542-55-2 from HSPiP source
isobutyl isobutyrate,Isobutyl Isobutyrate,,97-85-8,,,15.1,2.8,5.8,,,,,Carboxylic acids and derivatives,Carboxylic acid derivatives,,[NAME] name_iupac: no pipeline enrichment; using lowercase common name | [CLASS] ClassyFire from cache: Carboxylic acids and derivatives | [CAS] CAS 97-85-8 from HSPiP source
isobutyl sulfoxide,Isobutyl Sulfoxide,,3085-40-3,,,16.3,10.5,6.1,,,,,Sulfoxides,,,[NAME] name_iupac: no pipeline enrichment; using lowercase common name | [CLASS] ClassyFire from cache: Sulfoxides | [CAS] CAS 3085-40-3 from HSPiP source
isobutylene,Isobutylene,,115-11-7,,,14.5,2,1.5,,,,,Unsaturated hydrocarbons,Branched unsaturated hydrocarbons,,[NAME] name_iupac: no pipeline enrichment; using lowercase common name | [CLASS] ClassyFire from cache: Unsaturated hydrocarbons | [CAS] CAS 115-11-7 from HSPiP source
isobutyleneoxide,Isobutyleneoxide,,558-30-5,,,16.1,4.8,5.8,,,,,,,,[NAME] name_iupac: no pipeline enrichment; using lowercase common name | [CLASS] ClassyFire not available | [CAS] CAS 558-30-5 from HSPiP source
isobutyric acid,Isobutyric Acid,,79-31-2,,,15.7,5.4,10.5,,,,,Carboxylic acids and derivatives,Carboxylic acids,,[NAME] name_iupac: no pipeline enrichment; using lowercase common name | [CLASS] ClassyFire from cache: Carboxylic acids and derivatives | [CAS] CAS 79-31-2 from HSPiP source
isocyanic acid,Isocyanic Acid,,75-13-8,,,15.8,10.5,13.6,,,,,Organooxygen compounds,,,[NAME] name_iupac: no pipeline enrichment; using lowercase common name | [CLASS] ClassyFire from cache: Organooxygen compounds | [CAS] CAS 75-13-8 from HSPiP source
isooctyl alcohol,Isooctyl Alcohol,,26952-21-6,,,14.4,7.3,12.9,,,,,Fatty Acyls,Fatty alcohols,,[NAME] name_iupac: no pipeline enrichment; using lowercase common name | [CLASS] ClassyFire from cache: Fatty Acyls | [CAS] CAS 26952-21-6 from HSPiP source
isophorone,Isophorone,,78-59-1,,,17,8,5,,,,,Organooxygen compounds,Carbonyl compounds,,[NAME] name_iupac: no pipeline enrichment; using lowercase common name | [CLASS] ClassyFire from cache: Organooxygen compounds | [CAS] CAS 78-59-1 from HSPiP source
"isoprene (2-methyl-1,3-butadiene)","Isoprene (2-Methyl-1,3-Butadiene)",,78-79-5,,,14.7,1.4,4.1,,,,,Unsaturated hydrocarbons,Branched unsaturated hydrocarbons,,[NAME] name_iupac: no pipeline enrichment; using lowercase common name | [CLASS] ClassyFire from cache: Unsaturated hydrocarbons | [CAS] CAS 78-79-5 from HSPiP source
isopropyl acetate,Isopropyl Acetate,iPrOAc,108-21-4,,,14.9,4.5,8.2,,,,,Carboxylic acids and derivatives,Carboxylic acid derivatives,,[NAME] name_iupac: no pipeline enrichment; using lowercase common name | [CLASS] ClassyFire from cache: Carboxylic acids and derivatives | [NAME] Acronyms: iPrOAc | [CAS] CAS 108-21-4 from HSPiP source
isopropyl amine (2-propan amine),Isopropyl Amine (2-Propan Amine),,75-31-0,,,14.8,4.4,6.6,,,,,Organonitrogen compounds,Amines,,[NAME] name_iupac: no pipeline enrichment; using lowercase common name | [CLASS] ClassyFire from cache: Organonitrogen compounds | [CAS] CAS 75-31-0 from HSPiP source
isopropyl benzene (cumene),Isopropyl Benzene (Cumene),,98-82-8,,,18.1,1.2,1.2,,,,,Benzene and substituted derivatives,Cumenes,,[NAME] name_iupac: no pipeline enrichment; using lowercase common name | [CLASS] ClassyFire from cache: Benzene and substituted derivatives | [CAS] CAS 98-82-8 from HSPiP source
isopropyl chloride (2-chloro propane),Isopropyl Chloride (2-Chloro Propane),,75-29-6,,,15,8,2,,,,,Organochlorides,,,[NAME] name_iupac: no pipeline enrichment; using lowercase common name | [CLASS] ClassyFire from cache: Organochlorides | [CAS] CAS 75-29-6 from HSPiP source
isopropyl ether,Isopropyl Ether,,108-20-3,,,15.1,3.2,3.2,,,,,,,,[NAME] name_iupac: no pipeline enrichment; using lowercase common name | [CLASS] ClassyFire not available | [CAS] CAS 108-20-3 from HSPiP source
isopropyl palmitate,Isopropyl Palmitate,,142-91-6,,,16.2,3.9,3.7,,,,,,,,[NAME] name_iupac: no pipeline enrichment; using lowercase common name | [CLASS] ClassyFire not available | [CAS] CAS 142-91-6 from HSPiP source
isovaleraldehyde,Isovaleraldehyde,,590-86-3,,,14.7,9.5,5,,,,,Organooxygen compounds,Carbonyl compounds,,[NAME] name_iupac: no pipeline enrichment; using lowercase common name | [CLASS] ClassyFire from cache: Organooxygen compounds | [CAS] CAS 590-86-3 from HSPiP source
isovaleric acid,Isovaleric Acid,,503-74-2,,,16.4,4.1,10.7,,,,,Fatty Acyls,Fatty acids and conjugates,,[NAME] name_iupac: no pipeline enrichment; using lowercase common name | [CLASS] ClassyFire from cache: Fatty Acyls | [CAS] CAS 503-74-2 from HSPiP source
isoxazole,Isoxazole,,288-14-2,,,18.8,13.4,11.2,,,,,,,,[NAME] name_iupac: no pipeline enrichment; using lowercase common name | [CLASS] ClassyFire not available | [CAS] CAS 288-14-2 from HSPiP source
ketene,Ketene,,463-51-4,,,15.4,7.3,5.8,,,,,Organooxygen compounds,Ketenes,,[NAME] name_iupac: no pipeline enrichment; using lowercase common name | [CLASS] ClassyFire from cache: Organooxygen compounds | [CAS] CAS 463-51-4 from HSPiP source
l-dopa,l-Dopa,,59-92-7,,,18,8.2,20.3,,,,,Carboxylic acids and derivatives,"Amino acids, peptides, and analogues",,[NAME] name_iupac: no pipeline enrichment; using lowercase common name | [CLASS] ClassyFire from cache: Carboxylic acids and derivatives | [CAS] CAS 59-92-7 from HSPiP source
l-menthol,l-Menthol,,2216-51-5,,,16,4.7,9,,,,,,,,[NAME] name_iupac: no pipeline enrichment; using lowercase common name | [CLASS] ClassyFire not available | [CAS] CAS 2216-51-5 from HSPiP source
l-menthone,l-Menthone,,10458-14-7,,,17,8.1,4.4,,,,,,,,[NAME] name_iupac: no pipeline enrichment; using lowercase common name | [CLASS] ClassyFire not available | [CAS] CAS 10458-14-7 from HSPiP source
l-menthyl acetate,l-Menthyl Acetate,,2623-23-6,,,16.8,4.7,4.9,,,,,Prenol lipids,Monoterpenoids,,[NAME] name_iupac: no pipeline enrichment; using lowercase common name | [CLASS] ClassyFire from cache: Prenol lipids | [CAS] CAS 2623-23-6 from HSPiP source
l-tyrosine,l-Tyrosine,,60-18-4,,,17.5,6.9,17.2,,,,,Carboxylic acids and derivatives,"Amino acids, peptides, and analogues",,[NAME] name_iupac: no pipeline enrichment; using lowercase common name | [CLASS] ClassyFire from cache: Carboxylic acids and derivatives | [CAS] CAS 60-18-4 from HSPiP source
lactic acid (dl),Lactic Acid (dl),,50-21-5,,,17,8.3,28.4,,,,,Hydroxy acids and derivatives,Alpha hydroxy acids and derivatives,,[NAME] name_iupac: no pipeline enrichment; using lowercase common name | [CLASS] ClassyFire from cache: Hydroxy acids and derivatives | [CAS] CAS 50-21-5 from HSPiP source
lauryl methacrylate,Lauryl Methacrylate,,142-90-5,,,14.4,2.2,5.1,,,,,Fatty Acyls,Fatty alcohol esters,,[NAME] name_iupac: no pipeline enrichment; using lowercase common name | [CLASS] ClassyFire from cache: Fatty Acyls | [CAS] CAS 142-90-5 from HSPiP source
m-chloroaniline,m-Chloroaniline,,108-42-9,,,20.2,7.3,9.8,,,,,Benzene and substituted derivatives,Aniline and substituted anilines,,[NAME] name_iupac: no pipeline enrichment; using lowercase common name | [CLASS] ClassyFire from cache: Benzene and substituted derivatives | [CAS] CAS 108-42-9 from HSPiP source
m-cresol,m-Cresol,,108-39-4,,,18.5,6.5,13.7,,,,,Phenols,Cresols,,[NAME] name_iupac: no pipeline enrichment; using lowercase common name | [CLASS] ClassyFire from cache: Phenols | [CAS] CAS 108-39-4 from HSPiP source
m-dichlorobenzene,m-Dichlorobenzene,,541-73-1,,,19.2,5.1,2.7,,,,,Benzene and substituted derivatives,Halobenzenes,,[NAME] name_iupac: no pipeline enrichment; using lowercase common name | [CLASS] ClassyFire from cache: Benzene and substituted derivatives | [CAS] CAS 541-73-1 from HSPiP source
maleic anhydride,Maleic Anhydride,,108-31-6,,,19.5,13.3,11.9,,,,,Dihydrofurans,Furanones,,[NAME] name_iupac: no pipeline enrichment; using lowercase common name | [CLASS] ClassyFire from cache: Dihydrofurans | [CAS] CAS 108-31-6 from HSPiP source
malononitrile,Malononitrile,,109-77-3,,,17,18.4,6.7,,,,,,,,[NAME] name_iupac: no pipeline enrichment; using lowercase common name | [CLASS] ClassyFire not available | [CAS] CAS 109-77-3 from HSPiP source
meclofenoxate,Meclofenoxate,,51-68-3,,,16,6.2,9,,,,,Benzene and substituted derivatives,Phenoxyacetic acid derivatives,,[NAME] name_iupac: no pipeline enrichment; using lowercase common name | [CLASS] ClassyFire from cache: Benzene and substituted derivatives | [CAS] CAS 51-68-3 from HSPiP source
menthofuran,Menthofuran,,494-90-6,,,17.2,4.6,5.6,,,,,Prenol lipids,Monoterpenoids,,[NAME] name_iupac: no pipeline enrichment; using lowercase common name | [CLASS] ClassyFire from cache: Prenol lipids | [CAS] CAS 494-90-6 from HSPiP source
mesityl oxide,Mesityl Oxide,,141-79-7,,,16.4,7.2,5,,,,,Organooxygen compounds,Carbonyl compounds,,[NAME] name_iupac: no pipeline enrichment; using lowercase common name | [CLASS] ClassyFire from cache: Organooxygen compounds | [CAS] CAS 141-79-7 from HSPiP source
mesitylene,Mesitylene,,108-67-8,,,18,0.6,0.6,,,,,Benzene and substituted derivatives,,,[NAME] name_iupac: no pipeline enrichment; using lowercase common name | [CLASS] ClassyFire from cache: Benzene and substituted derivatives | [CAS] CAS 108-67-8 from HSPiP source
methacrylaldehyde,Methacrylaldehyde,,78-85-3,,,15,10.3,7.1,,,,,Organooxygen compounds,Carbonyl compounds,,[NAME] name_iupac: no pipeline enrichment; using lowercase common name | [CLASS] ClassyFire from cache: Organooxygen compounds | [CAS] CAS 78-85-3 from HSPiP source
methacrylamide,Methacrylamide,,79-39-0,,,15.8,11,11.6,,,,,Carboxylic acids and derivatives,Carboxylic acid derivatives,,[NAME] name_iupac: no pipeline enrichment; using lowercase common name | [CLASS] ClassyFire from cache: Carboxylic acids and derivatives | [CAS] CAS 79-39-0 from HSPiP source
methacrylic acid,Methacrylic Acid,,79-41-4,,,15.8,2.8,12,,,,,Carboxylic acids and derivatives,Carboxylic acids,,[NAME] name_iupac: no pipeline enrichment; using lowercase common name | [CLASS] ClassyFire from cache: Carboxylic acids and derivatives | [CAS] CAS 79-41-4 from HSPiP source
methacrylonitrile,Methacrylonitrile,,126-98-7,,,15.8,9.5,5.4,,,,,Organonitrogen compounds,Organic cyanides,,[NAME] name_iupac: no pipeline enrichment; using lowercase common name | [CLASS] ClassyFire from cache: Organonitrogen compounds | [CAS] CAS 126-98-7 from HSPiP source
methanol,Methanol,MeOH,67-56-1,,,14.7,12.3,22.3,,,,,Organooxygen compounds,Alcohols and polyols,,[NAME] name_iupac: no pipeline enrichment; using lowercase common name | [CLASS] ClassyFire from cache: Organooxygen compounds | [NAME] Acronyms: MeOH | [CAS] CAS 67-56-1 from HSPiP source
methanol cluster,Methanol Cluster,,67-56-1,,,14.7,5,10,,,,,Organooxygen compounds,Alcohols and polyols,,[NAME] name_iupac: no pipeline enrichment; using lowercase common name | [CLASS] ClassyFire from cache: Organooxygen compounds | [CAS] CAS 67-56-1 from HSPiP source
methoxy methanol,Methoxy Methanol,,4461-52-3,,,16,9,18.5,,,,,Organooxygen compounds,Ethers,,[NAME] name_iupac: no pipeline enrichment; using lowercase common name | [CLASS] ClassyFire from cache: Organooxygen compounds | [CAS] CAS 4461-52-3 from HSPiP source
methoxyhexanone (pentoxone),Methoxyhexanone (Pentoxone),,107-70-0,,,15.3,6,5.9,,,,,,,,[NAME] name_iupac: no pipeline enrichment; using lowercase common name | [CLASS] ClassyFire not available | [CAS] CAS 107-70-0 from HSPiP source
methyl 1-propenyl ether,Methyl 1-Propenyl Ether,,7319-16-6,,,15,4.3,5.7,,,,,,,,[NAME] name_iupac: no pipeline enrichment; using lowercase common name | [CLASS] ClassyFire not available | [CAS] CAS 7319-16-6 from HSPiP source
methyl acetate,Methyl Acetate,MeOAc,79-20-9,,,15.5,7.2,7.6,,,,,Carboxylic acids and derivatives,Carboxylic acid derivatives,,[NAME] name_iupac: no pipeline enrichment; using lowercase common name | [CLASS] ClassyFire from cache: Carboxylic acids and derivatives | [NAME] Acronyms: MeOAc | [CAS] CAS 79-20-9 from HSPiP source
methyl aceto acetate,Methyl Aceto Acetate,,105-45-3,,,16.4,8.6,8.9,,,,,Keto acids and derivatives,Beta-keto acids and derivatives,,[NAME] name_iupac: no pipeline enrichment; using lowercase common name | [CLASS] ClassyFire from cache: Keto acids and derivatives | [CAS] CAS 105-45-3 from HSPiP source
methyl acetylene,Methyl Acetylene,,74-99-7,,,15.1,3.8,9.2,,,,,,,,[NAME] name_iupac: no pipeline enrichment; using lowercase common name | [CLASS] ClassyFire not available | [CAS] CAS 74-99-7 from HSPiP source
methyl acrylate,Methyl Acrylate,,96-33-3,,,15.3,6.7,9.4,,,,,Carboxylic acids and derivatives,Acrylic acids and derivatives,,[NAME] name_iupac: no pipeline enrichment; using lowercase common name | [CLASS] ClassyFire from cache: Carboxylic acids and derivatives | [CAS] CAS 96-33-3 from HSPiP source
methyl allyl cyanide,Methyl Allyl Cyanide,,16529-56-9,,,16.4,11.3,5.1,,,,,,,,[NAME] name_iupac: no pipeline enrichment; using lowercase common name | [CLASS] ClassyFire not available | [CAS] CAS 16529-56-9 from HSPiP source
methyl amine,Methyl Amine,,74-89-5,,,14.4,7,16,,,,,,,,[NAME] name_iupac: no pipeline enrichment; using lowercase common name | [CLASS] ClassyFire not available | [CAS] CAS 74-89-5 from HSPiP source
methyl amyl acetate,Methyl Amyl Acetate,,108-84-9,,,15.2,3.1,6.8,,,,,Carboxylic acids and derivatives,Carboxylic acid derivatives,,[NAME] name_iupac: no pipeline enrichment; using lowercase common name | [CLASS] ClassyFire from cache: Carboxylic acids and derivatives | [CAS] CAS 108-84-9 from HSPiP source
methyl benzoate,Methyl Benzoate,,93-58-3,,,18.9,8.2,4.7,,,,,,,,[NAME] name_iupac: no pipeline enrichment; using lowercase common name | [CLASS] ClassyFire not available | [CAS] CAS 93-58-3 from HSPiP source
methyl bromide,Methyl Bromide,,74-83-9,,,17,8.8,2.6,,,,,Alkyl halides,Halomethanes,,[NAME] name_iupac: no pipeline enrichment; using lowercase common name | [CLASS] ClassyFire from cache: Alkyl halides | [CAS] CAS 74-83-9 from HSPiP source
methyl butyl ketone,Methyl Butyl Ketone,,591-78-6,,,15.3,6.1,4.1,,,,,Organooxygen compounds,Carbonyl compounds,,[NAME] name_iupac: no pipeline enrichment; using lowercase common name | [CLASS] ClassyFire from cache: Organooxygen compounds | [CAS] CAS 591-78-6 from HSPiP source
methyl chloride,Methyl Chloride,,74-87-3,,,15.3,9.9,3.9,,,,,Alkyl halides,Halomethanes,,[NAME] name_iupac: no pipeline enrichment; using lowercase common name | [CLASS] ClassyFire from cache: Alkyl halides | [CAS] CAS 74-87-3 from HSPiP source
methyl chloroformate,Methyl Chloroformate,,79-22-1,,,16.3,9.5,8.5,,,,,Organic carbonic acids and derivatives,,,[NAME] name_iupac: no pipeline enrichment; using lowercase common name | [CLASS] ClassyFire from cache: Organic carbonic acids and derivatives | [CAS] CAS 79-22-1 from HSPiP source
methyl cyanoacetate,Methyl Cyanoacetate,,105-34-0,,,16.9,14.9,9.9,,,,,,,,[NAME] name_iupac: no pipeline enrichment; using lowercase common name | [CLASS] ClassyFire not available | [CAS] CAS 105-34-0 from HSPiP source
methyl ethyl ether,Methyl Ethyl Ether,,540-67-0,,,14,4.7,6,,,,,Organooxygen compounds,Ethers,,[NAME] name_iupac: no pipeline enrichment; using lowercase common name | [CLASS] ClassyFire from cache: Organooxygen compounds | [CAS] CAS 540-67-0 from HSPiP source
methyl ethyl ketone (mek),Methyl Ethyl Ketone (MEK),MEK,78-93-3,,,16,9,5.1,,,,,Organooxygen compounds,Carbonyl compounds,,[NAME] name_iupac: no pipeline enrichment; using lowercase common name | [CLASS] ClassyFire from cache: Organooxygen compounds | [NAME] Acronyms: MEK | [CAS] CAS 78-93-3 from HSPiP source
methyl ethyl ketoxime,Methyl Ethyl Ketoxime,,96-29-7,,,14.7,4.9,7.8,,,,,,,,[NAME] name_iupac: no pipeline enrichment; using lowercase common name | [CLASS] ClassyFire not available | [CAS] CAS 96-29-7 from HSPiP source
methyl formate,Methyl Formate,,107-31-3,,,15.3,8.4,10.2,,,,,Carboxylic acids and derivatives,Carboxylic acid derivatives,,[NAME] name_iupac: no pipeline enrichment; using lowercase common name | [CLASS] ClassyFire from cache: Carboxylic acids and derivatives | [CAS] CAS 107-31-3 from HSPiP source
methyl furoate,Methyl Furoate,,611-13-2,,,17.4,6.9,9.7,,,,,Furans,Furoic acid and derivatives,,[NAME] name_iupac: no pipeline enrichment; using lowercase common name | [CLASS] ClassyFire from cache: Furans | [CAS] CAS 611-13-2 from HSPiP source
methyl glyoxal,Methyl Glyoxal,,78-98-8,,,15.5,16.1,9.7,,,,,Organooxygen compounds,Carbonyl compounds,,[NAME] name_iupac: no pipeline enrichment; using lowercase common name | [CLASS] ClassyFire from cache: Organooxygen compounds | [CAS] CAS 78-98-8 from HSPiP source
methyl hydrazine,Methyl Hydrazine,,60-34-4,,,16.2,8.7,14.8,,,,,Organonitrogen compounds,Hydrazines and derivatives,,[NAME] name_iupac: no pipeline enrichment; using lowercase common name | [CLASS] ClassyFire from cache: Organonitrogen compounds | [CAS] CAS 60-34-4 from HSPiP source
methyl hydroperoxide,Methyl Hydroperoxide,,3031-73-0,,,15,15,30,,,,,,,,[NAME] name_iupac: no pipeline enrichment; using lowercase common name | [CLASS] ClassyFire not available | [CAS] CAS 3031-73-0 from HSPiP source
methyl iodide,Methyl Iodide,,74-88-4,,,17.5,7.7,5.3,,,,,Alkyl halides,Halomethanes,,[NAME] name_iupac: no pipeline enrichment; using lowercase common name | [CLASS] ClassyFire from cache: Alkyl halides | [CAS] CAS 74-88-4 from HSPiP source
methyl isoamyl ketone,Methyl Isoamyl Ketone,,110-12-3,,,16,5.7,4.1,,,,,,,,[NAME] name_iupac: no pipeline enrichment; using lowercase common name | [CLASS] ClassyFire not available | [CAS] CAS 110-12-3 from HSPiP source
methyl isobutyl carbinol,Methyl Isobutyl Carbinol,,108-11-2,,,15.4,3.3,12.3,,,,,Organooxygen compounds,Alcohols and polyols,,[NAME] name_iupac: no pipeline enrichment; using lowercase common name | [CLASS] ClassyFire from cache: Organooxygen compounds | [CAS] CAS 108-11-2 from HSPiP source
methyl isobutyl ketone (mibk),Methyl Isobutyl Ketone (MIBK),MIBK,108-10-1,,,15.3,6.1,4.1,,,,,Organooxygen compounds,Carbonyl compounds,,[NAME] name_iupac: no pipeline enrichment; using lowercase common name | [CLASS] ClassyFire from cache: Organooxygen compounds | [NAME] Acronyms: MIBK | [CAS] CAS 108-10-1 from HSPiP source
methyl isocyanate,Methyl Isocyanate,,624-83-9,,,15.6,11.5,2.5,,,,,Organonitrogen compounds,Isocyanates,,[NAME] name_iupac: no pipeline enrichment; using lowercase common name | [CLASS] ClassyFire from cache: Organonitrogen compounds | [CAS] CAS 624-83-9 from HSPiP source
methyl isopropenyl ketone,Methyl Isopropenyl Ketone,,814-78-8,,,15.9,12.1,4.5,,,,,Organooxygen compounds,Carbonyl compounds,,[NAME] name_iupac: no pipeline enrichment; using lowercase common name | [CLASS] ClassyFire from cache: Organooxygen compounds | [CAS] CAS 814-78-8 from HSPiP source
methyl isothiocyanate,Methyl Isothiocyanate,,556-61-6,,,17.3,16.2,10.1,,,,,Isothiocyanates,,,[NAME] name_iupac: no pipeline enrichment; using lowercase common name | [CLASS] ClassyFire from cache: Isothiocyanates | [CAS] CAS 556-61-6 from HSPiP source
methyl mercaptan,Methyl Mercaptan,,74-93-1,,,16.6,7.7,8.6,,,,,Thiols,Alkylthiols,,[NAME] name_iupac: no pipeline enrichment; using lowercase common name | [CLASS] ClassyFire from cache: Thiols | [CAS] CAS 74-93-1 from HSPiP source
methyl methacrylate,Methyl Methacrylate,,80-62-6,,,15.8,6.5,5.4,,,,,Carboxylic acids and derivatives,Carboxylic acid derivatives,,[NAME] name_iupac: no pipeline enrichment; using lowercase common name | [CLASS] ClassyFire from cache: Carboxylic acids and derivatives | [CAS] CAS 80-62-6 from HSPiP source
methyl n-amyl ketone,Methyl n-Amyl Ketone,,110-43-0,,,16.2,5.7,4.1,,,,,,,,[NAME] name_iupac: no pipeline enrichment; using lowercase common name | [CLASS] ClassyFire not available | [CAS] CAS 110-43-0 from HSPiP source
methyl n-propyl ketone,Methyl n-Propyl Ketone,,107-87-9,,,16,7.6,4.7,,,,,,,,[NAME] name_iupac: no pipeline enrichment; using lowercase common name | [CLASS] ClassyFire not available | [CAS] CAS 107-87-9 from HSPiP source
methyl nitrate,Methyl Nitrate,,598-58-3,,,15.8,14,4.8,,,,,Organic oxoanionic compounds,Organic nitrates,,[NAME] name_iupac: no pipeline enrichment; using lowercase common name | [CLASS] ClassyFire from cache: Organic oxoanionic compounds | [CAS] CAS 598-58-3 from HSPiP source
methyl oleate,Methyl Oleate,,112-62-9,,,16.2,3.8,4.5,,,,,Fatty Acyls,Fatty acid esters,,[NAME] name_iupac: no pipeline enrichment; using lowercase common name | [CLASS] ClassyFire from cache: Fatty Acyls | [CAS] CAS 112-62-9 from HSPiP source
methyl phenyl sulfide,Methyl Phenyl Sulfide,,100-68-5,,,19.6,4.8,4.7,,,,,Thioethers,Aryl thioethers,,[NAME] name_iupac: no pipeline enrichment; using lowercase common name | [CLASS] ClassyFire from cache: Thioethers | [CAS] CAS 100-68-5 from HSPiP source
methyl phenyl sulfone (uncertain),Methyl Phenyl Sulfone (Uncertain),,3112-85-4,,,20,16.9,7.8,,,,,Benzene and substituted derivatives,Benzenesulfonyl compounds,,[NAME] name_iupac: no pipeline enrichment; using lowercase common name | [CLASS] ClassyFire from cache: Benzene and substituted derivatives | [CAS] CAS 3112-85-4 from HSPiP source
methyl phosphonic difluoride,Methyl Phosphonic Difluoride,,676-99-3,,,14,14,8.4,,,,,Organic phosphonic acids and derivatives,,,[NAME] name_iupac: no pipeline enrichment; using lowercase common name | [CLASS] ClassyFire from cache: Organic phosphonic acids and derivatives | [CAS] CAS 676-99-3 from HSPiP source
methyl propionate,Methyl Propionate,,554-12-1,,,15.5,6.5,7.7,,,,,Carboxylic acids and derivatives,Carboxylic acid derivatives,,[NAME] name_iupac: no pipeline enrichment; using lowercase common name | [CLASS] ClassyFire from cache: Carboxylic acids and derivatives | [CAS] CAS 554-12-1 from HSPiP source
methyl riboside,Methyl Riboside,,NA,,,17,12,32.8,,,,,,,,[NAME] name_iupac: no pipeline enrichment; using lowercase common name | [CLASS] ClassyFire not available | [CAS] CAS NA from HSPiP source
methyl salicylate,Methyl Salicylate,,119-36-8,,,18.1,8,13.9,,,,,Benzene and substituted derivatives,Benzoic acids and derivatives,,[NAME] name_iupac: no pipeline enrichment; using lowercase common name | [CLASS] ClassyFire from cache: Benzene and substituted derivatives | [CAS] CAS 119-36-8 from HSPiP source
methyl sulfolane,Methyl Sulfolane,,872-93-5,,,19,17.4,5.3,,,,,Thiolanes,,,[NAME] name_iupac: no pipeline enrichment; using lowercase common name | [CLASS] ClassyFire from cache: Thiolanes | [CAS] CAS 872-93-5 from HSPiP source
methyl thiocyanate,Methyl Thiocyanate,,556-64-9,,,17.3,15,6,,,,,Thiocyanates,,,[NAME] name_iupac: no pipeline enrichment; using lowercase common name | [CLASS] ClassyFire from cache: Thiocyanates | [CAS] CAS 556-64-9 from HSPiP source
methyl vinyl ether,Methyl Vinyl Ether,,107-25-5,,,14.9,5.3,6.3,,,,,Organooxygen compounds,,,[NAME] name_iupac: no pipeline enrichment; using lowercase common name | [CLASS] ClassyFire from cache: Organooxygen compounds | [CAS] CAS 107-25-5 from HSPiP source
methyl vinyl ketone,Methyl Vinyl Ketone,,78-94-4,,,15.6,12.5,5,,,,,Organooxygen compounds,Carbonyl compounds,,[NAME] name_iupac: no pipeline enrichment; using lowercase common name | [CLASS] ClassyFire from cache: Organooxygen compounds | [CAS] CAS 78-94-4 from HSPiP source
methyl vinyl sulfide,Methyl Vinyl Sulfide,,1822-74-8,,,16.4,4.9,6,,,,,Thioethers,Thioenol ethers,,[NAME] name_iupac: no pipeline enrichment; using lowercase common name | [CLASS] ClassyFire from cache: Thioethers | [CAS] CAS 1822-74-8 from HSPiP source
methyl vinyl sulfone,Methyl Vinyl Sulfone,,3680-02-02 00:00:00,,,16.8,19.6,4.8,,,,,,,,[NAME] name_iupac: no pipeline enrichment; using lowercase common name | [CLASS] ClassyFire not available | [CAS] CAS 3680-02-02 00:00:00 from HSPiP source
methyl-1-propynyl ether,Methyl-1-Propynyl Ether,,13169-01-2,,,15.7,6.3,5.9,,,,,Organooxygen compounds,,,[NAME] name_iupac: no pipeline enrichment; using lowercase common name | [CLASS] ClassyFire from cache: Organooxygen compounds | [CAS] CAS 13169-01-2 from HSPiP source
methyl-4-toluenesulfonate,Methyl-4-Toluenesulfonate,,80-48-8,,,19.6,15.3,3.8,,,,,Benzene and substituted derivatives,Benzenesulfonic acids and derivatives,,[NAME] name_iupac: no pipeline enrichment; using lowercase common name | [CLASS] ClassyFire from cache: Benzene and substituted derivatives | [CAS] CAS 80-48-8 from HSPiP source
methyl-p-toluate,Methyl-p-Toluate,,99-75-2,,,19,6.5,3.8,,,,,Benzene and substituted derivatives,Benzoic acids and derivatives,,[NAME] name_iupac: no pipeline enrichment; using lowercase common name | [CLASS] ClassyFire from cache: Benzene and substituted derivatives | [CAS] CAS 99-75-2 from HSPiP source
methyl-t-butyl ether,Methyl-t-Butyl Ether,,1634-04-4,,,14.8,4.3,5,,,,,,,,[NAME] name_iupac: no pipeline enrichment; using lowercase common name | [CLASS] ClassyFire not available | [CAS] CAS 1634-04-4 from HSPiP source
methylal (dimethoxy methane),Methylal (Dimethoxy Methane),,109-87-5,,,15,1.8,8.6,,,,,Organooxygen compounds,Ethers,,[NAME] name_iupac: no pipeline enrichment; using lowercase common name | [CLASS] ClassyFire from cache: Organooxygen compounds | [CAS] CAS 109-87-5 from HSPiP source
methylene dichloride (dichloromethane),Methylene Dichloride (Dichloromethane),DCM,75-09-2,,,17,7.3,7.1,,,,,Alkyl halides,Halomethanes,,[NAME] name_iupac: no pipeline enrichment; using lowercase common name | [CLASS] ClassyFire from cache: Alkyl halides | [NAME] Acronyms: DCM | [CAS] CAS 75-09-2 from HSPiP source
methylene diiodide (diiodomethane),Methylene Diiodide (Diiodomethane),,75-11-6,,,22,3.9,5.5,,,,,,,,[NAME] name_iupac: no pipeline enrichment; using lowercase common name | [CLASS] ClassyFire not available | [CAS] CAS 75-11-6 from HSPiP source
morpholine,Morpholine,,110-91-8,,,18,4.9,11,,,,,Oxazinanes,Morpholines,,[NAME] name_iupac: no pipeline enrichment; using lowercase common name | [CLASS] ClassyFire from cache: Oxazinanes | [CAS] CAS 110-91-8 from HSPiP source
"n,n,n,n-tetramethylthiourea","N,N,N,N-Tetramethylthiourea",,2782-91-4,,,17.3,6,10.5,,,,,Thioureas,,,[NAME] name_iupac: no pipeline enrichment; using lowercase common name | [CLASS] ClassyFire from cache: Thioureas | [CAS] CAS 2782-91-4 from HSPiP source
"n,n-dibutyl formamide","N,N-Dibutyl Formamide",,761-65-9,,,15.5,8.9,6.2,,,,,Carboxylic acids and derivatives,Carboxylic acid derivatives,,[NAME] name_iupac: no pipeline enrichment; using lowercase common name | [CLASS] ClassyFire from cache: Carboxylic acids and derivatives | [CAS] CAS 761-65-9 from HSPiP source
"n,n-dichloroethyl amine","N,N-Dichloroethyl Amine",,334-22-5,,,16.8,7.6,7.7,,,,,,,,[NAME] name_iupac: no pipeline enrichment; using lowercase common name | [CLASS] ClassyFire not available | [CAS] CAS 334-22-5 from HSPiP source
"n,n-dichloromethyl amine","N,N-Dichloromethyl Amine",,7651-91-4,,,16.5,7.5,8,,,,,Organonitrogen compounds,,,[NAME] name_iupac: no pipeline enrichment; using lowercase common name | [CLASS] ClassyFire from cache: Organonitrogen compounds | [CAS] CAS 7651-91-4 from HSPiP source
"n,n-diethyl acetamide","N,N-Diethyl Acetamide",,685-91-6,,,16.4,11.3,7.5,,,,,,,,[NAME] name_iupac: no pipeline enrichment; using lowercase common name | [CLASS] ClassyFire not available | [CAS] CAS 685-91-6 from HSPiP source
"n,n-diethyl formamide","N,N-Diethyl Formamide",,617-84-5,,,16.4,11.4,9.2,,,,,,,,[NAME] name_iupac: no pipeline enrichment; using lowercase common name | [CLASS] ClassyFire not available | [CAS] CAS 617-84-5 from HSPiP source
"n,n-dimethyl acetamide","N,N-Dimethyl Acetamide",,127-19-5,,,16.8,11.5,9.4,,,,,,,,[NAME] name_iupac: no pipeline enrichment; using lowercase common name | [CLASS] ClassyFire not available | [CAS] CAS 127-19-5 from HSPiP source
"n,n-dimethyl butyramide","N,N-Dimethyl Butyramide",,760-79-2,,,16.4,10.6,7.4,,,,,Fatty Acyls,Fatty amides,,[NAME] name_iupac: no pipeline enrichment; using lowercase common name | [CLASS] ClassyFire from cache: Fatty Acyls | [CAS] CAS 760-79-2 from HSPiP source
n-(2-hydroxyethyl)-2-pyrrolidone,N-(2-Hydroxyethyl)-2-Pyrrolidone,,3445-11-02 00:00:00,,,18,9.2,15.7,,,,,,,,[NAME] name_iupac: no pipeline enrichment; using lowercase common name | [CLASS] ClassyFire not available | [CAS] CAS 3445-11-02 00:00:00 from HSPiP source
n-acetyl caprolactam,N-Acetyl Caprolactam,,1888-91-1,,,18.9,8.7,4.8,,,,,,,,[NAME] name_iupac: no pipeline enrichment; using lowercase common name | [CLASS] ClassyFire not available | [CAS] CAS 1888-91-1 from HSPiP source
n-acetyl piperidine,N-Acetyl Piperidine,,618-42-8,,,18.5,10,6.5,,,,,Piperidines,N-acylpiperidines,,[NAME] name_iupac: no pipeline enrichment; using lowercase common name | [CLASS] ClassyFire from cache: Piperidines | [CAS] CAS 618-42-8 from HSPiP source
n-acetyl pyrrolidone,N-Acetyl Pyrrolidone,,932-17-2,,,17.8,13.1,8.3,,,,,Pyrrolidines,N-acylpyrrolidines,,[NAME] name_iupac: no pipeline enrichment; using lowercase common name | [CLASS] ClassyFire from cache: Pyrrolidines | [CAS] CAS 932-17-2 from HSPiP source
n-acetylmorpholine,N-Acetylmorpholine,,1696-20-4,,,18.3,9.8,7.8,,,,,,,,[NAME] name_iupac: no pipeline enrichment; using lowercase common name | [CLASS] ClassyFire not available | [CAS] CAS 1696-20-4 from HSPiP source
n-benzyl pyrrolidone,N-Benzyl Pyrrolidone,,5291-77-0,,,18.2,6.1,5.6,,,,,Benzene and substituted derivatives,,,[NAME] name_iupac: no pipeline enrichment; using lowercase common name | [CLASS] ClassyFire from cache: Benzene and substituted derivatives | [CAS] CAS 5291-77-0 from HSPiP source
n-butyl acetate,n-Butyl Acetate,BuOAc; BA,123-86-4,,,15.8,3.7,6.3,,,,,Carboxylic acids and derivatives,Carboxylic acid derivatives,,[NAME] name_iupac: no pipeline enrichment; using lowercase common name | [CLASS] ClassyFire from cache: Carboxylic acids and derivatives | [NAME] Acronyms: BuOAc; BA | [CAS] CAS 123-86-4 from HSPiP source
n-butyl aceto acetate,n-Butyl Aceto Acetate,,591-60-6,,,16.6,5.8,7.3,,,,,,,,[NAME] name_iupac: no pipeline enrichment; using lowercase common name | [CLASS] ClassyFire not available | [CAS] CAS 591-60-6 from HSPiP source
n-butyl acrylate,n-Butyl Acrylate,,141-32-2,,,15.6,6.2,4.9,,,,,Carboxylic acids and derivatives,Acrylic acids and derivatives,,[NAME] name_iupac: no pipeline enrichment; using lowercase common name | [CLASS] ClassyFire from cache: Carboxylic acids and derivatives | [CAS] CAS 141-32-2 from HSPiP source
n-butyl amine,n-Butyl Amine,,109-73-9,,,16.2,4.5,8,,,,,Organonitrogen compounds,Amines,,[NAME] name_iupac: no pipeline enrichment; using lowercase common name | [CLASS] ClassyFire from cache: Organonitrogen compounds | [CAS] CAS 109-73-9 from HSPiP source
n-butyl butyrate,n-Butyl Butyrate,,109-21-7,,,15.6,2.9,5.6,,,,,,,,[NAME] name_iupac: no pipeline enrichment; using lowercase common name | [CLASS] ClassyFire not available | [CAS] CAS 109-21-7 from HSPiP source
n-butyl methacrylate,n-Butyl Methacrylate,,97-88-1,,,15.4,5.9,5.2,,,,,Carboxylic acids and derivatives,Carboxylic acid derivatives,,[NAME] name_iupac: no pipeline enrichment; using lowercase common name | [CLASS] ClassyFire from cache: Carboxylic acids and derivatives | [CAS] CAS 97-88-1 from HSPiP source
n-butyl propionate,n-Butyl Propionate,,590-01-2,,,15.7,5.5,5.9,,,,,,,,[NAME] name_iupac: no pipeline enrichment; using lowercase common name | [CLASS] ClassyFire not available | [CAS] CAS 590-01-2 from HSPiP source
n-butyl salicylate,n-Butyl Salicylate,,2052-14-4,,,17.9,4.8,11.7,,,,,Benzene and substituted derivatives,Benzoic acids and derivatives,,[NAME] name_iupac: no pipeline enrichment; using lowercase common name | [CLASS] ClassyFire from cache: Benzene and substituted derivatives | [CAS] CAS 2052-14-4 from HSPiP source
n-butylbenzene,n-Butylbenzene,,104-51-8,,,17.4,0.1,1.1,,,,,Benzene and substituted derivatives,,,[NAME] name_iupac: no pipeline enrichment; using lowercase common name | [CLASS] ClassyFire from cache: Benzene and substituted derivatives | [CAS] CAS 104-51-8 from HSPiP source
n-butyramide,n-Butyramide,,541-35-5,,,16.9,13.7,12.3,,,,,Fatty Acyls,Fatty amides,,[NAME] name_iupac: no pipeline enrichment; using lowercase common name | [CLASS] ClassyFire from cache: Fatty Acyls | [CAS] CAS 541-35-5 from HSPiP source
n-chlorodimethylamine,N-Chlorodimethylamine,,1585-74-6,,,16,7.8,7.9,,,,,Organonitrogen compounds,,,[NAME] name_iupac: no pipeline enrichment; using lowercase common name | [CLASS] ClassyFire from cache: Organonitrogen compounds | [CAS] CAS 1585-74-6 from HSPiP source
n-cyclohexyl-2-pyrrolidone,N-Cyclohexyl-2-Pyrrolidone,,6837-24-7,,,18.2,6.8,6.5,,,,,Pyrrolidines,N-alkylpyrrolidines,,[NAME] name_iupac: no pipeline enrichment; using lowercase common name | [CLASS] ClassyFire from cache: Pyrrolidines | [CAS] CAS 6837-24-7 from HSPiP source
n-ethyl formamide,N-Ethyl Formamide,,627-45-2,,,16.2,10,14,,,,,Carboxylic acids and derivatives,Carboxylic acid derivatives,,[NAME] name_iupac: no pipeline enrichment; using lowercase common name | [CLASS] ClassyFire from cache: Carboxylic acids and derivatives | [CAS] CAS 627-45-2 from HSPiP source
n-ethyl-2-pyrrolidone,N-Ethyl-2-Pyrrolidone,,2687-91-4,,,18,12,7,,,,,Pyrrolidines,N-alkylpyrrolidines,,[NAME] name_iupac: no pipeline enrichment; using lowercase common name | [CLASS] ClassyFire from cache: Pyrrolidines | [CAS] CAS 2687-91-4 from HSPiP source
n-formyl hexamethylene imine,N-Formyl Hexamethylene Imine,,25114-81-2,,,18.5,10.4,7.6,,,,,Azepanes,,,[NAME] name_iupac: no pipeline enrichment; using lowercase common name | [CLASS] ClassyFire from cache: Azepanes | [CAS] CAS 25114-81-2 from HSPiP source
n-formyl piperidine,N-Formyl Piperidine,,2591-86-8,,,18.7,10.6,7.8,,,,,Piperidines,,,[NAME] name_iupac: no pipeline enrichment; using lowercase common name | [CLASS] ClassyFire from cache: Piperidines | [CAS] CAS 2591-86-8 from HSPiP source
n-heptyl acetate,n-Heptyl Acetate,,112-06-1,,,15.8,2.9,5.5,,,,,Carboxylic acids and derivatives,Carboxylic acid derivatives,,[NAME] name_iupac: no pipeline enrichment; using lowercase common name | [CLASS] ClassyFire from cache: Carboxylic acids and derivatives | [CAS] CAS 112-06-1 from HSPiP source
n-methyl acetamide,N-Methyl Acetamide,,79-16-3,,,16.9,17,13,,,,,Carboximidic acids and derivatives,Carboximidic acids,,[NAME] name_iupac: no pipeline enrichment; using lowercase common name | [CLASS] ClassyFire from cache: Carboximidic acids and derivatives | [CAS] CAS 79-16-3 from HSPiP source
n-methyl formamide,N-Methyl Formamide,,123-39-7,,,17.4,18.8,15.9,,,,,Carboximidic acids and derivatives,Carboximidic acids,,[NAME] name_iupac: no pipeline enrichment; using lowercase common name | [CLASS] ClassyFire from cache: Carboximidic acids and derivatives | [CAS] CAS 123-39-7 from HSPiP source
n-methyl morpholine-n-oxide (app.),N-Methyl Morpholine-N-Oxide (App.),,7529-22-8,,,19,16.1,10.2,,,,,Oxazinanes,Morpholines,,[NAME] name_iupac: no pipeline enrichment; using lowercase common name | [CLASS] ClassyFire from cache: Oxazinanes | [CAS] CAS 7529-22-8 from HSPiP source
n-methyl pyrrolidine,N-Methyl Pyrrolidine,,120-94-5,,,16.8,2.8,6.7,,,,,,,,[NAME] name_iupac: no pipeline enrichment; using lowercase common name | [CLASS] ClassyFire not available | [CAS] CAS 120-94-5 from HSPiP source
n-methyl-2-pyrrolidone (nmp),N-Methyl-2-Pyrrolidone (NMP),NMP,872-50-4,,,18,12.3,7.2,,,,,Pyrrolidines,N-alkylpyrrolidines,,[NAME] name_iupac: no pipeline enrichment; using lowercase common name | [CLASS] ClassyFire from cache: Pyrrolidines | [NAME] Acronyms: NMP | [CAS] CAS 872-50-4 from HSPiP source
n-methylaniline,N-Methylaniline,,100-61-8,,,19.5,6,7.8,,,,,,,,[NAME] name_iupac: no pipeline enrichment; using lowercase common name | [CLASS] ClassyFire not available | [CAS] CAS 100-61-8 from HSPiP source
n-n-butyl pyrrolidone,N-n-Butyl Pyrrolidone,,3470-98-2,,,17.5,9.9,5.8,,,,,Pyrrolidines,N-alkylpyrrolidines,,[NAME] name_iupac: no pipeline enrichment; using lowercase common name | [CLASS] ClassyFire from cache: Pyrrolidines | [CAS] CAS 3470-98-2 from HSPiP source
n-pentyl propionate,n-Pentyl Propionate,,624-54-4,,,15.8,5.2,5.7,,,,,Carboxylic acids and derivatives,Carboxylic acid derivatives,,[NAME] name_iupac: no pipeline enrichment; using lowercase common name | [CLASS] ClassyFire from cache: Carboxylic acids and derivatives | [CAS] CAS 624-54-4 from HSPiP source
n-propyl acetate,n-Propyl Acetate,,109-60-4,,,15.3,4.3,7.6,,,,,Carboxylic acids and derivatives,Carboxylic acid derivatives,,[NAME] name_iupac: no pipeline enrichment; using lowercase common name | [CLASS] ClassyFire from cache: Carboxylic acids and derivatives | [CAS] CAS 109-60-4 from HSPiP source
n-propyl nitrate,n-Propyl Nitrate,,627-13-4,,,15.8,11.3,4.1,,,,,,,,[NAME] name_iupac: no pipeline enrichment; using lowercase common name | [CLASS] ClassyFire not available | [CAS] CAS 627-13-4 from HSPiP source
n-propyl propanoate,n-Propyl Propanoate,,106-36-5,,,15.5,5.6,5.7,,,,,Carboxylic acids and derivatives,Carboxylic acid derivatives,,[NAME] name_iupac: no pipeline enrichment; using lowercase common name | [CLASS] ClassyFire from cache: Carboxylic acids and derivatives | [CAS] CAS 106-36-5 from HSPiP source
"naphtha,high-flash","Naphtha,High-Flash",,8030-30-6,,,17.9,0.7,1.8,,,,,,,,[NAME] name_iupac: no pipeline enrichment; using lowercase common name | [CLASS] ClassyFire not available | [CAS] CAS 8030-30-6 from HSPiP source
naphthalene,Naphthalene,,91-20-3,,,19.2,2,5.9,,,,,Naphthalenes,,,[NAME] name_iupac: no pipeline enrichment; using lowercase common name | [CLASS] ClassyFire from cache: Naphthalenes | [CAS] CAS 91-20-3 from HSPiP source
nicotine,Nicotine,,54-11-5,,,18.5,7.8,6.5,,,,,Pyridines and derivatives,Pyrrolidinylpyridines,,[NAME] name_iupac: no pipeline enrichment; using lowercase common name | [CLASS] ClassyFire from cache: Pyridines and derivatives | [CAS] CAS 54-11-5 from HSPiP source
nitric acid,Nitric Acid,,7697-37-2,,,13.5,18,18.6,,,,,Non-metal oxoanionic compounds,Non-metal nitrates,,[NAME] name_iupac: no pipeline enrichment; using lowercase common name | [CLASS] ClassyFire from cache: Non-metal oxoanionic compounds | [CAS] CAS 7697-37-2 from HSPiP source
nitrobenzene,Nitrobenzene,,98-95-3,,,20,10.6,3.1,,,,,Benzene and substituted derivatives,Nitrobenzenes,,[NAME] name_iupac: no pipeline enrichment; using lowercase common name | [CLASS] ClassyFire from cache: Benzene and substituted derivatives | [CAS] CAS 98-95-3 from HSPiP source
nitroethane,Nitroethane,,79-24-3,,,16,15.5,4.5,,,,,"Allyl-type 1,3-dipolar organic compounds",Organic nitro compounds,,"[NAME] name_iupac: no pipeline enrichment; using lowercase common name | [CLASS] ClassyFire from cache: Allyl-type 1,3-dipolar organic compounds | [CAS] CAS 79-24-3 from HSPiP source"
nitroethylene,Nitroethylene,,3638-64-0,,,16.3,16.6,5,,,,,"Allyl-type 1,3-dipolar organic compounds",Organic nitro compounds,,"[NAME] name_iupac: no pipeline enrichment; using lowercase common name | [CLASS] ClassyFire from cache: Allyl-type 1,3-dipolar organic compounds | [CAS] CAS 3638-64-0 from HSPiP source"
nitroglycerin (glyceryl trinitrate),Nitroglycerin (Glyceryl Trinitrate),,55-63-0,,,16.9,13,10.9,,,,,Organic oxoanionic compounds,Organic nitrates,,[NAME] name_iupac: no pipeline enrichment; using lowercase common name | [CLASS] ClassyFire from cache: Organic oxoanionic compounds | [CAS] CAS 55-63-0 from HSPiP source
nitromethane,Nitromethane,MeNO2,75-52-5,,,15.8,18.8,6.1,,,,,"Allyl-type 1,3-dipolar organic compounds",Organic nitro compounds,,"[NAME] name_iupac: no pipeline enrichment; using lowercase common name | [CLASS] ClassyFire from cache: Allyl-type 1,3-dipolar organic compounds | [NAME] Acronyms: MeNO2 | [CAS] CAS 75-52-5 from HSPiP source"
nitrosobenzene,Nitrosobenzene,,586-96-9,,,20,12.7,4,,,,,Benzene and substituted derivatives,,,[NAME] name_iupac: no pipeline enrichment; using lowercase common name | [CLASS] ClassyFire from cache: Benzene and substituted derivatives | [CAS] CAS 586-96-9 from HSPiP source
nonyl phenol,Nonyl Phenol,,104-40-5,,,16.5,4.1,9.2,,,,,Phenols,1-hydroxy-2-unsubstituted benzenoids,,[NAME] name_iupac: no pipeline enrichment; using lowercase common name | [CLASS] ClassyFire from cache: Phenols | [CAS] CAS 104-40-5 from HSPiP source
nonyl phenoxy ethanol,Nonyl Phenoxy Ethanol,,27986-36-3,,,16.7,10.2,8.4,,,,,Phenol ethers,,,[NAME] name_iupac: no pipeline enrichment; using lowercase common name | [CLASS] ClassyFire from cache: Phenol ethers | [CAS] CAS 27986-36-3 from HSPiP source
norephedrin,Norephedrin,,299-42-3,,,18,10.7,24.1,,,,,,,,[NAME] name_iupac: no pipeline enrichment; using lowercase common name | [CLASS] ClassyFire not available | [CAS] CAS 299-42-3 from HSPiP source
o-bromoanisole,o-Bromoanisole,,578-57-4,,,19.8,8.4,6.7,,,,,Phenol ethers,Anisoles,,[NAME] name_iupac: no pipeline enrichment; using lowercase common name | [CLASS] ClassyFire from cache: Phenol ethers | [CAS] CAS 578-57-4 from HSPiP source
o-bromochlorobenzene,o-Bromochlorobenzene,,694-80-4,,,20.3,7.7,4.6,,,,,Benzene and substituted derivatives,Halobenzenes,,[NAME] name_iupac: no pipeline enrichment; using lowercase common name | [CLASS] ClassyFire from cache: Benzene and substituted derivatives | [CAS] CAS 694-80-4 from HSPiP source
o-bromostyrene,o-Bromostyrene,,2039-88-5,,,19.5,5.2,5.3,,,,,Benzene and substituted derivatives,Styrenes,,[NAME] name_iupac: no pipeline enrichment; using lowercase common name | [CLASS] ClassyFire from cache: Benzene and substituted derivatives | [CAS] CAS 2039-88-5 from HSPiP source
o-bromotoluene,o-Bromotoluene,,95-46-5,,,19.3,5,4.2,,,,,Benzene and substituted derivatives,Halobenzenes,,[NAME] name_iupac: no pipeline enrichment; using lowercase common name | [CLASS] ClassyFire from cache: Benzene and substituted derivatives | [CAS] CAS 95-46-5 from HSPiP source
o-chlorofluorobenzene,o-Chlorofluorobenzene,,348-51-6,,,19.4,8.7,2,,,,,Benzene and substituted derivatives,Halobenzenes,,[NAME] name_iupac: no pipeline enrichment; using lowercase common name | [CLASS] ClassyFire from cache: Benzene and substituted derivatives | [CAS] CAS 348-51-6 from HSPiP source
o-chlorostyrene,o-Chlorostyrene,,2039-87-4,,,18.7,4.7,3.9,,,,,Benzene and substituted derivatives,Styrenes,,[NAME] name_iupac: no pipeline enrichment; using lowercase common name | [CLASS] ClassyFire from cache: Benzene and substituted derivatives | [CAS] CAS 2039-87-4 from HSPiP source
o-chlorothiophenol,o-Chlorothiophenol,,6320-03-02 00:00:00,,,20.2,7,10,,,,,,,,[NAME] name_iupac: no pipeline enrichment; using lowercase common name | [CLASS] ClassyFire not available | [CAS] CAS 6320-03-02 00:00:00 from HSPiP source
o-chlorotoluene,o-Chlorotoluene,,95-49-8,,,19,4.9,2.3,,,,,Benzene and substituted derivatives,Halobenzenes,,[NAME] name_iupac: no pipeline enrichment; using lowercase common name | [CLASS] ClassyFire from cache: Benzene and substituted derivatives | [CAS] CAS 95-49-8 from HSPiP source
o-dibromobenzene,o-Dibromobenzene,,583-53-9,,,20.7,6.5,5.3,,,,,Benzene and substituted derivatives,Halobenzenes,,[NAME] name_iupac: no pipeline enrichment; using lowercase common name | [CLASS] ClassyFire from cache: Benzene and substituted derivatives | [CAS] CAS 583-53-9 from HSPiP source
o-dichlorobenzene,o-Dichlorobenzene,,95-50-1,,,19.2,6.3,3.3,,,,,Benzene and substituted derivatives,Halobenzenes,,[NAME] name_iupac: no pipeline enrichment; using lowercase common name | [CLASS] ClassyFire from cache: Benzene and substituted derivatives | [CAS] CAS 95-50-1 from HSPiP source
o-difluorobenzene,o-Difluorobenzene,,367-11-3,,,18,9,1,,,,,,,,[NAME] name_iupac: no pipeline enrichment; using lowercase common name | [CLASS] ClassyFire not available | [CAS] CAS 367-11-3 from HSPiP source
o-methoxyphenol (guaiacol),o-Methoxyphenol (Guaiacol),,90-05-1,,,18,7,12,,,,,,,,[NAME] name_iupac: no pipeline enrichment; using lowercase common name | [CLASS] ClassyFire not available | [CAS] CAS 90-05-1 from HSPiP source
o-n-butyltoluene,o-n-Butyltoluene,,1595-11-5,,,17.6,0.1,1,,,,,,,,[NAME] name_iupac: no pipeline enrichment; using lowercase common name | [CLASS] ClassyFire not available | [CAS] CAS 1595-11-5 from HSPiP source
octamethylcyclotetrasiloxane,Octamethylcyclotetrasiloxane,,556-67-2,,,12.8,1.3,1,,,,,Organometalloid compounds,Organosilicon compounds,,[NAME] name_iupac: no pipeline enrichment; using lowercase common name | [CLASS] ClassyFire from cache: Organometalloid compounds | [CAS] CAS 556-67-2 from HSPiP source
octanoic acid,Octanoic Acid,,124-07-2,,,15.7,3.3,8.2,,,,,Fatty Acyls,Fatty acids and conjugates,,[NAME] name_iupac: no pipeline enrichment; using lowercase common name | [CLASS] ClassyFire from cache: Fatty Acyls | [CAS] CAS 124-07-2 from HSPiP source
octyl acetate,Octyl Acetate,,112-14-1,,,15.8,2.9,5.1,,,,,,,,[NAME] name_iupac: no pipeline enrichment; using lowercase common name | [CLASS] ClassyFire not available | [CAS] CAS 112-14-1 from HSPiP source
oleic acid,Oleic Acid,,112-80-1,,,16,2.8,6.2,,,,,,,,[NAME] name_iupac: no pipeline enrichment; using lowercase common name | [CLASS] ClassyFire not available | [CAS] CAS 112-80-1 from HSPiP source
oleyl alcohol,Oleyl Alcohol,,143-28-2,,,16.5,2.6,8,,,,,Fatty Acyls,Fatty alcohols,,[NAME] name_iupac: no pipeline enrichment; using lowercase common name | [CLASS] ClassyFire from cache: Fatty Acyls | [CAS] CAS 143-28-2 from HSPiP source
oxalic acid,Oxalic Acid,,144-62-7,,,17,17,26,,,,,Carboxylic acids and derivatives,Dicarboxylic acids and derivatives,,[NAME] name_iupac: no pipeline enrichment; using lowercase common name | [CLASS] ClassyFire from cache: Carboxylic acids and derivatives | [CAS] CAS 144-62-7 from HSPiP source
oxalylchloride,Oxalylchloride,,79-37-8,,,16.1,3.8,7.5,,,,,,,,[NAME] name_iupac: no pipeline enrichment; using lowercase common name | [CLASS] ClassyFire not available | [CAS] CAS 79-37-8 from HSPiP source
oxetane (trimethylene oxide),Oxetane (Trimethylene Oxide),,503-30-0,,,16.7,10,5.4,,,,,,,,[NAME] name_iupac: no pipeline enrichment; using lowercase common name | [CLASS] ClassyFire not available | [CAS] CAS 503-30-0 from HSPiP source
p-anisidine (methoxy aniline),p-Anisidine (Methoxy Aniline),,104-94-9,,,19.9,6.5,11.3,,,,,,,,[NAME] name_iupac: no pipeline enrichment; using lowercase common name | [CLASS] ClassyFire not available | [CAS] CAS 104-94-9 from HSPiP source
p-bromobenzonitrile,p-Bromobenzonitrile,,623-00-7,,,20.4,9.3,5.8,,,,,,,,[NAME] name_iupac: no pipeline enrichment; using lowercase common name | [CLASS] ClassyFire not available | [CAS] CAS 623-00-7 from HSPiP source
p-bromobenzoyl chloride,p-Bromobenzoyl Chloride,,586-75-4,,,20.2,6.5,5.5,,,,,,,,[NAME] name_iupac: no pipeline enrichment; using lowercase common name | [CLASS] ClassyFire not available | [CAS] CAS 586-75-4 from HSPiP source
p-bromonitrobenzene,p-Bromonitrobenzene,,586-78-7,,,20.9,9.9,5.9,,,,,Benzene and substituted derivatives,Nitrobenzenes,,[NAME] name_iupac: no pipeline enrichment; using lowercase common name | [CLASS] ClassyFire from cache: Benzene and substituted derivatives | [CAS] CAS 586-78-7 from HSPiP source
p-bromotoluene,p-Bromotoluene,,106-38-7,,,19.3,6.8,4.1,,,,,,,,[NAME] name_iupac: no pipeline enrichment; using lowercase common name | [CLASS] ClassyFire not available | [CAS] CAS 106-38-7 from HSPiP source
p-chloro acetophenone,p-Chloro Acetophenone,,99-91-2,,,19.6,7.6,4,,,,,Organooxygen compounds,Carbonyl compounds,,[NAME] name_iupac: no pipeline enrichment; using lowercase common name | [CLASS] ClassyFire from cache: Organooxygen compounds | [CAS] CAS 99-91-2 from HSPiP source
p-chlorobenzoyl chloride,p-Chlorobenzoyl Chloride,,122-01-0,,,19.9,6.7,5.1,,,,,,,,[NAME] name_iupac: no pipeline enrichment; using lowercase common name | [CLASS] ClassyFire not available | [CAS] CAS 122-01-0 from HSPiP source
p-chloronitrobenzene,p-Chloronitrobenzene,,100-00-5,,,20.2,8.9,3.9,,,,,Benzene and substituted derivatives,Nitrobenzenes,,[NAME] name_iupac: no pipeline enrichment; using lowercase common name | [CLASS] ClassyFire from cache: Benzene and substituted derivatives | [CAS] CAS 100-00-5 from HSPiP source
p-chlorostyrene,p-Chlorostyrene,,1073-67-2,,,18.7,4.3,3.9,,,,,,,,[NAME] name_iupac: no pipeline enrichment; using lowercase common name | [CLASS] ClassyFire not available | [CAS] CAS 1073-67-2 from HSPiP source
p-chlorotoluene,p-Chlorotoluene,,106-43-4,,,19.1,6.2,2.6,,,,,Benzene and substituted derivatives,Halobenzenes,,[NAME] name_iupac: no pipeline enrichment; using lowercase common name | [CLASS] ClassyFire from cache: Benzene and substituted derivatives | [CAS] CAS 106-43-4 from HSPiP source
p-coumaryl alcohol,p-Coumaryl Alcohol,,3690-05-09 00:00:00,,,19.1,7,17.3,,,,,,,,[NAME] name_iupac: no pipeline enrichment; using lowercase common name | [CLASS] ClassyFire not available | [CAS] CAS 3690-05-09 00:00:00 from HSPiP source
p-dichlorobenzene,p-Dichlorobenzene,,106-46-7,,,19.7,5.6,2.7,,,,,Benzene and substituted derivatives,Halobenzenes,,[NAME] name_iupac: no pipeline enrichment; using lowercase common name | [CLASS] ClassyFire from cache: Benzene and substituted derivatives | [CAS] CAS 106-46-7 from HSPiP source
p-divinyl benzene,p-Divinyl Benzene,,105-06-6,,,18.6,1,7,,,,,Benzene and substituted derivatives,Styrenes,,[NAME] name_iupac: no pipeline enrichment; using lowercase common name | [CLASS] ClassyFire from cache: Benzene and substituted derivatives | [CAS] CAS 105-06-6 from HSPiP source
p-fluoroanisole,p-Fluoroanisole,,459-60-9,,,18.7,7.3,6.7,,,,,Phenol ethers,Anisoles,,[NAME] name_iupac: no pipeline enrichment; using lowercase common name | [CLASS] ClassyFire from cache: Phenol ethers | [CAS] CAS 459-60-9 from HSPiP source
p-n-butyltoluene,p-n-Butyltoluene,,1595-05-7,,,17.4,0.1,1,,,,,,,,[NAME] name_iupac: no pipeline enrichment; using lowercase common name | [CLASS] ClassyFire not available | [CAS] CAS 1595-05-7 from HSPiP source
p-nitro toluene,p-Nitro Toluene,,99-99-0,,,19.5,11,3.6,,,,,Benzene and substituted derivatives,Nitrobenzenes,,[NAME] name_iupac: no pipeline enrichment; using lowercase common name | [CLASS] ClassyFire from cache: Benzene and substituted derivatives | [CAS] CAS 99-99-0 from HSPiP source
paracetamol,Paracetamol,,103-90-2,,,17.8,10.5,13.9,,,,,Phenols,1-hydroxy-2-unsubstituted benzenoids,,[NAME] name_iupac: no pipeline enrichment; using lowercase common name | [CLASS] ClassyFire from cache: Phenols | [CAS] CAS 103-90-2 from HSPiP source
paraldehyde,Paraldehyde,,123-63-7,,,16,5,6,,,,,Trioxanes,,,[NAME] name_iupac: no pipeline enrichment; using lowercase common name | [CLASS] ClassyFire from cache: Trioxanes | [CAS] CAS 123-63-7 from HSPiP source
paraquat,Paraquat,,4685-14-7,,,19.5,8.8,5.9,,,,,Pyridines and derivatives,Bipyridines and oligopyridines,,[NAME] name_iupac: no pipeline enrichment; using lowercase common name | [CLASS] ClassyFire from cache: Pyridines and derivatives | [CAS] CAS 4685-14-7 from HSPiP source
pentachloro ethane,Pentachloro Ethane,,76-01-7,,,18.2,3.2,2.4,,,,,,,,[NAME] name_iupac: no pipeline enrichment; using lowercase common name | [CLASS] ClassyFire not available | [CAS] CAS 76-01-7 from HSPiP source
pentachlorocyclopropane,Pentachlorocyclopropane,,6262-51-7,,,18.5,10.5,3.7,,,,,Organochlorides,,,[NAME] name_iupac: no pipeline enrichment; using lowercase common name | [CLASS] ClassyFire from cache: Organochlorides | [CAS] CAS 6262-51-7 from HSPiP source
pentachlorophenol,Pentachlorophenol,,87-86-5,,,21.5,6.9,12.8,,,,,Phenols,Halophenols,,[NAME] name_iupac: no pipeline enrichment; using lowercase common name | [CLASS] ClassyFire from cache: Phenols | [CAS] CAS 87-86-5 from HSPiP source
pentafluorobenzophenone,Pentafluorobenzophenone,,652-29-9,,,19.3,8.1,5.4,,,,,,,,[NAME] name_iupac: no pipeline enrichment; using lowercase common name | [CLASS] ClassyFire not available | [CAS] CAS 652-29-9 from HSPiP source
pentanal (valeraldehyde),Pentanal (Valeraldehyde),,110-62-3,,,15.7,9.4,5.8,,,,,Organooxygen compounds,Carbonyl compounds,,[NAME] name_iupac: no pipeline enrichment; using lowercase common name | [CLASS] ClassyFire from cache: Organooxygen compounds | [CAS] CAS 110-62-3 from HSPiP source
pentanoic acid,Pentanoic Acid,,109-52-4,,,15,4.1,10.3,,,,,Fatty Acyls,Fatty acids and conjugates,,[NAME] name_iupac: no pipeline enrichment; using lowercase common name | [CLASS] ClassyFire from cache: Fatty Acyls | [CAS] CAS 109-52-4 from HSPiP source
phenetole (ethyl phenyl ether),Phenetole (Ethyl Phenyl Ether),,103-73-1,,,18.4,4.5,4,,,,,Phenol ethers,,,[NAME] name_iupac: no pipeline enrichment; using lowercase common name | [CLASS] ClassyFire from cache: Phenol ethers | [CAS] CAS 103-73-1 from HSPiP source
phenol,Phenol,,108-95-2,,,18.5,5.9,14.9,,,,,Phenols,1-hydroxy-4-unsubstituted benzenoids,,[NAME] name_iupac: no pipeline enrichment; using lowercase common name | [CLASS] ClassyFire from cache: Phenols | [CAS] CAS 108-95-2 from HSPiP source
phenyl acetate,Phenyl Acetate,,122-79-2,,,19.8,5.2,6.4,,,,,Phenol esters,,,[NAME] name_iupac: no pipeline enrichment; using lowercase common name | [CLASS] ClassyFire from cache: Phenol esters | [CAS] CAS 122-79-2 from HSPiP source
phenyl acetonitrile,Phenyl Acetonitrile,MeCN; ACN,140-29-4,,,19.5,12.3,3.8,,,,,,,,[NAME] name_iupac: no pipeline enrichment; using lowercase common name | [CLASS] ClassyFire not available | [NAME] Acronyms: MeCN; ACN | [CAS] CAS 140-29-4 from HSPiP source
phenyl acetylene,Phenyl Acetylene,,536-74-3,,,18.8,2.8,4,,,,,,,,[NAME] name_iupac: no pipeline enrichment; using lowercase common name | [CLASS] ClassyFire not available | [CAS] CAS 536-74-3 from HSPiP source
phenylhydrazine,Phenylhydrazine,,100-63-0,,,20.4,6.5,14,,,,,Benzene and substituted derivatives,Phenylhydrazines,,[NAME] name_iupac: no pipeline enrichment; using lowercase common name | [CLASS] ClassyFire from cache: Benzene and substituted derivatives | [CAS] CAS 100-63-0 from HSPiP source
phosgene,Phosgene,,75-44-5,,,16.4,5.3,5.3,,,,,Halogen organides,Halogen oxides,,[NAME] name_iupac: no pipeline enrichment; using lowercase common name | [CLASS] ClassyFire from cache: Halogen organides | [CAS] CAS 75-44-5 from HSPiP source
phosphoric acid,Phosphoric Acid,,7664-38-2,,,14.7,18.6,28.4,,,,,Non-metal oxoanionic compounds,Non-metal phosphates,,[NAME] name_iupac: no pipeline enrichment; using lowercase common name | [CLASS] ClassyFire from cache: Non-metal oxoanionic compounds | [CAS] CAS 7664-38-2 from HSPiP source
phthalic anhydride,Phthalic Anhydride,,85-44-9,,,20,14.4,4.1,,,,,Benzofurans,Benzofuranones,,[NAME] name_iupac: no pipeline enrichment; using lowercase common name | [CLASS] ClassyFire from cache: Benzofurans | [CAS] CAS 85-44-9 from HSPiP source
"picric acid (2,4,6-trinitrophenol)","Picric Acid (2,4,6-Trinitrophenol)",,88-89-1,,,19.2,7,6,,,,,Phenols,Nitrophenols,,[NAME] name_iupac: no pipeline enrichment; using lowercase common name | [CLASS] ClassyFire from cache: Phenols | [CAS] CAS 88-89-1 from HSPiP source
pine oil,Pine Oil,,8006-88-0,,,15.6,3,9.8,,,,,,,,[NAME] name_iupac: no pipeline enrichment; using lowercase common name | [CLASS] ClassyFire not available | [CAS] CAS 8006-88-0 from HSPiP source
piperazine,Piperazine,,110-85-0,,,17.3,4.8,6,,,,,Diazinanes,Piperazines,,[NAME] name_iupac: no pipeline enrichment; using lowercase common name | [CLASS] ClassyFire from cache: Diazinanes | [CAS] CAS 110-85-0 from HSPiP source
piperidine,Piperidine,,110-89-4,,,17.3,4.5,8.2,,,,,Piperidines,,,[NAME] name_iupac: no pipeline enrichment; using lowercase common name | [CLASS] ClassyFire from cache: Piperidines | [CAS] CAS 110-89-4 from HSPiP source
propargyl acetate,Propargyl Acetate,,627-09-8,,,16.3,5.2,8.3,,,,,Carboxylic acids and derivatives,Carboxylic acid derivatives,,[NAME] name_iupac: no pipeline enrichment; using lowercase common name | [CLASS] ClassyFire from cache: Carboxylic acids and derivatives | [CAS] CAS 627-09-8 from HSPiP source
propargylaldehyde,Propargylaldehyde,,624-67-9,,,16.2,11.9,8.7,,,,,,,,[NAME] name_iupac: no pipeline enrichment; using lowercase common name | [CLASS] ClassyFire not available | [CAS] CAS 624-67-9 from HSPiP source
propionaldehyde,Propionaldehyde,,123-38-6,,,15.3,11.1,6.9,,,,,Organooxygen compounds,Carbonyl compounds,,[NAME] name_iupac: no pipeline enrichment; using lowercase common name | [CLASS] ClassyFire from cache: Organooxygen compounds | [CAS] CAS 123-38-6 from HSPiP source
"propionaldehyde - 2,3-epoxy","Propionaldehyde - 2,3-Epoxy",,765-34-4,,,17.5,13.4,9.8,,,,,Epoxides,,,[NAME] name_iupac: no pipeline enrichment; using lowercase common name | [CLASS] ClassyFire from cache: Epoxides | [CAS] CAS 765-34-4 from HSPiP source
propionamide,Propionamide,,79-05-0,,,16.7,14.6,11.5,,,,,Carboxylic acids and derivatives,Carboxylic acid derivatives,,[NAME] name_iupac: no pipeline enrichment; using lowercase common name | [CLASS] ClassyFire from cache: Carboxylic acids and derivatives | [CAS] CAS 79-05-0 from HSPiP source
propionic acid,Propionic Acid,,79-09-4,,,14.7,5.3,12.4,,,,,Carboxylic acids and derivatives,Carboxylic acids,,[NAME] name_iupac: no pipeline enrichment; using lowercase common name | [CLASS] ClassyFire from cache: Carboxylic acids and derivatives | [CAS] CAS 79-09-4 from HSPiP source
propionic anhydride,Propionic Anhydride,,123-62-6,,,15.8,9,7.7,,,,,Carboxylic acids and derivatives,Dicarboxylic acids and derivatives,,[NAME] name_iupac: no pipeline enrichment; using lowercase common name | [CLASS] ClassyFire from cache: Carboxylic acids and derivatives | [CAS] CAS 123-62-6 from HSPiP source
propionitrile,Propionitrile,,107-12-0,,,15.3,14.3,5.5,,,,,Organonitrogen compounds,Organic cyanides,,[NAME] name_iupac: no pipeline enrichment; using lowercase common name | [CLASS] ClassyFire from cache: Organonitrogen compounds | [CAS] CAS 107-12-0 from HSPiP source
propionylchloride,Propionylchloride,,79-03-8,,,16.1,10.3,5.3,,,,,Acyl halides,Acyl chlorides,,[NAME] name_iupac: no pipeline enrichment; using lowercase common name | [CLASS] ClassyFire from cache: Acyl halides | [CAS] CAS 79-03-8 from HSPiP source
propyl amine,Propyl Amine,,107-10-8,,,16,4.9,8.6,,,,,Organonitrogen compounds,Amines,,[NAME] name_iupac: no pipeline enrichment; using lowercase common name | [CLASS] ClassyFire from cache: Organonitrogen compounds | [CAS] CAS 107-10-8 from HSPiP source
propyl chloride,Propyl Chloride,,540-54-5,,,16,7.8,2,,,,,,,,[NAME] name_iupac: no pipeline enrichment; using lowercase common name | [CLASS] ClassyFire not available | [CAS] CAS 540-54-5 from HSPiP source
propyl formate,Propyl Formate,,110-74-7,,,15.5,7.1,8.6,,,,,Carboxylic acids and derivatives,Carboxylic acid derivatives,,[NAME] name_iupac: no pipeline enrichment; using lowercase common name | [CLASS] ClassyFire from cache: Carboxylic acids and derivatives | [CAS] CAS 110-74-7 from HSPiP source
propyl methacrylate,Propyl Methacrylate,,2210-28-8,,,15.5,6.6,7,,,,,Carboxylic acids and derivatives,Carboxylic acid derivatives,,[NAME] name_iupac: no pipeline enrichment; using lowercase common name | [CLASS] ClassyFire from cache: Carboxylic acids and derivatives | [CAS] CAS 2210-28-8 from HSPiP source
propylene,Propylene,,115-07-1,,,13.3,1.6,1.5,,,,,Unsaturated hydrocarbons,Unsaturated aliphatic hydrocarbons,,[NAME] name_iupac: no pipeline enrichment; using lowercase common name | [CLASS] ClassyFire from cache: Unsaturated hydrocarbons | [CAS] CAS 115-07-1 from HSPiP source
propylene carbonate,Propylene Carbonate,PC,108-32-7,,,20,18,4.1,,,,,,,,[NAME] name_iupac: no pipeline enrichment; using lowercase common name | [CLASS] ClassyFire not available | [NAME] Acronyms: PC | [CAS] CAS 108-32-7 from HSPiP source
propylene chlorohydrin,Propylene Chlorohydrin,,127-00-4,,,16.8,9.8,15.3,,,,,,,,[NAME] name_iupac: no pipeline enrichment; using lowercase common name | [CLASS] ClassyFire not available | [CAS] CAS 127-00-4 from HSPiP source
propylene glycol,Propylene Glycol,PG,57-55-6,,,16.8,10.4,21.3,,,,,,,,[NAME] name_iupac: no pipeline enrichment; using lowercase common name | [CLASS] ClassyFire not available | [NAME] Acronyms: PG | [CAS] CAS 57-55-6 from HSPiP source
propylene glycol mono-t-butyl ether,Propylene Glycol Mono-t-Butyl Ether,,57018-52-7,,,15.3,6.1,10.8,,,,,Organooxygen compounds,Alcohols and polyols,,[NAME] name_iupac: no pipeline enrichment; using lowercase common name | [CLASS] ClassyFire from cache: Organooxygen compounds | [CAS] CAS 57018-52-7 from HSPiP source
propylene glycol monobutyl ether,Propylene Glycol Monobutyl Ether,,5131-66-8,,,15.3,4.5,9.2,,,,,Organooxygen compounds,Alcohols and polyols,,[NAME] name_iupac: no pipeline enrichment; using lowercase common name | [CLASS] ClassyFire from cache: Organooxygen compounds | [CAS] CAS 5131-66-8 from HSPiP source
propylene glycol monoethyl ether,Propylene Glycol Monoethyl Ether,,1569-02-4,,,15.7,6.5,10.5,,,,,,,,[NAME] name_iupac: no pipeline enrichment; using lowercase common name | [CLASS] ClassyFire not available | [CAS] CAS 1569-02-4 from HSPiP source
propylene glycol monoethyl ether acetate,Propylene Glycol Monoethyl Ether Acetate,,54839-24-6,,,15.6,6.3,7.7,,,,,Carboxylic acids and derivatives,Carboxylic acid derivatives,,[NAME] name_iupac: no pipeline enrichment; using lowercase common name | [CLASS] ClassyFire from cache: Carboxylic acids and derivatives | [CAS] CAS 54839-24-6 from HSPiP source
propylene glycol monoisobutyl ether,Propylene Glycol Monoisobutyl Ether,,23436-19-3,,,15.1,4.7,9.8,,,,,,,,[NAME] name_iupac: no pipeline enrichment; using lowercase common name | [CLASS] ClassyFire not available | [CAS] CAS 23436-19-3 from HSPiP source
propylene glycol monoisopropyl ether,Propylene Glycol Monoisopropyl Ether,,3944-36-3,,,15.5,6.1,11,,,,,Organooxygen compounds,Alcohols and polyols,,[NAME] name_iupac: no pipeline enrichment; using lowercase common name | [CLASS] ClassyFire from cache: Organooxygen compounds | [CAS] CAS 3944-36-3 from HSPiP source
propylene glycol monomethyl ether,Propylene Glycol Monomethyl Ether,PGME,107-98-2,,,15.6,6.3,11.6,,,,,Organooxygen compounds,Alcohols and polyols,,[NAME] name_iupac: no pipeline enrichment; using lowercase common name | [CLASS] ClassyFire from cache: Organooxygen compounds | [NAME] Acronyms: PGME | [CAS] CAS 107-98-2 from HSPiP source
propylene glycol monomethyl ether acetate,Propylene Glycol Monomethyl Ether Acetate,,108-65-6,,,15.6,5.6,9.8,,,,,Carboxylic acids and derivatives,Carboxylic acid derivatives,,[NAME] name_iupac: no pipeline enrichment; using lowercase common name | [CLASS] ClassyFire from cache: Carboxylic acids and derivatives | [CAS] CAS 108-65-6 from HSPiP source
propylene glycol monophenyl ether,Propylene Glycol Monophenyl Ether,,770-35-4,,,17.4,5.3,11.5,,,,,Phenol ethers,,,[NAME] name_iupac: no pipeline enrichment; using lowercase common name | [CLASS] ClassyFire from cache: Phenol ethers | [CAS] CAS 770-35-4 from HSPiP source
propylene glycol monopropyl ether,Propylene Glycol Monopropyl Ether,,1569-01-3,,,15.8,7,9.2,,,,,Organooxygen compounds,Alcohols and polyols,,[NAME] name_iupac: no pipeline enrichment; using lowercase common name | [CLASS] ClassyFire from cache: Organooxygen compounds | [CAS] CAS 1569-01-3 from HSPiP source
propylene imine (2-methyl aziridine),Propylene Imine (2-Methyl Aziridine),,75-55-8,,,17.8,8.4,6.5,,,,,,,,[NAME] name_iupac: no pipeline enrichment; using lowercase common name | [CLASS] ClassyFire not available | [CAS] CAS 75-55-8 from HSPiP source
propylene oxide,Propylene Oxide,,75-56-9,,,15.2,8.6,6.7,,,,,Epoxides,,,[NAME] name_iupac: no pipeline enrichment; using lowercase common name | [CLASS] ClassyFire from cache: Epoxides | [CAS] CAS 75-56-9 from HSPiP source
propynonitrile,Propynonitrile,,1070-71-9,,,15.5,17,6.3,,,,,Organonitrogen compounds,Organic cyanides,,[NAME] name_iupac: no pipeline enrichment; using lowercase common name | [CLASS] ClassyFire from cache: Organonitrogen compounds | [CAS] CAS 1070-71-9 from HSPiP source
pulegone,Pulegone,,89-82-7,,,17.5,8.9,5.5,,,,,Prenol lipids,Monoterpenoids,,[NAME] name_iupac: no pipeline enrichment; using lowercase common name | [CLASS] ClassyFire from cache: Prenol lipids | [CAS] CAS 89-82-7 from HSPiP source
purine,Purine,,120-73-0,,,20.5,11.7,14.2,,,,,Imidazopyrimidines,Purines and purine derivatives,,[NAME] name_iupac: no pipeline enrichment; using lowercase common name | [CLASS] ClassyFire from cache: Imidazopyrimidines | [CAS] CAS 120-73-0 from HSPiP source
pyrazole,Pyrazole,,288-13-1,,,20.2,10.4,12.4,,,,,Azoles,Pyrazoles,,[NAME] name_iupac: no pipeline enrichment; using lowercase common name | [CLASS] ClassyFire from cache: Azoles | [CAS] CAS 288-13-1 from HSPiP source
pyridazine,Pyridazine,,289-80-5,,,20.2,17.4,11.7,,,,,Diazines,Pyridazines and derivatives,,[NAME] name_iupac: no pipeline enrichment; using lowercase common name | [CLASS] ClassyFire from cache: Diazines | [CAS] CAS 289-80-5 from HSPiP source
pyridine,Pyridine,py,110-86-1,,,19,8.8,5.9,,,,,Pyridines and derivatives,,,[NAME] name_iupac: no pipeline enrichment; using lowercase common name | [CLASS] ClassyFire from cache: Pyridines and derivatives | [NAME] Acronyms: py | [CAS] CAS 110-86-1 from HSPiP source
pyrimidine,Pyrimidine,,289-95-2,,,20.5,9.4,11.3,,,,,Diazines,Pyrimidines and pyrimidine derivatives,,[NAME] name_iupac: no pipeline enrichment; using lowercase common name | [CLASS] ClassyFire from cache: Diazines | [CAS] CAS 289-95-2 from HSPiP source
"pyrogallol (1,2,3-trihydroxybenzene)","Pyrogallol (1,2,3-Trihydroxybenzene)",,87-66-1,,,20.7,10.7,21.1,,,,,Phenols,Benzenetriols and derivatives,,[NAME] name_iupac: no pipeline enrichment; using lowercase common name | [CLASS] ClassyFire from cache: Phenols | [CAS] CAS 87-66-1 from HSPiP source
pyrrole,Pyrrole,,109-97-7,,,19.2,11,10,,,,,,,,[NAME] name_iupac: no pipeline enrichment; using lowercase common name | [CLASS] ClassyFire not available | [CAS] CAS 109-97-7 from HSPiP source
pyrrolidine,Pyrrolidine,,123-75-1,,,17.9,6.5,7.4,,,,,Pyrrolidines,,,[NAME] name_iupac: no pipeline enrichment; using lowercase common name | [CLASS] ClassyFire from cache: Pyrrolidines | [CAS] CAS 123-75-1 from HSPiP source
pyruvonitrile,Pyruvonitrile,,631-57-2,,,15.9,18.9,8,,,,,Organooxygen compounds,Carbonyl compounds,,[NAME] name_iupac: no pipeline enrichment; using lowercase common name | [CLASS] ClassyFire from cache: Organooxygen compounds | [CAS] CAS 631-57-2 from HSPiP source
quinine,Quinine,,130-95-0,,,19,6.6,11,,,,,,,,[NAME] name_iupac: no pipeline enrichment; using lowercase common name | [CLASS] ClassyFire not available | [CAS] CAS 130-95-0 from HSPiP source
quinoline,Quinoline,,91-22-5,,,20.5,5.6,5.7,,,,,Quinolines and derivatives,,,[NAME] name_iupac: no pipeline enrichment; using lowercase common name | [CLASS] ClassyFire from cache: Quinolines and derivatives | [CAS] CAS 91-22-5 from HSPiP source
saccharin,Saccharin,,81-07-2,,,21.1,12.5,9.8,,,,,Benzothiazoles,,,[NAME] name_iupac: no pipeline enrichment; using lowercase common name | [CLASS] ClassyFire from cache: Benzothiazoles | [CAS] CAS 81-07-2 from HSPiP source
salicylaldehyde,Salicylaldehyde,,90-02-8,,,19,10.5,12,,,,,,,,[NAME] name_iupac: no pipeline enrichment; using lowercase common name | [CLASS] ClassyFire not available | [CAS] CAS 90-02-8 from HSPiP source
salicylic acid,Salicylic Acid,,69-72-7,,,19,9,13.7,,,,,Benzene and substituted derivatives,Benzoic acids and derivatives,,[NAME] name_iupac: no pipeline enrichment; using lowercase common name | [CLASS] ClassyFire from cache: Benzene and substituted derivatives | [CAS] CAS 69-72-7 from HSPiP source
sebacic acid,Sebacic Acid,,111-20-6,,,17.1,7.1,11.7,,,,,Fatty Acyls,Fatty acids and conjugates,,[NAME] name_iupac: no pipeline enrichment; using lowercase common name | [CLASS] ClassyFire from cache: Fatty Acyls | [CAS] CAS 111-20-6 from HSPiP source
sec-butyl acetate,sec-Butyl Acetate,,105-46-4,,,15,3.7,7.6,,,,,Carboxylic acids and derivatives,Carboxylic acid derivatives,,[NAME] name_iupac: no pipeline enrichment; using lowercase common name | [CLASS] ClassyFire from cache: Carboxylic acids and derivatives | [CAS] CAS 105-46-4 from HSPiP source
serotonin,Serotonin,,50-67-9,,,18,8.2,14.4,,,,,,,,[NAME] name_iupac: no pipeline enrichment; using lowercase common name | [CLASS] ClassyFire not available | [CAS] CAS 50-67-9 from HSPiP source
sinapyl alcohol,Sinapyl Alcohol,,537-33-7,,,19.2,7.3,16.1,,,,,Phenols,Methoxyphenols,,[NAME] name_iupac: no pipeline enrichment; using lowercase common name | [CLASS] ClassyFire from cache: Phenols | [CAS] CAS 537-33-7 from HSPiP source
skatole,Skatole,,83-34-1,,,20,7.1,6.2,,,,,Indoles and derivatives,Indoles,,[NAME] name_iupac: no pipeline enrichment; using lowercase common name | [CLASS] ClassyFire from cache: Indoles and derivatives | [CAS] CAS 83-34-1 from HSPiP source
spermidin,Spermidin,,124-20-9,,,16.7,11.2,12,,,,,,,,[NAME] name_iupac: no pipeline enrichment; using lowercase common name | [CLASS] ClassyFire not available | [CAS] CAS 124-20-9 from HSPiP source
stearic acid,Stearic Acid,,57-11-4,,,16.3,3.3,5.5,,,,,,,,[NAME] name_iupac: no pipeline enrichment; using lowercase common name | [CLASS] ClassyFire not available | [CAS] CAS 57-11-4 from HSPiP source
styrene,Styrene,,100-42-5,,,18.6,1,4.1,,,,,Benzene and substituted derivatives,Styrenes,,[NAME] name_iupac: no pipeline enrichment; using lowercase common name | [CLASS] ClassyFire from cache: Benzene and substituted derivatives | [CAS] CAS 100-42-5 from HSPiP source
styrene oxide (phenyl oxirane),Styrene Oxide (Phenyl Oxirane),,96-09-3,,,19.4,5.8,6.6,,,,,Benzene and substituted derivatives,,,[NAME] name_iupac: no pipeline enrichment; using lowercase common name | [CLASS] ClassyFire from cache: Benzene and substituted derivatives | [CAS] CAS 96-09-3 from HSPiP source
succinaldehyde (butanedial),Succinaldehyde (Butanedial),,638-37-9,,,16.8,9.8,10.5,,,,,,,,[NAME] name_iupac: no pipeline enrichment; using lowercase common name | [CLASS] ClassyFire not available | [CAS] CAS 638-37-9 from HSPiP source
succinic anhydride,Succinic Anhydride,,108-30-5,,,18.6,17.5,16,,,,,Carboxylic acids and derivatives,Dicarboxylic acids and derivatives,,[NAME] name_iupac: no pipeline enrichment; using lowercase common name | [CLASS] ClassyFire from cache: Carboxylic acids and derivatives | [CAS] CAS 108-30-5 from HSPiP source
succinonitrile,Succinonitrile,,110-61-2,,,18.2,17,7.9,,,,,Organonitrogen compounds,Organic cyanides,,[NAME] name_iupac: no pipeline enrichment; using lowercase common name | [CLASS] ClassyFire from cache: Organonitrogen compounds | [CAS] CAS 110-61-2 from HSPiP source
sulfanilamide,Sulfanilamide,,63-74-1,,,20,19.5,10.7,,,,,,,,[NAME] name_iupac: no pipeline enrichment; using lowercase common name | [CLASS] ClassyFire not available | [CAS] CAS 63-74-1 from HSPiP source
sulfolane (tetramethylene sulfone),Sulfolane (Tetramethylene Sulfone),,126-33-0,,,17.8,17.4,8.7,,,,,Thiolanes,,,[NAME] name_iupac: no pipeline enrichment; using lowercase common name | [CLASS] ClassyFire from cache: Thiolanes | [CAS] CAS 126-33-0 from HSPiP source
sulfur dioxide,Sulfur Dioxide,,7446-09-05 00:00:00,,,15.8,8.4,10,,,,,,,,[NAME] name_iupac: no pipeline enrichment; using lowercase common name | [CLASS] ClassyFire not available | [CAS] CAS 7446-09-05 00:00:00 from HSPiP source
t-butyl acetate,t-Butyl Acetate,,540-88-5,,,15,3.7,6,,,,,,,,[NAME] name_iupac: no pipeline enrichment; using lowercase common name | [CLASS] ClassyFire not available | [CAS] CAS 540-88-5 from HSPiP source
t-butyl alcohol,t-Butyl Alcohol,,75-65-0,,,15.2,5.1,14.7,,,,,,,,[NAME] name_iupac: no pipeline enrichment; using lowercase common name | [CLASS] ClassyFire not available | [CAS] CAS 75-65-0 from HSPiP source
terephthalic acid,Terephthalic Acid,,100-21-0,,,20,7.4,12.8,,,,,Benzene and substituted derivatives,Benzoic acids and derivatives,,[NAME] name_iupac: no pipeline enrichment; using lowercase common name | [CLASS] ClassyFire from cache: Benzene and substituted derivatives | [CAS] CAS 100-21-0 from HSPiP source
tetrabromobisphenol a,Tetrabromobisphenol A,,79-94-7,,,20.2,9.1,13.8,,,,,Benzene and substituted derivatives,Diphenylmethanes,,[NAME] name_iupac: no pipeline enrichment; using lowercase common name | [CLASS] ClassyFire from cache: Benzene and substituted derivatives | [CAS] CAS 79-94-7 from HSPiP source
tetraethylorthosilicate,Tetraethylorthosilicate,,78-10-4,,,13.9,4.3,0.6,,,,,Organometalloid compounds,Organosilicon compounds,,[NAME] name_iupac: no pipeline enrichment; using lowercase common name | [CLASS] ClassyFire from cache: Organometalloid compounds | [CAS] CAS 78-10-4 from HSPiP source
tetrahydrofuran (thf),Tetrahydrofuran (THF),THF,109-99-9,,,16.8,5.7,8,,,,,,,,[NAME] name_iupac: no pipeline enrichment; using lowercase common name | [CLASS] ClassyFire not available | [NAME] Acronyms: THF | [CAS] CAS 109-99-9 from HSPiP source
tetrahydrofurfuryl alcohol,Tetrahydrofurfuryl Alcohol,,97-99-4,,,17.8,8.2,12.9,,,,,Tetrahydrofurans,,,[NAME] name_iupac: no pipeline enrichment; using lowercase common name | [CLASS] ClassyFire from cache: Tetrahydrofurans | [CAS] CAS 97-99-4 from HSPiP source
tetrahydronaphthalene,Tetrahydronaphthalene,,119-64-2,,,19.6,2,2.9,,,,,,,,[NAME] name_iupac: no pipeline enrichment; using lowercase common name | [CLASS] ClassyFire not available | [CAS] CAS 119-64-2 from HSPiP source
tetrahydropyran,Tetrahydropyran,,142-68-7,,,16.4,6.3,6,,,,,Oxanes,,,[NAME] name_iupac: no pipeline enrichment; using lowercase common name | [CLASS] ClassyFire from cache: Oxanes | [CAS] CAS 142-68-7 from HSPiP source
tetrahydrothiapyran,Tetrahydrothiapyran,,1613-51-0,,,18.5,6.3,8.9,,,,,Thianes,,,[NAME] name_iupac: no pipeline enrichment; using lowercase common name | [CLASS] ClassyFire from cache: Thianes | [CAS] CAS 1613-51-0 from HSPiP source
tetramethylene sulfide,Tetramethylene Sulfide,,110-01-0,,,18.6,6.7,6,,,,,,,,[NAME] name_iupac: no pipeline enrichment; using lowercase common name | [CLASS] ClassyFire not available | [CAS] CAS 110-01-0 from HSPiP source
tetramethylene sulfoxide,Tetramethylene Sulfoxide,,1600-44-8,,,18.2,11,9.1,,,,,Thiolanes,,,[NAME] name_iupac: no pipeline enrichment; using lowercase common name | [CLASS] ClassyFire from cache: Thiolanes | [CAS] CAS 1600-44-8 from HSPiP source
tetramethylurea,Tetramethylurea,,632-22-4,,,16.7,8.2,11,,,,,Organic carbonic acids and derivatives,Ureas,,[NAME] name_iupac: no pipeline enrichment; using lowercase common name | [CLASS] ClassyFire from cache: Organic carbonic acids and derivatives | [CAS] CAS 632-22-4 from HSPiP source
tetranitromethane,Tetranitromethane,,509-14-8,,,15.5,8.5,7,,,,,Organonitrogen compounds,Ortho amides,,[NAME] name_iupac: no pipeline enrichment; using lowercase common name | [CLASS] ClassyFire from cache: Organonitrogen compounds | [CAS] CAS 509-14-8 from HSPiP source
thiazole,Thiazole,,288-47-1,,,20.5,18.8,10.8,,,,,Azoles,Thiazoles,,[NAME] name_iupac: no pipeline enrichment; using lowercase common name | [CLASS] ClassyFire from cache: Azoles | [CAS] CAS 288-47-1 from HSPiP source
thioacetamide,Thioacetamide,,62-55-5,,,17.5,20.6,20.2,,,,,Thioamides,,,[NAME] name_iupac: no pipeline enrichment; using lowercase common name | [CLASS] ClassyFire from cache: Thioamides | [CAS] CAS 62-55-5 from HSPiP source
thioacetic acid,Thioacetic Acid,,507-09-5,,,17,6.7,8.9,,,,,Carbothioic S-acids,,,[NAME] name_iupac: no pipeline enrichment; using lowercase common name | [CLASS] ClassyFire from cache: Carbothioic S-acids | [CAS] CAS 507-09-5 from HSPiP source
thiocyanic acid,Thiocyanic Acid,,463-56-9,,,16.8,8.9,10.9,,,,,Thiocyanates,,,[NAME] name_iupac: no pipeline enrichment; using lowercase common name | [CLASS] ClassyFire from cache: Thiocyanates | [CAS] CAS 463-56-9 from HSPiP source
thiodiethylenglycol,Thiodiethylenglycol,,111-48-8,,,17.3,8.8,19.8,,,,,,,,[NAME] name_iupac: no pipeline enrichment; using lowercase common name | [CLASS] ClassyFire not available | [CAS] CAS 111-48-8 from HSPiP source
thioglycolic acid (mercapto acetic acid),Thioglycolic Acid (Mercapto Acetic Acid),,68-11-1,,,16,13.5,20,,,,,Carboxylic acids and derivatives,Carboxylic acids,,[NAME] name_iupac: no pipeline enrichment; using lowercase common name | [CLASS] ClassyFire from cache: Carboxylic acids and derivatives | [CAS] CAS 68-11-1 from HSPiP source
thionyl chloride,Thionyl Chloride,,7719-09-07 00:00:00,,,16.9,6.4,6.1,,,,,,,,[NAME] name_iupac: no pipeline enrichment; using lowercase common name | [CLASS] ClassyFire not available | [CAS] CAS 7719-09-07 00:00:00 from HSPiP source
thiophene,Thiophene,,110-02-1,,,18.9,2.4,7.8,,,,,Heteroaromatic compounds,,,[NAME] name_iupac: no pipeline enrichment; using lowercase common name | [CLASS] ClassyFire from cache: Heteroaromatic compounds | [CAS] CAS 110-02-1 from HSPiP source
thiophenol,Thiophenol,,108-98-5,,,20,4.5,10.3,,,,,Thiophenols,,,[NAME] name_iupac: no pipeline enrichment; using lowercase common name | [CLASS] ClassyFire from cache: Thiophenols | [CAS] CAS 108-98-5 from HSPiP source
thiourea,Thiourea,,62-56-6,,,20,19.4,14.8,,,,,Thioureas,,,[NAME] name_iupac: no pipeline enrichment; using lowercase common name | [CLASS] ClassyFire from cache: Thioureas | [CAS] CAS 62-56-6 from HSPiP source
thiourea from urea min sphere,Thiourea From Urea Min Sphere,,62-56-6,,,18,15,12,,,,,Thioureas,,,[NAME] name_iupac: no pipeline enrichment; using lowercase common name | [CLASS] ClassyFire from cache: Thioureas | [CAS] CAS 62-56-6 from HSPiP source
thymine,Thymine,,65-71-4,,,19,20.5,13,,,,,Diazines,Pyrimidines and pyrimidine derivatives,,[NAME] name_iupac: no pipeline enrichment; using lowercase common name | [CLASS] ClassyFire from cache: Diazines | [CAS] CAS 65-71-4 from HSPiP source
thymol,Thymol,,89-83-8,,,19,4.5,10.8,,,,,,,,[NAME] name_iupac: no pipeline enrichment; using lowercase common name | [CLASS] ClassyFire not available | [CAS] CAS 89-83-8 from HSPiP source
tigaldehyde,Tigaldehyde,,497-03-0,,,16.2,12.9,6.8,,,,,Organooxygen compounds,Carbonyl compounds,,[NAME] name_iupac: no pipeline enrichment; using lowercase common name | [CLASS] ClassyFire from cache: Organooxygen compounds | [CAS] CAS 497-03-0 from HSPiP source
toluene,Toluene,,108-88-3,,,18,1.4,2,,,,,,,,[NAME] name_iupac: no pipeline enrichment; using lowercase common name | [CLASS] ClassyFire not available | [CAS] CAS 108-88-3 from HSPiP source
tolylene diisocyanate,Tolylene Diisocyanate,,86-91-9,,,19.3,7.9,6.1,,,,,,,,[NAME] name_iupac: no pipeline enrichment; using lowercase common name | [CLASS] ClassyFire not available | [CAS] CAS 86-91-9 from HSPiP source
trans-cinnamaldehyde,Trans-Cinnamaldehyde,,14371-10-9,,,19.4,12.4,6.2,,,,,,,,[NAME] name_iupac: no pipeline enrichment; using lowercase common name | [CLASS] ClassyFire not available | [CAS] CAS 14371-10-9 from HSPiP source
trans-crotononitrile,Trans-Crotononitrile,,627-26-9,,,16.4,18.8,5.5,,,,,,,,[NAME] name_iupac: no pipeline enrichment; using lowercase common name | [CLASS] ClassyFire not available | [CAS] CAS 627-26-9 from HSPiP source
tri-n-butyl acetyl citrate,Tri-n-Butyl Acetyl Citrate,,77-90-7,,,16.7,2.5,7.4,,,,,Carboxylic acids and derivatives,Tetracarboxylic acids and derivatives,,[NAME] name_iupac: no pipeline enrichment; using lowercase common name | [CLASS] ClassyFire from cache: Carboxylic acids and derivatives | [CAS] CAS 77-90-7 from HSPiP source
tri-n-butyl borate,Tri-n-Butyl Borate,,688-74-4,,,16.7,1.8,4.6,,,,,Organic oxoanionic compounds,,,[NAME] name_iupac: no pipeline enrichment; using lowercase common name | [CLASS] ClassyFire from cache: Organic oxoanionic compounds | [CAS] CAS 688-74-4 from HSPiP source
tri-n-butyl citrate,Tri-n-Butyl Citrate,,77-94-1,,,16.6,3.8,10.1,,,,,Carboxylic acids and derivatives,Tricarboxylic acids and derivatives,,[NAME] name_iupac: no pipeline enrichment; using lowercase common name | [CLASS] ClassyFire from cache: Carboxylic acids and derivatives | [CAS] CAS 77-94-1 from HSPiP source
tri-n-butyl phosphate,Tri-n-Butyl Phosphate,,126-73-8,,,16.3,6.3,4.3,,,,,Organic phosphoric acids and derivatives,Phosphate esters,,[NAME] name_iupac: no pipeline enrichment; using lowercase common name | [CLASS] ClassyFire from cache: Organic phosphoric acids and derivatives | [CAS] CAS 126-73-8 from HSPiP source
trichloroacetic acid,Trichloroacetic Acid,,76-03-9,,,18.3,7,13,,,,,Carboxylic acids and derivatives,Alpha-halocarboxylic acids and derivatives,,[NAME] name_iupac: no pipeline enrichment; using lowercase common name | [CLASS] ClassyFire from cache: Carboxylic acids and derivatives | [CAS] CAS 76-03-9 from HSPiP source
trichloroacetonitrile,Trichloroacetonitrile,MeCN; ACN,545-06-2,,,16.4,7.4,6.1,,,,,Organonitrogen compounds,Organic cyanides,,[NAME] name_iupac: no pipeline enrichment; using lowercase common name | [CLASS] ClassyFire from cache: Organonitrogen compounds | [NAME] Acronyms: MeCN; ACN | [CAS] CAS 545-06-2 from HSPiP source
trichlorobiphenyl,Trichlorobiphenyl,,55702-46-0,,,19.2,5.3,4.1,,,,,Benzene and substituted derivatives,Biphenyls and derivatives,,[NAME] name_iupac: no pipeline enrichment; using lowercase common name | [CLASS] ClassyFire from cache: Benzene and substituted derivatives | [CAS] CAS 55702-46-0 from HSPiP source
trichloroethylene,Trichloroethylene,,79-01-6,,,18,3.1,5.3,,,,,Vinyl halides,Vinyl chlorides,,[NAME] name_iupac: no pipeline enrichment; using lowercase common name | [CLASS] ClassyFire from cache: Vinyl halides | [CAS] CAS 79-01-6 from HSPiP source
trichloromethylsilane,Trichloromethylsilane,,75-79-6,,,16.5,6.6,3.5,,,,,Organometalloid compounds,Organosilicon compounds,,[NAME] name_iupac: no pipeline enrichment; using lowercase common name | [CLASS] ClassyFire from cache: Organometalloid compounds | [CAS] CAS 75-79-6 from HSPiP source
trichlorosilane,Trichlorosilane,,10025-78-2,,,14.2,3.6,3.8,,,,,Metalloid salts,Metalloid chlorides,,[NAME] name_iupac: no pipeline enrichment; using lowercase common name | [CLASS] ClassyFire from cache: Metalloid salts | [CAS] CAS 10025-78-2 from HSPiP source
triclosan,Triclosan,,3380-34-5,,,20,7.7,10,,,,,Benzene and substituted derivatives,Diphenylethers,,[NAME] name_iupac: no pipeline enrichment; using lowercase common name | [CLASS] ClassyFire from cache: Benzene and substituted derivatives | [CAS] CAS 3380-34-5 from HSPiP source
tricresyl phosphate,Tricresyl Phosphate,,1330-78-5,,,19,12.3,4.5,,,,,,,,[NAME] name_iupac: no pipeline enrichment; using lowercase common name | [CLASS] ClassyFire not available | [CAS] CAS 1330-78-5 from HSPiP source
tridecyl alcohol,Tridecyl Alcohol,,112-70-9,,,16.2,3.1,9,,,,,Fatty Acyls,Fatty alcohols,,[NAME] name_iupac: no pipeline enrichment; using lowercase common name | [CLASS] ClassyFire from cache: Fatty Acyls | [CAS] CAS 112-70-9 from HSPiP source
triethanolamine,Triethanolamine,,102-71-6,,,17.3,7.6,21,,,,,Organonitrogen compounds,Amines,,[NAME] name_iupac: no pipeline enrichment; using lowercase common name | [CLASS] ClassyFire from cache: Organonitrogen compounds | [CAS] CAS 102-71-6 from HSPiP source
triethyl citrate,Triethyl Citrate,,77-93-0,,,16.5,4.9,12,,,,,Carboxylic acids and derivatives,Tricarboxylic acids and derivatives,,[NAME] name_iupac: no pipeline enrichment; using lowercase common name | [CLASS] ClassyFire from cache: Carboxylic acids and derivatives | [CAS] CAS 77-93-0 from HSPiP source
triethylamine,Triethylamine,TEA; Et3N,121-44-8,,,15.5,0.4,1,,,,,Organonitrogen compounds,Amines,,[NAME] name_iupac: no pipeline enrichment; using lowercase common name | [CLASS] ClassyFire from cache: Organonitrogen compounds | [NAME] Acronyms: TEA; Et3N | [CAS] CAS 121-44-8 from HSPiP source
triethylene glycol,Triethylene Glycol,TEG,112-27-6,,,16,12.5,18.6,,,,,Organooxygen compounds,Ethers,,[NAME] name_iupac: no pipeline enrichment; using lowercase common name | [CLASS] ClassyFire from cache: Organooxygen compounds | [NAME] Acronyms: TEG | [CAS] CAS 112-27-6 from HSPiP source
triethylene glycol monomethyl ether,Triethylene Glycol Monomethyl Ether,,112-35-6,,,16.2,7.6,12.5,,,,,Organooxygen compounds,Ethers,,[NAME] name_iupac: no pipeline enrichment; using lowercase common name | [CLASS] ClassyFire from cache: Organooxygen compounds | [CAS] CAS 112-35-6 from HSPiP source
triethylene glycol monooleyl ether,Triethylene Glycol Monooleyl Ether,,5274-66-8,,,16,3.1,8.4,,,,,,,,[NAME] name_iupac: no pipeline enrichment; using lowercase common name | [CLASS] ClassyFire not available | [CAS] CAS 5274-66-8 from HSPiP source
triethylphosphate,Triethylphosphate,,78-40-0,,,16.7,11.4,9.2,,,,,Organic phosphoric acids and derivatives,Phosphate esters,,[NAME] name_iupac: no pipeline enrichment; using lowercase common name | [CLASS] ClassyFire from cache: Organic phosphoric acids and derivatives | [CAS] CAS 78-40-0 from HSPiP source
trifluoroacetic acid,Trifluoroacetic Acid,TFA,76-05-1,,,15.6,9.7,11.4,,,,,Carboxylic acids and derivatives,Alpha-halocarboxylic acids and derivatives,,[NAME] name_iupac: no pipeline enrichment; using lowercase common name | [CLASS] ClassyFire from cache: Carboxylic acids and derivatives | [NAME] Acronyms: TFA | [CAS] CAS 76-05-1 from HSPiP source
trifluoromethane (freon 23),Trifluoromethane (Freon 23),,75-46-7,,,14.4,8.7,6.3,,,,,Alkyl halides,Halomethanes,,[NAME] name_iupac: no pipeline enrichment; using lowercase common name | [CLASS] ClassyFire from cache: Alkyl halides | [CAS] CAS 75-46-7 from HSPiP source
triisononyl trimellilate,Triisononyl Trimellilate,,53894-23-8,,,16.6,5.7,2.2,,,,,Benzene and substituted derivatives,Benzoic acids and derivatives,,[NAME] name_iupac: no pipeline enrichment; using lowercase common name | [CLASS] ClassyFire from cache: Benzene and substituted derivatives | [CAS] CAS 53894-23-8 from HSPiP source
triisooctyl trimellitate,Triisooctyl Trimellitate,,27251-75-8,,,16.6,6,2.5,,,,,Benzene and substituted derivatives,Benzoic acids and derivatives,,[NAME] name_iupac: no pipeline enrichment; using lowercase common name | [CLASS] ClassyFire from cache: Benzene and substituted derivatives | [CAS] CAS 27251-75-8 from HSPiP source
trimethyl amine,Trimethyl Amine,,75-50-3,,,14.6,3.4,1.8,,,,,,,,[NAME] name_iupac: no pipeline enrichment; using lowercase common name | [CLASS] ClassyFire not available | [CAS] CAS 75-50-3 from HSPiP source
trimethylbenzene,Trimethylbenzene,,95-63-6,,,18,1,1,,,,,Benzene and substituted derivatives,,,[NAME] name_iupac: no pipeline enrichment; using lowercase common name | [CLASS] ClassyFire from cache: Benzene and substituted derivatives | [CAS] CAS 95-63-6 from HSPiP source
trimethylene sulfide,Trimethylene Sulfide,,287-27-4,,,18.8,7.8,9.4,,,,,,,,[NAME] name_iupac: no pipeline enrichment; using lowercase common name | [CLASS] ClassyFire not available | [CAS] CAS 287-27-4 from HSPiP source
trimethylphosphate,Trimethylphosphate,,512-56-1,,,15.7,10.5,10.2,,,,,,,,[NAME] name_iupac: no pipeline enrichment; using lowercase common name | [CLASS] ClassyFire not available | [CAS] CAS 512-56-1 from HSPiP source
trinitromethane,Trinitromethane,,517-25-9,,,15.5,10.3,7.3,,,,,Orthocarboxylic acid derivatives,,,[NAME] name_iupac: no pipeline enrichment; using lowercase common name | [CLASS] ClassyFire from cache: Orthocarboxylic acid derivatives | [CAS] CAS 517-25-9 from HSPiP source
trinitrotoluene (tnt) (dm),Trinitrotoluene (TNT) (DM),,118-96-7,,,19.5,3.5,4.4,,,,,,,,[NAME] name_iupac: no pipeline enrichment; using lowercase common name | [CLASS] ClassyFire not available | [CAS] CAS 118-96-7 from HSPiP source
trinitrotoluene (tnt) (g.c.),Trinitrotoluene (TNT) (G.C.),,118-96-7,,,19.5,10,4.5,,,,,,,,[NAME] name_iupac: no pipeline enrichment; using lowercase common name | [CLASS] ClassyFire not available | [CAS] CAS 118-96-7 from HSPiP source
trioctyl phosphate,Trioctyl Phosphate,,1806-54-8,,,16.2,5.9,4.2,,,,,Organic phosphoric acids and derivatives,Phosphate esters,,[NAME] name_iupac: no pipeline enrichment; using lowercase common name | [CLASS] ClassyFire from cache: Organic phosphoric acids and derivatives | [CAS] CAS 1806-54-8 from HSPiP source
triphenyl phosphate,Triphenyl Phosphate,,115-86-6,,,20.1,6.4,6.8,,,,,,,,[NAME] name_iupac: no pipeline enrichment; using lowercase common name | [CLASS] ClassyFire not available | [CAS] CAS 115-86-6 from HSPiP source
tripropylene glycol monomethyl ether,Tripropylene Glycol Monomethyl Ether,,30373-82-1,,,15.3,5.5,10.4,,,,,,,,[NAME] name_iupac: no pipeline enrichment; using lowercase common name | [CLASS] ClassyFire not available | [CAS] CAS 30373-82-1 from HSPiP source
urea for ro equal 19.4,Urea For Ro Equal 19.4,,57-13-6,,,20.9,18.7,26.4,,,,,,,,[NAME] name_iupac: no pipeline enrichment; using lowercase common name | [CLASS] ClassyFire not available | [CAS] CAS 57-13-6 from HSPiP source
urea min sphere,Urea Min Sphere,,57-13-6,,,17.6,17.3,16,,,,,,,,[NAME] name_iupac: no pipeline enrichment; using lowercase common name | [CLASS] ClassyFire not available | [CAS] CAS 57-13-6 from HSPiP source
valeronitrile,Valeronitrile,,110-59-8,,,15.3,11,4.8,,,,,Organonitrogen compounds,Organic cyanides,,[NAME] name_iupac: no pipeline enrichment; using lowercase common name | [CLASS] ClassyFire from cache: Organonitrogen compounds | [CAS] CAS 110-59-8 from HSPiP source
vanillin (4-hydroxy-3-methoxy benzaldehy,Vanillin (4-Hydroxy-3-Methoxy Benzaldehy,,121-33-5,,,19.4,9.8,11.2,,,,,Phenols,Methoxyphenols,,[NAME] name_iupac: no pipeline enrichment; using lowercase common name | [CLASS] ClassyFire from cache: Phenols | [CAS] CAS 121-33-5 from HSPiP source
vinyl 2-chloro ethyl ether,Vinyl 2-Chloro Ethyl Ether,,110-75-8,,,16.3,6.7,5.8,,,,,Organochlorides,,,[NAME] name_iupac: no pipeline enrichment; using lowercase common name | [CLASS] ClassyFire from cache: Organochlorides | [CAS] CAS 110-75-8 from HSPiP source
vinyl 2-ethylhexyl ether,Vinyl 2-Ethylhexyl Ether,,103-44-6,,,15.6,3.4,4.2,,,,,Organooxygen compounds,,,[NAME] name_iupac: no pipeline enrichment; using lowercase common name | [CLASS] ClassyFire from cache: Organooxygen compounds | [CAS] CAS 103-44-6 from HSPiP source
vinyl 2-methoxy ethyl ether,Vinyl 2-Methoxy Ethyl Ether,,1663-35-0,,,15.9,6.7,6.8,,,,,Organooxygen compounds,Ethers,,[NAME] name_iupac: no pipeline enrichment; using lowercase common name | [CLASS] ClassyFire from cache: Organooxygen compounds | [CAS] CAS 1663-35-0 from HSPiP source
vinyl acetate,Vinyl Acetate,,108-05-4,,,16,7.2,5.9,,,,,Carboxylic acids and derivatives,Carboxylic acid derivatives,,[NAME] name_iupac: no pipeline enrichment; using lowercase common name | [CLASS] ClassyFire from cache: Carboxylic acids and derivatives | [CAS] CAS 108-05-4 from HSPiP source
vinyl acetylene,Vinyl Acetylene,,689-97-4,,,16,1.7,8,,,,,Unsaturated hydrocarbons,Enynes,,[NAME] name_iupac: no pipeline enrichment; using lowercase common name | [CLASS] ClassyFire from cache: Unsaturated hydrocarbons | [CAS] CAS 689-97-4 from HSPiP source
vinyl allyl ether,Vinyl Allyl Ether,,3917-15-5,,,14.9,6.5,5.3,,,,,Organooxygen compounds,,,[NAME] name_iupac: no pipeline enrichment; using lowercase common name | [CLASS] ClassyFire from cache: Organooxygen compounds | [CAS] CAS 3917-15-5 from HSPiP source
vinyl amine,Vinyl Amine,,593-67-9,,,15.7,7.2,11.8,,,,,,,,[NAME] name_iupac: no pipeline enrichment; using lowercase common name | [CLASS] ClassyFire not available | [CAS] CAS 593-67-9 from HSPiP source
vinyl butyl carbitol,Vinyl Butyl Carbitol,,NA,,,16,5,6,,,,,,,,[NAME] name_iupac: no pipeline enrichment; using lowercase common name | [CLASS] ClassyFire not available | [CAS] CAS NA from HSPiP source
vinyl butyl ether,Vinyl Butyl Ether,,111-34-2,,,15.2,4.1,5.1,,,,,Organooxygen compounds,,,[NAME] name_iupac: no pipeline enrichment; using lowercase common name | [CLASS] ClassyFire from cache: Organooxygen compounds | [CAS] CAS 111-34-2 from HSPiP source
vinyl butyl sulfide,Vinyl Butyl Sulfide,,4789-70-2,,,16,5,5.4,,,,,Thioethers,Thioenol ethers,,[NAME] name_iupac: no pipeline enrichment; using lowercase common name | [CLASS] ClassyFire from cache: Thioethers | [CAS] CAS 4789-70-2 from HSPiP source
vinyl butyrate,Vinyl Butyrate,,123-20-6,,,15.6,3.9,6.9,,,,,,,,[NAME] name_iupac: no pipeline enrichment; using lowercase common name | [CLASS] ClassyFire not available | [CAS] CAS 123-20-6 from HSPiP source
vinyl carbitol,Vinyl Carbitol,,929-37-3,,,16.3,7.5,13.8,,,,,Organooxygen compounds,Ethers,,[NAME] name_iupac: no pipeline enrichment; using lowercase common name | [CLASS] ClassyFire from cache: Organooxygen compounds | [CAS] CAS 929-37-3 from HSPiP source
vinyl chloride,Vinyl Chloride,,75-01-4,,,16,6.5,2.4,,,,,Vinyl halides,Vinyl chlorides,,[NAME] name_iupac: no pipeline enrichment; using lowercase common name | [CLASS] ClassyFire from cache: Vinyl halides | [CAS] CAS 75-01-4 from HSPiP source
vinyl crotonate,Vinyl Crotonate,,14861-06-4,,,15.9,5,9,,,,,Fatty Acyls,Fatty acid esters,,[NAME] name_iupac: no pipeline enrichment; using lowercase common name | [CLASS] ClassyFire from cache: Fatty Acyls | [CAS] CAS 14861-06-4 from HSPiP source
vinyl ether,Vinyl Ether,,109-93-3,,,14.8,4.2,5.8,,,,,Organooxygen compounds,,,[NAME] name_iupac: no pipeline enrichment; using lowercase common name | [CLASS] ClassyFire from cache: Organooxygen compounds | [CAS] CAS 109-93-3 from HSPiP source
vinyl ethyl carbitol,Vinyl Ethyl Carbitol,,10143-53-0,,,15.9,6,6.6,,,,,Organooxygen compounds,Ethers,,[NAME] name_iupac: no pipeline enrichment; using lowercase common name | [CLASS] ClassyFire from cache: Organooxygen compounds | [CAS] CAS 10143-53-0 from HSPiP source
vinyl ethyl sulfide,Vinyl Ethyl Sulfide,,627-50-9,,,16.4,5.8,6.3,,,,,,,,[NAME] name_iupac: no pipeline enrichment; using lowercase common name | [CLASS] ClassyFire not available | [CAS] CAS 627-50-9 from HSPiP source
vinyl formate,Vinyl Formate,,692-45-5,,,15.3,6.5,9.7,,,,,Carboxylic acids and derivatives,Carboxylic acid derivatives,,[NAME] name_iupac: no pipeline enrichment; using lowercase common name | [CLASS] ClassyFire from cache: Carboxylic acids and derivatives | [CAS] CAS 692-45-5 from HSPiP source
vinyl iodide (iodoethene),Vinyl Iodide (Iodoethene),,593-66-8,,,18,5.5,7.3,,,,,Vinyl halides,Vinyl iodides,,[NAME] name_iupac: no pipeline enrichment; using lowercase common name | [CLASS] ClassyFire from cache: Vinyl halides | [CAS] CAS 593-66-8 from HSPiP source
vinyl isobutyl ether,Vinyl Isobutyl Ether,,109-53-5,,,15.1,4.1,5.1,,,,,Organooxygen compounds,,,[NAME] name_iupac: no pipeline enrichment; using lowercase common name | [CLASS] ClassyFire from cache: Organooxygen compounds | [CAS] CAS 109-53-5 from HSPiP source
vinyl isopropyl ether,Vinyl Isopropyl Ether,,926-65-8,,,14.7,3.5,5.2,,,,,Organooxygen compounds,,,[NAME] name_iupac: no pipeline enrichment; using lowercase common name | [CLASS] ClassyFire from cache: Organooxygen compounds | [CAS] CAS 926-65-8 from HSPiP source
vinyl propionate,Vinyl Propionate,,105-38-4,,,15.6,8,4.7,,,,,,,,[NAME] name_iupac: no pipeline enrichment; using lowercase common name | [CLASS] ClassyFire not available | [CAS] CAS 105-38-4 from HSPiP source
vinyl propyl ether,Vinyl Propyl Ether,,764-47-6,,,14.9,3.5,5.2,,,,,Organooxygen compounds,,,[NAME] name_iupac: no pipeline enrichment; using lowercase common name | [CLASS] ClassyFire from cache: Organooxygen compounds | [CAS] CAS 764-47-6 from HSPiP source
vinyl pyrrolidone,Vinyl Pyrrolidone,,88-12-0,,,16.4,9.3,5.9,,,,,Pyrrolidines,Pyrrolidones,,[NAME] name_iupac: no pipeline enrichment; using lowercase common name | [CLASS] ClassyFire from cache: Pyrrolidines | [CAS] CAS 88-12-0 from HSPiP source
vinyl s-butyl mercapto ethyl ether,Vinyl S-Butyl Mercapto Ethyl Ether,,NA,,,16.5,5,5.8,,,,,,,,[NAME] name_iupac: no pipeline enrichment; using lowercase common name | [CLASS] ClassyFire not available | [CAS] CAS NA from HSPiP source
vinyl s-ethyl mercapto ethyl ether,Vinyl S-Ethyl Mercapto Ethyl Ether,,NA,,,16.4,7,6,,,,,,,,[NAME] name_iupac: no pipeline enrichment; using lowercase common name | [CLASS] ClassyFire not available | [CAS] CAS NA from HSPiP source
vinyl silane,Vinyl Silane,,7291-09-0,,,15.5,2.6,4,,,,,,,,[NAME] name_iupac: no pipeline enrichment; using lowercase common name | [CLASS] ClassyFire not available | [CAS] CAS 7291-09-0 from HSPiP source
vinyl trifluoro acetate,Vinyl Trifluoro Acetate,,433-28-3,,,13.9,4.3,7.6,,,,,Carboxylic acids and derivatives,Carboxylic acid derivatives,,[NAME] name_iupac: no pipeline enrichment; using lowercase common name | [CLASS] ClassyFire from cache: Carboxylic acids and derivatives | [CAS] CAS 433-28-3 from HSPiP source
vinyl trimethyl silane,Vinyl Trimethyl Silane,,754-05-2,,,14.5,1,2.5,,,,,,,,[NAME] name_iupac: no pipeline enrichment; using lowercase common name | [CLASS] ClassyFire not available | [CAS] CAS 754-05-2 from HSPiP source
vinyl-2-ethyl hexanoate,Vinyl-2-Ethyl Hexanoate,,94-04-2,,,15.6,2.7,5.8,,,,,Fatty Acyls,Fatty acid esters,,[NAME] name_iupac: no pipeline enrichment; using lowercase common name | [CLASS] ClassyFire from cache: Fatty Acyls | [CAS] CAS 94-04-2 from HSPiP source
vinylenecarbonate,Vinylenecarbonate,,872-36-6,,,17.3,18.1,9.6,,,,,Organic carbonic acids and derivatives,Carbonic acid diesters,,[NAME] name_iupac: no pipeline enrichment; using lowercase common name | [CLASS] ClassyFire from cache: Organic carbonic acids and derivatives | [CAS] CAS 872-36-6 from HSPiP source
water,Water,,7732-18-5,,,15.5,16,42.3,,,,,Homogeneous other non-metal compounds,,,[NAME] name_iupac: no pipeline enrichment; using lowercase common name | [CLASS] ClassyFire from cache: Homogeneous other non-metal compounds | [CAS] CAS 7732-18-5 from HSPiP source
water 1% soluble in - ro=18.1,Water 1% Soluble In - Ro=18.1,,7732-18-5,,,15.1,20.4,16.5,,,,,Homogeneous other non-metal compounds,,,[NAME] name_iupac: no pipeline enrichment; using lowercase common name | [CLASS] ClassyFire from cache: Homogeneous other non-metal compounds | [CAS] CAS 7732-18-5 from HSPiP source
water complete misc. (r=13.0),Water Complete Misc. (R=13.0),,7732-18-5,,,18.1,17.1,16.9,,,,,Homogeneous other non-metal compounds,,,[NAME] name_iupac: no pipeline enrichment; using lowercase common name | [CLASS] ClassyFire from cache: Homogeneous other non-metal compounds | [CAS] CAS 7732-18-5 from HSPiP source
xylene,Xylene,,106-42-3,,,17.8,1,3.1,,,,,Benzene and substituted derivatives,Xylenes,,[NAME] name_iupac: no pipeline enrichment; using lowercase common name | [CLASS] ClassyFire from cache: Benzene and substituted derivatives | [CAS] CAS 106-42-3 from HSPiP source
ß-propiolactone,ß-Propiolactone,,57-57-8,,,17,18.2,9,,,,,,,,[NAME] name_iupac: no pipeline enrichment; using lowercase common name | [CLASS] ClassyFire not available | [CAS] CAS 57-57-8 from HSPiP source
α-chloro acetophenone,α-Chloro Acetophenone,,532-27-4,,,20,9.6,5.7,,,,,Organooxygen compounds,Carbonyl compounds,,[NAME] name_iupac: no pipeline enrichment; using lowercase common name | [CLASS] ClassyFire from cache: Organooxygen compounds | [CAS] CAS 532-27-4 from HSPiP source
α-chloro methyl acrylate,α-Chloro Methyl Acrylate,,80-63-7,,,15.9,7.3,8.5,,,,,Carboxylic acids and derivatives,Carboxylic acid derivatives,,[NAME] name_iupac: no pipeline enrichment; using lowercase common name | [CLASS] ClassyFire from cache: Carboxylic acids and derivatives | [CAS] CAS 80-63-7 from HSPiP source
γ-butyrolactone (gbl),γ-Butyrolactone (GBL),,96-48-0,,,18,16.6,7.4,,,,,Lactones,Gamma butyrolactones,,[NAME] name_iupac: no pipeline enrichment; using lowercase common name | [CLASS] ClassyFire from cache: Lactones | [CAS] CAS 96-48-0 from HSPiP source
γ-thiobutyrolactone,γ-Thiobutyrolactone,,1003-10-7,,,19,6.9,6.2,,,,,,,,[NAME] name_iupac: no pipeline enrichment; using lowercase common name | [CLASS] ClassyFire not available | [CAS] CAS 1003-10-7 from HSPiP source
